Observation id	Observation date	Description	Observation type	Source	Total duration	Media duration (s)	FPS (frame/s)	Subject	Observation duration by subject by observation	Behavior	Behavioral category	Behavior type	Start (s)	Stop (s)	Duration (s)	Media file name	Image index start	Image index stop	Image file path start	Image file path stop	Comment start	Comment stop
BRAC9442.3i_ZD	2025-02-19 15:29:07		Media file	player #1:Z:/home/shared/people/Mingran/NPS_manipulation/cannulation/pups/ZD/BRAC9442.3i_ZDcannula_infusion_pups_top_left2024-06-14T16_51_10.avi	926.550	934.350	20.000	No focal subject	903.996	in empty nest	Not defined	STATE	7.750	13.000	5.250	Z:/home/shared/people/Mingran/NPS_manipulation/cannulation/pups/ZD/BRAC9442.3i_ZDcannula_infusion_pups_top_left2024-06-14T16_51_10.avi	155	260				
BRAC9442.3i_ZD	2025-02-19 15:29:07		Media file	player #1:Z:/home/shared/people/Mingran/NPS_manipulation/cannulation/pups/ZD/BRAC9442.3i_ZDcannula_infusion_pups_top_left2024-06-14T16_51_10.avi	926.550	934.350	20.000	No focal subject	903.996	pup introduction	Not defined	POINT	7.750	7.750	NA	Z:/home/shared/people/Mingran/NPS_manipulation/cannulation/pups/ZD/BRAC9442.3i_ZDcannula_infusion_pups_top_left2024-06-14T16_51_10.avi	155	155				
BRAC9442.3i_ZD	2025-02-19 15:29:07		Media file	player #1:Z:/home/shared/people/Mingran/NPS_manipulation/cannulation/pups/ZD/BRAC9442.3i_ZDcannula_infusion_pups_top_left2024-06-14T16_51_10.avi	926.550	934.350	20.000	No focal subject	903.996	chemoinvestigation	investigation	STATE	17.600	18.550	0.950	Z:/home/shared/people/Mingran/NPS_manipulation/cannulation/pups/ZD/BRAC9442.3i_ZDcannula_infusion_pups_top_left2024-06-14T16_51_10.avi	352	371				
BRAC9442.3i_ZD	2025-02-19 15:29:07		Media file	player #1:Z:/home/shared/people/Mingran/NPS_manipulation/cannulation/pups/ZD/BRAC9442.3i_ZDcannula_infusion_pups_top_left2024-06-14T16_51_10.avi	926.550	934.350	20.000	No focal subject	903.996	aggressive contact	aggressive behaviour	STATE	18.550	20.050	1.500	Z:/home/shared/people/Mingran/NPS_manipulation/cannulation/pups/ZD/BRAC9442.3i_ZDcannula_infusion_pups_top_left2024-06-14T16_51_10.avi	371	401				
BRAC9442.3i_ZD	2025-02-19 15:29:07		Media file	player #1:Z:/home/shared/people/Mingran/NPS_manipulation/cannulation/pups/ZD/BRAC9442.3i_ZDcannula_infusion_pups_top_left2024-06-14T16_51_10.avi	926.550	934.350	20.000	No focal subject	903.996	licking and grooming	investigation	STATE	20.050	24.800	4.750	Z:/home/shared/people/Mingran/NPS_manipulation/cannulation/pups/ZD/BRAC9442.3i_ZDcannula_infusion_pups_top_left2024-06-14T16_51_10.avi	401	496				
BRAC9442.3i_ZD	2025-02-19 15:29:07		Media file	player #1:Z:/home/shared/people/Mingran/NPS_manipulation/cannulation/pups/ZD/BRAC9442.3i_ZDcannula_infusion_pups_top_left2024-06-14T16_51_10.avi	926.550	934.350	20.000	No focal subject	903.996	chemoinvestigation	investigation	STATE	26.000	26.700	0.700	Z:/home/shared/people/Mingran/NPS_manipulation/cannulation/pups/ZD/BRAC9442.3i_ZDcannula_infusion_pups_top_left2024-06-14T16_51_10.avi	520	534				
BRAC9442.3i_ZD	2025-02-19 15:29:07		Media file	player #1:Z:/home/shared/people/Mingran/NPS_manipulation/cannulation/pups/ZD/BRAC9442.3i_ZDcannula_infusion_pups_top_left2024-06-14T16_51_10.avi	926.550	934.350	20.000	No focal subject	903.996	aggressive contact	aggressive behaviour	STATE	26.700	29.500	2.800	Z:/home/shared/people/Mingran/NPS_manipulation/cannulation/pups/ZD/BRAC9442.3i_ZDcannula_infusion_pups_top_left2024-06-14T16_51_10.avi	534	590				
BRAC9442.3i_ZD	2025-02-19 15:29:07		Media file	player #1:Z:/home/shared/people/Mingran/NPS_manipulation/cannulation/pups/ZD/BRAC9442.3i_ZDcannula_infusion_pups_top_left2024-06-14T16_51_10.avi	926.550	934.350	20.000	No focal subject	903.996	in empty nest	Not defined	STATE	30.250	32.800	2.550	Z:/home/shared/people/Mingran/NPS_manipulation/cannulation/pups/ZD/BRAC9442.3i_ZDcannula_infusion_pups_top_left2024-06-14T16_51_10.avi	605	656				
BRAC9442.3i_ZD	2025-02-19 15:29:07		Media file	player #1:Z:/home/shared/people/Mingran/NPS_manipulation/cannulation/pups/ZD/BRAC9442.3i_ZDcannula_infusion_pups_top_left2024-06-14T16_51_10.avi	926.550	934.350	20.000	No focal subject	903.996	chemoinvestigation	investigation	STATE	33.200	35.350	2.150	Z:/home/shared/people/Mingran/NPS_manipulation/cannulation/pups/ZD/BRAC9442.3i_ZDcannula_infusion_pups_top_left2024-06-14T16_51_10.avi	664	707				
BRAC9442.3i_ZD	2025-02-19 15:29:07		Media file	player #1:Z:/home/shared/people/Mingran/NPS_manipulation/cannulation/pups/ZD/BRAC9442.3i_ZDcannula_infusion_pups_top_left2024-06-14T16_51_10.avi	926.550	934.350	20.000	No focal subject	903.996	in empty nest	Not defined	STATE	36.100	39.850	3.750	Z:/home/shared/people/Mingran/NPS_manipulation/cannulation/pups/ZD/BRAC9442.3i_ZDcannula_infusion_pups_top_left2024-06-14T16_51_10.avi	722	797				
BRAC9442.3i_ZD	2025-02-19 15:29:07		Media file	player #1:Z:/home/shared/people/Mingran/NPS_manipulation/cannulation/pups/ZD/BRAC9442.3i_ZDcannula_infusion_pups_top_left2024-06-14T16_51_10.avi	926.550	934.350	20.000	No focal subject	903.996	licking and grooming	investigation	STATE	40.550	42.500	1.950	Z:/home/shared/people/Mingran/NPS_manipulation/cannulation/pups/ZD/BRAC9442.3i_ZDcannula_infusion_pups_top_left2024-06-14T16_51_10.avi	811	850				
BRAC9442.3i_ZD	2025-02-19 15:29:07		Media file	player #1:Z:/home/shared/people/Mingran/NPS_manipulation/cannulation/pups/ZD/BRAC9442.3i_ZDcannula_infusion_pups_top_left2024-06-14T16_51_10.avi	926.550	934.350	20.000	No focal subject	903.996	licking and grooming	investigation	STATE	45.000	46.100	1.100	Z:/home/shared/people/Mingran/NPS_manipulation/cannulation/pups/ZD/BRAC9442.3i_ZDcannula_infusion_pups_top_left2024-06-14T16_51_10.avi	900	922				
BRAC9442.3i_ZD	2025-02-19 15:29:07		Media file	player #1:Z:/home/shared/people/Mingran/NPS_manipulation/cannulation/pups/ZD/BRAC9442.3i_ZDcannula_infusion_pups_top_left2024-06-14T16_51_10.avi	926.550	934.350	20.000	No focal subject	903.996	rearing	stress behaviour	STATE	47.500	48.850	1.350	Z:/home/shared/people/Mingran/NPS_manipulation/cannulation/pups/ZD/BRAC9442.3i_ZDcannula_infusion_pups_top_left2024-06-14T16_51_10.avi	950	977				
BRAC9442.3i_ZD	2025-02-19 15:29:07		Media file	player #1:Z:/home/shared/people/Mingran/NPS_manipulation/cannulation/pups/ZD/BRAC9442.3i_ZDcannula_infusion_pups_top_left2024-06-14T16_51_10.avi	926.550	934.350	20.000	No focal subject	903.996	in empty nest	Not defined	STATE	49.050	54.050	5.000	Z:/home/shared/people/Mingran/NPS_manipulation/cannulation/pups/ZD/BRAC9442.3i_ZDcannula_infusion_pups_top_left2024-06-14T16_51_10.avi	981	1081				
BRAC9442.3i_ZD	2025-02-19 15:29:07		Media file	player #1:Z:/home/shared/people/Mingran/NPS_manipulation/cannulation/pups/ZD/BRAC9442.3i_ZDcannula_infusion_pups_top_left2024-06-14T16_51_10.avi	926.550	934.350	20.000	No focal subject	903.996	rearing	stress behaviour	STATE	50.950	52.750	1.800	Z:/home/shared/people/Mingran/NPS_manipulation/cannulation/pups/ZD/BRAC9442.3i_ZDcannula_infusion_pups_top_left2024-06-14T16_51_10.avi	1019	1055				
BRAC9442.3i_ZD	2025-02-19 15:29:07		Media file	player #1:Z:/home/shared/people/Mingran/NPS_manipulation/cannulation/pups/ZD/BRAC9442.3i_ZDcannula_infusion_pups_top_left2024-06-14T16_51_10.avi	926.550	934.350	20.000	No focal subject	903.996	chemoinvestigation	investigation	STATE	54.950	57.100	2.150	Z:/home/shared/people/Mingran/NPS_manipulation/cannulation/pups/ZD/BRAC9442.3i_ZDcannula_infusion_pups_top_left2024-06-14T16_51_10.avi	1099	1142				
BRAC9442.3i_ZD	2025-02-19 15:29:07		Media file	player #1:Z:/home/shared/people/Mingran/NPS_manipulation/cannulation/pups/ZD/BRAC9442.3i_ZDcannula_infusion_pups_top_left2024-06-14T16_51_10.avi	926.550	934.350	20.000	No focal subject	903.996	rearing	stress behaviour	STATE	57.200	58.700	1.500	Z:/home/shared/people/Mingran/NPS_manipulation/cannulation/pups/ZD/BRAC9442.3i_ZDcannula_infusion_pups_top_left2024-06-14T16_51_10.avi	1144	1174				
BRAC9442.3i_ZD	2025-02-19 15:29:07		Media file	player #1:Z:/home/shared/people/Mingran/NPS_manipulation/cannulation/pups/ZD/BRAC9442.3i_ZDcannula_infusion_pups_top_left2024-06-14T16_51_10.avi	926.550	934.350	20.000	No focal subject	903.996	licking and grooming	investigation	STATE	58.750	60.300	1.550	Z:/home/shared/people/Mingran/NPS_manipulation/cannulation/pups/ZD/BRAC9442.3i_ZDcannula_infusion_pups_top_left2024-06-14T16_51_10.avi	1175	1206				
BRAC9442.3i_ZD	2025-02-19 15:29:07		Media file	player #1:Z:/home/shared/people/Mingran/NPS_manipulation/cannulation/pups/ZD/BRAC9442.3i_ZDcannula_infusion_pups_top_left2024-06-14T16_51_10.avi	926.550	934.350	20.000	No focal subject	903.996	in empty nest	Not defined	STATE	60.950	65.350	4.400	Z:/home/shared/people/Mingran/NPS_manipulation/cannulation/pups/ZD/BRAC9442.3i_ZDcannula_infusion_pups_top_left2024-06-14T16_51_10.avi	1219	1307				
BRAC9442.3i_ZD	2025-02-19 15:29:07		Media file	player #1:Z:/home/shared/people/Mingran/NPS_manipulation/cannulation/pups/ZD/BRAC9442.3i_ZDcannula_infusion_pups_top_left2024-06-14T16_51_10.avi	926.550	934.350	20.000	No focal subject	903.996	licking and grooming	investigation	STATE	66.100	68.100	2.000	Z:/home/shared/people/Mingran/NPS_manipulation/cannulation/pups/ZD/BRAC9442.3i_ZDcannula_infusion_pups_top_left2024-06-14T16_51_10.avi	1322	1362				
BRAC9442.3i_ZD	2025-02-19 15:29:07		Media file	player #1:Z:/home/shared/people/Mingran/NPS_manipulation/cannulation/pups/ZD/BRAC9442.3i_ZDcannula_infusion_pups_top_left2024-06-14T16_51_10.avi	926.550	934.350	20.000	No focal subject	903.996	rearing	stress behaviour	STATE	69.450	70.500	1.050	Z:/home/shared/people/Mingran/NPS_manipulation/cannulation/pups/ZD/BRAC9442.3i_ZDcannula_infusion_pups_top_left2024-06-14T16_51_10.avi	1389	1410				
BRAC9442.3i_ZD	2025-02-19 15:29:07		Media file	player #1:Z:/home/shared/people/Mingran/NPS_manipulation/cannulation/pups/ZD/BRAC9442.3i_ZDcannula_infusion_pups_top_left2024-06-14T16_51_10.avi	926.550	934.350	20.000	No focal subject	903.996	aggressive contact	aggressive behaviour	STATE	70.900	71.250	0.350	Z:/home/shared/people/Mingran/NPS_manipulation/cannulation/pups/ZD/BRAC9442.3i_ZDcannula_infusion_pups_top_left2024-06-14T16_51_10.avi	1418	1425				
BRAC9442.3i_ZD	2025-02-19 15:29:07		Media file	player #1:Z:/home/shared/people/Mingran/NPS_manipulation/cannulation/pups/ZD/BRAC9442.3i_ZDcannula_infusion_pups_top_left2024-06-14T16_51_10.avi	926.550	934.350	20.000	No focal subject	903.996	in empty nest	Not defined	STATE	72.600	78.350	5.750	Z:/home/shared/people/Mingran/NPS_manipulation/cannulation/pups/ZD/BRAC9442.3i_ZDcannula_infusion_pups_top_left2024-06-14T16_51_10.avi	1452	1567				
BRAC9442.3i_ZD	2025-02-19 15:29:07		Media file	player #1:Z:/home/shared/people/Mingran/NPS_manipulation/cannulation/pups/ZD/BRAC9442.3i_ZDcannula_infusion_pups_top_left2024-06-14T16_51_10.avi	926.550	934.350	20.000	No focal subject	903.996	rearing	stress behaviour	STATE	74.450	76.250	1.800	Z:/home/shared/people/Mingran/NPS_manipulation/cannulation/pups/ZD/BRAC9442.3i_ZDcannula_infusion_pups_top_left2024-06-14T16_51_10.avi	1489	1525				
BRAC9442.3i_ZD	2025-02-19 15:29:07		Media file	player #1:Z:/home/shared/people/Mingran/NPS_manipulation/cannulation/pups/ZD/BRAC9442.3i_ZDcannula_infusion_pups_top_left2024-06-14T16_51_10.avi	926.550	934.350	20.000	No focal subject	903.996	rearing	stress behaviour	STATE	77.650	78.350	0.700	Z:/home/shared/people/Mingran/NPS_manipulation/cannulation/pups/ZD/BRAC9442.3i_ZDcannula_infusion_pups_top_left2024-06-14T16_51_10.avi	1553	1567				
BRAC9442.3i_ZD	2025-02-19 15:29:07		Media file	player #1:Z:/home/shared/people/Mingran/NPS_manipulation/cannulation/pups/ZD/BRAC9442.3i_ZDcannula_infusion_pups_top_left2024-06-14T16_51_10.avi	926.550	934.350	20.000	No focal subject	903.996	chemoinvestigation	investigation	STATE	79.250	80.900	1.650	Z:/home/shared/people/Mingran/NPS_manipulation/cannulation/pups/ZD/BRAC9442.3i_ZDcannula_infusion_pups_top_left2024-06-14T16_51_10.avi	1585	1618				
BRAC9442.3i_ZD	2025-02-19 15:29:07		Media file	player #1:Z:/home/shared/people/Mingran/NPS_manipulation/cannulation/pups/ZD/BRAC9442.3i_ZDcannula_infusion_pups_top_left2024-06-14T16_51_10.avi	926.550	934.350	20.000	No focal subject	903.996	rearing	stress behaviour	STATE	81.450	82.800	1.350	Z:/home/shared/people/Mingran/NPS_manipulation/cannulation/pups/ZD/BRAC9442.3i_ZDcannula_infusion_pups_top_left2024-06-14T16_51_10.avi	1629	1656				
BRAC9442.3i_ZD	2025-02-19 15:29:07		Media file	player #1:Z:/home/shared/people/Mingran/NPS_manipulation/cannulation/pups/ZD/BRAC9442.3i_ZDcannula_infusion_pups_top_left2024-06-14T16_51_10.avi	926.550	934.350	20.000	No focal subject	903.996	chemoinvestigation	investigation	STATE	84.750	85.300	0.550	Z:/home/shared/people/Mingran/NPS_manipulation/cannulation/pups/ZD/BRAC9442.3i_ZDcannula_infusion_pups_top_left2024-06-14T16_51_10.avi	1695	1706				
BRAC9442.3i_ZD	2025-02-19 15:29:07		Media file	player #1:Z:/home/shared/people/Mingran/NPS_manipulation/cannulation/pups/ZD/BRAC9442.3i_ZDcannula_infusion_pups_top_left2024-06-14T16_51_10.avi	926.550	934.350	20.000	No focal subject	903.996	rearing	stress behaviour	STATE	87.950	88.750	0.800	Z:/home/shared/people/Mingran/NPS_manipulation/cannulation/pups/ZD/BRAC9442.3i_ZDcannula_infusion_pups_top_left2024-06-14T16_51_10.avi	1759	1775				
BRAC9442.3i_ZD	2025-02-19 15:29:07		Media file	player #1:Z:/home/shared/people/Mingran/NPS_manipulation/cannulation/pups/ZD/BRAC9442.3i_ZDcannula_infusion_pups_top_left2024-06-14T16_51_10.avi	926.550	934.350	20.000	No focal subject	903.996	rearing	stress behaviour	STATE	90.200	92.000	1.800	Z:/home/shared/people/Mingran/NPS_manipulation/cannulation/pups/ZD/BRAC9442.3i_ZDcannula_infusion_pups_top_left2024-06-14T16_51_10.avi	1804	1840				
BRAC9442.3i_ZD	2025-02-19 15:29:07		Media file	player #1:Z:/home/shared/people/Mingran/NPS_manipulation/cannulation/pups/ZD/BRAC9442.3i_ZDcannula_infusion_pups_top_left2024-06-14T16_51_10.avi	926.550	934.350	20.000	No focal subject	903.996	in empty nest	Not defined	STATE	93.550	96.950	3.400	Z:/home/shared/people/Mingran/NPS_manipulation/cannulation/pups/ZD/BRAC9442.3i_ZDcannula_infusion_pups_top_left2024-06-14T16_51_10.avi	1871	1939				
BRAC9442.3i_ZD	2025-02-19 15:29:07		Media file	player #1:Z:/home/shared/people/Mingran/NPS_manipulation/cannulation/pups/ZD/BRAC9442.3i_ZDcannula_infusion_pups_top_left2024-06-14T16_51_10.avi	926.550	934.350	20.000	No focal subject	903.996	rearing	stress behaviour	STATE	94.850	95.900	1.050	Z:/home/shared/people/Mingran/NPS_manipulation/cannulation/pups/ZD/BRAC9442.3i_ZDcannula_infusion_pups_top_left2024-06-14T16_51_10.avi	1897	1918				
BRAC9442.3i_ZD	2025-02-19 15:29:07		Media file	player #1:Z:/home/shared/people/Mingran/NPS_manipulation/cannulation/pups/ZD/BRAC9442.3i_ZDcannula_infusion_pups_top_left2024-06-14T16_51_10.avi	926.550	934.350	20.000	No focal subject	903.996	chemoinvestigation	investigation	STATE	98.900	100.050	1.150	Z:/home/shared/people/Mingran/NPS_manipulation/cannulation/pups/ZD/BRAC9442.3i_ZDcannula_infusion_pups_top_left2024-06-14T16_51_10.avi	1978	2001				
BRAC9442.3i_ZD	2025-02-19 15:29:07		Media file	player #1:Z:/home/shared/people/Mingran/NPS_manipulation/cannulation/pups/ZD/BRAC9442.3i_ZDcannula_infusion_pups_top_left2024-06-14T16_51_10.avi	926.550	934.350	20.000	No focal subject	903.996	rearing	stress behaviour	STATE	101.000	103.900	2.900	Z:/home/shared/people/Mingran/NPS_manipulation/cannulation/pups/ZD/BRAC9442.3i_ZDcannula_infusion_pups_top_left2024-06-14T16_51_10.avi	2020	2078				
BRAC9442.3i_ZD	2025-02-19 15:29:07		Media file	player #1:Z:/home/shared/people/Mingran/NPS_manipulation/cannulation/pups/ZD/BRAC9442.3i_ZDcannula_infusion_pups_top_left2024-06-14T16_51_10.avi	926.550	934.350	20.000	No focal subject	903.996	chemoinvestigation	investigation	STATE	104.150	104.600	0.450	Z:/home/shared/people/Mingran/NPS_manipulation/cannulation/pups/ZD/BRAC9442.3i_ZDcannula_infusion_pups_top_left2024-06-14T16_51_10.avi	2083	2092				
BRAC9442.3i_ZD	2025-02-19 15:29:07		Media file	player #1:Z:/home/shared/people/Mingran/NPS_manipulation/cannulation/pups/ZD/BRAC9442.3i_ZDcannula_infusion_pups_top_left2024-06-14T16_51_10.avi	926.550	934.350	20.000	No focal subject	903.996	rearing	stress behaviour	STATE	105.250	107.750	2.500	Z:/home/shared/people/Mingran/NPS_manipulation/cannulation/pups/ZD/BRAC9442.3i_ZDcannula_infusion_pups_top_left2024-06-14T16_51_10.avi	2105	2155				
BRAC9442.3i_ZD	2025-02-19 15:29:07		Media file	player #1:Z:/home/shared/people/Mingran/NPS_manipulation/cannulation/pups/ZD/BRAC9442.3i_ZDcannula_infusion_pups_top_left2024-06-14T16_51_10.avi	926.550	934.350	20.000	No focal subject	903.996	in empty nest	Not defined	STATE	112.000	117.250	5.250	Z:/home/shared/people/Mingran/NPS_manipulation/cannulation/pups/ZD/BRAC9442.3i_ZDcannula_infusion_pups_top_left2024-06-14T16_51_10.avi	2240	2345				
BRAC9442.3i_ZD	2025-02-19 15:29:07		Media file	player #1:Z:/home/shared/people/Mingran/NPS_manipulation/cannulation/pups/ZD/BRAC9442.3i_ZDcannula_infusion_pups_top_left2024-06-14T16_51_10.avi	926.550	934.350	20.000	No focal subject	903.996	rearing	stress behaviour	STATE	113.150	114.300	1.150	Z:/home/shared/people/Mingran/NPS_manipulation/cannulation/pups/ZD/BRAC9442.3i_ZDcannula_infusion_pups_top_left2024-06-14T16_51_10.avi	2263	2286				
BRAC9442.3i_ZD	2025-02-19 15:29:07		Media file	player #1:Z:/home/shared/people/Mingran/NPS_manipulation/cannulation/pups/ZD/BRAC9442.3i_ZDcannula_infusion_pups_top_left2024-06-14T16_51_10.avi	926.550	934.350	20.000	No focal subject	903.996	rearing	stress behaviour	STATE	117.300	118.600	1.300	Z:/home/shared/people/Mingran/NPS_manipulation/cannulation/pups/ZD/BRAC9442.3i_ZDcannula_infusion_pups_top_left2024-06-14T16_51_10.avi	2346	2372				
BRAC9442.3i_ZD	2025-02-19 15:29:07		Media file	player #1:Z:/home/shared/people/Mingran/NPS_manipulation/cannulation/pups/ZD/BRAC9442.3i_ZDcannula_infusion_pups_top_left2024-06-14T16_51_10.avi	926.550	934.350	20.000	No focal subject	903.996	licking and grooming	investigation	STATE	119.200	124.800	5.600	Z:/home/shared/people/Mingran/NPS_manipulation/cannulation/pups/ZD/BRAC9442.3i_ZDcannula_infusion_pups_top_left2024-06-14T16_51_10.avi	2384	2496				
BRAC9442.3i_ZD	2025-02-19 15:29:07		Media file	player #1:Z:/home/shared/people/Mingran/NPS_manipulation/cannulation/pups/ZD/BRAC9442.3i_ZDcannula_infusion_pups_top_left2024-06-14T16_51_10.avi	926.550	934.350	20.000	No focal subject	903.996	rearing	stress behaviour	STATE	125.100	126.250	1.150	Z:/home/shared/people/Mingran/NPS_manipulation/cannulation/pups/ZD/BRAC9442.3i_ZDcannula_infusion_pups_top_left2024-06-14T16_51_10.avi	2502	2525				
BRAC9442.3i_ZD	2025-02-19 15:29:07		Media file	player #1:Z:/home/shared/people/Mingran/NPS_manipulation/cannulation/pups/ZD/BRAC9442.3i_ZDcannula_infusion_pups_top_left2024-06-14T16_51_10.avi	926.550	934.350	20.000	No focal subject	903.996	licking and grooming	investigation	STATE	126.400	127.100	0.700	Z:/home/shared/people/Mingran/NPS_manipulation/cannulation/pups/ZD/BRAC9442.3i_ZDcannula_infusion_pups_top_left2024-06-14T16_51_10.avi	2528	2542				
BRAC9442.3i_ZD	2025-02-19 15:29:07		Media file	player #1:Z:/home/shared/people/Mingran/NPS_manipulation/cannulation/pups/ZD/BRAC9442.3i_ZDcannula_infusion_pups_top_left2024-06-14T16_51_10.avi	926.550	934.350	20.000	No focal subject	903.996	licking and grooming	investigation	STATE	129.800	132.850	3.050	Z:/home/shared/people/Mingran/NPS_manipulation/cannulation/pups/ZD/BRAC9442.3i_ZDcannula_infusion_pups_top_left2024-06-14T16_51_10.avi	2596	2657				
BRAC9442.3i_ZD	2025-02-19 15:29:07		Media file	player #1:Z:/home/shared/people/Mingran/NPS_manipulation/cannulation/pups/ZD/BRAC9442.3i_ZDcannula_infusion_pups_top_left2024-06-14T16_51_10.avi	926.550	934.350	20.000	No focal subject	903.996	rearing	stress behaviour	STATE	135.650	136.950	1.300	Z:/home/shared/people/Mingran/NPS_manipulation/cannulation/pups/ZD/BRAC9442.3i_ZDcannula_infusion_pups_top_left2024-06-14T16_51_10.avi	2713	2739				
BRAC9442.3i_ZD	2025-02-19 15:29:07		Media file	player #1:Z:/home/shared/people/Mingran/NPS_manipulation/cannulation/pups/ZD/BRAC9442.3i_ZDcannula_infusion_pups_top_left2024-06-14T16_51_10.avi	926.550	934.350	20.000	No focal subject	903.996	rearing	stress behaviour	STATE	139.850	141.100	1.250	Z:/home/shared/people/Mingran/NPS_manipulation/cannulation/pups/ZD/BRAC9442.3i_ZDcannula_infusion_pups_top_left2024-06-14T16_51_10.avi	2797	2822				
BRAC9442.3i_ZD	2025-02-19 15:29:07		Media file	player #1:Z:/home/shared/people/Mingran/NPS_manipulation/cannulation/pups/ZD/BRAC9442.3i_ZDcannula_infusion_pups_top_left2024-06-14T16_51_10.avi	926.550	934.350	20.000	No focal subject	903.996	rearing	stress behaviour	STATE	141.750	143.600	1.850	Z:/home/shared/people/Mingran/NPS_manipulation/cannulation/pups/ZD/BRAC9442.3i_ZDcannula_infusion_pups_top_left2024-06-14T16_51_10.avi	2835	2872				
BRAC9442.3i_ZD	2025-02-19 15:29:07		Media file	player #1:Z:/home/shared/people/Mingran/NPS_manipulation/cannulation/pups/ZD/BRAC9442.3i_ZDcannula_infusion_pups_top_left2024-06-14T16_51_10.avi	926.550	934.350	20.000	No focal subject	903.996	in empty nest	Not defined	STATE	144.250	149.800	5.550	Z:/home/shared/people/Mingran/NPS_manipulation/cannulation/pups/ZD/BRAC9442.3i_ZDcannula_infusion_pups_top_left2024-06-14T16_51_10.avi	2885	2996				
BRAC9442.3i_ZD	2025-02-19 15:29:07		Media file	player #1:Z:/home/shared/people/Mingran/NPS_manipulation/cannulation/pups/ZD/BRAC9442.3i_ZDcannula_infusion_pups_top_left2024-06-14T16_51_10.avi	926.550	934.350	20.000	No focal subject	903.996	licking and grooming	investigation	STATE	150.450	154.250	3.800	Z:/home/shared/people/Mingran/NPS_manipulation/cannulation/pups/ZD/BRAC9442.3i_ZDcannula_infusion_pups_top_left2024-06-14T16_51_10.avi	3009	3085				
BRAC9442.3i_ZD	2025-02-19 15:29:07		Media file	player #1:Z:/home/shared/people/Mingran/NPS_manipulation/cannulation/pups/ZD/BRAC9442.3i_ZDcannula_infusion_pups_top_left2024-06-14T16_51_10.avi	926.550	934.350	20.000	No focal subject	903.996	rearing	stress behaviour	STATE	157.100	159.200	2.100	Z:/home/shared/people/Mingran/NPS_manipulation/cannulation/pups/ZD/BRAC9442.3i_ZDcannula_infusion_pups_top_left2024-06-14T16_51_10.avi	3142	3184				
BRAC9442.3i_ZD	2025-02-19 15:29:07		Media file	player #1:Z:/home/shared/people/Mingran/NPS_manipulation/cannulation/pups/ZD/BRAC9442.3i_ZDcannula_infusion_pups_top_left2024-06-14T16_51_10.avi	926.550	934.350	20.000	No focal subject	903.996	chemoinvestigation	investigation	STATE	160.700	161.199	0.499	Z:/home/shared/people/Mingran/NPS_manipulation/cannulation/pups/ZD/BRAC9442.3i_ZDcannula_infusion_pups_top_left2024-06-14T16_51_10.avi	3214	NA				
BRAC9442.3i_ZD	2025-02-19 15:29:07		Media file	player #1:Z:/home/shared/people/Mingran/NPS_manipulation/cannulation/pups/ZD/BRAC9442.3i_ZDcannula_infusion_pups_top_left2024-06-14T16_51_10.avi	926.550	934.350	20.000	No focal subject	903.996	licking and grooming	investigation	STATE	161.200	162.050	0.850	Z:/home/shared/people/Mingran/NPS_manipulation/cannulation/pups/ZD/BRAC9442.3i_ZDcannula_infusion_pups_top_left2024-06-14T16_51_10.avi	3224	3241				
BRAC9442.3i_ZD	2025-02-19 15:29:07		Media file	player #1:Z:/home/shared/people/Mingran/NPS_manipulation/cannulation/pups/ZD/BRAC9442.3i_ZDcannula_infusion_pups_top_left2024-06-14T16_51_10.avi	926.550	934.350	20.000	No focal subject	903.996	rearing	stress behaviour	STATE	162.500	163.800	1.300	Z:/home/shared/people/Mingran/NPS_manipulation/cannulation/pups/ZD/BRAC9442.3i_ZDcannula_infusion_pups_top_left2024-06-14T16_51_10.avi	3250	3276				
BRAC9442.3i_ZD	2025-02-19 15:29:07		Media file	player #1:Z:/home/shared/people/Mingran/NPS_manipulation/cannulation/pups/ZD/BRAC9442.3i_ZDcannula_infusion_pups_top_left2024-06-14T16_51_10.avi	926.550	934.350	20.000	No focal subject	903.996	in empty nest	Not defined	STATE	164.200	254.000	89.800	Z:/home/shared/people/Mingran/NPS_manipulation/cannulation/pups/ZD/BRAC9442.3i_ZDcannula_infusion_pups_top_left2024-06-14T16_51_10.avi	3284	5080				
BRAC9442.3i_ZD	2025-02-19 15:29:07		Media file	player #1:Z:/home/shared/people/Mingran/NPS_manipulation/cannulation/pups/ZD/BRAC9442.3i_ZDcannula_infusion_pups_top_left2024-06-14T16_51_10.avi	926.550	934.350	20.000	No focal subject	903.996	rearing	stress behaviour	STATE	170.550	172.300	1.750	Z:/home/shared/people/Mingran/NPS_manipulation/cannulation/pups/ZD/BRAC9442.3i_ZDcannula_infusion_pups_top_left2024-06-14T16_51_10.avi	3411	3446				
BRAC9442.3i_ZD	2025-02-19 15:29:07		Media file	player #1:Z:/home/shared/people/Mingran/NPS_manipulation/cannulation/pups/ZD/BRAC9442.3i_ZDcannula_infusion_pups_top_left2024-06-14T16_51_10.avi	926.550	934.350	20.000	No focal subject	903.996	self-grooming	stress behaviour	STATE	173.200	176.200	3.000	Z:/home/shared/people/Mingran/NPS_manipulation/cannulation/pups/ZD/BRAC9442.3i_ZDcannula_infusion_pups_top_left2024-06-14T16_51_10.avi	3464	3524				
BRAC9442.3i_ZD	2025-02-19 15:29:07		Media file	player #1:Z:/home/shared/people/Mingran/NPS_manipulation/cannulation/pups/ZD/BRAC9442.3i_ZDcannula_infusion_pups_top_left2024-06-14T16_51_10.avi	926.550	934.350	20.000	No focal subject	903.996	rearing	stress behaviour	STATE	176.700	179.050	2.350	Z:/home/shared/people/Mingran/NPS_manipulation/cannulation/pups/ZD/BRAC9442.3i_ZDcannula_infusion_pups_top_left2024-06-14T16_51_10.avi	3534	3581				
BRAC9442.3i_ZD	2025-02-19 15:29:07		Media file	player #1:Z:/home/shared/people/Mingran/NPS_manipulation/cannulation/pups/ZD/BRAC9442.3i_ZDcannula_infusion_pups_top_left2024-06-14T16_51_10.avi	926.550	934.350	20.000	No focal subject	903.996	chemoinvestigation	investigation	STATE	254.500	255.049	0.549	Z:/home/shared/people/Mingran/NPS_manipulation/cannulation/pups/ZD/BRAC9442.3i_ZDcannula_infusion_pups_top_left2024-06-14T16_51_10.avi	5090	NA				
BRAC9442.3i_ZD	2025-02-19 15:29:07		Media file	player #1:Z:/home/shared/people/Mingran/NPS_manipulation/cannulation/pups/ZD/BRAC9442.3i_ZDcannula_infusion_pups_top_left2024-06-14T16_51_10.avi	926.550	934.350	20.000	No focal subject	903.996	licking and grooming	investigation	STATE	255.050	257.450	2.400	Z:/home/shared/people/Mingran/NPS_manipulation/cannulation/pups/ZD/BRAC9442.3i_ZDcannula_infusion_pups_top_left2024-06-14T16_51_10.avi	5101	5149				
BRAC9442.3i_ZD	2025-02-19 15:29:07		Media file	player #1:Z:/home/shared/people/Mingran/NPS_manipulation/cannulation/pups/ZD/BRAC9442.3i_ZDcannula_infusion_pups_top_left2024-06-14T16_51_10.avi	926.550	934.350	20.000	No focal subject	903.996	aggressive contact	aggressive behaviour	STATE	257.500	258.800	1.300	Z:/home/shared/people/Mingran/NPS_manipulation/cannulation/pups/ZD/BRAC9442.3i_ZDcannula_infusion_pups_top_left2024-06-14T16_51_10.avi	5150	5176				
BRAC9442.3i_ZD	2025-02-19 15:29:07		Media file	player #1:Z:/home/shared/people/Mingran/NPS_manipulation/cannulation/pups/ZD/BRAC9442.3i_ZDcannula_infusion_pups_top_left2024-06-14T16_51_10.avi	926.550	934.350	20.000	No focal subject	903.996	licking and grooming	investigation	STATE	259.250	266.000	6.750	Z:/home/shared/people/Mingran/NPS_manipulation/cannulation/pups/ZD/BRAC9442.3i_ZDcannula_infusion_pups_top_left2024-06-14T16_51_10.avi	5185	5320				
BRAC9442.3i_ZD	2025-02-19 15:29:07		Media file	player #1:Z:/home/shared/people/Mingran/NPS_manipulation/cannulation/pups/ZD/BRAC9442.3i_ZDcannula_infusion_pups_top_left2024-06-14T16_51_10.avi	926.550	934.350	20.000	No focal subject	903.996	in empty nest	Not defined	STATE	267.000	285.450	18.450	Z:/home/shared/people/Mingran/NPS_manipulation/cannulation/pups/ZD/BRAC9442.3i_ZDcannula_infusion_pups_top_left2024-06-14T16_51_10.avi	5340	5709				
BRAC9442.3i_ZD	2025-02-19 15:29:07		Media file	player #1:Z:/home/shared/people/Mingran/NPS_manipulation/cannulation/pups/ZD/BRAC9442.3i_ZDcannula_infusion_pups_top_left2024-06-14T16_51_10.avi	926.550	934.350	20.000	No focal subject	903.996	licking and grooming	investigation	STATE	287.350	288.250	0.900	Z:/home/shared/people/Mingran/NPS_manipulation/cannulation/pups/ZD/BRAC9442.3i_ZDcannula_infusion_pups_top_left2024-06-14T16_51_10.avi	5747	5765				
BRAC9442.3i_ZD	2025-02-19 15:29:07		Media file	player #1:Z:/home/shared/people/Mingran/NPS_manipulation/cannulation/pups/ZD/BRAC9442.3i_ZDcannula_infusion_pups_top_left2024-06-14T16_51_10.avi	926.550	934.350	20.000	No focal subject	903.996	retrieval	parental behaviour	STATE	288.250	289.500	1.250	Z:/home/shared/people/Mingran/NPS_manipulation/cannulation/pups/ZD/BRAC9442.3i_ZDcannula_infusion_pups_top_left2024-06-14T16_51_10.avi	5765	5790				
BRAC9442.3i_ZD	2025-02-19 15:29:07		Media file	player #1:Z:/home/shared/people/Mingran/NPS_manipulation/cannulation/pups/ZD/BRAC9442.3i_ZDcannula_infusion_pups_top_left2024-06-14T16_51_10.avi	926.550	934.350	20.000	No focal subject	903.996	in empty nest	Not defined	STATE	290.500	344.200	53.700	Z:/home/shared/people/Mingran/NPS_manipulation/cannulation/pups/ZD/BRAC9442.3i_ZDcannula_infusion_pups_top_left2024-06-14T16_51_10.avi	5810	6884				
BRAC9442.3i_ZD	2025-02-19 15:29:07		Media file	player #1:Z:/home/shared/people/Mingran/NPS_manipulation/cannulation/pups/ZD/BRAC9442.3i_ZDcannula_infusion_pups_top_left2024-06-14T16_51_10.avi	926.550	934.350	20.000	No focal subject	903.996	licking and grooming	investigation	STATE	295.950	296.499	0.549	Z:/home/shared/people/Mingran/NPS_manipulation/cannulation/pups/ZD/BRAC9442.3i_ZDcannula_infusion_pups_top_left2024-06-14T16_51_10.avi	5919	NA				
BRAC9442.3i_ZD	2025-02-19 15:29:07		Media file	player #1:Z:/home/shared/people/Mingran/NPS_manipulation/cannulation/pups/ZD/BRAC9442.3i_ZDcannula_infusion_pups_top_left2024-06-14T16_51_10.avi	926.550	934.350	20.000	No focal subject	903.996	aggressive contact	aggressive behaviour	STATE	296.499	296.500	0.001	Z:/home/shared/people/Mingran/NPS_manipulation/cannulation/pups/ZD/BRAC9442.3i_ZDcannula_infusion_pups_top_left2024-06-14T16_51_10.avi	NA	5930				
BRAC9442.3i_ZD	2025-02-19 15:29:07		Media file	player #1:Z:/home/shared/people/Mingran/NPS_manipulation/cannulation/pups/ZD/BRAC9442.3i_ZDcannula_infusion_pups_top_left2024-06-14T16_51_10.avi	926.550	934.350	20.000	No focal subject	903.996	aggressive contact	aggressive behaviour	STATE	298.300	298.399	0.099	Z:/home/shared/people/Mingran/NPS_manipulation/cannulation/pups/ZD/BRAC9442.3i_ZDcannula_infusion_pups_top_left2024-06-14T16_51_10.avi	5966	NA				
BRAC9442.3i_ZD	2025-02-19 15:29:07		Media file	player #1:Z:/home/shared/people/Mingran/NPS_manipulation/cannulation/pups/ZD/BRAC9442.3i_ZDcannula_infusion_pups_top_left2024-06-14T16_51_10.avi	926.550	934.350	20.000	No focal subject	903.996	chemoinvestigation	investigation	STATE	298.400	301.950	3.550	Z:/home/shared/people/Mingran/NPS_manipulation/cannulation/pups/ZD/BRAC9442.3i_ZDcannula_infusion_pups_top_left2024-06-14T16_51_10.avi	5968	6039				
BRAC9442.3i_ZD	2025-02-19 15:29:07		Media file	player #1:Z:/home/shared/people/Mingran/NPS_manipulation/cannulation/pups/ZD/BRAC9442.3i_ZDcannula_infusion_pups_top_left2024-06-14T16_51_10.avi	926.550	934.350	20.000	No focal subject	903.996	chemoinvestigation	investigation	STATE	303.200	305.600	2.400	Z:/home/shared/people/Mingran/NPS_manipulation/cannulation/pups/ZD/BRAC9442.3i_ZDcannula_infusion_pups_top_left2024-06-14T16_51_10.avi	6064	6112				
BRAC9442.3i_ZD	2025-02-19 15:29:07		Media file	player #1:Z:/home/shared/people/Mingran/NPS_manipulation/cannulation/pups/ZD/BRAC9442.3i_ZDcannula_infusion_pups_top_left2024-06-14T16_51_10.avi	926.550	934.350	20.000	No focal subject	903.996	chemoinvestigation	investigation	STATE	307.950	310.850	2.900	Z:/home/shared/people/Mingran/NPS_manipulation/cannulation/pups/ZD/BRAC9442.3i_ZDcannula_infusion_pups_top_left2024-06-14T16_51_10.avi	6159	6217				
BRAC9442.3i_ZD	2025-02-19 15:29:07		Media file	player #1:Z:/home/shared/people/Mingran/NPS_manipulation/cannulation/pups/ZD/BRAC9442.3i_ZDcannula_infusion_pups_top_left2024-06-14T16_51_10.avi	926.550	934.350	20.000	No focal subject	903.996	chemoinvestigation	investigation	STATE	311.550	314.000	2.450	Z:/home/shared/people/Mingran/NPS_manipulation/cannulation/pups/ZD/BRAC9442.3i_ZDcannula_infusion_pups_top_left2024-06-14T16_51_10.avi	6231	6280				
BRAC9442.3i_ZD	2025-02-19 15:29:07		Media file	player #1:Z:/home/shared/people/Mingran/NPS_manipulation/cannulation/pups/ZD/BRAC9442.3i_ZDcannula_infusion_pups_top_left2024-06-14T16_51_10.avi	926.550	934.350	20.000	No focal subject	903.996	chemoinvestigation	investigation	STATE	316.350	317.650	1.300	Z:/home/shared/people/Mingran/NPS_manipulation/cannulation/pups/ZD/BRAC9442.3i_ZDcannula_infusion_pups_top_left2024-06-14T16_51_10.avi	6327	6353				
BRAC9442.3i_ZD	2025-02-19 15:29:07		Media file	player #1:Z:/home/shared/people/Mingran/NPS_manipulation/cannulation/pups/ZD/BRAC9442.3i_ZDcannula_infusion_pups_top_left2024-06-14T16_51_10.avi	926.550	934.350	20.000	No focal subject	903.996	chemoinvestigation	investigation	STATE	325.150	330.350	5.200	Z:/home/shared/people/Mingran/NPS_manipulation/cannulation/pups/ZD/BRAC9442.3i_ZDcannula_infusion_pups_top_left2024-06-14T16_51_10.avi	6503	6607				
BRAC9442.3i_ZD	2025-02-19 15:29:07		Media file	player #1:Z:/home/shared/people/Mingran/NPS_manipulation/cannulation/pups/ZD/BRAC9442.3i_ZDcannula_infusion_pups_top_left2024-06-14T16_51_10.avi	926.550	934.350	20.000	No focal subject	903.996	licking and grooming	investigation	STATE	345.250	347.400	2.150	Z:/home/shared/people/Mingran/NPS_manipulation/cannulation/pups/ZD/BRAC9442.3i_ZDcannula_infusion_pups_top_left2024-06-14T16_51_10.avi	6905	6948				
BRAC9442.3i_ZD	2025-02-19 15:29:07		Media file	player #1:Z:/home/shared/people/Mingran/NPS_manipulation/cannulation/pups/ZD/BRAC9442.3i_ZDcannula_infusion_pups_top_left2024-06-14T16_51_10.avi	926.550	934.350	20.000	No focal subject	903.996	licking and grooming	investigation	STATE	351.100	351.950	0.850	Z:/home/shared/people/Mingran/NPS_manipulation/cannulation/pups/ZD/BRAC9442.3i_ZDcannula_infusion_pups_top_left2024-06-14T16_51_10.avi	7022	7039				
BRAC9442.3i_ZD	2025-02-19 15:29:07		Media file	player #1:Z:/home/shared/people/Mingran/NPS_manipulation/cannulation/pups/ZD/BRAC9442.3i_ZDcannula_infusion_pups_top_left2024-06-14T16_51_10.avi	926.550	934.350	20.000	No focal subject	903.996	in empty nest	Not defined	STATE	352.600	494.750	142.150	Z:/home/shared/people/Mingran/NPS_manipulation/cannulation/pups/ZD/BRAC9442.3i_ZDcannula_infusion_pups_top_left2024-06-14T16_51_10.avi	7052	9895				
BRAC9442.3i_ZD	2025-02-19 15:29:07		Media file	player #1:Z:/home/shared/people/Mingran/NPS_manipulation/cannulation/pups/ZD/BRAC9442.3i_ZDcannula_infusion_pups_top_left2024-06-14T16_51_10.avi	926.550	934.350	20.000	No focal subject	903.996	licking and grooming	investigation	STATE	362.650	362.700	0.050	Z:/home/shared/people/Mingran/NPS_manipulation/cannulation/pups/ZD/BRAC9442.3i_ZDcannula_infusion_pups_top_left2024-06-14T16_51_10.avi	7253	7254				
BRAC9442.3i_ZD	2025-02-19 15:29:07		Media file	player #1:Z:/home/shared/people/Mingran/NPS_manipulation/cannulation/pups/ZD/BRAC9442.3i_ZDcannula_infusion_pups_top_left2024-06-14T16_51_10.avi	926.550	934.350	20.000	No focal subject	903.996	licking and grooming	investigation	STATE	364.450	364.500	0.050	Z:/home/shared/people/Mingran/NPS_manipulation/cannulation/pups/ZD/BRAC9442.3i_ZDcannula_infusion_pups_top_left2024-06-14T16_51_10.avi	7289	7290				
BRAC9442.3i_ZD	2025-02-19 15:29:07		Media file	player #1:Z:/home/shared/people/Mingran/NPS_manipulation/cannulation/pups/ZD/BRAC9442.3i_ZDcannula_infusion_pups_top_left2024-06-14T16_51_10.avi	926.550	934.350	20.000	No focal subject	903.996	chemoinvestigation	investigation	STATE	401.900	406.400	4.500	Z:/home/shared/people/Mingran/NPS_manipulation/cannulation/pups/ZD/BRAC9442.3i_ZDcannula_infusion_pups_top_left2024-06-14T16_51_10.avi	8038	8128				
BRAC9442.3i_ZD	2025-02-19 15:29:07		Media file	player #1:Z:/home/shared/people/Mingran/NPS_manipulation/cannulation/pups/ZD/BRAC9442.3i_ZDcannula_infusion_pups_top_left2024-06-14T16_51_10.avi	926.550	934.350	20.000	No focal subject	903.996	aggressive contact	aggressive behaviour	STATE	406.400	406.950	0.550	Z:/home/shared/people/Mingran/NPS_manipulation/cannulation/pups/ZD/BRAC9442.3i_ZDcannula_infusion_pups_top_left2024-06-14T16_51_10.avi	8128	8139				
BRAC9442.3i_ZD	2025-02-19 15:29:07		Media file	player #1:Z:/home/shared/people/Mingran/NPS_manipulation/cannulation/pups/ZD/BRAC9442.3i_ZDcannula_infusion_pups_top_left2024-06-14T16_51_10.avi	926.550	934.350	20.000	No focal subject	903.996	chemoinvestigation	investigation	STATE	408.750	410.450	1.700	Z:/home/shared/people/Mingran/NPS_manipulation/cannulation/pups/ZD/BRAC9442.3i_ZDcannula_infusion_pups_top_left2024-06-14T16_51_10.avi	8175	8209				
BRAC9442.3i_ZD	2025-02-19 15:29:07		Media file	player #1:Z:/home/shared/people/Mingran/NPS_manipulation/cannulation/pups/ZD/BRAC9442.3i_ZDcannula_infusion_pups_top_left2024-06-14T16_51_10.avi	926.550	934.350	20.000	No focal subject	903.996	licking and grooming	investigation	STATE	413.650	414.849	1.199	Z:/home/shared/people/Mingran/NPS_manipulation/cannulation/pups/ZD/BRAC9442.3i_ZDcannula_infusion_pups_top_left2024-06-14T16_51_10.avi	8273	NA				
BRAC9442.3i_ZD	2025-02-19 15:29:07		Media file	player #1:Z:/home/shared/people/Mingran/NPS_manipulation/cannulation/pups/ZD/BRAC9442.3i_ZDcannula_infusion_pups_top_left2024-06-14T16_51_10.avi	926.550	934.350	20.000	No focal subject	903.996	aggressive contact	aggressive behaviour	STATE	414.850	415.050	0.200	Z:/home/shared/people/Mingran/NPS_manipulation/cannulation/pups/ZD/BRAC9442.3i_ZDcannula_infusion_pups_top_left2024-06-14T16_51_10.avi	8297	8301				
BRAC9442.3i_ZD	2025-02-19 15:29:07		Media file	player #1:Z:/home/shared/people/Mingran/NPS_manipulation/cannulation/pups/ZD/BRAC9442.3i_ZDcannula_infusion_pups_top_left2024-06-14T16_51_10.avi	926.550	934.350	20.000	No focal subject	903.996	chemoinvestigation	investigation	STATE	418.650	419.800	1.150	Z:/home/shared/people/Mingran/NPS_manipulation/cannulation/pups/ZD/BRAC9442.3i_ZDcannula_infusion_pups_top_left2024-06-14T16_51_10.avi	8373	8396				
BRAC9442.3i_ZD	2025-02-19 15:29:07		Media file	player #1:Z:/home/shared/people/Mingran/NPS_manipulation/cannulation/pups/ZD/BRAC9442.3i_ZDcannula_infusion_pups_top_left2024-06-14T16_51_10.avi	926.550	934.350	20.000	No focal subject	903.996	chemoinvestigation	investigation	STATE	423.750	424.200	0.450	Z:/home/shared/people/Mingran/NPS_manipulation/cannulation/pups/ZD/BRAC9442.3i_ZDcannula_infusion_pups_top_left2024-06-14T16_51_10.avi	8475	8484				
BRAC9442.3i_ZD	2025-02-19 15:29:07		Media file	player #1:Z:/home/shared/people/Mingran/NPS_manipulation/cannulation/pups/ZD/BRAC9442.3i_ZDcannula_infusion_pups_top_left2024-06-14T16_51_10.avi	926.550	934.350	20.000	No focal subject	903.996	aggressive contact	aggressive behaviour	STATE	424.200	425.250	1.050	Z:/home/shared/people/Mingran/NPS_manipulation/cannulation/pups/ZD/BRAC9442.3i_ZDcannula_infusion_pups_top_left2024-06-14T16_51_10.avi	8484	8505				
BRAC9442.3i_ZD	2025-02-19 15:29:07		Media file	player #1:Z:/home/shared/people/Mingran/NPS_manipulation/cannulation/pups/ZD/BRAC9442.3i_ZDcannula_infusion_pups_top_left2024-06-14T16_51_10.avi	926.550	934.350	20.000	No focal subject	903.996	licking and grooming	investigation	STATE	430.050	435.500	5.450	Z:/home/shared/people/Mingran/NPS_manipulation/cannulation/pups/ZD/BRAC9442.3i_ZDcannula_infusion_pups_top_left2024-06-14T16_51_10.avi	8601	8710				
BRAC9442.3i_ZD	2025-02-19 15:29:07		Media file	player #1:Z:/home/shared/people/Mingran/NPS_manipulation/cannulation/pups/ZD/BRAC9442.3i_ZDcannula_infusion_pups_top_left2024-06-14T16_51_10.avi	926.550	934.350	20.000	No focal subject	903.996	chemoinvestigation	investigation	STATE	484.350	484.500	0.150	Z:/home/shared/people/Mingran/NPS_manipulation/cannulation/pups/ZD/BRAC9442.3i_ZDcannula_infusion_pups_top_left2024-06-14T16_51_10.avi	9687	9690				
BRAC9442.3i_ZD	2025-02-19 15:29:07		Media file	player #1:Z:/home/shared/people/Mingran/NPS_manipulation/cannulation/pups/ZD/BRAC9442.3i_ZDcannula_infusion_pups_top_left2024-06-14T16_51_10.avi	926.550	934.350	20.000	No focal subject	903.996	chemoinvestigation	investigation	STATE	484.800	486.650	1.850	Z:/home/shared/people/Mingran/NPS_manipulation/cannulation/pups/ZD/BRAC9442.3i_ZDcannula_infusion_pups_top_left2024-06-14T16_51_10.avi	9696	9733				
BRAC9442.3i_ZD	2025-02-19 15:29:07		Media file	player #1:Z:/home/shared/people/Mingran/NPS_manipulation/cannulation/pups/ZD/BRAC9442.3i_ZDcannula_infusion_pups_top_left2024-06-14T16_51_10.avi	926.550	934.350	20.000	No focal subject	903.996	licking and grooming	investigation	STATE	486.650	487.500	0.850	Z:/home/shared/people/Mingran/NPS_manipulation/cannulation/pups/ZD/BRAC9442.3i_ZDcannula_infusion_pups_top_left2024-06-14T16_51_10.avi	9733	9750				
BRAC9442.3i_ZD	2025-02-19 15:29:07		Media file	player #1:Z:/home/shared/people/Mingran/NPS_manipulation/cannulation/pups/ZD/BRAC9442.3i_ZDcannula_infusion_pups_top_left2024-06-14T16_51_10.avi	926.550	934.350	20.000	No focal subject	903.996	nest building	parental behaviour	STATE	492.150	493.600	1.450	Z:/home/shared/people/Mingran/NPS_manipulation/cannulation/pups/ZD/BRAC9442.3i_ZDcannula_infusion_pups_top_left2024-06-14T16_51_10.avi	9843	9872				
BRAC9442.3i_ZD	2025-02-19 15:29:07		Media file	player #1:Z:/home/shared/people/Mingran/NPS_manipulation/cannulation/pups/ZD/BRAC9442.3i_ZDcannula_infusion_pups_top_left2024-06-14T16_51_10.avi	926.550	934.350	20.000	No focal subject	903.996	retrieval	parental behaviour	STATE	495.400	497.700	2.300	Z:/home/shared/people/Mingran/NPS_manipulation/cannulation/pups/ZD/BRAC9442.3i_ZDcannula_infusion_pups_top_left2024-06-14T16_51_10.avi	9908	9954				
BRAC9442.3i_ZD	2025-02-19 15:29:07		Media file	player #1:Z:/home/shared/people/Mingran/NPS_manipulation/cannulation/pups/ZD/BRAC9442.3i_ZDcannula_infusion_pups_top_left2024-06-14T16_51_10.avi	926.550	934.350	20.000	No focal subject	903.996	licking and grooming	investigation	STATE	498.200	499.700	1.500	Z:/home/shared/people/Mingran/NPS_manipulation/cannulation/pups/ZD/BRAC9442.3i_ZDcannula_infusion_pups_top_left2024-06-14T16_51_10.avi	9964	9994				
BRAC9442.3i_ZD	2025-02-19 15:29:07		Media file	player #1:Z:/home/shared/people/Mingran/NPS_manipulation/cannulation/pups/ZD/BRAC9442.3i_ZDcannula_infusion_pups_top_left2024-06-14T16_51_10.avi	926.550	934.350	20.000	No focal subject	903.996	in empty nest	Not defined	STATE	500.450	562.350	61.900	Z:/home/shared/people/Mingran/NPS_manipulation/cannulation/pups/ZD/BRAC9442.3i_ZDcannula_infusion_pups_top_left2024-06-14T16_51_10.avi	10009	11247				
BRAC9442.3i_ZD	2025-02-19 15:29:07		Media file	player #1:Z:/home/shared/people/Mingran/NPS_manipulation/cannulation/pups/ZD/BRAC9442.3i_ZDcannula_infusion_pups_top_left2024-06-14T16_51_10.avi	926.550	934.350	20.000	No focal subject	903.996	self-grooming	stress behaviour	STATE	506.350	511.450	5.100	Z:/home/shared/people/Mingran/NPS_manipulation/cannulation/pups/ZD/BRAC9442.3i_ZDcannula_infusion_pups_top_left2024-06-14T16_51_10.avi	10127	10229				
BRAC9442.3i_ZD	2025-02-19 15:29:07		Media file	player #1:Z:/home/shared/people/Mingran/NPS_manipulation/cannulation/pups/ZD/BRAC9442.3i_ZDcannula_infusion_pups_top_left2024-06-14T16_51_10.avi	926.550	934.350	20.000	No focal subject	903.996	chemoinvestigation	investigation	STATE	514.000	514.900	0.900	Z:/home/shared/people/Mingran/NPS_manipulation/cannulation/pups/ZD/BRAC9442.3i_ZDcannula_infusion_pups_top_left2024-06-14T16_51_10.avi	10280	10298				
BRAC9442.3i_ZD	2025-02-19 15:29:07		Media file	player #1:Z:/home/shared/people/Mingran/NPS_manipulation/cannulation/pups/ZD/BRAC9442.3i_ZDcannula_infusion_pups_top_left2024-06-14T16_51_10.avi	926.550	934.350	20.000	No focal subject	903.996	licking and grooming	investigation	STATE	514.900	516.150	1.250	Z:/home/shared/people/Mingran/NPS_manipulation/cannulation/pups/ZD/BRAC9442.3i_ZDcannula_infusion_pups_top_left2024-06-14T16_51_10.avi	10298	10323				
BRAC9442.3i_ZD	2025-02-19 15:29:07		Media file	player #1:Z:/home/shared/people/Mingran/NPS_manipulation/cannulation/pups/ZD/BRAC9442.3i_ZDcannula_infusion_pups_top_left2024-06-14T16_51_10.avi	926.550	934.350	20.000	No focal subject	903.996	chemoinvestigation	investigation	STATE	517.600	519.000	1.400	Z:/home/shared/people/Mingran/NPS_manipulation/cannulation/pups/ZD/BRAC9442.3i_ZDcannula_infusion_pups_top_left2024-06-14T16_51_10.avi	10352	10380				
BRAC9442.3i_ZD	2025-02-19 15:29:07		Media file	player #1:Z:/home/shared/people/Mingran/NPS_manipulation/cannulation/pups/ZD/BRAC9442.3i_ZDcannula_infusion_pups_top_left2024-06-14T16_51_10.avi	926.550	934.350	20.000	No focal subject	903.996	licking and grooming	investigation	STATE	525.650	528.450	2.800	Z:/home/shared/people/Mingran/NPS_manipulation/cannulation/pups/ZD/BRAC9442.3i_ZDcannula_infusion_pups_top_left2024-06-14T16_51_10.avi	10513	10569				
BRAC9442.3i_ZD	2025-02-19 15:29:07		Media file	player #1:Z:/home/shared/people/Mingran/NPS_manipulation/cannulation/pups/ZD/BRAC9442.3i_ZDcannula_infusion_pups_top_left2024-06-14T16_51_10.avi	926.550	934.350	20.000	No focal subject	903.996	nest building	parental behaviour	STATE	530.750	533.700	2.950	Z:/home/shared/people/Mingran/NPS_manipulation/cannulation/pups/ZD/BRAC9442.3i_ZDcannula_infusion_pups_top_left2024-06-14T16_51_10.avi	10615	10674				
BRAC9442.3i_ZD	2025-02-19 15:29:07		Media file	player #1:Z:/home/shared/people/Mingran/NPS_manipulation/cannulation/pups/ZD/BRAC9442.3i_ZDcannula_infusion_pups_top_left2024-06-14T16_51_10.avi	926.550	934.350	20.000	No focal subject	903.996	rearing	stress behaviour	STATE	534.150	534.600	0.450	Z:/home/shared/people/Mingran/NPS_manipulation/cannulation/pups/ZD/BRAC9442.3i_ZDcannula_infusion_pups_top_left2024-06-14T16_51_10.avi	10683	10692				
BRAC9442.3i_ZD	2025-02-19 15:29:07		Media file	player #1:Z:/home/shared/people/Mingran/NPS_manipulation/cannulation/pups/ZD/BRAC9442.3i_ZDcannula_infusion_pups_top_left2024-06-14T16_51_10.avi	926.550	934.350	20.000	No focal subject	903.996	nest building	parental behaviour	STATE	534.850	537.900	3.050	Z:/home/shared/people/Mingran/NPS_manipulation/cannulation/pups/ZD/BRAC9442.3i_ZDcannula_infusion_pups_top_left2024-06-14T16_51_10.avi	10697	10758				
BRAC9442.3i_ZD	2025-02-19 15:29:07		Media file	player #1:Z:/home/shared/people/Mingran/NPS_manipulation/cannulation/pups/ZD/BRAC9442.3i_ZDcannula_infusion_pups_top_left2024-06-14T16_51_10.avi	926.550	934.350	20.000	No focal subject	903.996	licking and grooming	investigation	STATE	538.550	539.500	0.950	Z:/home/shared/people/Mingran/NPS_manipulation/cannulation/pups/ZD/BRAC9442.3i_ZDcannula_infusion_pups_top_left2024-06-14T16_51_10.avi	10771	10790				
BRAC9442.3i_ZD	2025-02-19 15:29:07		Media file	player #1:Z:/home/shared/people/Mingran/NPS_manipulation/cannulation/pups/ZD/BRAC9442.3i_ZDcannula_infusion_pups_top_left2024-06-14T16_51_10.avi	926.550	934.350	20.000	No focal subject	903.996	nest building	parental behaviour	STATE	542.750	562.300	19.550	Z:/home/shared/people/Mingran/NPS_manipulation/cannulation/pups/ZD/BRAC9442.3i_ZDcannula_infusion_pups_top_left2024-06-14T16_51_10.avi	10855	11246				
BRAC9442.3i_ZD	2025-02-19 15:29:07		Media file	player #1:Z:/home/shared/people/Mingran/NPS_manipulation/cannulation/pups/ZD/BRAC9442.3i_ZDcannula_infusion_pups_top_left2024-06-14T16_51_10.avi	926.550	934.350	20.000	No focal subject	903.996	chemoinvestigation	investigation	STATE	563.350	564.650	1.300	Z:/home/shared/people/Mingran/NPS_manipulation/cannulation/pups/ZD/BRAC9442.3i_ZDcannula_infusion_pups_top_left2024-06-14T16_51_10.avi	11267	11293				
BRAC9442.3i_ZD	2025-02-19 15:29:07		Media file	player #1:Z:/home/shared/people/Mingran/NPS_manipulation/cannulation/pups/ZD/BRAC9442.3i_ZDcannula_infusion_pups_top_left2024-06-14T16_51_10.avi	926.550	934.350	20.000	No focal subject	903.996	retrieval	parental behaviour	STATE	564.650	567.800	3.150	Z:/home/shared/people/Mingran/NPS_manipulation/cannulation/pups/ZD/BRAC9442.3i_ZDcannula_infusion_pups_top_left2024-06-14T16_51_10.avi	11293	11356				
BRAC9442.3i_ZD	2025-02-19 15:29:07		Media file	player #1:Z:/home/shared/people/Mingran/NPS_manipulation/cannulation/pups/ZD/BRAC9442.3i_ZDcannula_infusion_pups_top_left2024-06-14T16_51_10.avi	926.550	934.350	20.000	No focal subject	903.996	in nest	parental behaviour	STATE	567.800	596.200	28.400	Z:/home/shared/people/Mingran/NPS_manipulation/cannulation/pups/ZD/BRAC9442.3i_ZDcannula_infusion_pups_top_left2024-06-14T16_51_10.avi	11356	11924				
BRAC9442.3i_ZD	2025-02-19 15:29:07		Media file	player #1:Z:/home/shared/people/Mingran/NPS_manipulation/cannulation/pups/ZD/BRAC9442.3i_ZDcannula_infusion_pups_top_left2024-06-14T16_51_10.avi	926.550	934.350	20.000	No focal subject	903.996	nest building	parental behaviour	STATE	590.750	596.400	5.650	Z:/home/shared/people/Mingran/NPS_manipulation/cannulation/pups/ZD/BRAC9442.3i_ZDcannula_infusion_pups_top_left2024-06-14T16_51_10.avi	11815	11928				
BRAC9442.3i_ZD	2025-02-19 15:29:07		Media file	player #1:Z:/home/shared/people/Mingran/NPS_manipulation/cannulation/pups/ZD/BRAC9442.3i_ZDcannula_infusion_pups_top_left2024-06-14T16_51_10.avi	926.550	934.350	20.000	No focal subject	903.996	rearing	stress behaviour	STATE	599.800	600.850	1.050	Z:/home/shared/people/Mingran/NPS_manipulation/cannulation/pups/ZD/BRAC9442.3i_ZDcannula_infusion_pups_top_left2024-06-14T16_51_10.avi	11996	12017				
BRAC9442.3i_ZD	2025-02-19 15:29:07		Media file	player #1:Z:/home/shared/people/Mingran/NPS_manipulation/cannulation/pups/ZD/BRAC9442.3i_ZDcannula_infusion_pups_top_left2024-06-14T16_51_10.avi	926.550	934.350	20.000	No focal subject	903.996	chemoinvestigation	investigation	STATE	602.250	602.850	0.600	Z:/home/shared/people/Mingran/NPS_manipulation/cannulation/pups/ZD/BRAC9442.3i_ZDcannula_infusion_pups_top_left2024-06-14T16_51_10.avi	12045	12057				
BRAC9442.3i_ZD	2025-02-19 15:29:07		Media file	player #1:Z:/home/shared/people/Mingran/NPS_manipulation/cannulation/pups/ZD/BRAC9442.3i_ZDcannula_infusion_pups_top_left2024-06-14T16_51_10.avi	926.550	934.350	20.000	No focal subject	903.996	in nest	parental behaviour	STATE	603.450	607.000	3.550	Z:/home/shared/people/Mingran/NPS_manipulation/cannulation/pups/ZD/BRAC9442.3i_ZDcannula_infusion_pups_top_left2024-06-14T16_51_10.avi	12069	12140				
BRAC9442.3i_ZD	2025-02-19 15:29:07		Media file	player #1:Z:/home/shared/people/Mingran/NPS_manipulation/cannulation/pups/ZD/BRAC9442.3i_ZDcannula_infusion_pups_top_left2024-06-14T16_51_10.avi	926.550	934.350	20.000	No focal subject	903.996	licking and grooming	investigation	STATE	614.350	615.400	1.050	Z:/home/shared/people/Mingran/NPS_manipulation/cannulation/pups/ZD/BRAC9442.3i_ZDcannula_infusion_pups_top_left2024-06-14T16_51_10.avi	12287	12308				
BRAC9442.3i_ZD	2025-02-19 15:29:07		Media file	player #1:Z:/home/shared/people/Mingran/NPS_manipulation/cannulation/pups/ZD/BRAC9442.3i_ZDcannula_infusion_pups_top_left2024-06-14T16_51_10.avi	926.550	934.350	20.000	No focal subject	903.996	in nest	parental behaviour	STATE	615.950	619.350	3.400	Z:/home/shared/people/Mingran/NPS_manipulation/cannulation/pups/ZD/BRAC9442.3i_ZDcannula_infusion_pups_top_left2024-06-14T16_51_10.avi	12319	12387				
BRAC9442.3i_ZD	2025-02-19 15:29:07		Media file	player #1:Z:/home/shared/people/Mingran/NPS_manipulation/cannulation/pups/ZD/BRAC9442.3i_ZDcannula_infusion_pups_top_left2024-06-14T16_51_10.avi	926.550	934.350	20.000	No focal subject	903.996	rearing	stress behaviour	STATE	637.700	640.350	2.650	Z:/home/shared/people/Mingran/NPS_manipulation/cannulation/pups/ZD/BRAC9442.3i_ZDcannula_infusion_pups_top_left2024-06-14T16_51_10.avi	12754	12807				
BRAC9442.3i_ZD	2025-02-19 15:29:07		Media file	player #1:Z:/home/shared/people/Mingran/NPS_manipulation/cannulation/pups/ZD/BRAC9442.3i_ZDcannula_infusion_pups_top_left2024-06-14T16_51_10.avi	926.550	934.350	20.000	No focal subject	903.996	rearing	stress behaviour	STATE	642.000	646.000	4.000	Z:/home/shared/people/Mingran/NPS_manipulation/cannulation/pups/ZD/BRAC9442.3i_ZDcannula_infusion_pups_top_left2024-06-14T16_51_10.avi	12840	12920				
BRAC9442.3i_ZD	2025-02-19 15:29:07		Media file	player #1:Z:/home/shared/people/Mingran/NPS_manipulation/cannulation/pups/ZD/BRAC9442.3i_ZDcannula_infusion_pups_top_left2024-06-14T16_51_10.avi	926.550	934.350	20.000	No focal subject	903.996	rearing	stress behaviour	STATE	657.250	658.350	1.100	Z:/home/shared/people/Mingran/NPS_manipulation/cannulation/pups/ZD/BRAC9442.3i_ZDcannula_infusion_pups_top_left2024-06-14T16_51_10.avi	13145	13167				
BRAC9442.3i_ZD	2025-02-19 15:29:07		Media file	player #1:Z:/home/shared/people/Mingran/NPS_manipulation/cannulation/pups/ZD/BRAC9442.3i_ZDcannula_infusion_pups_top_left2024-06-14T16_51_10.avi	926.550	934.350	20.000	No focal subject	903.996	chemoinvestigation	investigation	STATE	667.550	668.050	0.500	Z:/home/shared/people/Mingran/NPS_manipulation/cannulation/pups/ZD/BRAC9442.3i_ZDcannula_infusion_pups_top_left2024-06-14T16_51_10.avi	13351	13361				
BRAC9442.3i_ZD	2025-02-19 15:29:07		Media file	player #1:Z:/home/shared/people/Mingran/NPS_manipulation/cannulation/pups/ZD/BRAC9442.3i_ZDcannula_infusion_pups_top_left2024-06-14T16_51_10.avi	926.550	934.350	20.000	No focal subject	903.996	licking and grooming	investigation	STATE	668.050	669.500	1.450	Z:/home/shared/people/Mingran/NPS_manipulation/cannulation/pups/ZD/BRAC9442.3i_ZDcannula_infusion_pups_top_left2024-06-14T16_51_10.avi	13361	13390				
BRAC9442.3i_ZD	2025-02-19 15:29:07		Media file	player #1:Z:/home/shared/people/Mingran/NPS_manipulation/cannulation/pups/ZD/BRAC9442.3i_ZDcannula_infusion_pups_top_left2024-06-14T16_51_10.avi	926.550	934.350	20.000	No focal subject	903.996	in nest	parental behaviour	STATE	669.850	934.300	264.450	Z:/home/shared/people/Mingran/NPS_manipulation/cannulation/pups/ZD/BRAC9442.3i_ZDcannula_infusion_pups_top_left2024-06-14T16_51_10.avi	13397	18686				
JKAJ31.7d_ZD	2025-02-19 15:28:50		Media file	player #1:Z:/home/shared/people/Mingran/NPS_manipulation/cannulation/pups/ZD/JKAJ31.7d_cannulation_drug_pups_bottom_left2024-06-20T18_20_37.avi	330.800	1006.850	20.000	No focal subject	142.55	pup introduction	Not defined	POINT	26.950	26.950	NA	Z:/home/shared/people/Mingran/NPS_manipulation/cannulation/pups/ZD/JKAJ31.7d_cannulation_drug_pups_bottom_left2024-06-20T18_20_37.avi	539	539				
JKAJ31.7d_ZD	2025-02-19 15:28:50		Media file	player #1:Z:/home/shared/people/Mingran/NPS_manipulation/cannulation/pups/ZD/JKAJ31.7d_cannulation_drug_pups_bottom_left2024-06-20T18_20_37.avi	330.800	1006.850	20.000	No focal subject	142.55	in empty nest	Not defined	STATE	31.100	34.050	2.950	Z:/home/shared/people/Mingran/NPS_manipulation/cannulation/pups/ZD/JKAJ31.7d_cannulation_drug_pups_bottom_left2024-06-20T18_20_37.avi	622	681				
JKAJ31.7d_ZD	2025-02-19 15:28:50		Media file	player #1:Z:/home/shared/people/Mingran/NPS_manipulation/cannulation/pups/ZD/JKAJ31.7d_cannulation_drug_pups_bottom_left2024-06-20T18_20_37.avi	330.800	1006.850	20.000	No focal subject	142.55	chemoinvestigation	investigation	STATE	35.850	36.750	0.900	Z:/home/shared/people/Mingran/NPS_manipulation/cannulation/pups/ZD/JKAJ31.7d_cannulation_drug_pups_bottom_left2024-06-20T18_20_37.avi	717	735				
JKAJ31.7d_ZD	2025-02-19 15:28:50		Media file	player #1:Z:/home/shared/people/Mingran/NPS_manipulation/cannulation/pups/ZD/JKAJ31.7d_cannulation_drug_pups_bottom_left2024-06-20T18_20_37.avi	330.800	1006.850	20.000	No focal subject	142.55	chemoinvestigation	investigation	STATE	37.100	38.100	1.000	Z:/home/shared/people/Mingran/NPS_manipulation/cannulation/pups/ZD/JKAJ31.7d_cannulation_drug_pups_bottom_left2024-06-20T18_20_37.avi	742	762				
JKAJ31.7d_ZD	2025-02-19 15:28:50		Media file	player #1:Z:/home/shared/people/Mingran/NPS_manipulation/cannulation/pups/ZD/JKAJ31.7d_cannulation_drug_pups_bottom_left2024-06-20T18_20_37.avi	330.800	1006.850	20.000	No focal subject	142.55	licking and grooming	investigation	STATE	38.100	56.100	18.000	Z:/home/shared/people/Mingran/NPS_manipulation/cannulation/pups/ZD/JKAJ31.7d_cannulation_drug_pups_bottom_left2024-06-20T18_20_37.avi	762	1122				
JKAJ31.7d_ZD	2025-02-19 15:28:50		Media file	player #1:Z:/home/shared/people/Mingran/NPS_manipulation/cannulation/pups/ZD/JKAJ31.7d_cannulation_drug_pups_bottom_left2024-06-20T18_20_37.avi	330.800	1006.850	20.000	No focal subject	142.55	chemoinvestigation	investigation	STATE	59.300	60.250	0.950	Z:/home/shared/people/Mingran/NPS_manipulation/cannulation/pups/ZD/JKAJ31.7d_cannulation_drug_pups_bottom_left2024-06-20T18_20_37.avi	1186	1205				
JKAJ31.7d_ZD	2025-02-19 15:28:50		Media file	player #1:Z:/home/shared/people/Mingran/NPS_manipulation/cannulation/pups/ZD/JKAJ31.7d_cannulation_drug_pups_bottom_left2024-06-20T18_20_37.avi	330.800	1006.850	20.000	No focal subject	142.55	in empty nest	Not defined	STATE	65.850	67.150	1.300	Z:/home/shared/people/Mingran/NPS_manipulation/cannulation/pups/ZD/JKAJ31.7d_cannulation_drug_pups_bottom_left2024-06-20T18_20_37.avi	1317	1343				
JKAJ31.7d_ZD	2025-02-19 15:28:50		Media file	player #1:Z:/home/shared/people/Mingran/NPS_manipulation/cannulation/pups/ZD/JKAJ31.7d_cannulation_drug_pups_bottom_left2024-06-20T18_20_37.avi	330.800	1006.850	20.000	No focal subject	142.55	chemoinvestigation	investigation	STATE	71.050	72.850	1.800	Z:/home/shared/people/Mingran/NPS_manipulation/cannulation/pups/ZD/JKAJ31.7d_cannulation_drug_pups_bottom_left2024-06-20T18_20_37.avi	1421	1457				
JKAJ31.7d_ZD	2025-02-19 15:28:50		Media file	player #1:Z:/home/shared/people/Mingran/NPS_manipulation/cannulation/pups/ZD/JKAJ31.7d_cannulation_drug_pups_bottom_left2024-06-20T18_20_37.avi	330.800	1006.850	20.000	No focal subject	142.55	licking and grooming	investigation	STATE	72.850	80.400	7.550	Z:/home/shared/people/Mingran/NPS_manipulation/cannulation/pups/ZD/JKAJ31.7d_cannulation_drug_pups_bottom_left2024-06-20T18_20_37.avi	1457	1608				
JKAJ31.7d_ZD	2025-02-19 15:28:50		Media file	player #1:Z:/home/shared/people/Mingran/NPS_manipulation/cannulation/pups/ZD/JKAJ31.7d_cannulation_drug_pups_bottom_left2024-06-20T18_20_37.avi	330.800	1006.850	20.000	No focal subject	142.55	licking and grooming	investigation	STATE	82.750	84.350	1.600	Z:/home/shared/people/Mingran/NPS_manipulation/cannulation/pups/ZD/JKAJ31.7d_cannulation_drug_pups_bottom_left2024-06-20T18_20_37.avi	1655	1687				
JKAJ31.7d_ZD	2025-02-19 15:28:50		Media file	player #1:Z:/home/shared/people/Mingran/NPS_manipulation/cannulation/pups/ZD/JKAJ31.7d_cannulation_drug_pups_bottom_left2024-06-20T18_20_37.avi	330.800	1006.850	20.000	No focal subject	142.55	chemoinvestigation	investigation	STATE	93.350	98.000	4.650	Z:/home/shared/people/Mingran/NPS_manipulation/cannulation/pups/ZD/JKAJ31.7d_cannulation_drug_pups_bottom_left2024-06-20T18_20_37.avi	1867	1960				
JKAJ31.7d_ZD	2025-02-19 15:28:50		Media file	player #1:Z:/home/shared/people/Mingran/NPS_manipulation/cannulation/pups/ZD/JKAJ31.7d_cannulation_drug_pups_bottom_left2024-06-20T18_20_37.avi	330.800	1006.850	20.000	No focal subject	142.55	licking and grooming	investigation	STATE	98.000	100.850	2.850	Z:/home/shared/people/Mingran/NPS_manipulation/cannulation/pups/ZD/JKAJ31.7d_cannulation_drug_pups_bottom_left2024-06-20T18_20_37.avi	1960	2017				
JKAJ31.7d_ZD	2025-02-19 15:28:50		Media file	player #1:Z:/home/shared/people/Mingran/NPS_manipulation/cannulation/pups/ZD/JKAJ31.7d_cannulation_drug_pups_bottom_left2024-06-20T18_20_37.avi	330.800	1006.850	20.000	No focal subject	142.55	licking and grooming	investigation	STATE	101.600	103.500	1.900	Z:/home/shared/people/Mingran/NPS_manipulation/cannulation/pups/ZD/JKAJ31.7d_cannulation_drug_pups_bottom_left2024-06-20T18_20_37.avi	2032	2070				
JKAJ31.7d_ZD	2025-02-19 15:28:50		Media file	player #1:Z:/home/shared/people/Mingran/NPS_manipulation/cannulation/pups/ZD/JKAJ31.7d_cannulation_drug_pups_bottom_left2024-06-20T18_20_37.avi	330.800	1006.850	20.000	No focal subject	142.55	aggressive contact	aggressive behaviour	STATE	103.500	106.700	3.200	Z:/home/shared/people/Mingran/NPS_manipulation/cannulation/pups/ZD/JKAJ31.7d_cannulation_drug_pups_bottom_left2024-06-20T18_20_37.avi	2070	2134				
JKAJ31.7d_ZD	2025-02-19 15:28:50		Media file	player #1:Z:/home/shared/people/Mingran/NPS_manipulation/cannulation/pups/ZD/JKAJ31.7d_cannulation_drug_pups_bottom_left2024-06-20T18_20_37.avi	330.800	1006.850	20.000	No focal subject	142.55	chemoinvestigation	investigation	STATE	106.700	108.300	1.600	Z:/home/shared/people/Mingran/NPS_manipulation/cannulation/pups/ZD/JKAJ31.7d_cannulation_drug_pups_bottom_left2024-06-20T18_20_37.avi	2134	2166				
JKAJ31.7d_ZD	2025-02-19 15:28:50		Media file	player #1:Z:/home/shared/people/Mingran/NPS_manipulation/cannulation/pups/ZD/JKAJ31.7d_cannulation_drug_pups_bottom_left2024-06-20T18_20_37.avi	330.800	1006.850	20.000	No focal subject	142.55	self-grooming	stress behaviour	STATE	111.300	112.450	1.150	Z:/home/shared/people/Mingran/NPS_manipulation/cannulation/pups/ZD/JKAJ31.7d_cannulation_drug_pups_bottom_left2024-06-20T18_20_37.avi	2226	2249				
JKAJ31.7d_ZD	2025-02-19 15:28:50		Media file	player #1:Z:/home/shared/people/Mingran/NPS_manipulation/cannulation/pups/ZD/JKAJ31.7d_cannulation_drug_pups_bottom_left2024-06-20T18_20_37.avi	330.800	1006.850	20.000	No focal subject	142.55	self-grooming	stress behaviour	STATE	115.500	122.350	6.850	Z:/home/shared/people/Mingran/NPS_manipulation/cannulation/pups/ZD/JKAJ31.7d_cannulation_drug_pups_bottom_left2024-06-20T18_20_37.avi	2310	2447				
JKAJ31.7d_ZD	2025-02-19 15:28:50		Media file	player #1:Z:/home/shared/people/Mingran/NPS_manipulation/cannulation/pups/ZD/JKAJ31.7d_cannulation_drug_pups_bottom_left2024-06-20T18_20_37.avi	330.800	1006.850	20.000	No focal subject	142.55	in empty nest	Not defined	STATE	125.200	135.300	10.100	Z:/home/shared/people/Mingran/NPS_manipulation/cannulation/pups/ZD/JKAJ31.7d_cannulation_drug_pups_bottom_left2024-06-20T18_20_37.avi	2504	2706				
JKAJ31.7d_ZD	2025-02-19 15:28:50		Media file	player #1:Z:/home/shared/people/Mingran/NPS_manipulation/cannulation/pups/ZD/JKAJ31.7d_cannulation_drug_pups_bottom_left2024-06-20T18_20_37.avi	330.800	1006.850	20.000	No focal subject	142.55	chemoinvestigation	investigation	STATE	136.600	137.300	0.700	Z:/home/shared/people/Mingran/NPS_manipulation/cannulation/pups/ZD/JKAJ31.7d_cannulation_drug_pups_bottom_left2024-06-20T18_20_37.avi	2732	2746				
JKAJ31.7d_ZD	2025-02-19 15:28:50		Media file	player #1:Z:/home/shared/people/Mingran/NPS_manipulation/cannulation/pups/ZD/JKAJ31.7d_cannulation_drug_pups_bottom_left2024-06-20T18_20_37.avi	330.800	1006.850	20.000	No focal subject	142.55	rearing	stress behaviour	STATE	144.900	146.350	1.450	Z:/home/shared/people/Mingran/NPS_manipulation/cannulation/pups/ZD/JKAJ31.7d_cannulation_drug_pups_bottom_left2024-06-20T18_20_37.avi	2898	2927				
JKAJ31.7d_ZD	2025-02-19 15:28:50		Media file	player #1:Z:/home/shared/people/Mingran/NPS_manipulation/cannulation/pups/ZD/JKAJ31.7d_cannulation_drug_pups_bottom_left2024-06-20T18_20_37.avi	330.800	1006.850	20.000	No focal subject	142.55	licking and grooming	investigation	STATE	146.550	151.500	4.950	Z:/home/shared/people/Mingran/NPS_manipulation/cannulation/pups/ZD/JKAJ31.7d_cannulation_drug_pups_bottom_left2024-06-20T18_20_37.avi	2931	3030				
JKAJ31.7d_ZD	2025-02-19 15:28:50		Media file	player #1:Z:/home/shared/people/Mingran/NPS_manipulation/cannulation/pups/ZD/JKAJ31.7d_cannulation_drug_pups_bottom_left2024-06-20T18_20_37.avi	330.800	1006.850	20.000	No focal subject	142.55	rearing	stress behaviour	STATE	153.850	155.350	1.500	Z:/home/shared/people/Mingran/NPS_manipulation/cannulation/pups/ZD/JKAJ31.7d_cannulation_drug_pups_bottom_left2024-06-20T18_20_37.avi	3077	3107				
JKAJ31.7d_ZD	2025-02-19 15:28:50		Media file	player #1:Z:/home/shared/people/Mingran/NPS_manipulation/cannulation/pups/ZD/JKAJ31.7d_cannulation_drug_pups_bottom_left2024-06-20T18_20_37.avi	330.800	1006.850	20.000	No focal subject	142.55	in empty nest	Not defined	STATE	160.200	162.850	2.650	Z:/home/shared/people/Mingran/NPS_manipulation/cannulation/pups/ZD/JKAJ31.7d_cannulation_drug_pups_bottom_left2024-06-20T18_20_37.avi	3204	3257				
JKAJ31.7d_ZD	2025-02-19 15:28:50		Media file	player #1:Z:/home/shared/people/Mingran/NPS_manipulation/cannulation/pups/ZD/JKAJ31.7d_cannulation_drug_pups_bottom_left2024-06-20T18_20_37.avi	330.800	1006.850	20.000	No focal subject	142.55	chemoinvestigation	investigation	STATE	163.800	164.500	0.700	Z:/home/shared/people/Mingran/NPS_manipulation/cannulation/pups/ZD/JKAJ31.7d_cannulation_drug_pups_bottom_left2024-06-20T18_20_37.avi	3276	3290				
JKAJ31.7d_ZD	2025-02-19 15:28:50		Media file	player #1:Z:/home/shared/people/Mingran/NPS_manipulation/cannulation/pups/ZD/JKAJ31.7d_cannulation_drug_pups_bottom_left2024-06-20T18_20_37.avi	330.800	1006.850	20.000	No focal subject	142.55	rearing	stress behaviour	STATE	165.950	167.100	1.150	Z:/home/shared/people/Mingran/NPS_manipulation/cannulation/pups/ZD/JKAJ31.7d_cannulation_drug_pups_bottom_left2024-06-20T18_20_37.avi	3319	3342				
JKAJ31.7d_ZD	2025-02-19 15:28:50		Media file	player #1:Z:/home/shared/people/Mingran/NPS_manipulation/cannulation/pups/ZD/JKAJ31.7d_cannulation_drug_pups_bottom_left2024-06-20T18_20_37.avi	330.800	1006.850	20.000	No focal subject	142.55	in empty nest	Not defined	STATE	168.150	170.400	2.250	Z:/home/shared/people/Mingran/NPS_manipulation/cannulation/pups/ZD/JKAJ31.7d_cannulation_drug_pups_bottom_left2024-06-20T18_20_37.avi	3363	3408				
JKAJ31.7d_ZD	2025-02-19 15:28:50		Media file	player #1:Z:/home/shared/people/Mingran/NPS_manipulation/cannulation/pups/ZD/JKAJ31.7d_cannulation_drug_pups_bottom_left2024-06-20T18_20_37.avi	330.800	1006.850	20.000	No focal subject	142.55	in empty nest	Not defined	STATE	177.450	178.900	1.450	Z:/home/shared/people/Mingran/NPS_manipulation/cannulation/pups/ZD/JKAJ31.7d_cannulation_drug_pups_bottom_left2024-06-20T18_20_37.avi	3549	3578				
JKAJ31.7d_ZD	2025-02-19 15:28:50		Media file	player #1:Z:/home/shared/people/Mingran/NPS_manipulation/cannulation/pups/ZD/JKAJ31.7d_cannulation_drug_pups_bottom_left2024-06-20T18_20_37.avi	330.800	1006.850	20.000	No focal subject	142.55	chemoinvestigation	investigation	STATE	183.350	183.800	0.450	Z:/home/shared/people/Mingran/NPS_manipulation/cannulation/pups/ZD/JKAJ31.7d_cannulation_drug_pups_bottom_left2024-06-20T18_20_37.avi	3667	3676				
JKAJ31.7d_ZD	2025-02-19 15:28:50		Media file	player #1:Z:/home/shared/people/Mingran/NPS_manipulation/cannulation/pups/ZD/JKAJ31.7d_cannulation_drug_pups_bottom_left2024-06-20T18_20_37.avi	330.800	1006.850	20.000	No focal subject	142.55	licking and grooming	investigation	STATE	183.800	185.950	2.150	Z:/home/shared/people/Mingran/NPS_manipulation/cannulation/pups/ZD/JKAJ31.7d_cannulation_drug_pups_bottom_left2024-06-20T18_20_37.avi	3676	3719				
JKAJ31.7d_ZD	2025-02-19 15:28:50		Media file	player #1:Z:/home/shared/people/Mingran/NPS_manipulation/cannulation/pups/ZD/JKAJ31.7d_cannulation_drug_pups_bottom_left2024-06-20T18_20_37.avi	330.800	1006.850	20.000	No focal subject	142.55	chemoinvestigation	investigation	STATE	185.950	187.300	1.350	Z:/home/shared/people/Mingran/NPS_manipulation/cannulation/pups/ZD/JKAJ31.7d_cannulation_drug_pups_bottom_left2024-06-20T18_20_37.avi	3719	3746				
JKAJ31.7d_ZD	2025-02-19 15:28:50		Media file	player #1:Z:/home/shared/people/Mingran/NPS_manipulation/cannulation/pups/ZD/JKAJ31.7d_cannulation_drug_pups_bottom_left2024-06-20T18_20_37.avi	330.800	1006.850	20.000	No focal subject	142.55	chemoinvestigation	investigation	STATE	187.800	190.050	2.250	Z:/home/shared/people/Mingran/NPS_manipulation/cannulation/pups/ZD/JKAJ31.7d_cannulation_drug_pups_bottom_left2024-06-20T18_20_37.avi	3756	3801				
JKAJ31.7d_ZD	2025-02-19 15:28:50		Media file	player #1:Z:/home/shared/people/Mingran/NPS_manipulation/cannulation/pups/ZD/JKAJ31.7d_cannulation_drug_pups_bottom_left2024-06-20T18_20_37.avi	330.800	1006.850	20.000	No focal subject	142.55	licking and grooming	investigation	STATE	190.600	192.500	1.900	Z:/home/shared/people/Mingran/NPS_manipulation/cannulation/pups/ZD/JKAJ31.7d_cannulation_drug_pups_bottom_left2024-06-20T18_20_37.avi	3812	3850				
JKAJ31.7d_ZD	2025-02-19 15:28:50		Media file	player #1:Z:/home/shared/people/Mingran/NPS_manipulation/cannulation/pups/ZD/JKAJ31.7d_cannulation_drug_pups_bottom_left2024-06-20T18_20_37.avi	330.800	1006.850	20.000	No focal subject	142.55	chemoinvestigation	investigation	STATE	192.750	193.600	0.850	Z:/home/shared/people/Mingran/NPS_manipulation/cannulation/pups/ZD/JKAJ31.7d_cannulation_drug_pups_bottom_left2024-06-20T18_20_37.avi	3855	3872				
JKAJ31.7d_ZD	2025-02-19 15:28:50		Media file	player #1:Z:/home/shared/people/Mingran/NPS_manipulation/cannulation/pups/ZD/JKAJ31.7d_cannulation_drug_pups_bottom_left2024-06-20T18_20_37.avi	330.800	1006.850	20.000	No focal subject	142.55	licking and grooming	investigation	STATE	194.350	198.500	4.150	Z:/home/shared/people/Mingran/NPS_manipulation/cannulation/pups/ZD/JKAJ31.7d_cannulation_drug_pups_bottom_left2024-06-20T18_20_37.avi	3887	3970				
JKAJ31.7d_ZD	2025-02-19 15:28:50		Media file	player #1:Z:/home/shared/people/Mingran/NPS_manipulation/cannulation/pups/ZD/JKAJ31.7d_cannulation_drug_pups_bottom_left2024-06-20T18_20_37.avi	330.800	1006.850	20.000	No focal subject	142.55	in empty nest	Not defined	STATE	200.000	200.700	0.700	Z:/home/shared/people/Mingran/NPS_manipulation/cannulation/pups/ZD/JKAJ31.7d_cannulation_drug_pups_bottom_left2024-06-20T18_20_37.avi	4000	4014				
JKAJ31.7d_ZD	2025-02-19 15:28:50		Media file	player #1:Z:/home/shared/people/Mingran/NPS_manipulation/cannulation/pups/ZD/JKAJ31.7d_cannulation_drug_pups_bottom_left2024-06-20T18_20_37.avi	330.800	1006.850	20.000	No focal subject	142.55	in empty nest	Not defined	STATE	261.400	262.350	0.950	Z:/home/shared/people/Mingran/NPS_manipulation/cannulation/pups/ZD/JKAJ31.7d_cannulation_drug_pups_bottom_left2024-06-20T18_20_37.avi	5228	5247				
JKAJ31.7d_ZD	2025-02-19 15:28:50		Media file	player #1:Z:/home/shared/people/Mingran/NPS_manipulation/cannulation/pups/ZD/JKAJ31.7d_cannulation_drug_pups_bottom_left2024-06-20T18_20_37.avi	330.800	1006.850	20.000	No focal subject	142.55	chemoinvestigation	investigation	STATE	268.600	270.800	2.200	Z:/home/shared/people/Mingran/NPS_manipulation/cannulation/pups/ZD/JKAJ31.7d_cannulation_drug_pups_bottom_left2024-06-20T18_20_37.avi	5372	5416				
JKAJ31.7d_ZD	2025-02-19 15:28:50		Media file	player #1:Z:/home/shared/people/Mingran/NPS_manipulation/cannulation/pups/ZD/JKAJ31.7d_cannulation_drug_pups_bottom_left2024-06-20T18_20_37.avi	330.800	1006.850	20.000	No focal subject	142.55	chemoinvestigation	investigation	STATE	272.450	272.800	0.350	Z:/home/shared/people/Mingran/NPS_manipulation/cannulation/pups/ZD/JKAJ31.7d_cannulation_drug_pups_bottom_left2024-06-20T18_20_37.avi	5449	5456				
JKAJ31.7d_ZD	2025-02-19 15:28:50		Media file	player #1:Z:/home/shared/people/Mingran/NPS_manipulation/cannulation/pups/ZD/JKAJ31.7d_cannulation_drug_pups_bottom_left2024-06-20T18_20_37.avi	330.800	1006.850	20.000	No focal subject	142.55	licking and grooming	investigation	STATE	273.600	274.400	0.800	Z:/home/shared/people/Mingran/NPS_manipulation/cannulation/pups/ZD/JKAJ31.7d_cannulation_drug_pups_bottom_left2024-06-20T18_20_37.avi	5472	5488				
JKAJ31.7d_ZD	2025-02-19 15:28:50		Media file	player #1:Z:/home/shared/people/Mingran/NPS_manipulation/cannulation/pups/ZD/JKAJ31.7d_cannulation_drug_pups_bottom_left2024-06-20T18_20_37.avi	330.800	1006.850	20.000	No focal subject	142.55	licking and grooming	investigation	STATE	275.300	280.550	5.250	Z:/home/shared/people/Mingran/NPS_manipulation/cannulation/pups/ZD/JKAJ31.7d_cannulation_drug_pups_bottom_left2024-06-20T18_20_37.avi	5506	5611				
JKAJ31.7d_ZD	2025-02-19 15:28:50		Media file	player #1:Z:/home/shared/people/Mingran/NPS_manipulation/cannulation/pups/ZD/JKAJ31.7d_cannulation_drug_pups_bottom_left2024-06-20T18_20_37.avi	330.800	1006.850	20.000	No focal subject	142.55	aggressive contact	aggressive behaviour	STATE	280.550	283.550	3.000	Z:/home/shared/people/Mingran/NPS_manipulation/cannulation/pups/ZD/JKAJ31.7d_cannulation_drug_pups_bottom_left2024-06-20T18_20_37.avi	5611	5671				
JKAJ31.7d_ZD	2025-02-19 15:28:50		Media file	player #1:Z:/home/shared/people/Mingran/NPS_manipulation/cannulation/pups/ZD/JKAJ31.7d_cannulation_drug_pups_bottom_left2024-06-20T18_20_37.avi	330.800	1006.850	20.000	No focal subject	142.55	in empty nest	Not defined	STATE	293.150	295.950	2.800	Z:/home/shared/people/Mingran/NPS_manipulation/cannulation/pups/ZD/JKAJ31.7d_cannulation_drug_pups_bottom_left2024-06-20T18_20_37.avi	5863	5919				
JKAJ31.7d_ZD	2025-02-19 15:28:50		Media file	player #1:Z:/home/shared/people/Mingran/NPS_manipulation/cannulation/pups/ZD/JKAJ31.7d_cannulation_drug_pups_bottom_left2024-06-20T18_20_37.avi	330.800	1006.850	20.000	No focal subject	142.55	in empty nest	Not defined	STATE	304.000	305.100	1.100	Z:/home/shared/people/Mingran/NPS_manipulation/cannulation/pups/ZD/JKAJ31.7d_cannulation_drug_pups_bottom_left2024-06-20T18_20_37.avi	6080	6102				
JKAJ31.7d_ZD	2025-02-19 15:28:50		Media file	player #1:Z:/home/shared/people/Mingran/NPS_manipulation/cannulation/pups/ZD/JKAJ31.7d_cannulation_drug_pups_bottom_left2024-06-20T18_20_37.avi	330.800	1006.850	20.000	No focal subject	142.55	chemoinvestigation	investigation	STATE	311.300	312.250	0.950	Z:/home/shared/people/Mingran/NPS_manipulation/cannulation/pups/ZD/JKAJ31.7d_cannulation_drug_pups_bottom_left2024-06-20T18_20_37.avi	6226	6245				
JKAJ31.7d_ZD	2025-02-19 15:28:50		Media file	player #1:Z:/home/shared/people/Mingran/NPS_manipulation/cannulation/pups/ZD/JKAJ31.7d_cannulation_drug_pups_bottom_left2024-06-20T18_20_37.avi	330.800	1006.850	20.000	No focal subject	142.55	in empty nest	Not defined	STATE	313.900	315.200	1.300	Z:/home/shared/people/Mingran/NPS_manipulation/cannulation/pups/ZD/JKAJ31.7d_cannulation_drug_pups_bottom_left2024-06-20T18_20_37.avi	6278	6304				
JKAJ31.7d_ZD	2025-02-19 15:28:50		Media file	player #1:Z:/home/shared/people/Mingran/NPS_manipulation/cannulation/pups/ZD/JKAJ31.7d_cannulation_drug_pups_bottom_left2024-06-20T18_20_37.avi	330.800	1006.850	20.000	No focal subject	142.55	in empty nest	Not defined	STATE	317.250	318.150	0.900	Z:/home/shared/people/Mingran/NPS_manipulation/cannulation/pups/ZD/JKAJ31.7d_cannulation_drug_pups_bottom_left2024-06-20T18_20_37.avi	6345	6363				
JKAJ31.7d_ZD	2025-02-19 15:28:50		Media file	player #1:Z:/home/shared/people/Mingran/NPS_manipulation/cannulation/pups/ZD/JKAJ31.7d_cannulation_drug_pups_bottom_left2024-06-20T18_20_37.avi	330.800	1006.850	20.000	No focal subject	142.55	chemoinvestigation	investigation	STATE	320.500	321.600	1.100	Z:/home/shared/people/Mingran/NPS_manipulation/cannulation/pups/ZD/JKAJ31.7d_cannulation_drug_pups_bottom_left2024-06-20T18_20_37.avi	6410	6432				
JKAJ31.7d_ZD	2025-02-19 15:28:50		Media file	player #1:Z:/home/shared/people/Mingran/NPS_manipulation/cannulation/pups/ZD/JKAJ31.7d_cannulation_drug_pups_bottom_left2024-06-20T18_20_37.avi	330.800	1006.850	20.000	No focal subject	142.55	chemoinvestigation	investigation	STATE	330.350	331.550	1.200	Z:/home/shared/people/Mingran/NPS_manipulation/cannulation/pups/ZD/JKAJ31.7d_cannulation_drug_pups_bottom_left2024-06-20T18_20_37.avi	6607	6631				
JKAJ31.7d_ZD	2025-02-19 15:28:50		Media file	player #1:Z:/home/shared/people/Mingran/NPS_manipulation/cannulation/pups/ZD/JKAJ31.7d_cannulation_drug_pups_bottom_left2024-06-20T18_20_37.avi	330.800	1006.850	20.000	No focal subject	142.55	licking and grooming	investigation	STATE	331.550	335.450	3.900	Z:/home/shared/people/Mingran/NPS_manipulation/cannulation/pups/ZD/JKAJ31.7d_cannulation_drug_pups_bottom_left2024-06-20T18_20_37.avi	6631	6709				
JKAJ31.7d_ZD	2025-02-19 15:28:50		Media file	player #1:Z:/home/shared/people/Mingran/NPS_manipulation/cannulation/pups/ZD/JKAJ31.7d_cannulation_drug_pups_bottom_left2024-06-20T18_20_37.avi	330.800	1006.850	20.000	No focal subject	142.55	licking and grooming	investigation	STATE	336.000	336.550	0.550	Z:/home/shared/people/Mingran/NPS_manipulation/cannulation/pups/ZD/JKAJ31.7d_cannulation_drug_pups_bottom_left2024-06-20T18_20_37.avi	6720	6731				
JKAJ31.7d_ZD	2025-02-19 15:28:50		Media file	player #1:Z:/home/shared/people/Mingran/NPS_manipulation/cannulation/pups/ZD/JKAJ31.7d_cannulation_drug_pups_bottom_left2024-06-20T18_20_37.avi	330.800	1006.850	20.000	No focal subject	142.55	aggressive contact	aggressive behaviour	STATE	337.350	338.250	0.900	Z:/home/shared/people/Mingran/NPS_manipulation/cannulation/pups/ZD/JKAJ31.7d_cannulation_drug_pups_bottom_left2024-06-20T18_20_37.avi	6747	6765				
JKAJ31.7d_ZD	2025-02-19 15:28:50		Media file	player #1:Z:/home/shared/people/Mingran/NPS_manipulation/cannulation/pups/ZD/JKAJ31.7d_cannulation_drug_pups_bottom_left2024-06-20T18_20_37.avi	330.800	1006.850	20.000	No focal subject	142.55	chemoinvestigation	investigation	STATE	338.250	339.700	1.450	Z:/home/shared/people/Mingran/NPS_manipulation/cannulation/pups/ZD/JKAJ31.7d_cannulation_drug_pups_bottom_left2024-06-20T18_20_37.avi	6765	6794				
JKAJ31.7d_ZD	2025-02-19 15:28:50		Media file	player #1:Z:/home/shared/people/Mingran/NPS_manipulation/cannulation/pups/ZD/JKAJ31.7d_cannulation_drug_pups_bottom_left2024-06-20T18_20_37.avi	330.800	1006.850	20.000	No focal subject	142.55	in empty nest	Not defined	STATE	341.150	348.500	7.350	Z:/home/shared/people/Mingran/NPS_manipulation/cannulation/pups/ZD/JKAJ31.7d_cannulation_drug_pups_bottom_left2024-06-20T18_20_37.avi	6823	6970				
JKAJ31.7d_ZD	2025-02-19 15:28:50		Media file	player #1:Z:/home/shared/people/Mingran/NPS_manipulation/cannulation/pups/ZD/JKAJ31.7d_cannulation_drug_pups_bottom_left2024-06-20T18_20_37.avi	330.800	1006.850	20.000	No focal subject	142.55	chemoinvestigation	investigation	STATE	349.950	350.400	0.450	Z:/home/shared/people/Mingran/NPS_manipulation/cannulation/pups/ZD/JKAJ31.7d_cannulation_drug_pups_bottom_left2024-06-20T18_20_37.avi	6999	7008				
JKAJ31.7d_ZD	2025-02-19 15:28:50		Media file	player #1:Z:/home/shared/people/Mingran/NPS_manipulation/cannulation/pups/ZD/JKAJ31.7d_cannulation_drug_pups_bottom_left2024-06-20T18_20_37.avi	330.800	1006.850	20.000	No focal subject	142.55	licking and grooming	investigation	STATE	350.400	351.250	0.850	Z:/home/shared/people/Mingran/NPS_manipulation/cannulation/pups/ZD/JKAJ31.7d_cannulation_drug_pups_bottom_left2024-06-20T18_20_37.avi	7008	7025				
JKAJ31.7d_ZD	2025-02-19 15:28:50		Media file	player #1:Z:/home/shared/people/Mingran/NPS_manipulation/cannulation/pups/ZD/JKAJ31.7d_cannulation_drug_pups_bottom_left2024-06-20T18_20_37.avi	330.800	1006.850	20.000	No focal subject	142.55	chemoinvestigation	investigation	STATE	351.500	352.400	0.900	Z:/home/shared/people/Mingran/NPS_manipulation/cannulation/pups/ZD/JKAJ31.7d_cannulation_drug_pups_bottom_left2024-06-20T18_20_37.avi	7030	7048				
JKAJ31.7d_ZD	2025-02-19 15:28:50		Media file	player #1:Z:/home/shared/people/Mingran/NPS_manipulation/cannulation/pups/ZD/JKAJ31.7d_cannulation_drug_pups_bottom_left2024-06-20T18_20_37.avi	330.800	1006.850	20.000	No focal subject	142.55	aggressive contact	aggressive behaviour	STATE	352.400	357.750	5.350	Z:/home/shared/people/Mingran/NPS_manipulation/cannulation/pups/ZD/JKAJ31.7d_cannulation_drug_pups_bottom_left2024-06-20T18_20_37.avi	7048	7155				
JKAJ31.7e_ZD	2025-02-19 15:25:44		Media file	player #1:Z:/home/shared/people/Mingran/NPS_manipulation/cannulation/pups/ZD/JKAJ31.7e_cannulation_drug_pups_top_left2024-06-20T18_20_37.avi	978.900	1006.900	20.000	No focal subject	331.85	pup introduction	Not defined	POINT	10.000	10.000	NA	Z:/home/shared/people/Mingran/NPS_manipulation/cannulation/pups/ZD/JKAJ31.7e_cannulation_drug_pups_top_left2024-06-20T18_20_37.avi	200	200				
JKAJ31.7e_ZD	2025-02-19 15:25:44		Media file	player #1:Z:/home/shared/people/Mingran/NPS_manipulation/cannulation/pups/ZD/JKAJ31.7e_cannulation_drug_pups_top_left2024-06-20T18_20_37.avi	978.900	1006.900	20.000	No focal subject	331.85	chemoinvestigation	investigation	STATE	17.250	19.800	2.550	Z:/home/shared/people/Mingran/NPS_manipulation/cannulation/pups/ZD/JKAJ31.7e_cannulation_drug_pups_top_left2024-06-20T18_20_37.avi	345	396				
JKAJ31.7e_ZD	2025-02-19 15:25:44		Media file	player #1:Z:/home/shared/people/Mingran/NPS_manipulation/cannulation/pups/ZD/JKAJ31.7e_cannulation_drug_pups_top_left2024-06-20T18_20_37.avi	978.900	1006.900	20.000	No focal subject	331.85	chemoinvestigation	investigation	STATE	22.500	22.950	0.450	Z:/home/shared/people/Mingran/NPS_manipulation/cannulation/pups/ZD/JKAJ31.7e_cannulation_drug_pups_top_left2024-06-20T18_20_37.avi	450	459				
JKAJ31.7e_ZD	2025-02-19 15:25:44		Media file	player #1:Z:/home/shared/people/Mingran/NPS_manipulation/cannulation/pups/ZD/JKAJ31.7e_cannulation_drug_pups_top_left2024-06-20T18_20_37.avi	978.900	1006.900	20.000	No focal subject	331.85	aggressive contact	aggressive behaviour	STATE	22.950	27.250	4.300	Z:/home/shared/people/Mingran/NPS_manipulation/cannulation/pups/ZD/JKAJ31.7e_cannulation_drug_pups_top_left2024-06-20T18_20_37.avi	459	545				
JKAJ31.7e_ZD	2025-02-19 15:25:44		Media file	player #1:Z:/home/shared/people/Mingran/NPS_manipulation/cannulation/pups/ZD/JKAJ31.7e_cannulation_drug_pups_top_left2024-06-20T18_20_37.avi	978.900	1006.900	20.000	No focal subject	331.85	chemoinvestigation	investigation	STATE	29.050	30.350	1.300	Z:/home/shared/people/Mingran/NPS_manipulation/cannulation/pups/ZD/JKAJ31.7e_cannulation_drug_pups_top_left2024-06-20T18_20_37.avi	581	607				
JKAJ31.7e_ZD	2025-02-19 15:25:44		Media file	player #1:Z:/home/shared/people/Mingran/NPS_manipulation/cannulation/pups/ZD/JKAJ31.7e_cannulation_drug_pups_top_left2024-06-20T18_20_37.avi	978.900	1006.900	20.000	No focal subject	331.85	chemoinvestigation	investigation	STATE	33.600	34.800	1.200	Z:/home/shared/people/Mingran/NPS_manipulation/cannulation/pups/ZD/JKAJ31.7e_cannulation_drug_pups_top_left2024-06-20T18_20_37.avi	672	696				
JKAJ31.7e_ZD	2025-02-19 15:25:44		Media file	player #1:Z:/home/shared/people/Mingran/NPS_manipulation/cannulation/pups/ZD/JKAJ31.7e_cannulation_drug_pups_top_left2024-06-20T18_20_37.avi	978.900	1006.900	20.000	No focal subject	331.85	licking and grooming	investigation	STATE	34.800	38.300	3.500	Z:/home/shared/people/Mingran/NPS_manipulation/cannulation/pups/ZD/JKAJ31.7e_cannulation_drug_pups_top_left2024-06-20T18_20_37.avi	696	766				
JKAJ31.7e_ZD	2025-02-19 15:25:44		Media file	player #1:Z:/home/shared/people/Mingran/NPS_manipulation/cannulation/pups/ZD/JKAJ31.7e_cannulation_drug_pups_top_left2024-06-20T18_20_37.avi	978.900	1006.900	20.000	No focal subject	331.85	chemoinvestigation	investigation	STATE	40.000	40.600	0.600	Z:/home/shared/people/Mingran/NPS_manipulation/cannulation/pups/ZD/JKAJ31.7e_cannulation_drug_pups_top_left2024-06-20T18_20_37.avi	800	812				
JKAJ31.7e_ZD	2025-02-19 15:25:44		Media file	player #1:Z:/home/shared/people/Mingran/NPS_manipulation/cannulation/pups/ZD/JKAJ31.7e_cannulation_drug_pups_top_left2024-06-20T18_20_37.avi	978.900	1006.900	20.000	No focal subject	331.85	chemoinvestigation	investigation	STATE	41.150	41.800	0.650	Z:/home/shared/people/Mingran/NPS_manipulation/cannulation/pups/ZD/JKAJ31.7e_cannulation_drug_pups_top_left2024-06-20T18_20_37.avi	823	836				
JKAJ31.7e_ZD	2025-02-19 15:25:44		Media file	player #1:Z:/home/shared/people/Mingran/NPS_manipulation/cannulation/pups/ZD/JKAJ31.7e_cannulation_drug_pups_top_left2024-06-20T18_20_37.avi	978.900	1006.900	20.000	No focal subject	331.85	licking and grooming	investigation	STATE	41.800	43.350	1.550	Z:/home/shared/people/Mingran/NPS_manipulation/cannulation/pups/ZD/JKAJ31.7e_cannulation_drug_pups_top_left2024-06-20T18_20_37.avi	836	867				
JKAJ31.7e_ZD	2025-02-19 15:25:44		Media file	player #1:Z:/home/shared/people/Mingran/NPS_manipulation/cannulation/pups/ZD/JKAJ31.7e_cannulation_drug_pups_top_left2024-06-20T18_20_37.avi	978.900	1006.900	20.000	No focal subject	331.85	chemoinvestigation	investigation	STATE	44.450	45.900	1.450	Z:/home/shared/people/Mingran/NPS_manipulation/cannulation/pups/ZD/JKAJ31.7e_cannulation_drug_pups_top_left2024-06-20T18_20_37.avi	889	918				
JKAJ31.7e_ZD	2025-02-19 15:25:44		Media file	player #1:Z:/home/shared/people/Mingran/NPS_manipulation/cannulation/pups/ZD/JKAJ31.7e_cannulation_drug_pups_top_left2024-06-20T18_20_37.avi	978.900	1006.900	20.000	No focal subject	331.85	in empty nest	Not defined	STATE	51.200	57.100	5.900	Z:/home/shared/people/Mingran/NPS_manipulation/cannulation/pups/ZD/JKAJ31.7e_cannulation_drug_pups_top_left2024-06-20T18_20_37.avi	1024	1142				
JKAJ31.7e_ZD	2025-02-19 15:25:44		Media file	player #1:Z:/home/shared/people/Mingran/NPS_manipulation/cannulation/pups/ZD/JKAJ31.7e_cannulation_drug_pups_top_left2024-06-20T18_20_37.avi	978.900	1006.900	20.000	No focal subject	331.85	in empty nest	Not defined	STATE	66.050	78.750	12.700	Z:/home/shared/people/Mingran/NPS_manipulation/cannulation/pups/ZD/JKAJ31.7e_cannulation_drug_pups_top_left2024-06-20T18_20_37.avi	1321	1575				
JKAJ31.7e_ZD	2025-02-19 15:25:44		Media file	player #1:Z:/home/shared/people/Mingran/NPS_manipulation/cannulation/pups/ZD/JKAJ31.7e_cannulation_drug_pups_top_left2024-06-20T18_20_37.avi	978.900	1006.900	20.000	No focal subject	331.85	in empty nest	Not defined	STATE	81.050	89.950	8.900	Z:/home/shared/people/Mingran/NPS_manipulation/cannulation/pups/ZD/JKAJ31.7e_cannulation_drug_pups_top_left2024-06-20T18_20_37.avi	1621	1799				
JKAJ31.7e_ZD	2025-02-19 15:25:44		Media file	player #1:Z:/home/shared/people/Mingran/NPS_manipulation/cannulation/pups/ZD/JKAJ31.7e_cannulation_drug_pups_top_left2024-06-20T18_20_37.avi	978.900	1006.900	20.000	No focal subject	331.85	chemoinvestigation	investigation	STATE	90.800	92.600	1.800	Z:/home/shared/people/Mingran/NPS_manipulation/cannulation/pups/ZD/JKAJ31.7e_cannulation_drug_pups_top_left2024-06-20T18_20_37.avi	1816	1852				
JKAJ31.7e_ZD	2025-02-19 15:25:44		Media file	player #1:Z:/home/shared/people/Mingran/NPS_manipulation/cannulation/pups/ZD/JKAJ31.7e_cannulation_drug_pups_top_left2024-06-20T18_20_37.avi	978.900	1006.900	20.000	No focal subject	331.85	licking and grooming	investigation	STATE	95.750	100.150	4.400	Z:/home/shared/people/Mingran/NPS_manipulation/cannulation/pups/ZD/JKAJ31.7e_cannulation_drug_pups_top_left2024-06-20T18_20_37.avi	1915	2003				
JKAJ31.7e_ZD	2025-02-19 15:25:44		Media file	player #1:Z:/home/shared/people/Mingran/NPS_manipulation/cannulation/pups/ZD/JKAJ31.7e_cannulation_drug_pups_top_left2024-06-20T18_20_37.avi	978.900	1006.900	20.000	No focal subject	331.85	chemoinvestigation	investigation	STATE	102.750	103.050	0.300	Z:/home/shared/people/Mingran/NPS_manipulation/cannulation/pups/ZD/JKAJ31.7e_cannulation_drug_pups_top_left2024-06-20T18_20_37.avi	2055	2061				
JKAJ31.7e_ZD	2025-02-19 15:25:44		Media file	player #1:Z:/home/shared/people/Mingran/NPS_manipulation/cannulation/pups/ZD/JKAJ31.7e_cannulation_drug_pups_top_left2024-06-20T18_20_37.avi	978.900	1006.900	20.000	No focal subject	331.85	chemoinvestigation	investigation	STATE	104.850	109.800	4.950	Z:/home/shared/people/Mingran/NPS_manipulation/cannulation/pups/ZD/JKAJ31.7e_cannulation_drug_pups_top_left2024-06-20T18_20_37.avi	2097	2196				
JKAJ31.7e_ZD	2025-02-19 15:25:44		Media file	player #1:Z:/home/shared/people/Mingran/NPS_manipulation/cannulation/pups/ZD/JKAJ31.7e_cannulation_drug_pups_top_left2024-06-20T18_20_37.avi	978.900	1006.900	20.000	No focal subject	331.85	in empty nest	Not defined	STATE	111.600	115.250	3.650	Z:/home/shared/people/Mingran/NPS_manipulation/cannulation/pups/ZD/JKAJ31.7e_cannulation_drug_pups_top_left2024-06-20T18_20_37.avi	2232	2305				
JKAJ31.7e_ZD	2025-02-19 15:25:44		Media file	player #1:Z:/home/shared/people/Mingran/NPS_manipulation/cannulation/pups/ZD/JKAJ31.7e_cannulation_drug_pups_top_left2024-06-20T18_20_37.avi	978.900	1006.900	20.000	No focal subject	331.85	chemoinvestigation	investigation	STATE	119.250	119.750	0.500	Z:/home/shared/people/Mingran/NPS_manipulation/cannulation/pups/ZD/JKAJ31.7e_cannulation_drug_pups_top_left2024-06-20T18_20_37.avi	2385	2395				
JKAJ31.7e_ZD	2025-02-19 15:25:44		Media file	player #1:Z:/home/shared/people/Mingran/NPS_manipulation/cannulation/pups/ZD/JKAJ31.7e_cannulation_drug_pups_top_left2024-06-20T18_20_37.avi	978.900	1006.900	20.000	No focal subject	331.85	chemoinvestigation	investigation	STATE	132.700	135.900	3.200	Z:/home/shared/people/Mingran/NPS_manipulation/cannulation/pups/ZD/JKAJ31.7e_cannulation_drug_pups_top_left2024-06-20T18_20_37.avi	2654	2718				
JKAJ31.7e_ZD	2025-02-19 15:25:44		Media file	player #1:Z:/home/shared/people/Mingran/NPS_manipulation/cannulation/pups/ZD/JKAJ31.7e_cannulation_drug_pups_top_left2024-06-20T18_20_37.avi	978.900	1006.900	20.000	No focal subject	331.85	in empty nest	Not defined	STATE	138.900	142.550	3.650	Z:/home/shared/people/Mingran/NPS_manipulation/cannulation/pups/ZD/JKAJ31.7e_cannulation_drug_pups_top_left2024-06-20T18_20_37.avi	2778	2851				
JKAJ31.7e_ZD	2025-02-19 15:25:44		Media file	player #1:Z:/home/shared/people/Mingran/NPS_manipulation/cannulation/pups/ZD/JKAJ31.7e_cannulation_drug_pups_top_left2024-06-20T18_20_37.avi	978.900	1006.900	20.000	No focal subject	331.85	chemoinvestigation	investigation	STATE	143.600	144.200	0.600	Z:/home/shared/people/Mingran/NPS_manipulation/cannulation/pups/ZD/JKAJ31.7e_cannulation_drug_pups_top_left2024-06-20T18_20_37.avi	2872	2884				
JKAJ31.7e_ZD	2025-02-19 15:25:44		Media file	player #1:Z:/home/shared/people/Mingran/NPS_manipulation/cannulation/pups/ZD/JKAJ31.7e_cannulation_drug_pups_top_left2024-06-20T18_20_37.avi	978.900	1006.900	20.000	No focal subject	331.85	chemoinvestigation	investigation	STATE	155.800	156.100	0.300	Z:/home/shared/people/Mingran/NPS_manipulation/cannulation/pups/ZD/JKAJ31.7e_cannulation_drug_pups_top_left2024-06-20T18_20_37.avi	3116	3122				
JKAJ31.7e_ZD	2025-02-19 15:25:44		Media file	player #1:Z:/home/shared/people/Mingran/NPS_manipulation/cannulation/pups/ZD/JKAJ31.7e_cannulation_drug_pups_top_left2024-06-20T18_20_37.avi	978.900	1006.900	20.000	No focal subject	331.85	chemoinvestigation	investigation	STATE	158.300	159.650	1.350	Z:/home/shared/people/Mingran/NPS_manipulation/cannulation/pups/ZD/JKAJ31.7e_cannulation_drug_pups_top_left2024-06-20T18_20_37.avi	3166	3193				
JKAJ31.7e_ZD	2025-02-19 15:25:44		Media file	player #1:Z:/home/shared/people/Mingran/NPS_manipulation/cannulation/pups/ZD/JKAJ31.7e_cannulation_drug_pups_top_left2024-06-20T18_20_37.avi	978.900	1006.900	20.000	No focal subject	331.85	in empty nest	Not defined	STATE	160.000	166.450	6.450	Z:/home/shared/people/Mingran/NPS_manipulation/cannulation/pups/ZD/JKAJ31.7e_cannulation_drug_pups_top_left2024-06-20T18_20_37.avi	3200	3329				
JKAJ31.7e_ZD	2025-02-19 15:25:44		Media file	player #1:Z:/home/shared/people/Mingran/NPS_manipulation/cannulation/pups/ZD/JKAJ31.7e_cannulation_drug_pups_top_left2024-06-20T18_20_37.avi	978.900	1006.900	20.000	No focal subject	331.85	chemoinvestigation	investigation	STATE	166.900	167.500	0.600	Z:/home/shared/people/Mingran/NPS_manipulation/cannulation/pups/ZD/JKAJ31.7e_cannulation_drug_pups_top_left2024-06-20T18_20_37.avi	3338	3350				
JKAJ31.7e_ZD	2025-02-19 15:25:44		Media file	player #1:Z:/home/shared/people/Mingran/NPS_manipulation/cannulation/pups/ZD/JKAJ31.7e_cannulation_drug_pups_top_left2024-06-20T18_20_37.avi	978.900	1006.900	20.000	No focal subject	331.85	in empty nest	Not defined	STATE	177.650	180.200	2.550	Z:/home/shared/people/Mingran/NPS_manipulation/cannulation/pups/ZD/JKAJ31.7e_cannulation_drug_pups_top_left2024-06-20T18_20_37.avi	3553	3604				
JKAJ31.7e_ZD	2025-02-19 15:25:44		Media file	player #1:Z:/home/shared/people/Mingran/NPS_manipulation/cannulation/pups/ZD/JKAJ31.7e_cannulation_drug_pups_top_left2024-06-20T18_20_37.avi	978.900	1006.900	20.000	No focal subject	331.85	chemoinvestigation	investigation	STATE	180.150	180.700	0.550	Z:/home/shared/people/Mingran/NPS_manipulation/cannulation/pups/ZD/JKAJ31.7e_cannulation_drug_pups_top_left2024-06-20T18_20_37.avi	3603	3614				
JKAJ31.7e_ZD	2025-02-19 15:25:44		Media file	player #1:Z:/home/shared/people/Mingran/NPS_manipulation/cannulation/pups/ZD/JKAJ31.7e_cannulation_drug_pups_top_left2024-06-20T18_20_37.avi	978.900	1006.900	20.000	No focal subject	331.85	rearing	stress behaviour	STATE	183.900	187.250	3.350	Z:/home/shared/people/Mingran/NPS_manipulation/cannulation/pups/ZD/JKAJ31.7e_cannulation_drug_pups_top_left2024-06-20T18_20_37.avi	3678	3745				
JKAJ31.7e_ZD	2025-02-19 15:25:44		Media file	player #1:Z:/home/shared/people/Mingran/NPS_manipulation/cannulation/pups/ZD/JKAJ31.7e_cannulation_drug_pups_top_left2024-06-20T18_20_37.avi	978.900	1006.900	20.000	No focal subject	331.85	chemoinvestigation	investigation	STATE	188.750	189.100	0.350	Z:/home/shared/people/Mingran/NPS_manipulation/cannulation/pups/ZD/JKAJ31.7e_cannulation_drug_pups_top_left2024-06-20T18_20_37.avi	3775	3782				
JKAJ31.7e_ZD	2025-02-19 15:25:44		Media file	player #1:Z:/home/shared/people/Mingran/NPS_manipulation/cannulation/pups/ZD/JKAJ31.7e_cannulation_drug_pups_top_left2024-06-20T18_20_37.avi	978.900	1006.900	20.000	No focal subject	331.85	chemoinvestigation	investigation	STATE	190.100	193.450	3.350	Z:/home/shared/people/Mingran/NPS_manipulation/cannulation/pups/ZD/JKAJ31.7e_cannulation_drug_pups_top_left2024-06-20T18_20_37.avi	3802	3869				
JKAJ31.7e_ZD	2025-02-19 15:25:44		Media file	player #1:Z:/home/shared/people/Mingran/NPS_manipulation/cannulation/pups/ZD/JKAJ31.7e_cannulation_drug_pups_top_left2024-06-20T18_20_37.avi	978.900	1006.900	20.000	No focal subject	331.85	chemoinvestigation	investigation	STATE	199.250	201.050	1.800	Z:/home/shared/people/Mingran/NPS_manipulation/cannulation/pups/ZD/JKAJ31.7e_cannulation_drug_pups_top_left2024-06-20T18_20_37.avi	3985	4021				
JKAJ31.7e_ZD	2025-02-19 15:25:44		Media file	player #1:Z:/home/shared/people/Mingran/NPS_manipulation/cannulation/pups/ZD/JKAJ31.7e_cannulation_drug_pups_top_left2024-06-20T18_20_37.avi	978.900	1006.900	20.000	No focal subject	331.85	in empty nest	Not defined	STATE	207.800	210.600	2.800	Z:/home/shared/people/Mingran/NPS_manipulation/cannulation/pups/ZD/JKAJ31.7e_cannulation_drug_pups_top_left2024-06-20T18_20_37.avi	4156	4212				
JKAJ31.7e_ZD	2025-02-19 15:25:44		Media file	player #1:Z:/home/shared/people/Mingran/NPS_manipulation/cannulation/pups/ZD/JKAJ31.7e_cannulation_drug_pups_top_left2024-06-20T18_20_37.avi	978.900	1006.900	20.000	No focal subject	331.85	in empty nest	Not defined	STATE	218.400	220.750	2.350	Z:/home/shared/people/Mingran/NPS_manipulation/cannulation/pups/ZD/JKAJ31.7e_cannulation_drug_pups_top_left2024-06-20T18_20_37.avi	4368	4415				
JKAJ31.7e_ZD	2025-02-19 15:25:44		Media file	player #1:Z:/home/shared/people/Mingran/NPS_manipulation/cannulation/pups/ZD/JKAJ31.7e_cannulation_drug_pups_top_left2024-06-20T18_20_37.avi	978.900	1006.900	20.000	No focal subject	331.85	in empty nest	Not defined	STATE	230.700	280.900	50.200	Z:/home/shared/people/Mingran/NPS_manipulation/cannulation/pups/ZD/JKAJ31.7e_cannulation_drug_pups_top_left2024-06-20T18_20_37.avi	4614	5618				
JKAJ31.7e_ZD	2025-02-19 15:25:44		Media file	player #1:Z:/home/shared/people/Mingran/NPS_manipulation/cannulation/pups/ZD/JKAJ31.7e_cannulation_drug_pups_top_left2024-06-20T18_20_37.avi	978.900	1006.900	20.000	No focal subject	331.85	self-grooming	stress behaviour	STATE	265.000	270.700	5.700	Z:/home/shared/people/Mingran/NPS_manipulation/cannulation/pups/ZD/JKAJ31.7e_cannulation_drug_pups_top_left2024-06-20T18_20_37.avi	5300	5414				
JKAJ31.7e_ZD	2025-02-19 15:25:44		Media file	player #1:Z:/home/shared/people/Mingran/NPS_manipulation/cannulation/pups/ZD/JKAJ31.7e_cannulation_drug_pups_top_left2024-06-20T18_20_37.avi	978.900	1006.900	20.000	No focal subject	331.85	in empty nest	Not defined	STATE	285.300	288.850	3.550	Z:/home/shared/people/Mingran/NPS_manipulation/cannulation/pups/ZD/JKAJ31.7e_cannulation_drug_pups_top_left2024-06-20T18_20_37.avi	5706	5777				
JKAJ31.7e_ZD	2025-02-19 15:25:44		Media file	player #1:Z:/home/shared/people/Mingran/NPS_manipulation/cannulation/pups/ZD/JKAJ31.7e_cannulation_drug_pups_top_left2024-06-20T18_20_37.avi	978.900	1006.900	20.000	No focal subject	331.85	chemoinvestigation	investigation	STATE	289.700	297.750	8.050	Z:/home/shared/people/Mingran/NPS_manipulation/cannulation/pups/ZD/JKAJ31.7e_cannulation_drug_pups_top_left2024-06-20T18_20_37.avi	5794	5955				
JKAJ31.7e_ZD	2025-02-19 15:25:44		Media file	player #1:Z:/home/shared/people/Mingran/NPS_manipulation/cannulation/pups/ZD/JKAJ31.7e_cannulation_drug_pups_top_left2024-06-20T18_20_37.avi	978.900	1006.900	20.000	No focal subject	331.85	chemoinvestigation	investigation	STATE	301.150	304.700	3.550	Z:/home/shared/people/Mingran/NPS_manipulation/cannulation/pups/ZD/JKAJ31.7e_cannulation_drug_pups_top_left2024-06-20T18_20_37.avi	6023	6094				
JKAJ31.7e_ZD	2025-02-19 15:25:44		Media file	player #1:Z:/home/shared/people/Mingran/NPS_manipulation/cannulation/pups/ZD/JKAJ31.7e_cannulation_drug_pups_top_left2024-06-20T18_20_37.avi	978.900	1006.900	20.000	No focal subject	331.85	in empty nest	Not defined	STATE	306.700	321.300	14.600	Z:/home/shared/people/Mingran/NPS_manipulation/cannulation/pups/ZD/JKAJ31.7e_cannulation_drug_pups_top_left2024-06-20T18_20_37.avi	6134	6426				
JKAJ31.7e_ZD	2025-02-19 15:25:44		Media file	player #1:Z:/home/shared/people/Mingran/NPS_manipulation/cannulation/pups/ZD/JKAJ31.7e_cannulation_drug_pups_top_left2024-06-20T18_20_37.avi	978.900	1006.900	20.000	No focal subject	331.85	chemoinvestigation	investigation	STATE	337.600	344.600	7.000	Z:/home/shared/people/Mingran/NPS_manipulation/cannulation/pups/ZD/JKAJ31.7e_cannulation_drug_pups_top_left2024-06-20T18_20_37.avi	6752	6892				
JKAJ31.7e_ZD	2025-02-19 15:25:44		Media file	player #1:Z:/home/shared/people/Mingran/NPS_manipulation/cannulation/pups/ZD/JKAJ31.7e_cannulation_drug_pups_top_left2024-06-20T18_20_37.avi	978.900	1006.900	20.000	No focal subject	331.85	chemoinvestigation	investigation	STATE	356.400	359.850	3.450	Z:/home/shared/people/Mingran/NPS_manipulation/cannulation/pups/ZD/JKAJ31.7e_cannulation_drug_pups_top_left2024-06-20T18_20_37.avi	7128	7197				
JKAJ31.7e_ZD	2025-02-19 15:25:44		Media file	player #1:Z:/home/shared/people/Mingran/NPS_manipulation/cannulation/pups/ZD/JKAJ31.7e_cannulation_drug_pups_top_left2024-06-20T18_20_37.avi	978.900	1006.900	20.000	No focal subject	331.85	in empty nest	Not defined	STATE	362.100	419.350	57.250	Z:/home/shared/people/Mingran/NPS_manipulation/cannulation/pups/ZD/JKAJ31.7e_cannulation_drug_pups_top_left2024-06-20T18_20_37.avi	7242	8387				
JKAJ31.7e_ZD	2025-02-19 15:25:44		Media file	player #1:Z:/home/shared/people/Mingran/NPS_manipulation/cannulation/pups/ZD/JKAJ31.7e_cannulation_drug_pups_top_left2024-06-20T18_20_37.avi	978.900	1006.900	20.000	No focal subject	331.85	chemoinvestigation	investigation	STATE	420.600	422.750	2.150	Z:/home/shared/people/Mingran/NPS_manipulation/cannulation/pups/ZD/JKAJ31.7e_cannulation_drug_pups_top_left2024-06-20T18_20_37.avi	8412	8455				
JKAJ31.7e_ZD	2025-02-19 15:25:44		Media file	player #1:Z:/home/shared/people/Mingran/NPS_manipulation/cannulation/pups/ZD/JKAJ31.7e_cannulation_drug_pups_top_left2024-06-20T18_20_37.avi	978.900	1006.900	20.000	No focal subject	331.85	chemoinvestigation	investigation	STATE	427.050	430.600	3.550	Z:/home/shared/people/Mingran/NPS_manipulation/cannulation/pups/ZD/JKAJ31.7e_cannulation_drug_pups_top_left2024-06-20T18_20_37.avi	8541	8612				
JKAJ31.7e_ZD	2025-02-19 15:25:44		Media file	player #1:Z:/home/shared/people/Mingran/NPS_manipulation/cannulation/pups/ZD/JKAJ31.7e_cannulation_drug_pups_top_left2024-06-20T18_20_37.avi	978.900	1006.900	20.000	No focal subject	331.85	chemoinvestigation	investigation	STATE	432.850	434.300	1.450	Z:/home/shared/people/Mingran/NPS_manipulation/cannulation/pups/ZD/JKAJ31.7e_cannulation_drug_pups_top_left2024-06-20T18_20_37.avi	8657	8686				
JKAJ31.7e_ZD	2025-02-19 15:25:44		Media file	player #1:Z:/home/shared/people/Mingran/NPS_manipulation/cannulation/pups/ZD/JKAJ31.7e_cannulation_drug_pups_top_left2024-06-20T18_20_37.avi	978.900	1006.900	20.000	No focal subject	331.85	licking and grooming	investigation	STATE	436.900	438.350	1.450	Z:/home/shared/people/Mingran/NPS_manipulation/cannulation/pups/ZD/JKAJ31.7e_cannulation_drug_pups_top_left2024-06-20T18_20_37.avi	8738	8767				
JKAJ31.7e_ZD	2025-02-19 15:25:44		Media file	player #1:Z:/home/shared/people/Mingran/NPS_manipulation/cannulation/pups/ZD/JKAJ31.7e_cannulation_drug_pups_top_left2024-06-20T18_20_37.avi	978.900	1006.900	20.000	No focal subject	331.85	chemoinvestigation	investigation	STATE	439.850	441.750	1.900	Z:/home/shared/people/Mingran/NPS_manipulation/cannulation/pups/ZD/JKAJ31.7e_cannulation_drug_pups_top_left2024-06-20T18_20_37.avi	8797	8835				
JKAJ31.7e_ZD	2025-02-19 15:25:44		Media file	player #1:Z:/home/shared/people/Mingran/NPS_manipulation/cannulation/pups/ZD/JKAJ31.7e_cannulation_drug_pups_top_left2024-06-20T18_20_37.avi	978.900	1006.900	20.000	No focal subject	331.85	chemoinvestigation	investigation	STATE	444.850	445.850	1.000	Z:/home/shared/people/Mingran/NPS_manipulation/cannulation/pups/ZD/JKAJ31.7e_cannulation_drug_pups_top_left2024-06-20T18_20_37.avi	8897	8917				
JKAJ31.7e_ZD	2025-02-19 15:25:44		Media file	player #1:Z:/home/shared/people/Mingran/NPS_manipulation/cannulation/pups/ZD/JKAJ31.7e_cannulation_drug_pups_top_left2024-06-20T18_20_37.avi	978.900	1006.900	20.000	No focal subject	331.85	in empty nest	Not defined	STATE	450.850	456.750	5.900	Z:/home/shared/people/Mingran/NPS_manipulation/cannulation/pups/ZD/JKAJ31.7e_cannulation_drug_pups_top_left2024-06-20T18_20_37.avi	9017	9135				
JKAJ31.7e_ZD	2025-02-19 15:25:44		Media file	player #1:Z:/home/shared/people/Mingran/NPS_manipulation/cannulation/pups/ZD/JKAJ31.7e_cannulation_drug_pups_top_left2024-06-20T18_20_37.avi	978.900	1006.900	20.000	No focal subject	331.85	in empty nest	Not defined	STATE	489.850	492.100	2.250	Z:/home/shared/people/Mingran/NPS_manipulation/cannulation/pups/ZD/JKAJ31.7e_cannulation_drug_pups_top_left2024-06-20T18_20_37.avi	9797	9842				
JKAJ31.7e_ZD	2025-02-19 15:25:44		Media file	player #1:Z:/home/shared/people/Mingran/NPS_manipulation/cannulation/pups/ZD/JKAJ31.7e_cannulation_drug_pups_top_left2024-06-20T18_20_37.avi	978.900	1006.900	20.000	No focal subject	331.85	chemoinvestigation	investigation	STATE	492.300	494.500	2.200	Z:/home/shared/people/Mingran/NPS_manipulation/cannulation/pups/ZD/JKAJ31.7e_cannulation_drug_pups_top_left2024-06-20T18_20_37.avi	9846	9890				
JKAJ31.7e_ZD	2025-02-19 15:25:44		Media file	player #1:Z:/home/shared/people/Mingran/NPS_manipulation/cannulation/pups/ZD/JKAJ31.7e_cannulation_drug_pups_top_left2024-06-20T18_20_37.avi	978.900	1006.900	20.000	No focal subject	331.85	in empty nest	Not defined	STATE	499.350	514.650	15.300	Z:/home/shared/people/Mingran/NPS_manipulation/cannulation/pups/ZD/JKAJ31.7e_cannulation_drug_pups_top_left2024-06-20T18_20_37.avi	9987	10293				
JKAJ31.7e_ZD	2025-02-19 15:25:44		Media file	player #1:Z:/home/shared/people/Mingran/NPS_manipulation/cannulation/pups/ZD/JKAJ31.7e_cannulation_drug_pups_top_left2024-06-20T18_20_37.avi	978.900	1006.900	20.000	No focal subject	331.85	self-grooming	stress behaviour	STATE	505.350	510.800	5.450	Z:/home/shared/people/Mingran/NPS_manipulation/cannulation/pups/ZD/JKAJ31.7e_cannulation_drug_pups_top_left2024-06-20T18_20_37.avi	10107	10216				
JKAJ31.7e_ZD	2025-02-19 15:25:44		Media file	player #1:Z:/home/shared/people/Mingran/NPS_manipulation/cannulation/pups/ZD/JKAJ31.7e_cannulation_drug_pups_top_left2024-06-20T18_20_37.avi	978.900	1006.900	20.000	No focal subject	331.85	self-grooming	stress behaviour	STATE	745.100	747.050	1.950	Z:/home/shared/people/Mingran/NPS_manipulation/cannulation/pups/ZD/JKAJ31.7e_cannulation_drug_pups_top_left2024-06-20T18_20_37.avi	14902	14941				
JKAJ31.7e_ZD	2025-02-19 15:25:44		Media file	player #1:Z:/home/shared/people/Mingran/NPS_manipulation/cannulation/pups/ZD/JKAJ31.7e_cannulation_drug_pups_top_left2024-06-20T18_20_37.avi	978.900	1006.900	20.000	No focal subject	331.85	rearing	stress behaviour	STATE	758.400	759.800	1.400	Z:/home/shared/people/Mingran/NPS_manipulation/cannulation/pups/ZD/JKAJ31.7e_cannulation_drug_pups_top_left2024-06-20T18_20_37.avi	15168	15196				
JKAJ31.7e_ZD	2025-02-19 15:25:44		Media file	player #1:Z:/home/shared/people/Mingran/NPS_manipulation/cannulation/pups/ZD/JKAJ31.7e_cannulation_drug_pups_top_left2024-06-20T18_20_37.avi	978.900	1006.900	20.000	No focal subject	331.85	chemoinvestigation	investigation	STATE	766.900	768.000	1.100	Z:/home/shared/people/Mingran/NPS_manipulation/cannulation/pups/ZD/JKAJ31.7e_cannulation_drug_pups_top_left2024-06-20T18_20_37.avi	15338	15360				
JKAJ31.7e_ZD	2025-02-19 15:25:44		Media file	player #1:Z:/home/shared/people/Mingran/NPS_manipulation/cannulation/pups/ZD/JKAJ31.7e_cannulation_drug_pups_top_left2024-06-20T18_20_37.avi	978.900	1006.900	20.000	No focal subject	331.85	chemoinvestigation	investigation	STATE	776.800	778.600	1.800	Z:/home/shared/people/Mingran/NPS_manipulation/cannulation/pups/ZD/JKAJ31.7e_cannulation_drug_pups_top_left2024-06-20T18_20_37.avi	15536	15572				
JKAJ31.7e_ZD	2025-02-19 15:25:44		Media file	player #1:Z:/home/shared/people/Mingran/NPS_manipulation/cannulation/pups/ZD/JKAJ31.7e_cannulation_drug_pups_top_left2024-06-20T18_20_37.avi	978.900	1006.900	20.000	No focal subject	331.85	in empty nest	Not defined	STATE	782.350	784.150	1.800	Z:/home/shared/people/Mingran/NPS_manipulation/cannulation/pups/ZD/JKAJ31.7e_cannulation_drug_pups_top_left2024-06-20T18_20_37.avi	15647	15683				
JKAJ31.7e_ZD	2025-02-19 15:25:44		Media file	player #1:Z:/home/shared/people/Mingran/NPS_manipulation/cannulation/pups/ZD/JKAJ31.7e_cannulation_drug_pups_top_left2024-06-20T18_20_37.avi	978.900	1006.900	20.000	No focal subject	331.85	chemoinvestigation	investigation	STATE	789.850	790.250	0.400	Z:/home/shared/people/Mingran/NPS_manipulation/cannulation/pups/ZD/JKAJ31.7e_cannulation_drug_pups_top_left2024-06-20T18_20_37.avi	15797	15805				
JKAJ31.7e_ZD	2025-02-19 15:25:44		Media file	player #1:Z:/home/shared/people/Mingran/NPS_manipulation/cannulation/pups/ZD/JKAJ31.7e_cannulation_drug_pups_top_left2024-06-20T18_20_37.avi	978.900	1006.900	20.000	No focal subject	331.85	rearing	stress behaviour	STATE	795.950	797.500	1.550	Z:/home/shared/people/Mingran/NPS_manipulation/cannulation/pups/ZD/JKAJ31.7e_cannulation_drug_pups_top_left2024-06-20T18_20_37.avi	15919	15950				
JKAJ31.7e_ZD	2025-02-19 15:25:44		Media file	player #1:Z:/home/shared/people/Mingran/NPS_manipulation/cannulation/pups/ZD/JKAJ31.7e_cannulation_drug_pups_top_left2024-06-20T18_20_37.avi	978.900	1006.900	20.000	No focal subject	331.85	chemoinvestigation	investigation	STATE	808.850	809.700	0.850	Z:/home/shared/people/Mingran/NPS_manipulation/cannulation/pups/ZD/JKAJ31.7e_cannulation_drug_pups_top_left2024-06-20T18_20_37.avi	16177	16194				
JKAJ31.7e_ZD	2025-02-19 15:25:44		Media file	player #1:Z:/home/shared/people/Mingran/NPS_manipulation/cannulation/pups/ZD/JKAJ31.7e_cannulation_drug_pups_top_left2024-06-20T18_20_37.avi	978.900	1006.900	20.000	No focal subject	331.85	rearing	stress behaviour	STATE	826.550	827.800	1.250	Z:/home/shared/people/Mingran/NPS_manipulation/cannulation/pups/ZD/JKAJ31.7e_cannulation_drug_pups_top_left2024-06-20T18_20_37.avi	16531	16556				
JKAJ31.7e_ZD	2025-02-19 15:25:44		Media file	player #1:Z:/home/shared/people/Mingran/NPS_manipulation/cannulation/pups/ZD/JKAJ31.7e_cannulation_drug_pups_top_left2024-06-20T18_20_37.avi	978.900	1006.900	20.000	No focal subject	331.85	chemoinvestigation	investigation	STATE	840.300	840.750	0.450	Z:/home/shared/people/Mingran/NPS_manipulation/cannulation/pups/ZD/JKAJ31.7e_cannulation_drug_pups_top_left2024-06-20T18_20_37.avi	16806	16815				
JKAJ31.7e_ZD	2025-02-19 15:25:44		Media file	player #1:Z:/home/shared/people/Mingran/NPS_manipulation/cannulation/pups/ZD/JKAJ31.7e_cannulation_drug_pups_top_left2024-06-20T18_20_37.avi	978.900	1006.900	20.000	No focal subject	331.85	chemoinvestigation	investigation	STATE	843.700	847.100	3.400	Z:/home/shared/people/Mingran/NPS_manipulation/cannulation/pups/ZD/JKAJ31.7e_cannulation_drug_pups_top_left2024-06-20T18_20_37.avi	16874	16942				
JKAJ31.7e_ZD	2025-02-19 15:25:44		Media file	player #1:Z:/home/shared/people/Mingran/NPS_manipulation/cannulation/pups/ZD/JKAJ31.7e_cannulation_drug_pups_top_left2024-06-20T18_20_37.avi	978.900	1006.900	20.000	No focal subject	331.85	chemoinvestigation	investigation	STATE	849.700	852.450	2.750	Z:/home/shared/people/Mingran/NPS_manipulation/cannulation/pups/ZD/JKAJ31.7e_cannulation_drug_pups_top_left2024-06-20T18_20_37.avi	16994	17049				
JKAJ31.7e_ZD	2025-02-19 15:25:44		Media file	player #1:Z:/home/shared/people/Mingran/NPS_manipulation/cannulation/pups/ZD/JKAJ31.7e_cannulation_drug_pups_top_left2024-06-20T18_20_37.avi	978.900	1006.900	20.000	No focal subject	331.85	licking and grooming	investigation	STATE	852.450	855.550	3.100	Z:/home/shared/people/Mingran/NPS_manipulation/cannulation/pups/ZD/JKAJ31.7e_cannulation_drug_pups_top_left2024-06-20T18_20_37.avi	17049	17111				
JKAJ31.7e_ZD	2025-02-19 15:25:44		Media file	player #1:Z:/home/shared/people/Mingran/NPS_manipulation/cannulation/pups/ZD/JKAJ31.7e_cannulation_drug_pups_top_left2024-06-20T18_20_37.avi	978.900	1006.900	20.000	No focal subject	331.85	licking and grooming	investigation	STATE	856.650	858.650	2.000	Z:/home/shared/people/Mingran/NPS_manipulation/cannulation/pups/ZD/JKAJ31.7e_cannulation_drug_pups_top_left2024-06-20T18_20_37.avi	17133	17173				
JKAJ31.7e_ZD	2025-02-19 15:25:44		Media file	player #1:Z:/home/shared/people/Mingran/NPS_manipulation/cannulation/pups/ZD/JKAJ31.7e_cannulation_drug_pups_top_left2024-06-20T18_20_37.avi	978.900	1006.900	20.000	No focal subject	331.85	licking and grooming	investigation	STATE	860.900	862.650	1.750	Z:/home/shared/people/Mingran/NPS_manipulation/cannulation/pups/ZD/JKAJ31.7e_cannulation_drug_pups_top_left2024-06-20T18_20_37.avi	17218	17253				
JKAJ31.7e_ZD	2025-02-19 15:25:44		Media file	player #1:Z:/home/shared/people/Mingran/NPS_manipulation/cannulation/pups/ZD/JKAJ31.7e_cannulation_drug_pups_top_left2024-06-20T18_20_37.avi	978.900	1006.900	20.000	No focal subject	331.85	self-grooming	stress behaviour	STATE	896.900	901.850	4.950	Z:/home/shared/people/Mingran/NPS_manipulation/cannulation/pups/ZD/JKAJ31.7e_cannulation_drug_pups_top_left2024-06-20T18_20_37.avi	17938	18037				
JKAJ31.7e_ZD	2025-02-19 15:25:44		Media file	player #1:Z:/home/shared/people/Mingran/NPS_manipulation/cannulation/pups/ZD/JKAJ31.7e_cannulation_drug_pups_top_left2024-06-20T18_20_37.avi	978.900	1006.900	20.000	No focal subject	331.85	chemoinvestigation	investigation	STATE	908.150	911.100	2.950	Z:/home/shared/people/Mingran/NPS_manipulation/cannulation/pups/ZD/JKAJ31.7e_cannulation_drug_pups_top_left2024-06-20T18_20_37.avi	18163	18222				
JKAJ31.7e_ZD	2025-02-19 15:25:44		Media file	player #1:Z:/home/shared/people/Mingran/NPS_manipulation/cannulation/pups/ZD/JKAJ31.7e_cannulation_drug_pups_top_left2024-06-20T18_20_37.avi	978.900	1006.900	20.000	No focal subject	331.85	chemoinvestigation	investigation	STATE	918.450	920.900	2.450	Z:/home/shared/people/Mingran/NPS_manipulation/cannulation/pups/ZD/JKAJ31.7e_cannulation_drug_pups_top_left2024-06-20T18_20_37.avi	18369	18418				
JKAJ31.7e_ZD	2025-02-19 15:25:44		Media file	player #1:Z:/home/shared/people/Mingran/NPS_manipulation/cannulation/pups/ZD/JKAJ31.7e_cannulation_drug_pups_top_left2024-06-20T18_20_37.avi	978.900	1006.900	20.000	No focal subject	331.85	chemoinvestigation	investigation	STATE	922.700	924.250	1.550	Z:/home/shared/people/Mingran/NPS_manipulation/cannulation/pups/ZD/JKAJ31.7e_cannulation_drug_pups_top_left2024-06-20T18_20_37.avi	18454	18485				
JKAJ31.7e_ZD	2025-02-19 15:25:44		Media file	player #1:Z:/home/shared/people/Mingran/NPS_manipulation/cannulation/pups/ZD/JKAJ31.7e_cannulation_drug_pups_top_left2024-06-20T18_20_37.avi	978.900	1006.900	20.000	No focal subject	331.85	chemoinvestigation	investigation	STATE	979.200	979.500	0.300	Z:/home/shared/people/Mingran/NPS_manipulation/cannulation/pups/ZD/JKAJ31.7e_cannulation_drug_pups_top_left2024-06-20T18_20_37.avi	19584	19590				
JKAJ31.7e_ZD	2025-02-19 15:25:44		Media file	player #1:Z:/home/shared/people/Mingran/NPS_manipulation/cannulation/pups/ZD/JKAJ31.7e_cannulation_drug_pups_top_left2024-06-20T18_20_37.avi	978.900	1006.900	20.000	No focal subject	331.85	self-grooming	stress behaviour	STATE	982.000	983.650	1.650	Z:/home/shared/people/Mingran/NPS_manipulation/cannulation/pups/ZD/JKAJ31.7e_cannulation_drug_pups_top_left2024-06-20T18_20_37.avi	19640	19673				
JKAJ31.7e_ZD	2025-02-19 15:25:44		Media file	player #1:Z:/home/shared/people/Mingran/NPS_manipulation/cannulation/pups/ZD/JKAJ31.7e_cannulation_drug_pups_top_left2024-06-20T18_20_37.avi	978.900	1006.900	20.000	No focal subject	331.85	chemoinvestigation	investigation	STATE	983.850	985.100	1.250	Z:/home/shared/people/Mingran/NPS_manipulation/cannulation/pups/ZD/JKAJ31.7e_cannulation_drug_pups_top_left2024-06-20T18_20_37.avi	19677	19702				
JKAJ31.7e_ZD	2025-02-19 15:25:44		Media file	player #1:Z:/home/shared/people/Mingran/NPS_manipulation/cannulation/pups/ZD/JKAJ31.7e_cannulation_drug_pups_top_left2024-06-20T18_20_37.avi	978.900	1006.900	20.000	No focal subject	331.85	self-grooming	stress behaviour	STATE	987.550	988.900	1.350	Z:/home/shared/people/Mingran/NPS_manipulation/cannulation/pups/ZD/JKAJ31.7e_cannulation_drug_pups_top_left2024-06-20T18_20_37.avi	19751	19778				
JKAJ33.6d_ZD	2025-02-19 15:28:28		Media file	player #1:Z:/home/shared/people/Mingran/NPS_manipulation/cannulation/pups/ZD/JKAJ33.6d_cannulation_drug_pups_top_right2024-06-20T18_20_37.avi	35.950	1006.850	20.000	No focal subject	32.0	pup introduction	Not defined	POINT	18.700	18.700	NA	Z:/home/shared/people/Mingran/NPS_manipulation/cannulation/pups/ZD/JKAJ33.6d_cannulation_drug_pups_top_right2024-06-20T18_20_37.avi	374	374				
JKAJ33.6d_ZD	2025-02-19 15:28:28		Media file	player #1:Z:/home/shared/people/Mingran/NPS_manipulation/cannulation/pups/ZD/JKAJ33.6d_cannulation_drug_pups_top_right2024-06-20T18_20_37.avi	35.950	1006.850	20.000	No focal subject	32.0	chemoinvestigation	investigation	STATE	22.650	24.200	1.550	Z:/home/shared/people/Mingran/NPS_manipulation/cannulation/pups/ZD/JKAJ33.6d_cannulation_drug_pups_top_right2024-06-20T18_20_37.avi	453	484				
JKAJ33.6d_ZD	2025-02-19 15:28:28		Media file	player #1:Z:/home/shared/people/Mingran/NPS_manipulation/cannulation/pups/ZD/JKAJ33.6d_cannulation_drug_pups_top_right2024-06-20T18_20_37.avi	35.950	1006.850	20.000	No focal subject	32.0	licking and grooming	investigation	STATE	24.200	37.650	13.450	Z:/home/shared/people/Mingran/NPS_manipulation/cannulation/pups/ZD/JKAJ33.6d_cannulation_drug_pups_top_right2024-06-20T18_20_37.avi	484	753				
JKAJ33.6d_ZD	2025-02-19 15:28:28		Media file	player #1:Z:/home/shared/people/Mingran/NPS_manipulation/cannulation/pups/ZD/JKAJ33.6d_cannulation_drug_pups_top_right2024-06-20T18_20_37.avi	35.950	1006.850	20.000	No focal subject	32.0	aggressive contact	aggressive behaviour	STATE	37.650	54.650	17.000	Z:/home/shared/people/Mingran/NPS_manipulation/cannulation/pups/ZD/JKAJ33.6d_cannulation_drug_pups_top_right2024-06-20T18_20_37.avi	753	1093				
