,Event,I_Injected(pA),Event start ,Event end ,filename,Ramp_start,Ramp_end
0,1,25,1577.0,1578.79992675781,S1C1 13022023,1080.0,2080.0
1,1,25,1617.59997558593,1619.79992675781,S1C1 13022023,1080.0,2080.0
2,1,25,1682.40002441406,1684.79992675781,S1C1 13022023,1080.0,2080.0
3,1,25,1771.30004882812,1774.0,S1C1 13022023,1080.0,2080.0
4,1,25,1911.19995117187,1913.79992675781,S1C1 13022023,1080.0,2080.0
5,1,25,2002.5,2005.5,S1C1 13022023,1080.0,2080.0
6,2,35,1505.7001953125,1507.50012207031,S1C1 13022023,1080.0,2080.0
7,2,35,1554.30004882812,1556.50012207031,S1C1 13022023,1080.0,2080.0
8,2,35,1647.90002441406,1650.2001953125,S1C1 13022023,1080.0,2080.0
9,2,35,1737.60009765625,1740.39965820312,S1C1 13022023,1080.0,2080.0
10,2,35,1821.0,1823.89965820312,S1C1 13022023,1080.0,2080.0
11,2,35,1924.30004882812,1927.60009765625,S1C1 13022023,1080.0,2080.0
12,2,35,2001.30004882812,2004.39965820312,S1C1 13022023,1080.0,2080.0
13,3,45,1391.30004882812,1393.099609375,S1C1 13022023,1080.0,2080.0
14,3,45,1428.40051269531,1430.599609375,S1C1 13022023,1080.0,2080.0
15,3,45,1491.90051269531,1494.50109863281,S1C1 13022023,1080.0,2080.0
16,3,45,1579.0,1581.69909667968,S1C1 13022023,1080.0,2080.0
17,3,45,1673.40051269531,1676.39965820312,S1C1 13022023,1080.0,2080.0
18,3,45,1798.90051269531,1802.099609375,S1C1 13022023,1080.0,2080.0
19,3,45,1890.80004882812,1894.00109863281,S1C1 13022023,1080.0,2080.0
20,3,45,1961.5,1964.89965820312,S1C1 13022023,1080.0,2080.0
21,3,45,2030.0,2033.69909667968,S1C1 13022023,1080.0,2080.0
22,4,55,1389.59948730468,1391.40258789062,S1C1 13022023,1080.0,2080.0
23,4,55,1415.09948730468,1417.599609375,S1C1 13022023,1080.0,2080.0
24,4,55,1455.5,1458.19909667968,S1C1 13022023,1080.0,2080.0
25,4,55,1531.59948730468,1534.298828125,S1C1 13022023,1080.0,2080.0
26,4,55,1617.90051269531,1620.90258789062,S1C1 13022023,1080.0,2080.0
27,4,55,1692.5,1695.798828125,S1C1 13022023,1080.0,2080.0
28,4,55,1767.09948730468,1770.50012207031,S1C1 13022023,1080.0,2080.0
29,4,55,1848.90051269531,1852.298828125,S1C1 13022023,1080.0,2080.0
30,4,55,1903.90051269531,1907.798828125,S1C1 13022023,1080.0,2080.0
31,4,55,1957.80102539062,1961.798828125,S1C1 13022023,1080.0,2080.0
32,4,55,2023.09948730468,2027.298828125,S1C1 13022023,1080.0,2080.0
33,4,55,2073.0,2077.5,S1C1 13022023,1080.0,2080.0
34,5,65,1371.80102539062,1373.599609375,S1C1 13022023,1080.0,2080.0
35,5,65,1393.59948730468,1396.19909667968,S1C1 13022023,1080.0,2080.0
36,5,65,1432.19921875,1435.099609375,S1C1 13022023,1080.0,2080.0
37,5,65,1488.19921875,1491.19909667968,S1C1 13022023,1080.0,2080.0
38,5,65,1578.0,1581.099609375,S1C1 13022023,1080.0,2080.0
39,5,65,1652.0,1655.40258789062,S1C1 13022023,1080.0,2080.0
40,5,65,1707.30102539062,1711.00012207031,S1C1 13022023,1080.0,2080.0
41,5,65,1771.19921875,1775.19909667968,S1C1 13022023,1080.0,2080.0
42,5,65,1850.90051269531,1855.00012207031,S1C1 13022023,1080.0,2080.0
43,5,65,1909.90051269531,1914.19909667968,S1C1 13022023,1080.0,2080.0
44,5,65,1961.09948730468,1965.69909667968,S1C1 13022023,1080.0,2080.0
45,5,65,2008.5,2013.69909667968,S1C1 13022023,1080.0,2080.0
46,5,65,2053.69921875,2058.798828125,S1C1 13022023,1080.0,2080.0
47,6,75,1358.59948730468,1360.50012207031,S1C1 13022023,1080.0,2080.0
48,6,75,1376.90051269531,1379.40258789062,S1C1 13022023,1080.0,2080.0
49,6,75,1403.69921875,1406.90258789062,S1C1 13022023,1080.0,2080.0
50,6,75,1450.19921875,1453.40258789062,S1C1 13022023,1080.0,2080.0
51,6,75,1518.59948730468,1521.798828125,S1C1 13022023,1080.0,2080.0
52,6,75,1580.40051269531,1583.90258789062,S1C1 13022023,1080.0,2080.0
53,6,75,1650.30102539062,1654.099609375,S1C1 13022023,1080.0,2080.0
54,6,75,1713.90051269531,1717.90258789062,S1C1 13022023,1080.0,2080.0
55,6,75,1772.0,1776.099609375,S1C1 13022023,1080.0,2080.0
56,6,75,1825.59948730468,1829.90258789062,S1C1 13022023,1080.0,2080.0
57,6,75,1866.09948730468,1871.00012207031,S1C1 13022023,1080.0,2080.0
58,6,75,1916.5,1921.50012207031,S1C1 13022023,1080.0,2080.0
59,6,75,1959.59948730468,1964.69909667968,S1C1 13022023,1080.0,2080.0
60,6,75,2002.90051269531,2008.40258789062,S1C1 13022023,1080.0,2080.0
61,6,75,2045.0,2050.69921875,S1C1 13022023,1080.0,2080.0
62,7,85,1326.30102539062,1328.099609375,S1C1 13022023,1080.0,2080.0
63,7,85,1342.59948730468,1345.099609375,S1C1 13022023,1080.0,2080.0
64,7,85,1364.59948730468,1367.90258789062,S1C1 13022023,1080.0,2080.0
65,7,85,1410.19921875,1413.599609375,S1C1 13022023,1080.0,2080.0
66,7,85,1477.5,1480.599609375,S1C1 13022023,1080.0,2080.0
67,7,85,1538.59948730468,1542.00012207031,S1C1 13022023,1080.0,2080.0
68,7,85,1595.80102539062,1599.50012207031,S1C1 13022023,1080.0,2080.0
69,7,85,1647.80102539062,1651.798828125,S1C1 13022023,1080.0,2080.0
70,7,85,1695.5,1699.798828125,S1C1 13022023,1080.0,2080.0
71,7,85,1747.0,1751.50012207031,S1C1 13022023,1080.0,2080.0
72,7,85,1798.19921875,1802.798828125,S1C1 13022023,1080.0,2080.0
73,7,85,1845.80102539062,1850.69909667968,S1C1 13022023,1080.0,2080.0
74,7,85,1888.90051269531,1894.19909667968,S1C1 13022023,1080.0,2080.0
75,7,85,1931.40051269531,1936.90258789062,S1C1 13022023,1080.0,2080.0
76,7,85,1978.90051269531,1985.298828125,S1C1 13022023,1080.0,2080.0
77,7,85,2019.80102539062,2025.90258789062,S1C1 13022023,1080.0,2080.0
78,7,85,2057.80102539062,2064.19921875,S1C1 13022023,1080.0,2080.0
79,8,95,1325.5,1327.49621582031,S1C1 13022023,1080.0,2080.0
80,8,95,1342.0,1344.70300292968,S1C1 13022023,1080.0,2080.0
81,8,95,1367.60144042968,1371.1015625,S1C1 13022023,1080.0,2080.0
82,8,95,1426.89855957031,1430.20300292968,S1C1 13022023,1080.0,2080.0
83,8,95,1512.0,1515.20300292968,S1C1 13022023,1080.0,2080.0
84,8,95,1573.30102539062,1576.99621582031,S1C1 13022023,1080.0,2080.0
85,8,95,1629.0,1632.99621582031,S1C1 13022023,1080.0,2080.0
86,8,95,1686.10144042968,1690.40258789062,S1C1 13022023,1080.0,2080.0
87,8,95,1742.39855957031,1746.90258789062,S1C1 13022023,1080.0,2080.0
88,8,95,1794.0,1798.796875,S1C1 13022023,1080.0,2080.0
89,8,95,1840.0,1845.1015625,S1C1 13022023,1080.0,2080.0
90,8,95,1883.30102539062,1888.40258789062,S1C1 13022023,1080.0,2080.0
91,8,95,1931.39855957031,1937.1015625,S1C1 13022023,1080.0,2080.0
92,8,95,1977.30102539062,1983.296875,S1C1 13022023,1080.0,2080.0
93,8,95,2018.39855957031,2024.49621582031,S1C1 13022023,1080.0,2080.0
94,8,95,2055.69921875,2062.203125,S1C1 13022023,1080.0,2080.0
95,9,105,1331.39855957031,1333.49621582031,S1C1 13022023,1080.0,2080.0
96,9,105,1346.60144042968,1349.40258789062,S1C1 13022023,1080.0,2080.0
97,9,105,1368.60144042968,1372.296875,S1C1 13022023,1080.0,2080.0
98,9,105,1413.0,1416.49621582031,S1C1 13022023,1080.0,2080.0
99,9,105,1487.89855957031,1491.20300292968,S1C1 13022023,1080.0,2080.0
100,9,105,1556.30102539062,1560.40258789062,S1C1 13022023,1080.0,2080.0
101,9,105,1618.30102539062,1622.49621582031,S1C1 13022023,1080.0,2080.0
102,9,105,1669.30102539062,1673.796875,S1C1 13022023,1080.0,2080.0
103,9,105,1717.39855957031,1722.296875,S1C1 13022023,1080.0,2080.0
104,9,105,1766.69921875,1772.1015625,S1C1 13022023,1080.0,2080.0
105,9,105,1813.39855957031,1818.90258789062,S1C1 13022023,1080.0,2080.0
106,9,105,1854.69921875,1860.90258789062,S1C1 13022023,1080.0,2080.0
107,9,105,1900.69921875,1906.70300292968,S1C1 13022023,1080.0,2080.0
108,9,105,1944.69921875,1950.796875,S1C1 13022023,1080.0,2080.0
109,9,105,1985.0,1991.796875,S1C1 13022023,1080.0,2080.0
110,9,105,2027.30102539062,2034.99621582031,S1C1 13022023,1080.0,2080.0
111,9,105,2064.30102539062,2072.1015625,S1C1 13022023,1080.0,2080.0
112,10,115,1326.5,1328.40258789062,S1C1 13022023,1080.0,2080.0
113,10,115,1341.39855957031,1344.296875,S1C1 13022023,1080.0,2080.0
114,10,115,1366.10144042968,1369.99621582031,S1C1 13022023,1080.0,2080.0
115,10,115,1411.89855957031,1415.70300292968,S1C1 13022023,1080.0,2080.0
116,10,115,1469.30102539062,1472.90258789062,S1C1 13022023,1080.0,2080.0
117,10,115,1525.39855957031,1529.40258789062,S1C1 13022023,1080.0,2080.0
118,10,115,1578.19921875,1582.49621582031,S1C1 13022023,1080.0,2080.0
119,10,115,1640.19921875,1644.99621582031,S1C1 13022023,1080.0,2080.0
120,10,115,1694.89855957031,1700.20300292968,S1C1 13022023,1080.0,2080.0
121,10,115,1746.39855957031,1752.296875,S1C1 13022023,1080.0,2080.0
122,10,115,1792.5,1798.49621582031,S1C1 13022023,1080.0,2080.0
123,10,115,1836.19921875,1843.49621582031,S1C1 13022023,1080.0,2080.0
124,10,115,1877.39855957031,1885.40258789062,S1C1 13022023,1080.0,2080.0
125,10,115,1918.80102539062,1928.296875,S1C1 13022023,1080.0,2080.0
126,10,115,1957.5,1966.296875,S1C1 13022023,1080.0,2080.0
127,10,115,1992.0,2002.296875,S1C1 13022023,1080.0,2080.0
128,10,115,2028.30102539062,2041.20300292968,S1C1 13022023,1080.0,2080.0
129,10,115,2063.1015625,2075.703125,S1C1 13022023,1080.0,2080.0
130,11,125,1315.80102539062,1317.90258789062,S1C1 13022023,1080.0,2080.0
131,11,125,1330.89855957031,1333.796875,S1C1 13022023,1080.0,2080.0
132,11,125,1352.80102539062,1356.49621582031,S1C1 13022023,1080.0,2080.0
133,11,125,1396.30102539062,1400.1015625,S1C1 13022023,1080.0,2080.0
134,11,125,1463.0,1466.796875,S1C1 13022023,1080.0,2080.0
135,11,125,1526.60144042968,1530.70300292968,S1C1 13022023,1080.0,2080.0
136,11,125,1585.19921875,1589.40258789062,S1C1 13022023,1080.0,2080.0
137,11,125,1635.69921875,1640.20300292968,S1C1 13022023,1080.0,2080.0
138,11,125,1677.39855957031,1682.90258789062,S1C1 13022023,1080.0,2080.0
139,11,125,1720.89855957031,1726.6015625,S1C1 13022023,1080.0,2080.0
140,11,125,1764.80102539062,1770.70300292968,S1C1 13022023,1080.0,2080.0
141,11,125,1812.0,1818.296875,S1C1 13022023,1080.0,2080.0
142,11,125,1853.30102539062,1860.49621582031,S1C1 13022023,1080.0,2080.0
143,11,125,1892.30102539062,1900.6015625,S1C1 13022023,1080.0,2080.0
144,11,125,1932.0,1940.99621582031,S1C1 13022023,1080.0,2080.0
145,11,125,1969.39855957031,1979.6015625,S1C1 13022023,1080.0,2080.0
146,11,125,2001.60144042968,2015.40258789062,S1C1 13022023,1080.0,2080.0
147,11,125,2035.10144042968,2053.1015625,S1C1 13022023,1080.0,2080.0
148,11,125,2071.80102539062,2078.90258789062,S1C1 13022023,1080.0,2080.0
149,12,135,1307.5,1309.6015625,S1C1 13022023,1080.0,2080.0
150,12,135,1322.10144042968,1325.1015625,S1C1 13022023,1080.0,2080.0
151,12,135,1342.60144042968,1346.70300292968,S1C1 13022023,1080.0,2080.0
152,12,135,1390.39855957031,1394.6015625,S1C1 13022023,1080.0,2080.0
153,12,135,1470.60144042968,1474.49621582031,S1C1 13022023,1080.0,2080.0
154,12,135,1532.10144042968,1536.40258789062,S1C1 13022023,1080.0,2080.0
155,12,135,1585.5,1590.796875,S1C1 13022023,1080.0,2080.0
156,12,135,1630.69921875,1636.296875,S1C1 13022023,1080.0,2080.0
157,12,135,1707.39855957031,1713.70300292968,S1C1 13022023,1080.0,2080.0
158,12,135,1753.60144042968,1761.40258789062,S1C1 13022023,1080.0,2080.0
159,12,135,1794.89855957031,1803.1015625,S1C1 13022023,1080.0,2080.0
160,12,135,1831.39855957031,1843.90258789062,S1C1 13022023,1080.0,2080.0
161,12,135,1870.19921875,1882.20300292968,S1C1 13022023,1080.0,2080.0
162,12,135,1902.5,1923.70300292968,S1C1 13022023,1080.0,2080.0
163,12,135,1939.89855957031,1960.20300292968,S1C1 13022023,1080.0,2080.0
164,12,135,1979.0,2004.296875,S1C1 13022023,1080.0,2080.0
165,12,135,2013.0,2078.49609375,S1C1 13022023,1080.0,2080.0
166,13,145,1293.5,1295.6015625,S1C1 13022023,1080.0,2080.0
167,13,145,1309.10144042968,1312.20300292968,S1C1 13022023,1080.0,2080.0
168,13,145,1335.10144042968,1338.99621582031,S1C1 13022023,1080.0,2080.0
169,13,145,1381.60144042968,1385.49621582031,S1C1 13022023,1080.0,2080.0
170,13,145,1448.10144042968,1451.90258789062,S1C1 13022023,1080.0,2080.0
171,13,145,1508.30102539062,1512.6015625,S1C1 13022023,1080.0,2080.0
172,13,145,1562.89855957031,1567.6015625,S1C1 13022023,1080.0,2080.0
173,13,145,1620.89855957031,1626.40258789062,S1C1 13022023,1080.0,2080.0
174,13,145,1668.69921875,1674.796875,S1C1 13022023,1080.0,2080.0
175,13,145,1715.5,1722.296875,S1C1 13022023,1080.0,2080.0
176,13,145,1758.89855957031,1767.796875,S1C1 13022023,1080.0,2080.0
177,13,145,1799.10144042968,1808.6015625,S1C1 13022023,1080.0,2080.0
178,13,145,1836.0,1848.20300292968,S1C1 13022023,1080.0,2080.0
179,13,145,1868.80102539062,1883.20300292968,S1C1 13022023,1080.0,2080.0
180,13,145,1898.60144042968,1918.296875,S1C1 13022023,1080.0,2080.0
181,13,145,1933.0,1953.296875,S1C1 13022023,1080.0,2080.0
182,13,145,1966.80102539062,2079.1015625,S1C1 13022023,1080.0,2080.0
183,14,155,1315.0,1317.3046875,S1C1 13022023,1080.0,2080.0
184,14,155,1329.0,1332.3046875,S1C1 13022023,1080.0,2080.0
185,14,155,1350.5,1354.8046875,S1C1 13022023,1080.0,2080.0
186,14,155,1387.703125,1392.1015625,S1C1 13022023,1080.0,2080.0
187,14,155,1443.60144042968,1448.00012207031,S1C1 13022023,1080.0,2080.0
188,14,155,1525.10144042968,1530.00012207031,S1C1 13022023,1080.0,2080.0
189,14,155,1577.10144042968,1582.6015625,S1C1 13022023,1080.0,2080.0
190,14,155,1624.10144042968,1630.89074707031,S1C1 13022023,1080.0,2080.0
191,14,155,1669.203125,1677.3046875,S1C1 13022023,1080.0,2080.0
192,14,155,1706.0,1718.3046875,S1C1 13022023,1080.0,2080.0
193,14,155,1747.0,1758.8046875,S1C1 13022023,1080.0,2080.0
194,14,155,1786.39855957031,1798.3046875,S1C1 13022023,1080.0,2080.0
195,14,155,1817.203125,1835.39074707031,S1C1 13022023,1080.0,2080.0
196,14,155,1854.0,1871.1015625,S1C1 13022023,1080.0,2080.0
197,14,155,1885.203125,1910.20300292968,S1C1 13022023,1080.0,2080.0
198,15,165,1291.0,1293.20300292968,S1C1 13022023,1080.0,2080.0
199,15,165,1305.5,1308.8046875,S1C1 13022023,1080.0,2080.0
200,15,165,1328.203125,1332.3046875,S1C1 13022023,1080.0,2080.0
201,15,165,1369.60144042968,1374.00012207031,S1C1 13022023,1080.0,2080.0
202,15,165,1437.89855957031,1442.20300292968,S1C1 13022023,1080.0,2080.0
203,15,165,1490.0,1494.70300292968,S1C1 13022023,1080.0,2080.0
204,15,165,1538.79699707031,1544.1015625,S1C1 13022023,1080.0,2080.0
205,15,165,1583.703125,1590.00012207031,S1C1 13022023,1080.0,2080.0
206,15,165,1626.10144042968,1634.39074707031,S1C1 13022023,1080.0,2080.0
207,15,165,1671.203125,1679.3046875,S1C1 13022023,1080.0,2080.0
208,15,165,1708.10144042968,1719.39074707031,S1C1 13022023,1080.0,2080.0
209,15,165,1746.29699707031,1759.50012207031,S1C1 13022023,1080.0,2080.0
210,15,165,1779.79699707031,1800.6015625,S1C1 13022023,1080.0,2080.0
211,15,165,1821.203125,1839.00012207031,S1C1 13022023,1080.0,2080.0
212,15,165,1851.79699707031,1911.89074707031,S1C1 13022023,1080.0,2080.0
0,1,25,0.0,0.0,S1C1 14022023,1080.0,2080.0
1,2,35,0.0,0.0,S1C1 14022023,1080.0,2080.0
2,3,45,0.0,0.0,S1C1 14022023,1080.0,2080.0
3,4,55,0.0,0.0,S1C1 14022023,1080.0,2080.0
4,5,65,0.0,0.0,S1C1 14022023,1080.0,2080.0
5,6,75,0.0,0.0,S1C1 14022023,1080.0,2080.0
6,7,85,0.0,0.0,S1C1 14022023,1080.0,2080.0
7,8,95,0.0,0.0,S1C1 14022023,1080.0,2080.0
8,9,105,2027.10144042968,2028.6015625,S1C1 14022023,1080.0,2080.0
9,10,115,1972.10144042968,1973.49621582031,S1C1 14022023,1080.0,2080.0
10,11,125,1882.5,1883.99621582031,S1C1 14022023,1080.0,2080.0
11,11,125,1997.89855957031,1999.296875,S1C1 14022023,1080.0,2080.0
12,12,135,1910.10144042968,1911.49621582031,S1C1 14022023,1080.0,2080.0
13,12,135,2026.60144042968,2027.99621582031,S1C1 14022023,1080.0,2080.0
14,13,145,1811.39855957031,1812.70300292968,S1C1 14022023,1080.0,2080.0
15,13,145,1916.30102539062,1917.70300292968,S1C1 14022023,1080.0,2080.0
16,13,145,2010.30102539062,2011.70300292968,S1C1 14022023,1080.0,2080.0
17,14,155,1726.5,1727.70300292968,S1C1 14022023,1080.0,2080.0
18,14,155,1847.60144042968,1848.8046875,S1C1 14022023,1080.0,2080.0
19,14,155,1941.79699707031,1943.00012207031,S1C1 14022023,1080.0,2080.0
20,14,155,2039.39855957031,2040.6015625,S1C1 14022023,1080.0,2080.0
21,15,165,1709.10144042968,1710.20300292968,S1C1 14022023,1080.0,2080.0
22,15,165,1812.10144042968,1813.3046875,S1C1 14022023,1080.0,2080.0
23,15,165,1900.39855957031,1901.50012207031,S1C1 14022023,1080.0,2080.0
24,15,165,1990.60144042968,1991.8046875,S1C1 14022023,1080.0,2080.0
25,15,165,2068.1015625,2069.3046875,S1C1 14022023,1080.0,2080.0
0,1,25,1476.19995117187,1479.69995117187,S1C1 15022023,1080.0,2080.0
1,1,25,1650.69995117187,1655.0,S1C1 15022023,1080.0,2080.0
2,1,25,1769.90002441406,1775.40014648437,S1C1 15022023,1080.0,2080.0
3,1,25,1891.59997558593,1897.29992675781,S1C1 15022023,1080.0,2080.0
4,1,25,1993.0,1999.29992675781,S1C1 15022023,1080.0,2080.0
5,2,35,1420.40002441406,1424.00012207031,S1C1 15022023,1080.0,2080.0
6,2,35,1566.5,1571.10009765625,S1C1 15022023,1080.0,2080.0
7,2,35,1685.10009765625,1690.7001953125,S1C1 15022023,1080.0,2080.0
8,2,35,1800.60009765625,1807.00012207031,S1C1 15022023,1080.0,2080.0
9,2,35,1890.60009765625,1897.2001953125,S1C1 15022023,1080.0,2080.0
10,2,35,1965.2001953125,1975.50012207031,S1C1 15022023,1080.0,2080.0
11,2,35,2048.10009765625,2057.5,S1C1 15022023,1080.0,2080.0
12,3,45,1409.2001953125,1412.80078125,S1C1 15022023,1080.0,2080.0
13,3,45,1514.90051269531,1519.89965820312,S1C1 15022023,1080.0,2080.0
14,3,45,1603.7001953125,1609.30078125,S1C1 15022023,1080.0,2080.0
15,3,45,1690.80004882812,1697.19909667968,S1C1 15022023,1080.0,2080.0
16,3,45,1783.59948730468,1790.69909667968,S1C1 15022023,1080.0,2080.0
17,3,45,1855.0,1863.50109863281,S1C1 15022023,1080.0,2080.0
18,3,45,1930.59948730468,1939.69909667968,S1C1 15022023,1080.0,2080.0
19,3,45,2014.59948730468,2026.00109863281,S1C1 15022023,1080.0,2080.0
20,4,55,1344.2001953125,1347.69909667968,S1C1 15022023,1080.0,2080.0
21,4,55,1437.09948730468,1442.00012207031,S1C1 15022023,1080.0,2080.0
22,4,55,1512.09948730468,1518.19909667968,S1C1 15022023,1080.0,2080.0
23,4,55,1579.69921875,1587.90258789062,S1C1 15022023,1080.0,2080.0
24,4,55,1664.59948730468,1673.19909667968,S1C1 15022023,1080.0,2080.0
25,4,55,1740.40051269531,1750.00012207031,S1C1 15022023,1080.0,2080.0
26,4,55,1814.59948730468,1825.69909667968,S1C1 15022023,1080.0,2080.0
27,4,55,1880.90051269531,1892.298828125,S1C1 15022023,1080.0,2080.0
28,4,55,1960.80102539062,1976.19909667968,S1C1 15022023,1080.0,2080.0
29,4,55,2028.40051269531,2049.099609375,S1C1 15022023,1080.0,2080.0
30,5,65,1303.80102539062,1307.40258789062,S1C1 15022023,1080.0,2080.0
31,5,65,1394.09948730468,1398.798828125,S1C1 15022023,1080.0,2080.0
32,5,65,1479.90051269531,1486.298828125,S1C1 15022023,1080.0,2080.0
33,5,65,1567.19921875,1574.19909667968,S1C1 15022023,1080.0,2080.0
34,5,65,1651.0,1659.40258789062,S1C1 15022023,1080.0,2080.0
35,5,65,1726.30102539062,1735.69909667968,S1C1 15022023,1080.0,2080.0
36,5,65,1792.80102539062,1806.298828125,S1C1 15022023,1080.0,2080.0
37,5,65,1865.90051269531,1881.298828125,S1C1 15022023,1080.0,2080.0
38,5,65,1937.30102539062,1957.798828125,S1C1 15022023,1080.0,2080.0
39,5,65,2010.09948730468,2035.798828125,S1C1 15022023,1080.0,2080.0
40,6,75,1271.59948730468,1275.099609375,S1C1 15022023,1080.0,2080.0
41,6,75,1360.19921875,1365.298828125,S1C1 15022023,1080.0,2080.0
42,6,75,1428.5,1434.798828125,S1C1 15022023,1080.0,2080.0
43,6,75,1491.80102539062,1499.798828125,S1C1 15022023,1080.0,2080.0
44,6,75,1561.09948730468,1570.69909667968,S1C1 15022023,1080.0,2080.0
45,6,75,1640.80102539062,1651.298828125,S1C1 15022023,1080.0,2080.0
46,6,75,1704.19921875,1716.798828125,S1C1 15022023,1080.0,2080.0
47,6,75,1767.0,1783.69909667968,S1C1 15022023,1080.0,2080.0
48,7,85,1279.0,1282.599609375,S1C1 15022023,1080.0,2080.0
49,7,85,1381.5,1386.19909667968,S1C1 15022023,1080.0,2080.0
50,7,85,1454.80102539062,1461.40258789062,S1C1 15022023,1080.0,2080.0
51,7,85,1518.19921875,1526.69909667968,S1C1 15022023,1080.0,2080.0
52,7,85,1586.40051269531,1598.40258789062,S1C1 15022023,1080.0,2080.0
53,7,85,1663.5,1680.69909667968,S1C1 15022023,1080.0,2080.0
54,7,85,1738.59948730468,1766.19909667968,S1C1 15022023,1080.0,2080.0
55,7,85,1824.59948730468,2079.69921875,S1C1 15022023,1080.0,2080.0
56,8,95,1244.5,1247.90258789062,S1C1 15022023,1080.0,2080.0
57,8,95,1336.10144042968,1340.90258789062,S1C1 15022023,1080.0,2080.0
58,8,95,1405.30102539062,1412.6015625,S1C1 15022023,1080.0,2080.0
59,8,95,1473.80102539062,1483.1015625,S1C1 15022023,1080.0,2080.0
60,8,95,1541.19921875,1553.70300292968,S1C1 15022023,1080.0,2080.0
61,8,95,1612.80102539062,1629.20300292968,S1C1 15022023,1080.0,2080.0
62,8,95,1693.30102539062,1719.296875,S1C1 15022023,1080.0,2080.0
63,9,105,1245.39855957031,1248.796875,S1C1 15022023,1080.0,2080.0
64,9,105,1322.10144042968,1326.70300292968,S1C1 15022023,1080.0,2080.0
65,9,105,1381.89855957031,1388.70300292968,S1C1 15022023,1080.0,2080.0
66,9,105,1447.19921875,1456.6015625,S1C1 15022023,1080.0,2080.0
67,9,105,1522.0,1534.796875,S1C1 15022023,1080.0,2080.0
68,9,105,1586.80102539062,1602.40258789062,S1C1 15022023,1080.0,2080.0
69,10,115,1242.19921875,1245.6015625,S1C1 15022023,1080.0,2080.0
70,10,115,1314.19921875,1318.99621582031,S1C1 15022023,1080.0,2080.0
71,10,115,1380.30102539062,1387.1015625,S1C1 15022023,1080.0,2080.0
72,10,115,1440.60144042968,1450.90258789062,S1C1 15022023,1080.0,2080.0
73,10,115,1513.89855957031,1527.99621582031,S1C1 15022023,1080.0,2080.0
74,10,115,1578.69921875,2079.90258789062,S1C1 15022023,1080.0,2080.0
75,11,125,1227.80102539062,1231.20300292968,S1C1 15022023,1080.0,2080.0
76,11,125,1297.30102539062,1302.49621582031,S1C1 15022023,1080.0,2080.0
77,11,125,1360.5,1367.796875,S1C1 15022023,1080.0,2080.0
78,11,125,1419.60144042968,1431.90258789062,S1C1 15022023,1080.0,2080.0
79,11,125,1487.0,1501.70300292968,S1C1 15022023,1080.0,2080.0
80,11,135,1548.60144042968,1572.90258789062,S1C1 15022023,1080.0,2080.0
81,12,135,1234.60144042968,1237.99621582031,S1C1 15022023,1080.0,2080.0
82,12,135,1303.39855957031,1308.40258789062,S1C1 15022023,1080.0,2080.0
83,12,135,1381.5,1388.90258789062,S1C1 15022023,1080.0,2080.0
84,12,135,1446.39855957031,1457.20300292968,S1C1 15022023,1080.0,2080.0
85,12,135,1505.80102539062,1523.296875,S1C1 15022023,1080.0,2080.0
86,12,135,1571.5,1603.6015625,S1C1 15022023,1080.0,2080.0
87,13,145,1210.60144042968,1214.1015625,S1C1 15022023,1080.0,2080.0
88,13,145,1280.19921875,1285.20300292968,S1C1 15022023,1080.0,2080.0
89,13,145,1336.69921875,1344.1015625,S1C1 15022023,1080.0,2080.0
90,13,145,1398.0,1408.796875,S1C1 15022023,1080.0,2080.0
91,13,145,1466.69921875,1481.796875,S1C1 15022023,1080.0,2080.0
92,13,145,1531.5,1554.90258789062,S1C1 15022023,1080.0,2080.0
93,14,155,1215.203125,1218.6015625,S1C1 15022023,1080.0,2080.0
94,14,155,1273.79699707031,1279.00012207031,S1C1 15022023,1080.0,2080.0
95,14,155,1333.39855957031,1341.1015625,S1C1 15022023,1080.0,2080.0
96,14,155,1396.0,1408.89074707031,S1C1 15022023,1080.0,2080.0
97,14,155,1461.79699707031,1480.20300292968,S1C1 15022023,1080.0,2080.0
98,15,165,1211.203125,1214.6015625,S1C1 15022023,1080.0,2080.0
99,15,165,1272.0,1277.00012207031,S1C1 15022023,1080.0,2080.0
100,15,165,1331.60144042968,1339.3046875,S1C1 15022023,1080.0,2080.0
101,15,165,1398.10144042968,1412.20300292968,S1C1 15022023,1080.0,2080.0
102,15,165,1464.0,1485.50012207031,S1C1 15022023,1080.0,2080.0
0,1,25,0.0,0.0,S1C1 20012023,1080.0,2080.0
1,2,35,0.0,0.0,S1C1 20012023,1080.0,2080.0
2,3,45,2020.80004882812,2022.39965820312,S1C1 20012023,1080.0,2080.0
3,3,45,2037.59948730468,2039.30078125,S1C1 20012023,1080.0,2080.0
4,4,55,1923.80102539062,1925.40258789062,S1C1 20012023,1080.0,2080.0
5,4,55,2013.30102539062,2015.00012207031,S1C1 20012023,1080.0,2080.0
6,5,65,1795.0,1796.599609375,S1C1 20012023,1080.0,2080.0
7,5,65,1891.30102539062,1892.90258789062,S1C1 20012023,1080.0,2080.0
8,5,65,1967.80102539062,1969.599609375,S1C1 20012023,1080.0,2080.0
9,5,65,2051.5,2053.298828125,S1C1 20012023,1080.0,2080.0
10,6,75,1808.19921875,1809.798828125,S1C1 20012023,1080.0,2080.0
11,6,75,1886.30102539062,1888.00012207031,S1C1 20012023,1080.0,2080.0
12,6,75,1958.09948730468,1959.90258789062,S1C1 20012023,1080.0,2080.0
13,6,75,2007.59948730468,2009.50012207031,S1C1 20012023,1080.0,2080.0
14,7,85,1778.0,1779.599609375,S1C1 20012023,1080.0,2080.0
15,7,85,1864.90051269531,1866.599609375,S1C1 20012023,1080.0,2080.0
16,7,85,1910.69921875,1912.50012207031,S1C1 20012023,1080.0,2080.0
17,7,85,1973.40051269531,1975.298828125,S1C1 20012023,1080.0,2080.0
18,7,85,2024.5,2026.40258789062,S1C1 20012023,1080.0,2080.0
19,7,85,2068.5,2070.40258789062,S1C1 20012023,1080.0,2080.0
20,8,95,1700.89855957031,1702.49621582031,S1C1 20012023,1080.0,2080.0
21,8,95,1768.60144042968,1770.296875,S1C1 20012023,1080.0,2080.0
22,8,95,1807.69921875,1809.49621582031,S1C1 20012023,1080.0,2080.0
23,8,95,1873.69921875,1875.6015625,S1C1 20012023,1080.0,2080.0
24,8,95,1931.60144042968,1933.49621582031,S1C1 20012023,1080.0,2080.0
25,8,95,1985.10144042968,1986.99621582031,S1C1 20012023,1080.0,2080.0
26,8,95,2043.5,2045.49621582031,S1C1 20012023,1080.0,2080.0
27,9,105,1672.10144042968,1673.796875,S1C1 20012023,1080.0,2080.0
28,9,105,1757.10144042968,1758.796875,S1C1 20012023,1080.0,2080.0
29,9,105,1815.80102539062,1817.6015625,S1C1 20012023,1080.0,2080.0
30,9,105,1867.39855957031,1869.296875,S1C1 20012023,1080.0,2080.0
31,9,105,1925.10144042968,1926.99621582031,S1C1 20012023,1080.0,2080.0
32,9,105,1974.10144042968,1976.1015625,S1C1 20012023,1080.0,2080.0
33,9,105,2030.39855957031,2032.40258789062,S1C1 20012023,1080.0,2080.0
34,9,105,2072.5,2074.49609375,S1C1 20012023,1080.0,2080.0
35,10,115,1614.69921875,1616.40258789062,S1C1 20012023,1080.0,2080.0
36,10,115,1677.60144042968,1679.40258789062,S1C1 20012023,1080.0,2080.0
37,10,115,1738.0,1739.796875,S1C1 20012023,1080.0,2080.0
38,10,115,1802.10144042968,1803.99621582031,S1C1 20012023,1080.0,2080.0
39,10,115,1859.30102539062,1861.20300292968,S1C1 20012023,1080.0,2080.0
40,10,115,1891.0,1892.99621582031,S1C1 20012023,1080.0,2080.0
41,10,115,1940.5,1942.49621582031,S1C1 20012023,1080.0,2080.0
42,10,115,1980.30102539062,1982.40258789062,S1C1 20012023,1080.0,2080.0
43,10,115,2020.80102539062,2022.90258789062,S1C1 20012023,1080.0,2080.0
44,10,115,2044.30102539062,2046.40258789062,S1C1 20012023,1080.0,2080.0
45,11,125,1630.19921875,1631.90258789062,S1C1 20012023,1080.0,2080.0
46,11,125,1706.19921875,1707.90258789062,S1C1 20012023,1080.0,2080.0
47,11,125,1727.39855957031,1729.20300292968,S1C1 20012023,1080.0,2080.0
48,11,125,1769.0,1770.796875,S1C1 20012023,1080.0,2080.0
49,11,125,1817.69921875,1819.70300292968,S1C1 20012023,1080.0,2080.0
50,11,125,1870.80102539062,1872.796875,S1C1 20012023,1080.0,2080.0
51,11,125,1906.60144042968,1908.6015625,S1C1 20012023,1080.0,2080.0
52,11,125,1942.30102539062,1944.40258789062,S1C1 20012023,1080.0,2080.0
53,11,125,1972.69921875,1974.796875,S1C1 20012023,1080.0,2080.0
54,11,125,2030.60144042968,2032.796875,S1C1 20012023,1080.0,2080.0
55,11,125,2060.3984375,2062.6015625,S1C1 20012023,1080.0,2080.0
56,12,135,1567.89855957031,1569.49621582031,S1C1 20012023,1080.0,2080.0
57,12,135,1621.0,1622.796875,S1C1 20012023,1080.0,2080.0
58,12,135,1654.69921875,1656.6015625,S1C1 20012023,1080.0,2080.0
59,12,135,1709.89855957031,1711.796875,S1C1 20012023,1080.0,2080.0
60,12,135,1740.5,1742.49621582031,S1C1 20012023,1080.0,2080.0
61,12,135,1796.39855957031,1798.40258789062,S1C1 20012023,1080.0,2080.0
62,12,135,1835.10144042968,1837.1015625,S1C1 20012023,1080.0,2080.0
63,12,135,1888.69921875,1890.796875,S1C1 20012023,1080.0,2080.0
64,12,135,1919.19921875,1921.296875,S1C1 20012023,1080.0,2080.0
65,12,135,1948.60144042968,1950.70300292968,S1C1 20012023,1080.0,2080.0
66,12,135,1972.5,1974.70300292968,S1C1 20012023,1080.0,2080.0
67,12,135,2008.30102539062,2010.6015625,S1C1 20012023,1080.0,2080.0
68,12,135,2031.5,2033.796875,S1C1 20012023,1080.0,2080.0
69,12,135,2060.8984375,2063.203125,S1C1 20012023,1080.0,2080.0
70,13,145,1538.19921875,1539.90258789062,S1C1 20012023,1080.0,2080.0
71,13,145,1566.30102539062,1568.1015625,S1C1 20012023,1080.0,2080.0
72,13,145,1616.80102539062,1618.6015625,S1C1 20012023,1080.0,2080.0
73,13,145,1677.39855957031,1679.296875,S1C1 20012023,1080.0,2080.0
74,13,145,1722.80102539062,1724.796875,S1C1 20012023,1080.0,2080.0
75,13,145,1746.69921875,1748.70300292968,S1C1 20012023,1080.0,2080.0
76,13,145,1795.30102539062,1797.40258789062,S1C1 20012023,1080.0,2080.0
77,13,145,1823.0,1825.1015625,S1C1 20012023,1080.0,2080.0
78,13,145,1856.89855957031,1859.1015625,S1C1 20012023,1080.0,2080.0
79,13,145,1881.69921875,1883.90258789062,S1C1 20012023,1080.0,2080.0
80,13,145,1917.39855957031,1919.70300292968,S1C1 20012023,1080.0,2080.0
81,13,145,1942.60144042968,1944.796875,S1C1 20012023,1080.0,2080.0
82,13,145,1963.5,1965.796875,S1C1 20012023,1080.0,2080.0
83,13,145,1987.39855957031,1989.70300292968,S1C1 20012023,1080.0,2080.0
84,13,145,2012.30102539062,2014.70300292968,S1C1 20012023,1080.0,2080.0
85,13,145,2035.60144042968,2037.99621582031,S1C1 20012023,1080.0,2080.0
86,13,145,2058.30102539062,2060.703125,S1C1 20012023,1080.0,2080.0
87,13,145,2077.19921875,2079.40258789062,S1C1 20012023,1080.0,2080.0
88,14,155,1503.703125,1505.39074707031,S1C1 20012023,1080.0,2080.0
89,14,155,1531.39855957031,1533.20300292968,S1C1 20012023,1080.0,2080.0
90,14,155,1589.0,1590.8046875,S1C1 20012023,1080.0,2080.0
91,14,155,1611.10144042968,1613.1015625,S1C1 20012023,1080.0,2080.0
92,14,155,1647.39855957031,1649.39074707031,S1C1 20012023,1080.0,2080.0
93,14,155,1680.89855957031,1682.89074707031,S1C1 20012023,1080.0,2080.0
94,14,155,1716.10144042968,1718.20300292968,S1C1 20012023,1080.0,2080.0
95,14,155,1765.10144042968,1767.3046875,S1C1 20012023,1080.0,2080.0
96,14,155,1788.5,1790.6015625,S1C1 20012023,1080.0,2080.0
97,14,155,1818.60144042968,1820.8046875,S1C1 20012023,1080.0,2080.0
98,14,155,1855.39855957031,1857.6015625,S1C1 20012023,1080.0,2080.0
99,14,155,1886.5,1888.8046875,S1C1 20012023,1080.0,2080.0
100,14,155,1911.89855957031,1914.20300292968,S1C1 20012023,1080.0,2080.0
101,14,155,1939.5,1941.8046875,S1C1 20012023,1080.0,2080.0
102,14,155,1964.29699707031,1966.70300292968,S1C1 20012023,1080.0,2080.0
103,14,155,1986.39855957031,1988.8046875,S1C1 20012023,1080.0,2080.0
104,14,155,2012.29699707031,2014.8046875,S1C1 20012023,1080.0,2080.0
105,14,155,2035.60144042968,2038.1015625,S1C1 20012023,1080.0,2080.0
106,14,155,2058.203125,2060.703125,S1C1 20012023,1080.0,2080.0
107,15,165,1475.60144042968,1477.3046875,S1C1 20012023,1080.0,2080.0
108,15,165,1494.0,1495.8046875,S1C1 20012023,1080.0,2080.0
109,15,165,1533.89855957031,1535.8046875,S1C1 20012023,1080.0,2080.0
110,15,165,1593.5,1595.39074707031,S1C1 20012023,1080.0,2080.0
111,15,165,1622.5,1624.50012207031,S1C1 20012023,1080.0,2080.0
112,15,165,1658.60144042968,1660.6015625,S1C1 20012023,1080.0,2080.0
113,15,165,1683.60144042968,1685.70300292968,S1C1 20012023,1080.0,2080.0
114,15,165,1721.703125,1723.8046875,S1C1 20012023,1080.0,2080.0
115,15,165,1746.29699707031,1748.50012207031,S1C1 20012023,1080.0,2080.0
116,15,165,1773.39855957031,1775.6015625,S1C1 20012023,1080.0,2080.0
117,15,165,1812.703125,1815.00012207031,S1C1 20012023,1080.0,2080.0
118,15,165,1835.703125,1838.00012207031,S1C1 20012023,1080.0,2080.0
119,15,165,1855.10144042968,1857.39074707031,S1C1 20012023,1080.0,2080.0
120,15,165,1875.29699707031,1877.70300292968,S1C1 20012023,1080.0,2080.0
121,15,165,1897.5,1899.89074707031,S1C1 20012023,1080.0,2080.0
122,15,165,1920.5,1923.00012207031,S1C1 20012023,1080.0,2080.0
123,15,165,1941.60144042968,1944.1015625,S1C1 20012023,1080.0,2080.0
124,15,165,1960.60144042968,1963.20300292968,S1C1 20012023,1080.0,2080.0
125,15,165,1979.39855957031,1982.00012207031,S1C1 20012023,1080.0,2080.0
126,15,165,1999.10144042968,2001.70300292968,S1C1 20012023,1080.0,2080.0
127,15,165,2020.0,2022.6015625,S1C1 20012023,1080.0,2080.0
128,15,165,2037.79699707031,2040.50012207031,S1C1 20012023,1080.0,2080.0
129,15,165,2056.8984375,2059.6015625,S1C1 20012023,1080.0,2080.0
130,15,165,2075.3984375,2078.203125,S1C1 20012023,1080.0,2080.0
0,1,25,0.0,0.0,S1C1 21012023,1080.0,2080.0
1,1,25,1309.09997558593,1310.79992675781,S1C1 21012023,1080.0,2080.0
2,1,25,1373.40002441406,1375.19995117187,S1C1 21012023,1080.0,2080.0
3,1,25,1440.59997558593,1442.5,S1C1 21012023,1080.0,2080.0
4,1,25,1502.80004882812,1504.79992675781,S1C1 21012023,1080.0,2080.0
5,1,25,1553.59997558593,1555.59997558593,S1C1 21012023,1080.0,2080.0
6,1,25,1612.59997558593,1614.69995117187,S1C1 21012023,1080.0,2080.0
7,1,25,1664.5,1666.59997558593,S1C1 21012023,1080.0,2080.0
8,1,25,1705.19995117187,1707.29992675781,S1C1 21012023,1080.0,2080.0
9,1,25,1748.09997558593,1750.19995117187,S1C1 21012023,1080.0,2080.0
10,1,25,1783.19995117187,1785.29992675781,S1C1 21012023,1080.0,2080.0
11,1,25,1825.0,1827.19995117187,S1C1 21012023,1080.0,2080.0
12,1,25,1861.5,1863.69995117187,S1C1 21012023,1080.0,2080.0
13,1,25,1897.40002441406,1899.59997558593,S1C1 21012023,1080.0,2080.0
14,1,25,1938.69995117187,1941.0,S1C1 21012023,1080.0,2080.0
15,2,35,1973.59997558593,1975.79992675781,S1C1 21012023,1080.0,2080.0
16,2,35,1280.5,1282.2001953125,S1C1 21012023,1080.0,2080.0
17,2,35,1344.30004882812,1346.2001953125,S1C1 21012023,1080.0,2080.0
18,2,35,1396.0,1397.89965820312,S1C1 21012023,1080.0,2080.0
19,2,35,1445.7001953125,1447.80029296875,S1C1 21012023,1080.0,2080.0
20,2,35,1500.10009765625,1502.2001953125,S1C1 21012023,1080.0,2080.0
21,2,35,1542.90002441406,1545.00012207031,S1C1 21012023,1080.0,2080.0
22,2,35,1595.30004882812,1597.50012207031,S1C1 21012023,1080.0,2080.0
23,2,35,1635.30004882812,1637.50012207031,S1C1 21012023,1080.0,2080.0
24,2,35,1676.10009765625,1678.30029296875,S1C1 21012023,1080.0,2080.0
25,2,35,1715.5,1717.7001953125,S1C1 21012023,1080.0,2080.0
26,2,35,1754.2001953125,1756.50012207031,S1C1 21012023,1080.0,2080.0
27,2,35,1786.10009765625,1788.50012207031,S1C1 21012023,1080.0,2080.0
28,2,35,1822.10009765625,1824.39965820312,S1C1 21012023,1080.0,2080.0
29,2,35,1857.80004882812,1860.30029296875,S1C1 21012023,1080.0,2080.0
30,2,35,1896.2001953125,1898.7001953125,S1C1 21012023,1080.0,2080.0
31,2,35,1929.80004882812,1932.30029296875,S1C1 21012023,1080.0,2080.0
32,2,35,1962.7001953125,1965.30029296875,S1C1 21012023,1080.0,2080.0
33,3,45,1994.90002441406,1997.50012207031,S1C1 21012023,1080.0,2080.0
34,3,45,1266.30004882812,1268.00109863281,S1C1 21012023,1080.0,2080.0
35,3,45,1321.2001953125,1323.099609375,S1C1 21012023,1080.0,2080.0
36,3,45,1368.30004882812,1370.30078125,S1C1 21012023,1080.0,2080.0
37,3,45,1419.5,1421.50109863281,S1C1 21012023,1080.0,2080.0
38,3,45,1467.09948730468,1469.19909667968,S1C1 21012023,1080.0,2080.0
39,3,45,1504.09948730468,1506.30078125,S1C1 21012023,1080.0,2080.0
40,3,45,1546.5,1548.80078125,S1C1 21012023,1080.0,2080.0
41,3,45,1584.59948730468,1586.89965820312,S1C1 21012023,1080.0,2080.0
42,3,45,1617.09948730468,1619.39965820312,S1C1 21012023,1080.0,2080.0
43,3,45,1660.80004882812,1663.099609375,S1C1 21012023,1080.0,2080.0
44,3,45,1700.80004882812,1703.099609375,S1C1 21012023,1080.0,2080.0
45,3,45,1736.30004882812,1738.69909667968,S1C1 21012023,1080.0,2080.0
46,3,45,1764.7001953125,1767.30078125,S1C1 21012023,1080.0,2080.0
47,3,45,1796.90051269531,1799.50109863281,S1C1 21012023,1080.0,2080.0
48,3,45,1831.90051269531,1834.599609375,S1C1 21012023,1080.0,2080.0
49,3,45,1864.2001953125,1866.80078125,S1C1 21012023,1080.0,2080.0
50,3,45,1899.90051269531,1902.599609375,S1C1 21012023,1080.0,2080.0
51,3,45,1932.2001953125,1935.00109863281,S1C1 21012023,1080.0,2080.0
52,3,45,1961.90051269531,1964.599609375,S1C1 21012023,1080.0,2080.0
53,4,55,1995.90051269531,1998.69909667968,S1C1 21012023,1080.0,2080.0
54,4,55,1237.59948730468,1239.30078125,S1C1 21012023,1080.0,2080.0
55,4,55,1290.0,1291.89965820312,S1C1 21012023,1080.0,2080.0
56,4,55,1334.40051269531,1336.39965820312,S1C1 21012023,1080.0,2080.0
57,4,55,1381.30102539062,1383.40258789062,S1C1 21012023,1080.0,2080.0
58,4,55,1423.59948730468,1425.798828125,S1C1 21012023,1080.0,2080.0
59,4,55,1462.40051269531,1464.50012207031,S1C1 21012023,1080.0,2080.0
60,4,55,1503.5,1505.69909667968,S1C1 21012023,1080.0,2080.0
61,4,55,1540.0,1542.40258789062,S1C1 21012023,1080.0,2080.0
62,4,55,1574.0,1576.599609375,S1C1 21012023,1080.0,2080.0
63,4,55,1602.80102539062,1605.298828125,S1C1 21012023,1080.0,2080.0
64,4,55,1631.40051269531,1633.90258789062,S1C1 21012023,1080.0,2080.0
65,4,55,1664.0,1666.599609375,S1C1 21012023,1080.0,2080.0
66,4,55,1695.19921875,1697.90258789062,S1C1 21012023,1080.0,2080.0
67,4,55,1725.30102539062,1728.00012207031,S1C1 21012023,1080.0,2080.0
68,4,55,1754.80102539062,1757.599609375,S1C1 21012023,1080.0,2080.0
69,4,55,1784.19921875,1786.90258789062,S1C1 21012023,1080.0,2080.0
70,4,55,1812.90051269531,1815.69909667968,S1C1 21012023,1080.0,2080.0
71,4,55,1842.09948730468,1845.00012207031,S1C1 21012023,1080.0,2080.0
72,4,55,1871.59948730468,1874.599609375,S1C1 21012023,1080.0,2080.0
73,4,55,1899.5,1902.50012207031,S1C1 21012023,1080.0,2080.0
74,4,55,1927.90051269531,1931.19909667968,S1C1 21012023,1080.0,2080.0
75,4,55,1963.09948730468,1966.50012207031,S1C1 21012023,1080.0,2080.0
76,5,65,1994.90051269531,1998.40258789062,S1C1 21012023,1080.0,2080.0
77,5,65,1224.90051269531,1226.599609375,S1C1 21012023,1080.0,2080.0
78,5,65,1268.19921875,1270.099609375,S1C1 21012023,1080.0,2080.0
79,5,65,1312.30102539062,1314.298828125,S1C1 21012023,1080.0,2080.0
80,5,65,1352.59948730468,1354.69909667968,S1C1 21012023,1080.0,2080.0
81,5,65,1393.19921875,1395.40258789062,S1C1 21012023,1080.0,2080.0
82,5,65,1430.09948730468,1432.50012207031,S1C1 21012023,1080.0,2080.0
83,5,65,1465.19921875,1467.599609375,S1C1 21012023,1080.0,2080.0
84,5,65,1496.19921875,1498.599609375,S1C1 21012023,1080.0,2080.0
85,5,65,1532.40051269531,1534.90258789062,S1C1 21012023,1080.0,2080.0
86,5,65,1561.30102539062,1563.798828125,S1C1 21012023,1080.0,2080.0
87,5,65,1591.0,1593.599609375,S1C1 21012023,1080.0,2080.0
88,5,65,1623.30102539062,1625.90258789062,S1C1 21012023,1080.0,2080.0
89,5,65,1652.69921875,1655.50012207031,S1C1 21012023,1080.0,2080.0
90,5,65,1681.0,1683.798828125,S1C1 21012023,1080.0,2080.0
91,5,65,1712.40051269531,1715.40258789062,S1C1 21012023,1080.0,2080.0
92,5,65,1741.40051269531,1744.50012207031,S1C1 21012023,1080.0,2080.0
93,5,65,1774.0,1777.19909667968,S1C1 21012023,1080.0,2080.0
94,5,65,1808.5,1812.00012207031,S1C1 21012023,1080.0,2080.0
95,5,65,1842.69921875,1846.40258789062,S1C1 21012023,1080.0,2080.0
96,6,75,1878.09948730468,1881.798828125,S1C1 21012023,1080.0,2080.0
97,6,75,1216.0,1217.69909667968,S1C1 21012023,1080.0,2080.0
98,6,75,1254.19921875,1256.00012207031,S1C1 21012023,1080.0,2080.0
99,6,75,1292.5,1294.599609375,S1C1 21012023,1080.0,2080.0
100,6,75,1326.19921875,1328.40258789062,S1C1 21012023,1080.0,2080.0
101,6,75,1360.40051269531,1362.599609375,S1C1 21012023,1080.0,2080.0
102,6,75,1397.5,1399.798828125,S1C1 21012023,1080.0,2080.0
103,6,75,1431.30102539062,1433.69909667968,S1C1 21012023,1080.0,2080.0
104,6,75,1462.40051269531,1464.798828125,S1C1 21012023,1080.0,2080.0
105,6,75,1492.59948730468,1495.19909667968,S1C1 21012023,1080.0,2080.0
106,6,75,1522.09948730468,1524.798828125,S1C1 21012023,1080.0,2080.0
107,6,75,1552.30102539062,1554.90258789062,S1C1 21012023,1080.0,2080.0
108,6,75,1582.0,1584.798828125,S1C1 21012023,1080.0,2080.0
109,6,75,1612.19921875,1615.19909667968,S1C1 21012023,1080.0,2080.0
110,6,75,1638.90051269531,1641.90258789062,S1C1 21012023,1080.0,2080.0
111,6,75,1671.0,1674.19909667968,S1C1 21012023,1080.0,2080.0
112,6,75,1700.69921875,1703.798828125,S1C1 21012023,1080.0,2080.0
113,6,75,1730.90051269531,1734.099609375,S1C1 21012023,1080.0,2080.0
114,6,75,1764.09948730468,1767.50012207031,S1C1 21012023,1080.0,2080.0
115,6,75,1795.09948730468,1798.69909667968,S1C1 21012023,1080.0,2080.0
116,6,75,1824.90051269531,1828.50012207031,S1C1 21012023,1080.0,2080.0
117,7,85,1861.59948730468,1864.90258789062,S1C1 21012023,1080.0,2080.0
118,7,85,1213.90051269531,1215.69909667968,S1C1 21012023,1080.0,2080.0
119,7,85,1253.80102539062,1255.69909667968,S1C1 21012023,1080.0,2080.0
120,7,85,1294.59948730468,1296.69909667968,S1C1 21012023,1080.0,2080.0
121,7,85,1328.69921875,1330.90258789062,S1C1 21012023,1080.0,2080.0
122,7,85,1362.90051269531,1365.19909667968,S1C1 21012023,1080.0,2080.0
123,7,85,1394.09948730468,1396.50012207031,S1C1 21012023,1080.0,2080.0
124,7,85,1428.69921875,1431.19909667968,S1C1 21012023,1080.0,2080.0
125,7,85,1458.0,1460.599609375,S1C1 21012023,1080.0,2080.0
126,7,85,1488.40051269531,1491.00012207031,S1C1 21012023,1080.0,2080.0
127,7,85,1515.30102539062,1518.00012207031,S1C1 21012023,1080.0,2080.0
128,7,85,1544.0,1547.00012207031,S1C1 21012023,1080.0,2080.0
129,7,85,1575.40051269531,1578.298828125,S1C1 21012023,1080.0,2080.0
130,7,85,1604.5,1607.599609375,S1C1 21012023,1080.0,2080.0
131,7,85,1633.59948730468,1636.50012207031,S1C1 21012023,1080.0,2080.0
132,7,85,1665.09948730468,1668.298828125,S1C1 21012023,1080.0,2080.0
133,7,85,1696.30102539062,1699.40258789062,S1C1 21012023,1080.0,2080.0
134,8,95,1730.30102539062,1734.00012207031,S1C1 21012023,1080.0,2080.0
135,8,95,1209.10144042968,1210.796875,S1C1 21012023,1080.0,2080.0
136,8,95,1236.0,1237.99621582031,S1C1 21012023,1080.0,2080.0
137,8,95,1269.19921875,1271.296875,S1C1 21012023,1080.0,2080.0
138,8,95,1305.5,1307.796875,S1C1 21012023,1080.0,2080.0
139,8,95,1336.0,1338.296875,S1C1 21012023,1080.0,2080.0
140,8,95,1365.69921875,1368.1015625,S1C1 21012023,1080.0,2080.0
141,8,95,1394.0,1396.49621582031,S1C1 21012023,1080.0,2080.0
142,8,95,1420.19921875,1422.90258789062,S1C1 21012023,1080.0,2080.0
143,8,95,1452.0,1454.796875,S1C1 21012023,1080.0,2080.0
144,8,95,1485.19921875,1488.20300292968,S1C1 21012023,1080.0,2080.0
145,8,95,1514.69921875,1517.6015625,S1C1 21012023,1080.0,2080.0
146,8,95,1546.30102539062,1549.6015625,S1C1 21012023,1080.0,2080.0
147,8,95,1574.5,1577.90258789062,S1C1 21012023,1080.0,2080.0
148,8,95,1604.5,1607.90258789062,S1C1 21012023,1080.0,2080.0
149,8,95,1638.60144042968,1641.90258789062,S1C1 21012023,1080.0,2080.0
150,9,105,1675.19921875,1679.1015625,S1C1 21012023,1080.0,2080.0
151,9,105,1215.39855957031,1217.1015625,S1C1 21012023,1080.0,2080.0
152,9,105,1239.80102539062,1241.90258789062,S1C1 21012023,1080.0,2080.0
153,9,105,1270.5,1272.70300292968,S1C1 21012023,1080.0,2080.0
154,9,105,1298.69921875,1300.99621582031,S1C1 21012023,1080.0,2080.0
155,9,105,1328.30102539062,1330.70300292968,S1C1 21012023,1080.0,2080.0
156,9,105,1354.0,1356.6015625,S1C1 21012023,1080.0,2080.0
157,9,105,1385.80102539062,1388.40258789062,S1C1 21012023,1080.0,2080.0
158,9,105,1412.0,1414.70300292968,S1C1 21012023,1080.0,2080.0
159,9,105,1443.5,1446.40258789062,S1C1 21012023,1080.0,2080.0
160,9,105,1472.60144042968,1475.70300292968,S1C1 21012023,1080.0,2080.0
161,9,105,1505.0,1508.296875,S1C1 21012023,1080.0,2080.0
162,9,105,1535.89855957031,1539.296875,S1C1 21012023,1080.0,2080.0
163,10,115,1571.60144042968,1575.20300292968,S1C1 21012023,1080.0,2080.0
164,10,115,1201.80102539062,1203.6015625,S1C1 21012023,1080.0,2080.0
165,10,115,1224.5,1226.49621582031,S1C1 21012023,1080.0,2080.0
166,10,115,1249.30102539062,1251.49621582031,S1C1 21012023,1080.0,2080.0
167,10,115,1278.19921875,1280.49621582031,S1C1 21012023,1080.0,2080.0
168,10,115,1305.10144042968,1307.40258789062,S1C1 21012023,1080.0,2080.0
169,10,115,1332.89855957031,1335.296875,S1C1 21012023,1080.0,2080.0
170,10,115,1362.10144042968,1364.70300292968,S1C1 21012023,1080.0,2080.0
171,10,115,1389.30102539062,1392.1015625,S1C1 21012023,1080.0,2080.0
172,10,115,1416.69921875,1419.6015625,S1C1 21012023,1080.0,2080.0
173,10,115,1446.0,1448.99621582031,S1C1 21012023,1080.0,2080.0
174,10,115,1475.5,1478.6015625,S1C1 21012023,1080.0,2080.0
175,10,115,1509.0,1512.296875,S1C1 21012023,1080.0,2080.0
176,10,115,1538.39855957031,1541.796875,S1C1 21012023,1080.0,2080.0
177,11,125,1569.69921875,1573.1015625,S1C1 21012023,1080.0,2080.0
178,11,125,1187.10144042968,1188.796875,S1C1 21012023,1080.0,2080.0
179,11,125,1208.0,1209.90258789062,S1C1 21012023,1080.0,2080.0
180,11,125,1230.60144042968,1232.70300292968,S1C1 21012023,1080.0,2080.0
181,11,125,1261.10144042968,1263.49621582031,S1C1 21012023,1080.0,2080.0
182,11,125,1291.0,1293.40258789062,S1C1 21012023,1080.0,2080.0
183,11,125,1317.69921875,1320.296875,S1C1 21012023,1080.0,2080.0
184,11,125,1347.5,1350.296875,S1C1 21012023,1080.0,2080.0
185,11,125,1373.80102539062,1376.6015625,S1C1 21012023,1080.0,2080.0
186,11,125,1402.5,1405.6015625,S1C1 21012023,1080.0,2080.0
187,11,125,1430.60144042968,1433.6015625,S1C1 21012023,1080.0,2080.0
188,11,125,1463.10144042968,1466.40258789062,S1C1 21012023,1080.0,2080.0
189,11,125,1493.30102539062,1496.6015625,S1C1 21012023,1080.0,2080.0
190,12,135,1532.19921875,1535.20300292968,S1C1 21012023,1080.0,2080.0
191,12,135,1182.10144042968,1183.90258789062,S1C1 21012023,1080.0,2080.0
192,12,135,1206.39855957031,1208.40258789062,S1C1 21012023,1080.0,2080.0
193,12,135,1233.19921875,1235.40258789062,S1C1 21012023,1080.0,2080.0
194,12,135,1260.0,1262.40258789062,S1C1 21012023,1080.0,2080.0
195,12,135,1286.69921875,1289.1015625,S1C1 21012023,1080.0,2080.0
196,12,135,1311.80102539062,1314.40258789062,S1C1 21012023,1080.0,2080.0
197,12,135,1341.30102539062,1344.1015625,S1C1 21012023,1080.0,2080.0
198,12,135,1369.0,1371.90258789062,S1C1 21012023,1080.0,2080.0
199,12,135,1404.89855957031,1408.20300292968,S1C1 21012023,1080.0,2080.0
200,12,135,1436.39855957031,1439.6015625,S1C1 21012023,1080.0,2080.0
201,13,145,1471.80102539062,1475.296875,S1C1 21012023,1080.0,2080.0
202,13,145,1189.0,1190.70300292968,S1C1 21012023,1080.0,2080.0
203,13,145,1209.80102539062,1211.796875,S1C1 21012023,1080.0,2080.0
204,13,145,1233.19921875,1235.49621582031,S1C1 21012023,1080.0,2080.0
205,13,145,1257.69921875,1260.296875,S1C1 21012023,1080.0,2080.0
206,13,145,1285.39855957031,1288.1015625,S1C1 21012023,1080.0,2080.0
207,13,145,1312.60144042968,1315.40258789062,S1C1 21012023,1080.0,2080.0
208,13,145,1343.30102539062,1346.296875,S1C1 21012023,1080.0,2080.0
209,13,145,1373.30102539062,1376.296875,S1C1 21012023,1080.0,2080.0
210,13,145,1403.10144042968,1406.296875,S1C1 21012023,1080.0,2080.0
211,13,145,1431.30102539062,1434.296875,S1C1 21012023,1080.0,2080.0
212,14,155,1461.69921875,1464.99621582031,S1C1 21012023,1080.0,2080.0
213,14,155,1186.10144042968,1187.8046875,S1C1 21012023,1080.0,2080.0
214,14,155,1205.0,1207.1015625,S1C1 21012023,1080.0,2080.0
215,14,155,1228.29699707031,1230.6015625,S1C1 21012023,1080.0,2080.0
216,14,155,1252.89855957031,1255.50012207031,S1C1 21012023,1080.0,2080.0
217,14,155,1279.29699707031,1282.00012207031,S1C1 21012023,1080.0,2080.0
218,14,155,1309.10144042968,1311.89074707031,S1C1 21012023,1080.0,2080.0
219,14,155,1336.60144042968,1339.6015625,S1C1 21012023,1080.0,2080.0
220,14,155,1363.29699707031,1366.39074707031,S1C1 21012023,1080.0,2080.0
221,14,155,1391.203125,1394.50012207031,S1C1 21012023,1080.0,2080.0
222,15,165,1420.703125,1424.20300292968,S1C1 21012023,1080.0,2080.0
223,15,165,1179.39855957031,1181.1015625,S1C1 21012023,1080.0,2080.0
224,15,165,1195.79699707031,1197.8046875,S1C1 21012023,1080.0,2080.0
225,15,165,1215.60144042968,1218.00012207031,S1C1 21012023,1080.0,2080.0
226,15,165,1241.60144042968,1244.3046875,S1C1 21012023,1080.0,2080.0
227,15,165,1269.10144042968,1271.89074707031,S1C1 21012023,1080.0,2080.0
228,15,165,1295.203125,1298.1015625,S1C1 21012023,1080.0,2080.0
229,15,165,1321.39855957031,1324.6015625,S1C1 21012023,1080.0,2080.0
230,15,165,1350.203125,1353.39074707031,S1C1 21012023,1080.0,2080.0
231,15,165,1375.60144042968,1378.89074707031,S1C1 21012023,1080.0,2080.0
232,15,165,1407.79699707031,1411.39074707031,S1C1 21012023,1080.0,2080.0
0,1,25,0.0,0.0,S1C1 21022023,1080.0,2080.0
1,2,35,0.0,0.0,S1C1 21022023,1080.0,2080.0
2,3,45,0.0,0.0,S1C1 21022023,1080.0,2080.0
3,4,55,1989.69921875,1993.099609375,S1C1 21022023,1080.0,2080.0
4,5,65,1857.90051269531,1861.00012207031,S1C1 21022023,1080.0,2080.0
5,5,65,2051.5,2055.599609375,S1C1 21022023,1080.0,2080.0
6,6,75,1887.09948730468,1890.599609375,S1C1 21022023,1080.0,2080.0
7,6,75,1975.90051269531,1979.798828125,S1C1 21022023,1080.0,2080.0
8,6,75,2072.900390625,2078.40258789062,S1C1 21022023,1080.0,2080.0
9,7,85,1770.30102539062,1773.50012207031,S1C1 21022023,1080.0,2080.0
10,7,85,1892.69921875,1896.599609375,S1C1 21022023,1080.0,2080.0
11,7,85,2019.59948730468,2025.798828125,S1C1 21022023,1080.0,2080.0
12,8,95,1743.0,1746.20300292968,S1C1 21022023,1080.0,2080.0
13,8,95,1855.89855957031,1859.796875,S1C1 21022023,1080.0,2080.0
14,8,95,1969.0,1974.796875,S1C1 21022023,1080.0,2080.0
15,8,95,2019.80102539062,2026.1015625,S1C1 21022023,1080.0,2080.0
16,8,95,2061.6015625,2073.90258789062,S1C1 21022023,1080.0,2080.0
17,9,105,1716.10144042968,1719.40258789062,S1C1 21022023,1080.0,2080.0
18,9,105,1824.89855957031,1828.90258789062,S1C1 21022023,1080.0,2080.0
19,9,105,1914.39855957031,1920.90258789062,S1C1 21022023,1080.0,2080.0
20,9,105,1969.19921875,1978.49621582031,S1C1 21022023,1080.0,2080.0
21,9,105,2019.10144042968,2036.1015625,S1C1 21022023,1080.0,2080.0
22,9,105,2068.5,2079.90258789062,S1C1 21022023,1080.0,2080.0
23,10,115,1619.19921875,1622.1015625,S1C1 21022023,1080.0,2080.0
24,10,115,1823.0,1827.40258789062,S1C1 21022023,1080.0,2080.0
25,10,115,1893.5,1901.6015625,S1C1 21022023,1080.0,2080.0
26,10,115,1937.80102539062,1947.40258789062,S1C1 21022023,1080.0,2080.0
27,10,115,1982.5,2045.796875,S1C1 21022023,1080.0,2080.0
28,10,115,2072.19921875,2079.203125,S1C1 21022023,1080.0,2080.0
29,11,125,1663.69921875,1666.99621582031,S1C1 21022023,1080.0,2080.0
30,11,125,1776.39855957031,1780.49621582031,S1C1 21022023,1080.0,2080.0
31,11,125,1876.5,1886.1015625,S1C1 21022023,1080.0,2080.0
32,11,125,1918.60144042968,1929.40258789062,S1C1 21022023,1080.0,2080.0
33,11,125,1956.0,1970.90258789062,S1C1 21022023,1080.0,2080.0
34,11,125,1994.69921875,2015.90258789062,S1C1 21022023,1080.0,2080.0
35,11,125,2034.60144042968,2061.40258789062,S1C1 21022023,1080.0,2080.0
36,11,125,2075.8984375,2078.796875,S1C1 21022023,1080.0,2080.0
37,12,135,1652.39855957031,1655.796875,S1C1 21022023,1080.0,2080.0
38,12,135,1743.89855957031,1748.1015625,S1C1 21022023,1080.0,2080.0
39,12,135,1831.30102539062,1846.296875,S1C1 21022023,1080.0,2080.0
40,12,135,1879.5,1892.296875,S1C1 21022023,1080.0,2080.0
41,12,135,1920.19921875,1940.20300292968,S1C1 21022023,1080.0,2080.0
42,12,135,1965.89855957031,1989.296875,S1C1 21022023,1080.0,2080.0
43,12,135,2008.39855957031,2037.796875,S1C1 21022023,1080.0,2080.0
44,12,135,2051.6015625,2078.90258789062,S1C1 21022023,1080.0,2080.0
45,13,145,1598.89855957031,1602.20300292968,S1C1 21022023,1080.0,2080.0
46,13,145,1758.69921875,1763.90258789062,S1C1 21022023,1080.0,2080.0
47,13,145,1799.19921875,1805.20300292968,S1C1 21022023,1080.0,2080.0
48,13,145,1835.10144042968,1882.49621582031,S1C1 21022023,1080.0,2080.0
49,13,145,1908.10144042968,1925.99621582031,S1C1 21022023,1080.0,2080.0
50,13,145,1945.5,1970.70300292968,S1C1 21022023,1080.0,2080.0
51,13,145,1985.69921875,2079.90258789062,S1C1 21022023,1080.0,2080.0
52,14,155,1592.10144042968,1595.39074707031,S1C1 21022023,1080.0,2080.0
53,14,155,1711.60144042968,1716.50012207031,S1C1 21022023,1080.0,2080.0
54,14,155,1761.0,1800.1015625,S1C1 21022023,1080.0,2080.0
55,14,155,1829.89855957031,1846.6015625,S1C1 21022023,1080.0,2080.0
56,14,155,1870.39855957031,1893.50012207031,S1C1 21022023,1080.0,2080.0
57,14,155,1912.39855957031,1936.6015625,S1C1 21022023,1080.0,2080.0
58,14,155,1949.89855957031,2079.6015625,S1C1 21022023,1080.0,2080.0
59,15,165,1558.60144042968,1561.89074707031,S1C1 21022023,1080.0,2080.0
60,15,165,1685.10144042968,1689.6015625,S1C1 21022023,1080.0,2080.0
61,15,165,1756.5,1769.50012207031,S1C1 21022023,1080.0,2080.0
62,15,165,1795.89855957031,1811.3046875,S1C1 21022023,1080.0,2080.0
63,15,165,1836.10144042968,1861.70300292968,S1C1 21022023,1080.0,2080.0
64,15,165,1879.0,1901.89074707031,S1C1 21022023,1080.0,2080.0
65,15,165,1916.203125,2079.39086914062,S1C1 21022023,1080.0,2080.0
0,1,25,0.0,0.0,S1C1 24012023,1080.0,2080.0
1,2,35,0.0,0.0,S1C1 24012023,1080.0,2080.0
2,3,45,0.0,0.0,S1C1 24012023,1080.0,2080.0
3,4,55,0.0,0.0,S1C1 24012023,1080.0,2080.0
4,5,65,0.0,0.0,S1C1 24012023,1080.0,2080.0
5,6,75,0.0,0.0,S1C1 24012023,1080.0,2080.0
6,7,85,0.0,0.0,S1C1 24012023,1080.0,2080.0
7,8,95,0.0,0.0,S1C1 24012023,1080.0,2080.0
8,9,105,0.0,0.0,S1C1 24012023,1080.0,2080.0
9,10,115,0.0,0.0,S1C1 24012023,1080.0,2080.0
10,11,125,0.0,0.0,S1C1 24012023,1080.0,2080.0
11,12,135,0.0,0.0,S1C1 24012023,1080.0,2080.0
12,13,145,2052.80102539062,2054.703125,S1C1 24012023,1080.0,2080.0
13,14,155,1999.5,2001.50012207031,S1C1 24012023,1080.0,2080.0
14,15,165,1963.60144042968,1965.6015625,S1C1 24012023,1080.0,2080.0
0,1,25,0.0,0.0,S1C1 27022023,1080.0,2080.0
1,2,35,0.0,0.0,S1C1 27022023,1080.0,2080.0
2,3,45,2002.40051269531,2005.599609375,S1C1 27022023,1080.0,2080.0
3,4,55,1794.40051269531,1797.298828125,S1C1 27022023,1080.0,2080.0
4,4,55,1947.30102539062,1950.50012207031,S1C1 27022023,1080.0,2080.0
5,4,55,2018.0,2021.298828125,S1C1 27022023,1080.0,2080.0
6,5,65,1675.0,1678.00012207031,S1C1 27022023,1080.0,2080.0
7,5,65,1778.19921875,1781.40258789062,S1C1 27022023,1080.0,2080.0
8,5,65,1857.59948730468,1861.00012207031,S1C1 27022023,1080.0,2080.0
9,5,65,1925.80102539062,1929.50012207031,S1C1 27022023,1080.0,2080.0
10,5,65,1997.09948730468,2000.90258789062,S1C1 27022023,1080.0,2080.0
11,5,65,2050.80102539062,2054.798828125,S1C1 27022023,1080.0,2080.0
12,6,75,1606.80102539062,1610.099609375,S1C1 27022023,1080.0,2080.0
13,6,75,1696.80102539062,1700.298828125,S1C1 27022023,1080.0,2080.0
14,6,75,1761.09948730468,1764.798828125,S1C1 27022023,1080.0,2080.0
15,6,75,1833.59948730468,1837.69909667968,S1C1 27022023,1080.0,2080.0
16,6,75,1895.69921875,1899.90258789062,S1C1 27022023,1080.0,2080.0
17,6,75,1951.09948730468,1955.50012207031,S1C1 27022023,1080.0,2080.0
18,6,75,1997.09948730468,2001.599609375,S1C1 27022023,1080.0,2080.0
19,6,75,2037.80102539062,2042.599609375,S1C1 27022023,1080.0,2080.0
20,7,85,1524.69921875,1528.099609375,S1C1 27022023,1080.0,2080.0
21,7,85,1613.40051269531,1617.099609375,S1C1 27022023,1080.0,2080.0
22,7,85,1683.69921875,1687.599609375,S1C1 27022023,1080.0,2080.0
23,7,85,1747.40051269531,1751.50012207031,S1C1 27022023,1080.0,2080.0
24,7,85,1792.0,1796.50012207031,S1C1 27022023,1080.0,2080.0
25,7,85,1851.40051269531,1856.00012207031,S1C1 27022023,1080.0,2080.0
26,7,85,1893.59948730468,1898.40258789062,S1C1 27022023,1080.0,2080.0
27,7,85,1936.19921875,1941.50012207031,S1C1 27022023,1080.0,2080.0
28,7,85,1976.0,1981.798828125,S1C1 27022023,1080.0,2080.0
29,7,85,2014.5,2021.099609375,S1C1 27022023,1080.0,2080.0
30,7,85,2047.69921875,2054.298828125,S1C1 27022023,1080.0,2080.0
31,8,95,1492.39855957031,1495.796875,S1C1 27022023,1080.0,2080.0
32,8,95,1566.89855957031,1570.6015625,S1C1 27022023,1080.0,2080.0
33,8,95,1637.80102539062,1641.796875,S1C1 27022023,1080.0,2080.0
34,8,95,1693.69921875,1697.90258789062,S1C1 27022023,1080.0,2080.0
35,8,95,1741.5,1745.90258789062,S1C1 27022023,1080.0,2080.0
36,8,95,1790.0,1794.6015625,S1C1 27022023,1080.0,2080.0
37,8,95,1831.60144042968,1836.40258789062,S1C1 27022023,1080.0,2080.0
38,8,95,1871.80102539062,1877.1015625,S1C1 27022023,1080.0,2080.0
39,8,95,1909.80102539062,1915.20300292968,S1C1 27022023,1080.0,2080.0
40,8,95,1946.39855957031,1952.796875,S1C1 27022023,1080.0,2080.0
41,8,95,1981.19921875,1988.20300292968,S1C1 27022023,1080.0,2080.0
42,8,95,2012.60144042968,2021.796875,S1C1 27022023,1080.0,2080.0
43,8,95,2045.80102539062,2054.1015625,S1C1 27022023,1080.0,2080.0
44,8,95,2077.5,2079.6015625,S1C1 27022023,1080.0,2080.0
45,9,105,1472.60144042968,1475.99621582031,S1C1 27022023,1080.0,2080.0
46,9,105,1537.69921875,1541.40258789062,S1C1 27022023,1080.0,2080.0
47,9,105,1591.69921875,1595.70300292968,S1C1 27022023,1080.0,2080.0
48,9,105,1641.89855957031,1646.1015625,S1C1 27022023,1080.0,2080.0
49,9,105,1685.10144042968,1689.6015625,S1C1 27022023,1080.0,2080.0
50,9,105,1727.30102539062,1732.296875,S1C1 27022023,1080.0,2080.0
51,9,105,1766.39855957031,1771.49621582031,S1C1 27022023,1080.0,2080.0
52,9,105,1804.19921875,1809.49621582031,S1C1 27022023,1080.0,2080.0
53,9,105,1843.0,1848.90258789062,S1C1 27022023,1080.0,2080.0
54,9,105,1878.0,1885.296875,S1C1 27022023,1080.0,2080.0
55,9,105,1912.19921875,1919.796875,S1C1 27022023,1080.0,2080.0
56,9,105,1943.5,1953.99621582031,S1C1 27022023,1080.0,2080.0
57,9,105,1977.19921875,1987.1015625,S1C1 27022023,1080.0,2080.0
58,9,105,2006.30102539062,2017.296875,S1C1 27022023,1080.0,2080.0
59,9,105,2034.69921875,2046.296875,S1C1 27022023,1080.0,2080.0
60,9,105,2062.3984375,2075.796875,S1C1 27022023,1080.0,2080.0
61,10,115,1378.5,1381.90258789062,S1C1 27022023,1080.0,2080.0
62,10,115,1467.0,1470.70300292968,S1C1 27022023,1080.0,2080.0
63,10,115,1522.5,1526.49621582031,S1C1 27022023,1080.0,2080.0
64,10,115,1567.5,1571.796875,S1C1 27022023,1080.0,2080.0
65,10,115,1613.39855957031,1617.99621582031,S1C1 27022023,1080.0,2080.0
66,10,115,1656.39855957031,1661.1015625,S1C1 27022023,1080.0,2080.0
67,10,115,1694.69921875,1699.70300292968,S1C1 27022023,1080.0,2080.0
68,10,115,1735.19921875,1740.90258789062,S1C1 27022023,1080.0,2080.0
69,10,115,1772.0,1779.6015625,S1C1 27022023,1080.0,2080.0
70,10,115,1806.69921875,1813.40258789062,S1C1 27022023,1080.0,2080.0
71,10,115,1836.39855957031,1843.90258789062,S1C1 27022023,1080.0,2080.0
72,10,115,1864.30102539062,1874.20300292968,S1C1 27022023,1080.0,2080.0
73,10,115,1894.10144042968,1903.20300292968,S1C1 27022023,1080.0,2080.0
74,10,115,1921.30102539062,1934.40258789062,S1C1 27022023,1080.0,2080.0
75,10,115,1953.5,1965.20300292968,S1C1 27022023,1080.0,2080.0
76,10,115,1982.60144042968,1996.40258789062,S1C1 27022023,1080.0,2080.0
77,10,115,2012.10144042968,2027.20300292968,S1C1 27022023,1080.0,2080.0
78,10,115,2040.69921875,2055.6015625,S1C1 27022023,1080.0,2080.0
79,10,115,2067.30102539062,2079.90258789062,S1C1 27022023,1080.0,2080.0
80,11,125,1377.30102539062,1380.70300292968,S1C1 27022023,1080.0,2080.0
81,11,125,1455.10144042968,1458.90258789062,S1C1 27022023,1080.0,2080.0
82,11,125,1511.10144042968,1515.20300292968,S1C1 27022023,1080.0,2080.0
83,11,125,1559.10144042968,1563.6015625,S1C1 27022023,1080.0,2080.0
84,11,125,1604.89855957031,1609.70300292968,S1C1 27022023,1080.0,2080.0
85,11,125,1648.30102539062,1653.49621582031,S1C1 27022023,1080.0,2080.0
86,11,125,1690.60144042968,1695.99621582031,S1C1 27022023,1080.0,2080.0
87,11,125,1726.19921875,1732.90258789062,S1C1 27022023,1080.0,2080.0
88,11,125,1758.60144042968,1766.90258789062,S1C1 27022023,1080.0,2080.0
89,11,125,1789.19921875,1796.6015625,S1C1 27022023,1080.0,2080.0
90,11,125,1819.80102539062,1829.1015625,S1C1 27022023,1080.0,2080.0
91,11,125,1848.10144042968,1858.20300292968,S1C1 27022023,1080.0,2080.0
92,11,125,1875.89855957031,1887.49621582031,S1C1 27022023,1080.0,2080.0
93,11,125,1904.60144042968,1919.296875,S1C1 27022023,1080.0,2080.0
94,12,135,1376.39855957031,1379.99621582031,S1C1 27022023,1080.0,2080.0
95,12,135,1442.19921875,1446.20300292968,S1C1 27022023,1080.0,2080.0
96,12,135,1490.30102539062,1494.49621582031,S1C1 27022023,1080.0,2080.0
97,12,135,1535.5,1540.20300292968,S1C1 27022023,1080.0,2080.0
98,12,135,1581.60144042968,1586.49621582031,S1C1 27022023,1080.0,2080.0
99,12,135,1624.80102539062,1630.296875,S1C1 27022023,1080.0,2080.0
100,12,135,1661.39855957031,1667.796875,S1C1 27022023,1080.0,2080.0
101,12,135,1695.30102539062,1702.1015625,S1C1 27022023,1080.0,2080.0
102,12,135,1725.5,1733.40258789062,S1C1 27022023,1080.0,2080.0
103,12,135,1753.39855957031,1764.49621582031,S1C1 27022023,1080.0,2080.0
104,12,135,1783.80102539062,1796.20300292968,S1C1 27022023,1080.0,2080.0
105,12,135,1813.5,1828.40258789062,S1C1 27022023,1080.0,2080.0
106,12,135,1843.30102539062,1888.1015625,S1C1 27022023,1080.0,2080.0
107,12,135,1898.19921875,2079.1015625,S1C1 27022023,1080.0,2080.0
108,13,145,1375.69921875,1379.40258789062,S1C1 27022023,1080.0,2080.0
109,13,145,1439.5,1443.6015625,S1C1 27022023,1080.0,2080.0
110,13,145,1488.30102539062,1492.796875,S1C1 27022023,1080.0,2080.0
111,13,145,1538.0,1542.90258789062,S1C1 27022023,1080.0,2080.0
112,13,145,1580.5,1585.90258789062,S1C1 27022023,1080.0,2080.0
113,13,145,1617.30102539062,1624.296875,S1C1 27022023,1080.0,2080.0
114,13,145,1650.60144042968,1658.20300292968,S1C1 27022023,1080.0,2080.0
115,13,145,1681.19921875,1689.20300292968,S1C1 27022023,1080.0,2080.0
116,13,145,1709.89855957031,1721.49621582031,S1C1 27022023,1080.0,2080.0
117,13,145,1740.30102539062,1754.796875,S1C1 27022023,1080.0,2080.0
118,13,145,1770.39855957031,1785.6015625,S1C1 27022023,1080.0,2080.0
119,13,145,1800.39855957031,1814.6015625,S1C1 27022023,1080.0,2080.0
120,13,145,1825.0,2079.703125,S1C1 27022023,1080.0,2080.0
121,14,155,1354.79699707031,1358.6015625,S1C1 27022023,1080.0,2080.0
122,14,155,1419.29699707031,1423.39074707031,S1C1 27022023,1080.0,2080.0
123,14,155,1472.10144042968,1476.6015625,S1C1 27022023,1080.0,2080.0
124,14,155,1520.39855957031,1525.50012207031,S1C1 27022023,1080.0,2080.0
125,14,155,1562.60144042968,1568.20300292968,S1C1 27022023,1080.0,2080.0
126,14,155,1602.703125,1609.8046875,S1C1 27022023,1080.0,2080.0
127,14,155,1636.29699707031,1647.1015625,S1C1 27022023,1080.0,2080.0
128,14,155,1669.0,1680.89074707031,S1C1 27022023,1080.0,2080.0
129,14,155,1698.703125,1710.1015625,S1C1 27022023,1080.0,2080.0
130,14,155,1727.10144042968,1742.6015625,S1C1 27022023,1080.0,2080.0
131,15,165,1337.89855957031,1341.8046875,S1C1 27022023,1080.0,2080.0
132,15,165,1397.79699707031,1402.1015625,S1C1 27022023,1080.0,2080.0
133,15,165,1453.0,1457.89074707031,S1C1 27022023,1080.0,2080.0
134,15,165,1496.60144042968,1501.89074707031,S1C1 27022023,1080.0,2080.0
135,15,165,1537.29699707031,1545.00012207031,S1C1 27022023,1080.0,2080.0
136,15,165,1572.5,1580.39074707031,S1C1 27022023,1080.0,2080.0
137,15,165,1603.0,1615.39074707031,S1C1 27022023,1080.0,2080.0
138,15,165,1634.39855957031,1649.70300292968,S1C1 27022023,1080.0,2080.0
0,1,25,1375.5,1377.09997558593,S1C2 14022023,1080.0,2080.0
1,1,25,1508.69995117187,1510.29992675781,S1C2 14022023,1080.0,2080.0
2,1,25,1605.30004882812,1607.0,S1C2 14022023,1080.0,2080.0
3,1,25,1670.30004882812,1672.09997558593,S1C2 14022023,1080.0,2080.0
4,1,25,1709.69995117187,1711.59997558593,S1C2 14022023,1080.0,2080.0
5,1,25,1735.90002441406,1738.19995117187,S1C2 14022023,1080.0,2080.0
6,1,25,1764.19995117187,1766.79992675781,S1C2 14022023,1080.0,2080.0
7,1,25,1811.40002441406,1814.0,S1C2 14022023,1080.0,2080.0
8,1,25,2075.69995117187,2077.40014648437,S1C2 14022023,1080.0,2080.0
9,2,35,1270.60009765625,1272.2001953125,S1C2 14022023,1080.0,2080.0
10,2,35,1289.40002441406,1291.10009765625,S1C2 14022023,1080.0,2080.0
11,2,35,1304.60009765625,1306.50012207031,S1C2 14022023,1080.0,2080.0
12,2,35,1318.80004882812,1321.00012207031,S1C2 14022023,1080.0,2080.0
13,2,35,1333.60009765625,1336.50012207031,S1C2 14022023,1080.0,2080.0
14,2,35,1350.40002441406,1354.30029296875,S1C2 14022023,1080.0,2080.0
15,2,35,1373.80004882812,1378.80029296875,S1C2 14022023,1080.0,2080.0
16,2,35,1410.80004882812,1414.80029296875,S1C2 14022023,1080.0,2080.0
17,2,35,1800.40002441406,1802.10009765625,S1C2 14022023,1080.0,2080.0
18,2,35,1913.2001953125,1915.00012207031,S1C2 14022023,1080.0,2080.0
19,2,35,1999.90002441406,2001.60009765625,S1C2 14022023,1080.0,2080.0
20,2,35,2074.80004882812,2076.7001953125,S1C2 14022023,1080.0,2080.0
21,3,45,1268.0,1269.599609375,S1C2 14022023,1080.0,2080.0
22,3,45,1282.2001953125,1284.00109863281,S1C2 14022023,1080.0,2080.0
23,3,45,1294.59948730468,1296.599609375,S1C2 14022023,1080.0,2080.0
24,3,45,1306.90051269531,1309.30078125,S1C2 14022023,1080.0,2080.0
25,3,45,1319.80004882812,1322.89965820312,S1C2 14022023,1080.0,2080.0
26,3,45,1335.0,1339.099609375,S1C2 14022023,1080.0,2080.0
27,3,45,1357.7001953125,1362.19909667968,S1C2 14022023,1080.0,2080.0
28,3,45,1405.80004882812,1409.50109863281,S1C2 14022023,1080.0,2080.0
29,3,45,1763.30004882812,1765.00109863281,S1C2 14022023,1080.0,2080.0
30,3,45,1876.90051269531,1878.599609375,S1C2 14022023,1080.0,2080.0
31,3,45,1959.40051269531,1961.30078125,S1C2 14022023,1080.0,2080.0
32,3,45,2020.40051269531,2022.39965820312,S1C2 14022023,1080.0,2080.0
33,4,55,1264.2001953125,1265.89965820312,S1C2 14022023,1080.0,2080.0
34,4,55,1284.30004882812,1286.00109863281,S1C2 14022023,1080.0,2080.0
35,4,55,1299.59948730468,1301.50109863281,S1C2 14022023,1080.0,2080.0
36,4,55,1313.59948730468,1315.89965820312,S1C2 14022023,1080.0,2080.0
37,4,55,1327.59948730468,1330.50109863281,S1C2 14022023,1080.0,2080.0
38,4,55,1344.09948730468,1347.599609375,S1C2 14022023,1080.0,2080.0
39,4,55,1370.69921875,1374.798828125,S1C2 14022023,1080.0,2080.0
40,4,55,1404.5,1408.00012207031,S1C2 14022023,1080.0,2080.0
41,4,55,1735.90051269531,1737.599609375,S1C2 14022023,1080.0,2080.0
42,4,55,1826.59948730468,1828.298828125,S1C2 14022023,1080.0,2080.0
43,4,55,1900.40051269531,1902.19909667968,S1C2 14022023,1080.0,2080.0
44,4,55,1956.40051269531,1958.40258789062,S1C2 14022023,1080.0,2080.0
45,4,55,2001.5,2003.599609375,S1C2 14022023,1080.0,2080.0
46,4,55,2048.69921875,2051.19921875,S1C2 14022023,1080.0,2080.0
47,5,65,1270.40051269531,1272.099609375,S1C2 14022023,1080.0,2080.0
48,5,65,1286.40051269531,1288.099609375,S1C2 14022023,1080.0,2080.0
49,5,65,1299.5,1301.40258789062,S1C2 14022023,1080.0,2080.0
50,5,65,1311.69921875,1314.099609375,S1C2 14022023,1080.0,2080.0
51,5,65,1324.30102539062,1327.599609375,S1C2 14022023,1080.0,2080.0
52,5,65,1340.59948730468,1344.599609375,S1C2 14022023,1080.0,2080.0
53,5,65,1801.40051269531,1803.099609375,S1C2 14022023,1080.0,2080.0
54,5,65,1891.59948730468,1893.50012207031,S1C2 14022023,1080.0,2080.0
55,5,65,1943.40051269531,1945.298828125,S1C2 14022023,1080.0,2080.0
56,5,65,1997.19921875,1999.298828125,S1C2 14022023,1080.0,2080.0
57,5,65,2065.599609375,2067.798828125,S1C2 14022023,1080.0,2080.0
58,6,75,1290.59948730468,1292.298828125,S1C2 14022023,1080.0,2080.0
59,6,75,1302.5,1304.19909667968,S1C2 14022023,1080.0,2080.0
60,6,75,1314.40051269531,1316.40258789062,S1C2 14022023,1080.0,2080.0
61,6,75,1326.0,1328.50012207031,S1C2 14022023,1080.0,2080.0
62,6,75,1339.40051269531,1342.599609375,S1C2 14022023,1080.0,2080.0
63,6,75,1357.40051269531,1361.40258789062,S1C2 14022023,1080.0,2080.0
64,6,75,1840.90051269531,1842.69909667968,S1C2 14022023,1080.0,2080.0
65,6,75,1898.59948730468,1900.40258789062,S1C2 14022023,1080.0,2080.0
66,6,75,1953.90051269531,1956.00012207031,S1C2 14022023,1080.0,2080.0
67,6,75,2002.40051269531,2004.599609375,S1C2 14022023,1080.0,2080.0
68,6,75,2057.099609375,2059.5,S1C2 14022023,1080.0,2080.0
69,7,85,1322.90051269531,1324.50012207031,S1C2 14022023,1080.0,2080.0
70,7,85,1335.69921875,1337.50012207031,S1C2 14022023,1080.0,2080.0
71,7,85,1347.40051269531,1349.40258789062,S1C2 14022023,1080.0,2080.0
72,7,85,1359.0,1361.50012207031,S1C2 14022023,1080.0,2080.0
73,7,85,1372.09948730468,1375.50012207031,S1C2 14022023,1080.0,2080.0
74,7,85,1391.19921875,1395.00012207031,S1C2 14022023,1080.0,2080.0
75,7,85,1427.30102539062,1431.19909667968,S1C2 14022023,1080.0,2080.0
76,7,85,1844.59948730468,1846.298828125,S1C2 14022023,1080.0,2080.0
77,7,85,1904.80102539062,1906.69909667968,S1C2 14022023,1080.0,2080.0
78,7,85,1949.19921875,1951.298828125,S1C2 14022023,1080.0,2080.0
79,7,85,1994.5,1996.798828125,S1C2 14022023,1080.0,2080.0
80,7,85,2050.599609375,2053.19921875,S1C2 14022023,1080.0,2080.0
81,8,95,1367.39855957031,1369.1015625,S1C2 14022023,1080.0,2080.0
82,8,95,1380.60144042968,1382.296875,S1C2 14022023,1080.0,2080.0
83,8,95,1392.39855957031,1394.49621582031,S1C2 14022023,1080.0,2080.0
84,8,95,1404.10144042968,1406.6015625,S1C2 14022023,1080.0,2080.0
85,8,95,1418.5,1421.90258789062,S1C2 14022023,1080.0,2080.0
86,8,95,1448.39855957031,1452.49621582031,S1C2 14022023,1080.0,2080.0
87,8,95,1877.30102539062,1879.1015625,S1C2 14022023,1080.0,2080.0
88,8,95,1917.19921875,1919.1015625,S1C2 14022023,1080.0,2080.0
89,8,95,1961.30102539062,1963.40258789062,S1C2 14022023,1080.0,2080.0
90,8,95,2006.39855957031,2008.796875,S1C2 14022023,1080.0,2080.0
91,9,105,1457.30102539062,1458.99621582031,S1C2 14022023,1080.0,2080.0
92,9,105,1469.5,1471.40258789062,S1C2 14022023,1080.0,2080.0
93,9,105,1481.80102539062,1483.90258789062,S1C2 14022023,1080.0,2080.0
94,9,105,1493.19921875,1495.90258789062,S1C2 14022023,1080.0,2080.0
95,9,105,1507.80102539062,1511.296875,S1C2 14022023,1080.0,2080.0
96,9,105,1527.5,1531.40258789062,S1C2 14022023,1080.0,2080.0
97,9,105,1973.89855957031,1975.796875,S1C2 14022023,1080.0,2080.0
98,9,105,2016.89855957031,2018.796875,S1C2 14022023,1080.0,2080.0
99,9,105,2054.5,2056.703125,S1C2 14022023,1080.0,2080.0
100,10,115,1462.80102539062,1464.49621582031,S1C2 14022023,1080.0,2080.0
101,10,115,1473.5,1475.40258789062,S1C2 14022023,1080.0,2080.0
102,10,115,1484.60144042968,1486.796875,S1C2 14022023,1080.0,2080.0
103,10,115,1496.69921875,1499.49621582031,S1C2 14022023,1080.0,2080.0
104,10,115,1510.30102539062,1513.70300292968,S1C2 14022023,1080.0,2080.0
105,10,115,1982.39855957031,1984.20300292968,S1C2 14022023,1080.0,2080.0
106,10,115,2018.5,2020.49621582031,S1C2 14022023,1080.0,2080.0
107,10,115,2055.19921875,2057.40258789062,S1C2 14022023,1080.0,2080.0
108,11,125,1495.19921875,1496.90258789062,S1C2 14022023,1080.0,2080.0
109,11,125,1506.69921875,1508.49621582031,S1C2 14022023,1080.0,2080.0
110,11,125,1517.69921875,1519.90258789062,S1C2 14022023,1080.0,2080.0
111,11,125,1528.39855957031,1531.1015625,S1C2 14022023,1080.0,2080.0
112,11,125,1542.80102539062,1546.40258789062,S1C2 14022023,1080.0,2080.0
113,11,125,1964.80102539062,1966.6015625,S1C2 14022023,1080.0,2080.0
114,11,125,2002.0,2003.99621582031,S1C2 14022023,1080.0,2080.0
115,11,125,2050.6015625,2052.90258789062,S1C2 14022023,1080.0,2080.0
116,12,135,1536.60144042968,1538.296875,S1C2 14022023,1080.0,2080.0
117,12,135,1548.30102539062,1550.20300292968,S1C2 14022023,1080.0,2080.0
118,12,135,1559.89855957031,1562.20300292968,S1C2 14022023,1080.0,2080.0
119,12,135,1572.10144042968,1574.796875,S1C2 14022023,1080.0,2080.0
120,12,135,1587.30102539062,1590.90258789062,S1C2 14022023,1080.0,2080.0
121,12,135,1611.39855957031,1614.796875,S1C2 14022023,1080.0,2080.0
122,12,135,1980.10144042968,1981.99621582031,S1C2 14022023,1080.0,2080.0
123,12,135,2021.80102539062,2023.99621582031,S1C2 14022023,1080.0,2080.0
124,12,135,2061.1015625,2063.6015625,S1C2 14022023,1080.0,2080.0
125,13,145,1543.30102539062,1544.99621582031,S1C2 14022023,1080.0,2080.0
126,13,145,1555.19921875,1556.99621582031,S1C2 14022023,1080.0,2080.0
127,13,145,1566.19921875,1568.40258789062,S1C2 14022023,1080.0,2080.0
128,13,145,1578.60144042968,1581.40258789062,S1C2 14022023,1080.0,2080.0
129,13,145,1593.39855957031,1596.99621582031,S1C2 14022023,1080.0,2080.0
130,13,145,1976.39855957031,1978.296875,S1C2 14022023,1080.0,2080.0
131,13,145,2039.39855957031,2041.40258789062,S1C2 14022023,1080.0,2080.0
132,13,145,2076.69921875,2078.90258789062,S1C2 14022023,1080.0,2080.0
133,14,155,1549.39855957031,1551.1015625,S1C2 14022023,1080.0,2080.0
134,14,155,1562.39855957031,1564.20300292968,S1C2 14022023,1080.0,2080.0
135,14,155,1573.79699707031,1576.00012207031,S1C2 14022023,1080.0,2080.0
136,14,155,1585.89855957031,1588.8046875,S1C2 14022023,1080.0,2080.0
137,14,155,1602.89855957031,1606.50012207031,S1C2 14022023,1080.0,2080.0
138,14,155,1962.703125,1964.6015625,S1C2 14022023,1080.0,2080.0
139,14,155,2030.29699707031,2032.39074707031,S1C2 14022023,1080.0,2080.0
140,15,165,1530.39855957031,1532.1015625,S1C2 14022023,1080.0,2080.0
141,15,165,1542.5,1544.39074707031,S1C2 14022023,1080.0,2080.0
142,15,165,1553.39855957031,1555.6015625,S1C2 14022023,1080.0,2080.0
143,15,165,1566.0,1568.8046875,S1C2 14022023,1080.0,2080.0
144,15,165,1582.89855957031,1586.3046875,S1C2 14022023,1080.0,2080.0
145,15,165,1939.60144042968,1941.50012207031,S1C2 14022023,1080.0,2080.0
146,15,165,1993.203125,1995.20300292968,S1C2 14022023,1080.0,2080.0
147,15,165,2058.79711914062,2061.3046875,S1C2 14022023,1080.0,2080.0
0,1,25,1384.80004882812,1388.59997558593,S1C2 15022023,1080.0,2080.0
1,1,25,1504.80004882812,1511.0,S1C2 15022023,1080.0,2080.0
2,1,25,1684.80004882812,1698.09997558593,S1C2 15022023,1080.0,2080.0
3,1,25,1787.69995117187,1802.29992675781,S1C2 15022023,1080.0,2080.0
4,2,35,1302.7001953125,1307.00012207031,S1C2 15022023,1080.0,2080.0
5,2,35,1413.0,1418.89965820312,S1C2 15022023,1080.0,2080.0
6,2,35,1499.90002441406,1511.80029296875,S1C2 15022023,1080.0,2080.0
7,2,35,1603.5,1622.00012207031,S1C2 15022023,1080.0,2080.0
8,3,45,1271.80004882812,1275.80078125,S1C2 15022023,1080.0,2080.0
9,3,45,1371.80004882812,1378.00109863281,S1C2 15022023,1080.0,2080.0
10,3,45,1472.80004882812,1485.099609375,S1C2 15022023,1080.0,2080.0
11,3,45,1551.7001953125,1568.19909667968,S1C2 15022023,1080.0,2080.0
12,4,55,1241.30004882812,1245.00109863281,S1C2 15022023,1080.0,2080.0
13,4,55,1361.30004882812,1367.599609375,S1C2 15022023,1080.0,2080.0
14,4,55,1447.0,1459.19909667968,S1C2 15022023,1080.0,2080.0
15,4,55,1526.0,1543.90258789062,S1C2 15022023,1080.0,2080.0
16,4,55,1807.40051269531,2079.40258789062,S1C2 15022023,1080.0,2080.0
17,5,65,1213.09948730468,1216.798828125,S1C2 15022023,1080.0,2080.0
18,5,65,1299.5,1305.798828125,S1C2 15022023,1080.0,2080.0
19,5,65,1394.19921875,1403.40258789062,S1C2 15022023,1080.0,2080.0
20,5,65,1476.80102539062,1494.69909667968,S1C2 15022023,1080.0,2080.0
21,5,65,1690.90051269531,2079.69921875,S1C2 15022023,1080.0,2080.0
22,6,75,1209.5,1213.00012207031,S1C2 15022023,1080.0,2080.0
23,6,75,1305.90051269531,1311.599609375,S1C2 15022023,1080.0,2080.0
24,6,75,1371.19921875,1384.599609375,S1C2 15022023,1080.0,2080.0
25,6,75,1447.90051269531,1465.69909667968,S1C2 15022023,1080.0,2080.0
26,7,85,1236.30102539062,1240.00012207031,S1C2 15022023,1080.0,2080.0
27,7,85,1318.40051269531,1324.19909667968,S1C2 15022023,1080.0,2080.0
28,7,85,1395.80102539062,1406.69909667968,S1C2 15022023,1080.0,2080.0
29,7,85,1475.80102539062,1490.69909667968,S1C2 15022023,1080.0,2080.0
30,7,85,1748.19921875,2079.599609375,S1C2 15022023,1080.0,2080.0
31,8,95,1192.5,1196.1015625,S1C2 15022023,1080.0,2080.0
32,8,95,1269.89855957031,1275.40258789062,S1C2 15022023,1080.0,2080.0
33,8,95,1350.30102539062,1362.49621582031,S1C2 15022023,1080.0,2080.0
34,9,105,1186.0,1189.40258789062,S1C2 15022023,1080.0,2080.0
35,9,105,1282.89855957031,1289.1015625,S1C2 15022023,1080.0,2080.0
36,9,105,1364.30102539062,1378.49621582031,S1C2 15022023,1080.0,2080.0
37,10,115,1196.5,1199.99621582031,S1C2 15022023,1080.0,2080.0
38,10,115,1258.0,1263.70300292968,S1C2 15022023,1080.0,2080.0
39,10,115,1317.69921875,1330.40258789062,S1C2 15022023,1080.0,2080.0
40,10,115,1554.89855957031,2079.40258789062,S1C2 15022023,1080.0,2080.0
41,11,125,1187.80102539062,1191.296875,S1C2 15022023,1080.0,2080.0
42,11,125,1251.0,1256.70300292968,S1C2 15022023,1080.0,2080.0
43,11,125,1310.69921875,1321.796875,S1C2 15022023,1080.0,2080.0
44,11,125,1372.30102539062,1388.6015625,S1C2 15022023,1080.0,2080.0
45,11,125,1479.30102539062,2079.796875,S1C2 15022023,1080.0,2080.0
46,12,135,1181.60144042968,1184.99621582031,S1C2 15022023,1080.0,2080.0
47,12,135,1243.89855957031,1249.70300292968,S1C2 15022023,1080.0,2080.0
48,12,135,1303.0,1314.6015625,S1C2 15022023,1080.0,2080.0
49,12,135,1437.89855957031,2079.49609375,S1C2 15022023,1080.0,2080.0
50,13,145,1188.80102539062,1192.296875,S1C2 15022023,1080.0,2080.0
51,13,145,1254.5,1260.99621582031,S1C2 15022023,1080.0,2080.0
52,13,145,1313.30102539062,1325.20300292968,S1C2 15022023,1080.0,2080.0
53,13,145,1421.0,2079.6015625,S1C2 15022023,1080.0,2080.0
54,14,155,1157.60144042968,1161.39074707031,S1C2 15022023,1080.0,2080.0
55,14,155,1225.39855957031,1231.8046875,S1C2 15022023,1080.0,2080.0
56,14,155,1281.89855957031,1292.8046875,S1C2 15022023,1080.0,2080.0
57,14,155,1423.5,2079.6015625,S1C2 15022023,1080.0,2080.0
58,15,165,1167.0,1170.3046875,S1C2 15022023,1080.0,2080.0
59,15,165,1226.60144042968,1232.70300292968,S1C2 15022023,1080.0,2080.0
60,15,165,1281.10144042968,1292.3046875,S1C2 15022023,1080.0,2080.0
61,15,165,1348.203125,2079.6015625,S1C2 15022023,1080.0,2080.0
0,1,25,0.0,0.0,S1C2 20012023,1080.0,2080.0
1,2,35,0.0,0.0,S1C2 20012023,1080.0,2080.0
2,3,45,0.0,0.0,S1C2 20012023,1080.0,2080.0
3,4,55,0.0,0.0,S1C2 20012023,1080.0,2080.0
4,5,65,0.0,0.0,S1C2 20012023,1080.0,2080.0
5,6,75,0.0,0.0,S1C2 20012023,1080.0,2080.0
6,7,85,0.0,0.0,S1C2 20012023,1080.0,2080.0
7,8,95,0.0,0.0,S1C2 20012023,1080.0,2080.0
8,9,105,0.0,0.0,S1C2 20012023,1080.0,2080.0
9,10,115,0.0,0.0,S1C2 20012023,1080.0,2080.0
10,11,125,0.0,0.0,S1C2 20012023,1080.0,2080.0
11,12,135,2066.6015625,2068.1015625,S1C2 20012023,1080.0,2080.0
12,13,145,2067.6015625,2069.1015625,S1C2 20012023,1080.0,2080.0
13,14,155,2003.703125,2005.20300292968,S1C2 20012023,1080.0,2080.0
14,15,165,1960.5,1962.00012207031,S1C2 20012023,1080.0,2080.0
0,1,25,1901.80004882812,1904.19995117187,S1C2 21022023,1080.0,2080.0
1,1,25,1970.09997558593,1972.79992675781,S1C2 21022023,1080.0,2080.0
2,1,25,2037.10009765625,2039.99987792968,S1C2 21022023,1080.0,2080.0
3,2,35,1780.7001953125,1783.2001953125,S1C2 21022023,1080.0,2080.0
4,2,35,1842.60009765625,1845.2001953125,S1C2 21022023,1080.0,2080.0
5,2,35,1895.5,1898.2001953125,S1C2 21022023,1080.0,2080.0
6,2,35,1947.40002441406,1950.50012207031,S1C2 21022023,1080.0,2080.0
7,2,35,2016.0,2019.30029296875,S1C2 21022023,1080.0,2080.0
8,2,35,2071.10009765625,2074.89965820312,S1C2 21022023,1080.0,2080.0
9,3,45,1735.0,1737.50109863281,S1C2 21022023,1080.0,2080.0
10,3,45,1791.40051269531,1794.099609375,S1C2 21022023,1080.0,2080.0
11,3,45,1841.80004882812,1844.69909667968,S1C2 21022023,1080.0,2080.0
12,3,45,1893.40051269531,1896.69909667968,S1C2 21022023,1080.0,2080.0
13,3,45,1954.59948730468,1958.19909667968,S1C2 21022023,1080.0,2080.0
14,3,45,2005.5,2009.599609375,S1C2 21022023,1080.0,2080.0
15,3,45,2056.5,2060.89965820312,S1C2 21022023,1080.0,2080.0
16,4,55,1687.0,1689.40258789062,S1C2 21022023,1080.0,2080.0
17,4,55,1736.09948730468,1738.69909667968,S1C2 21022023,1080.0,2080.0
18,4,55,1787.59948730468,1790.599609375,S1C2 21022023,1080.0,2080.0
19,4,55,1829.80102539062,1833.19909667968,S1C2 21022023,1080.0,2080.0
20,4,55,1874.30102539062,1877.90258789062,S1C2 21022023,1080.0,2080.0
21,4,55,1918.09948730468,1922.50012207031,S1C2 21022023,1080.0,2080.0
22,4,55,1966.0,1970.90258789062,S1C2 21022023,1080.0,2080.0
23,4,55,2011.80102539062,2016.599609375,S1C2 21022023,1080.0,2080.0
24,4,55,2053.5,2059.19921875,S1C2 21022023,1080.0,2080.0
25,5,65,1669.5,1671.90258789062,S1C2 21022023,1080.0,2080.0
26,5,65,1722.90051269531,1725.599609375,S1C2 21022023,1080.0,2080.0
27,5,65,1772.30102539062,1775.298828125,S1C2 21022023,1080.0,2080.0
28,5,65,1820.59948730468,1823.90258789062,S1C2 21022023,1080.0,2080.0
29,5,65,1867.40051269531,1871.19909667968,S1C2 21022023,1080.0,2080.0
30,5,65,1910.30102539062,1915.099609375,S1C2 21022023,1080.0,2080.0
31,5,65,1957.69921875,1962.798828125,S1C2 21022023,1080.0,2080.0
32,5,65,2002.80102539062,2008.40258789062,S1C2 21022023,1080.0,2080.0
33,5,65,2048.30102539062,2054.90258789062,S1C2 21022023,1080.0,2080.0
34,6,75,1647.5,1649.90258789062,S1C2 21022023,1080.0,2080.0
35,6,75,1697.5,1700.298828125,S1C2 21022023,1080.0,2080.0
36,6,75,1749.5,1752.69909667968,S1C2 21022023,1080.0,2080.0
37,6,75,1803.19921875,1806.798828125,S1C2 21022023,1080.0,2080.0
38,6,75,1844.19921875,1848.599609375,S1C2 21022023,1080.0,2080.0
39,6,75,1900.90051269531,1905.90258789062,S1C2 21022023,1080.0,2080.0
40,6,75,1945.0,1950.599609375,S1C2 21022023,1080.0,2080.0
41,6,75,1997.30102539062,2003.69909667968,S1C2 21022023,1080.0,2080.0
42,6,75,2042.0,2048.5,S1C2 21022023,1080.0,2080.0
43,7,85,1608.09948730468,1610.50012207031,S1C2 21022023,1080.0,2080.0
44,7,85,1662.5,1665.19909667968,S1C2 21022023,1080.0,2080.0
45,7,85,1707.69921875,1710.798828125,S1C2 21022023,1080.0,2080.0
46,7,85,1757.0,1760.69909667968,S1C2 21022023,1080.0,2080.0
47,7,85,1802.69921875,1807.00012207031,S1C2 21022023,1080.0,2080.0
48,7,85,1841.09948730468,1846.50012207031,S1C2 21022023,1080.0,2080.0
49,7,85,1881.19921875,1887.298828125,S1C2 21022023,1080.0,2080.0
50,7,85,1925.69921875,1933.599609375,S1C2 21022023,1080.0,2080.0
51,8,95,1624.80102539062,1627.296875,S1C2 21022023,1080.0,2080.0
52,8,95,1665.5,1668.49621582031,S1C2 21022023,1080.0,2080.0
53,8,95,1709.30102539062,1712.6015625,S1C2 21022023,1080.0,2080.0
54,8,95,1749.5,1753.70300292968,S1C2 21022023,1080.0,2080.0
55,8,95,1792.10144042968,1797.20300292968,S1C2 21022023,1080.0,2080.0
56,8,95,1840.60144042968,1846.90258789062,S1C2 21022023,1080.0,2080.0
57,8,95,1893.10144042968,1900.70300292968,S1C2 21022023,1080.0,2080.0
58,8,95,1950.69921875,1956.796875,S1C2 21022023,1080.0,2080.0
59,9,105,1628.69921875,1631.20300292968,S1C2 21022023,1080.0,2080.0
60,9,105,1672.80102539062,1675.70300292968,S1C2 21022023,1080.0,2080.0
61,9,105,1714.80102539062,1718.20300292968,S1C2 21022023,1080.0,2080.0
62,9,105,1752.5,1756.796875,S1C2 21022023,1080.0,2080.0
63,9,105,1794.80102539062,1800.6015625,S1C2 21022023,1080.0,2080.0
64,9,105,1845.0,1852.40258789062,S1C2 21022023,1080.0,2080.0
65,9,105,1894.39855957031,1902.90258789062,S1C2 21022023,1080.0,2080.0
66,10,115,1610.10144042968,1612.6015625,S1C2 21022023,1080.0,2080.0
67,10,115,1667.30102539062,1670.296875,S1C2 21022023,1080.0,2080.0
68,10,115,1712.60144042968,1716.20300292968,S1C2 21022023,1080.0,2080.0
69,10,115,1764.5,1769.296875,S1C2 21022023,1080.0,2080.0
70,10,115,1816.10144042968,1822.90258789062,S1C2 21022023,1080.0,2080.0
71,10,115,1868.89855957031,1876.99621582031,S1C2 21022023,1080.0,2080.0
72,11,125,1539.19921875,1541.70300292968,S1C2 21022023,1080.0,2080.0
73,11,125,1590.0,1593.20300292968,S1C2 21022023,1080.0,2080.0
74,11,125,1631.80102539062,1635.49621582031,S1C2 21022023,1080.0,2080.0
75,11,125,1678.0,1682.796875,S1C2 21022023,1080.0,2080.0
76,11,125,1722.30102539062,1728.296875,S1C2 21022023,1080.0,2080.0
77,11,125,1765.0,1772.796875,S1C2 21022023,1080.0,2080.0
78,12,135,1584.69921875,1587.296875,S1C2 21022023,1080.0,2080.0
79,12,135,1630.60144042968,1633.6015625,S1C2 21022023,1080.0,2080.0
80,12,135,1682.30102539062,1686.1015625,S1C2 21022023,1080.0,2080.0
81,12,135,1724.19921875,1729.1015625,S1C2 21022023,1080.0,2080.0
82,12,135,1770.0,1776.1015625,S1C2 21022023,1080.0,2080.0
83,13,145,1569.30102539062,1571.796875,S1C2 21022023,1080.0,2080.0
84,13,145,1628.5,1631.6015625,S1C2 21022023,1080.0,2080.0
85,13,145,1670.60144042968,1674.796875,S1C2 21022023,1080.0,2080.0
86,13,145,1711.89855957031,1717.6015625,S1C2 21022023,1080.0,2080.0
87,13,145,1764.39855957031,1768.99621582031,S1C2 21022023,1080.0,2080.0
88,14,155,1574.703125,1577.1015625,S1C2 21022023,1080.0,2080.0
89,14,155,1629.89855957031,1633.1015625,S1C2 21022023,1080.0,2080.0
90,14,155,1695.60144042968,1701.70300292968,S1C2 21022023,1080.0,2080.0
91,14,155,2027.5,2042.6015625,S1C2 21022023,1080.0,2080.0
92,15,165,1566.39855957031,1568.89074707031,S1C2 21022023,1080.0,2080.0
93,15,165,1622.0,1625.00012207031,S1C2 21022023,1080.0,2080.0
94,15,165,1681.29699707031,1686.50012207031,S1C2 21022023,1080.0,2080.0
95,15,165,1735.0,1741.00012207031,S1C2 21022023,1080.0,2080.0
96,15,165,2054.29711914062,2078.3046875,S1C2 21022023,1080.0,2080.0
0,1,25,0.0,0.0,S1C2 22012023,1080.0,2080.0
1,2,35,1840.80004882812,1842.39965820312,S1C2 22012023,1080.0,2080.0
2,3,45,1769.7001953125,1771.19909667968,S1C2 22012023,1080.0,2080.0
3,3,45,1951.30004882812,1952.89965820312,S1C2 22012023,1080.0,2080.0
4,4,55,1639.69921875,1641.099609375,S1C2 22012023,1080.0,2080.0
5,4,55,1812.5,1813.90258789062,S1C2 22012023,1080.0,2080.0
6,4,55,1958.69921875,1960.19909667968,S1C2 22012023,1080.0,2080.0
7,4,55,2024.40051269531,2025.90258789062,S1C2 22012023,1080.0,2080.0
8,5,65,1588.5,1589.90258789062,S1C2 22012023,1080.0,2080.0
9,5,65,1734.59948730468,1736.00012207031,S1C2 22012023,1080.0,2080.0
10,5,65,1856.80102539062,1858.19909667968,S1C2 22012023,1080.0,2080.0
11,5,65,1934.0,1935.50012207031,S1C2 22012023,1080.0,2080.0
12,5,65,1986.59948730468,1988.099609375,S1C2 22012023,1080.0,2080.0
13,5,65,2034.69921875,2036.298828125,S1C2 22012023,1080.0,2080.0
14,5,65,2069.0,2070.599609375,S1C2 22012023,1080.0,2080.0
15,6,75,1579.09948730468,1580.599609375,S1C2 22012023,1080.0,2080.0
16,6,75,1730.69921875,1732.298828125,S1C2 22012023,1080.0,2080.0
17,6,75,1810.19921875,1811.90258789062,S1C2 22012023,1080.0,2080.0
18,6,75,1860.69921875,1862.40258789062,S1C2 22012023,1080.0,2080.0
19,6,75,1903.09948730468,1904.798828125,S1C2 22012023,1080.0,2080.0
20,6,75,1943.0,1944.798828125,S1C2 22012023,1080.0,2080.0
21,6,75,1977.30102539062,1979.099609375,S1C2 22012023,1080.0,2080.0
22,6,75,2016.30102539062,2018.19909667968,S1C2 22012023,1080.0,2080.0
23,6,75,2055.900390625,2057.90258789062,S1C2 22012023,1080.0,2080.0
24,7,85,1492.59948730468,1494.298828125,S1C2 22012023,1080.0,2080.0
25,7,85,1634.90051269531,1636.599609375,S1C2 22012023,1080.0,2080.0
26,7,85,1731.69921875,1733.50012207031,S1C2 22012023,1080.0,2080.0
27,7,85,1794.90051269531,1796.798828125,S1C2 22012023,1080.0,2080.0
28,7,85,1849.09948730468,1851.099609375,S1C2 22012023,1080.0,2080.0
29,7,85,1891.09948730468,1893.19909667968,S1C2 22012023,1080.0,2080.0
30,7,85,1923.0,1925.19909667968,S1C2 22012023,1080.0,2080.0
31,7,85,1964.80102539062,1967.099609375,S1C2 22012023,1080.0,2080.0
32,7,85,2033.59948730468,2036.099609375,S1C2 22012023,1080.0,2080.0
33,8,95,1483.69921875,1485.49621582031,S1C2 22012023,1080.0,2080.0
34,8,95,1610.19921875,1611.99621582031,S1C2 22012023,1080.0,2080.0
35,8,95,1725.10144042968,1727.1015625,S1C2 22012023,1080.0,2080.0
36,8,95,1762.89855957031,1764.99621582031,S1C2 22012023,1080.0,2080.0
37,8,95,1806.30102539062,1808.49621582031,S1C2 22012023,1080.0,2080.0
38,8,95,1845.0,1847.296875,S1C2 22012023,1080.0,2080.0
39,8,95,1887.0,1889.296875,S1C2 22012023,1080.0,2080.0
40,9,105,1432.60144042968,1434.40258789062,S1C2 22012023,1080.0,2080.0
41,9,105,1538.30102539062,1540.20300292968,S1C2 22012023,1080.0,2080.0
42,9,105,1635.89855957031,1637.90258789062,S1C2 22012023,1080.0,2080.0
43,9,105,1683.30102539062,1685.296875,S1C2 22012023,1080.0,2080.0
44,9,105,1732.19921875,1734.40258789062,S1C2 22012023,1080.0,2080.0
45,9,105,1770.19921875,1772.40258789062,S1C2 22012023,1080.0,2080.0
46,9,105,1801.39855957031,1803.796875,S1C2 22012023,1080.0,2080.0
47,9,105,1902.30102539062,1904.99621582031,S1C2 22012023,1080.0,2080.0
48,9,105,1935.10144042968,1937.90258789062,S1C2 22012023,1080.0,2080.0
49,10,115,1386.80102539062,1388.49621582031,S1C2 22012023,1080.0,2080.0
50,10,115,1504.60144042968,1506.40258789062,S1C2 22012023,1080.0,2080.0
51,10,115,1579.89855957031,1581.796875,S1C2 22012023,1080.0,2080.0
52,10,115,1625.89855957031,1627.90258789062,S1C2 22012023,1080.0,2080.0
53,10,115,1698.80102539062,1700.99621582031,S1C2 22012023,1080.0,2080.0
54,10,115,1730.19921875,1732.40258789062,S1C2 22012023,1080.0,2080.0
55,10,115,1765.10144042968,1767.40258789062,S1C2 22012023,1080.0,2080.0
56,10,115,1828.5,1830.90258789062,S1C2 22012023,1080.0,2080.0
57,10,115,1864.69921875,1867.296875,S1C2 22012023,1080.0,2080.0
58,11,125,1385.10144042968,1386.796875,S1C2 22012023,1080.0,2080.0
59,11,125,1537.30102539062,1539.20300292968,S1C2 22012023,1080.0,2080.0
60,11,125,1580.19921875,1582.20300292968,S1C2 22012023,1080.0,2080.0
61,11,125,1635.5,1637.6015625,S1C2 22012023,1080.0,2080.0
62,11,125,1672.60144042968,1674.70300292968,S1C2 22012023,1080.0,2080.0
63,11,125,1707.89855957031,1710.296875,S1C2 22012023,1080.0,2080.0
64,11,125,1737.10144042968,1739.49621582031,S1C2 22012023,1080.0,2080.0
65,11,125,1785.30102539062,1787.90258789062,S1C2 22012023,1080.0,2080.0
66,12,135,1372.0,1373.796875,S1C2 22012023,1080.0,2080.0
67,12,135,1488.10144042968,1489.99621582031,S1C2 22012023,1080.0,2080.0
68,12,135,1537.39855957031,1539.49621582031,S1C2 22012023,1080.0,2080.0
69,12,135,1592.19921875,1594.296875,S1C2 22012023,1080.0,2080.0
70,12,135,1628.10144042968,1630.296875,S1C2 22012023,1080.0,2080.0
71,12,135,1668.5,1670.796875,S1C2 22012023,1080.0,2080.0
72,12,135,1714.39855957031,1717.1015625,S1C2 22012023,1080.0,2080.0
73,12,135,1741.30102539062,1744.1015625,S1C2 22012023,1080.0,2080.0
74,12,135,1774.60144042968,1777.49621582031,S1C2 22012023,1080.0,2080.0
75,12,135,1812.0,1815.1015625,S1C2 22012023,1080.0,2080.0
76,13,145,1336.5,1338.20300292968,S1C2 22012023,1080.0,2080.0
77,13,145,1446.30102539062,1448.1015625,S1C2 22012023,1080.0,2080.0
78,13,145,1523.0,1524.99621582031,S1C2 22012023,1080.0,2080.0
79,13,145,1557.89855957031,1559.90258789062,S1C2 22012023,1080.0,2080.0
80,13,145,1595.89855957031,1597.99621582031,S1C2 22012023,1080.0,2080.0
81,13,145,1626.5,1628.70300292968,S1C2 22012023,1080.0,2080.0
82,13,145,1658.39855957031,1660.796875,S1C2 22012023,1080.0,2080.0
83,13,145,1693.80102539062,1696.296875,S1C2 22012023,1080.0,2080.0
84,13,145,1721.19921875,1723.90258789062,S1C2 22012023,1080.0,2080.0
85,13,145,1761.19921875,1764.1015625,S1C2 22012023,1080.0,2080.0
86,14,155,1348.29699707031,1350.00012207031,S1C2 22012023,1080.0,2080.0
87,14,155,1433.60144042968,1435.39074707031,S1C2 22012023,1080.0,2080.0
88,14,155,1504.703125,1506.70300292968,S1C2 22012023,1080.0,2080.0
89,14,155,1538.79699707031,1540.89074707031,S1C2 22012023,1080.0,2080.0
90,14,155,1568.39855957031,1570.50012207031,S1C2 22012023,1080.0,2080.0
91,14,155,1609.703125,1612.00012207031,S1C2 22012023,1080.0,2080.0
92,14,155,1646.79699707031,1649.3046875,S1C2 22012023,1080.0,2080.0
93,14,155,1686.0,1688.6015625,S1C2 22012023,1080.0,2080.0
94,14,155,1767.10144042968,1770.00012207031,S1C2 22012023,1080.0,2080.0
95,14,155,1798.703125,1801.8046875,S1C2 22012023,1080.0,2080.0
96,15,165,1322.29699707031,1324.00012207031,S1C2 22012023,1080.0,2080.0
97,15,165,1421.39855957031,1423.20300292968,S1C2 22012023,1080.0,2080.0
98,15,165,1462.203125,1464.1015625,S1C2 22012023,1080.0,2080.0
99,15,165,1501.79699707031,1503.8046875,S1C2 22012023,1080.0,2080.0
100,15,165,1540.0,1542.1015625,S1C2 22012023,1080.0,2080.0
101,15,165,1574.79699707031,1577.1015625,S1C2 22012023,1080.0,2080.0
102,15,165,1609.60144042968,1612.00012207031,S1C2 22012023,1080.0,2080.0
103,15,165,1637.89855957031,1640.39074707031,S1C2 22012023,1080.0,2080.0
104,15,165,1674.39855957031,1677.1015625,S1C2 22012023,1080.0,2080.0
0,1,25,0.0,0.0,S1C2 24012023,1080.0,2080.0
1,2,35,1794.10009765625,1796.00012207031,S1C2 24012023,1080.0,2080.0
2,2,35,1974.90002441406,1976.80029296875,S1C2 24012023,1080.0,2080.0
3,3,45,1759.7001953125,1761.599609375,S1C2 24012023,1080.0,2080.0
4,3,45,1912.80004882812,1914.80078125,S1C2 24012023,1080.0,2080.0
5,3,45,2004.0,2006.099609375,S1C2 24012023,1080.0,2080.0
6,3,45,2073.900390625,2076.19921875,S1C2 24012023,1080.0,2080.0
7,4,55,1657.40051269531,1659.298828125,S1C2 24012023,1080.0,2080.0
8,4,55,1746.80102539062,1748.798828125,S1C2 24012023,1080.0,2080.0
9,4,55,1840.59948730468,1842.69909667968,S1C2 24012023,1080.0,2080.0
10,4,55,1905.90051269531,1908.099609375,S1C2 24012023,1080.0,2080.0
11,4,55,1966.40051269531,1968.798828125,S1C2 24012023,1080.0,2080.0
12,4,55,2072.80102539062,2075.298828125,S1C2 24012023,1080.0,2080.0
13,5,65,1563.30102539062,1565.19909667968,S1C2 24012023,1080.0,2080.0
14,5,65,1690.19921875,1692.19909667968,S1C2 24012023,1080.0,2080.0
15,5,65,1768.09948730468,1770.19909667968,S1C2 24012023,1080.0,2080.0
16,5,65,1825.19921875,1827.40258789062,S1C2 24012023,1080.0,2080.0
17,5,65,1907.30102539062,1909.798828125,S1C2 24012023,1080.0,2080.0
18,5,65,1949.40051269531,1951.90258789062,S1C2 24012023,1080.0,2080.0
19,5,65,2054.400390625,2057.0,S1C2 24012023,1080.0,2080.0
20,6,75,1519.5,1521.40258789062,S1C2 24012023,1080.0,2080.0
21,6,75,1646.69921875,1648.69909667968,S1C2 24012023,1080.0,2080.0
22,6,75,1714.40051269531,1716.599609375,S1C2 24012023,1080.0,2080.0
23,6,75,1788.80102539062,1791.099609375,S1C2 24012023,1080.0,2080.0
24,6,75,1854.09948730468,1856.599609375,S1C2 24012023,1080.0,2080.0
25,6,75,1905.80102539062,1908.298828125,S1C2 24012023,1080.0,2080.0
26,6,75,1965.0,1967.90258789062,S1C2 24012023,1080.0,2080.0
27,6,75,2019.19921875,2022.298828125,S1C2 24012023,1080.0,2080.0
28,7,85,1460.5,1462.40258789062,S1C2 24012023,1080.0,2080.0
29,7,85,1536.30102539062,1538.298828125,S1C2 24012023,1080.0,2080.0
30,7,85,1613.40051269531,1615.599609375,S1C2 24012023,1080.0,2080.0
31,7,85,1697.40051269531,1699.69909667968,S1C2 24012023,1080.0,2080.0
32,7,85,1743.0,1745.50012207031,S1C2 24012023,1080.0,2080.0
33,7,85,1787.40051269531,1790.099609375,S1C2 24012023,1080.0,2080.0
34,7,85,1838.40051269531,1841.19909667968,S1C2 24012023,1080.0,2080.0
35,7,85,1920.90051269531,1924.00012207031,S1C2 24012023,1080.0,2080.0
36,7,85,1961.80102539062,1964.90258789062,S1C2 24012023,1080.0,2080.0
37,7,85,2006.09948730468,2009.798828125,S1C2 24012023,1080.0,2080.0
38,7,85,2062.69921875,2066.599609375,S1C2 24012023,1080.0,2080.0
39,8,95,1402.89855957031,1404.90258789062,S1C2 24012023,1080.0,2080.0
40,8,95,1498.0,1500.1015625,S1C2 24012023,1080.0,2080.0
41,8,95,1552.89855957031,1555.1015625,S1C2 24012023,1080.0,2080.0
42,8,95,1630.80102539062,1633.20300292968,S1C2 24012023,1080.0,2080.0
43,8,95,1692.69921875,1695.40258789062,S1C2 24012023,1080.0,2080.0
44,8,95,1747.30102539062,1750.1015625,S1C2 24012023,1080.0,2080.0
45,8,95,1795.19921875,1798.20300292968,S1C2 24012023,1080.0,2080.0
46,8,95,1862.89855957031,1865.99621582031,S1C2 24012023,1080.0,2080.0
47,8,95,1904.89855957031,1908.20300292968,S1C2 24012023,1080.0,2080.0
48,8,95,1992.30102539062,1996.6015625,S1C2 24012023,1080.0,2080.0
49,8,95,2038.30102539062,2042.296875,S1C2 24012023,1080.0,2080.0
50,9,105,1380.80102539062,1382.70300292968,S1C2 24012023,1080.0,2080.0
51,9,105,1481.19921875,1483.20300292968,S1C2 24012023,1080.0,2080.0
52,9,105,1548.69921875,1550.90258789062,S1C2 24012023,1080.0,2080.0
53,9,105,1604.80102539062,1607.20300292968,S1C2 24012023,1080.0,2080.0
54,9,105,1650.5,1653.1015625,S1C2 24012023,1080.0,2080.0
55,9,105,1720.69921875,1723.49621582031,S1C2 24012023,1080.0,2080.0
56,9,105,1765.0,1768.20300292968,S1C2 24012023,1080.0,2080.0
57,9,105,1827.60144042968,1831.1015625,S1C2 24012023,1080.0,2080.0
58,9,105,1882.89855957031,1886.796875,S1C2 24012023,1080.0,2080.0
59,9,105,1945.30102539062,1949.296875,S1C2 24012023,1080.0,2080.0
60,9,105,2014.5,2019.20300292968,S1C2 24012023,1080.0,2080.0
61,10,115,1360.80102539062,1362.70300292968,S1C2 24012023,1080.0,2080.0
62,10,115,1449.5,1451.49621582031,S1C2 24012023,1080.0,2080.0
63,10,115,1508.10144042968,1510.296875,S1C2 24012023,1080.0,2080.0
64,10,115,1565.60144042968,1567.99621582031,S1C2 24012023,1080.0,2080.0
65,10,115,1620.5,1623.1015625,S1C2 24012023,1080.0,2080.0
66,10,115,1672.39855957031,1675.20300292968,S1C2 24012023,1080.0,2080.0
67,10,115,1725.0,1727.99621582031,S1C2 24012023,1080.0,2080.0
68,10,115,1906.89855957031,1911.40258789062,S1C2 24012023,1080.0,2080.0
69,11,125,1336.80102539062,1338.70300292968,S1C2 24012023,1080.0,2080.0
70,11,125,1404.69921875,1406.796875,S1C2 24012023,1080.0,2080.0
71,11,125,1449.30102539062,1451.49621582031,S1C2 24012023,1080.0,2080.0
72,11,125,1514.69921875,1517.1015625,S1C2 24012023,1080.0,2080.0
73,11,125,1547.0,1549.49621582031,S1C2 24012023,1080.0,2080.0
74,11,125,1590.89855957031,1593.6015625,S1C2 24012023,1080.0,2080.0
75,11,125,1633.39855957031,1636.49621582031,S1C2 24012023,1080.0,2080.0
76,11,125,1684.80102539062,1687.796875,S1C2 24012023,1080.0,2080.0
77,11,125,1744.69921875,1747.99621582031,S1C2 24012023,1080.0,2080.0
78,11,125,1807.89855957031,1811.796875,S1C2 24012023,1080.0,2080.0
79,11,125,1851.89855957031,1856.1015625,S1C2 24012023,1080.0,2080.0
80,12,135,1329.30102539062,1331.20300292968,S1C2 24012023,1080.0,2080.0
81,12,135,1394.0,1395.99621582031,S1C2 24012023,1080.0,2080.0
82,12,135,1449.30102539062,1451.49621582031,S1C2 24012023,1080.0,2080.0
83,12,135,1503.69921875,1506.1015625,S1C2 24012023,1080.0,2080.0
84,12,135,1556.69921875,1559.296875,S1C2 24012023,1080.0,2080.0
85,12,135,1612.5,1615.296875,S1C2 24012023,1080.0,2080.0
86,12,135,1664.30102539062,1667.49621582031,S1C2 24012023,1080.0,2080.0
87,12,135,1704.39855957031,1707.796875,S1C2 24012023,1080.0,2080.0
88,12,135,1750.60144042968,1754.20300292968,S1C2 24012023,1080.0,2080.0
89,12,135,1794.60144042968,1798.40258789062,S1C2 24012023,1080.0,2080.0
90,12,135,1849.0,1853.49621582031,S1C2 24012023,1080.0,2080.0
91,13,145,1324.80102539062,1326.70300292968,S1C2 24012023,1080.0,2080.0
92,13,145,1396.89855957031,1398.90258789062,S1C2 24012023,1080.0,2080.0
93,13,145,1447.80102539062,1449.99621582031,S1C2 24012023,1080.0,2080.0
94,13,145,1505.39855957031,1507.796875,S1C2 24012023,1080.0,2080.0
95,13,145,1547.19921875,1549.90258789062,S1C2 24012023,1080.0,2080.0
96,13,145,1595.0,1597.90258789062,S1C2 24012023,1080.0,2080.0
97,13,145,1672.39855957031,1675.296875,S1C2 24012023,1080.0,2080.0
98,13,145,1719.89855957031,1723.20300292968,S1C2 24012023,1080.0,2080.0
99,13,145,1764.19921875,1768.49621582031,S1C2 24012023,1080.0,2080.0
100,13,145,1813.10144042968,1817.6015625,S1C2 24012023,1080.0,2080.0
101,13,145,1865.89855957031,1870.796875,S1C2 24012023,1080.0,2080.0
102,14,155,1257.10144042968,1258.89074707031,S1C2 24012023,1080.0,2080.0
103,14,155,1340.5,1342.50012207031,S1C2 24012023,1080.0,2080.0
104,14,155,1394.89855957031,1397.1015625,S1C2 24012023,1080.0,2080.0
105,14,155,1431.89855957031,1434.20300292968,S1C2 24012023,1080.0,2080.0
106,14,155,1485.39855957031,1488.00012207031,S1C2 24012023,1080.0,2080.0
107,14,155,1518.703125,1521.50012207031,S1C2 24012023,1080.0,2080.0
108,14,155,1559.5,1562.39074707031,S1C2 24012023,1080.0,2080.0
109,14,155,1597.89855957031,1601.1015625,S1C2 24012023,1080.0,2080.0
110,14,155,1635.0,1638.6015625,S1C2 24012023,1080.0,2080.0
111,14,155,1682.0,1686.00012207031,S1C2 24012023,1080.0,2080.0
112,15,165,1281.60144042968,1283.50012207031,S1C2 24012023,1080.0,2080.0
113,15,165,1377.0,1379.00012207031,S1C2 24012023,1080.0,2080.0
114,15,165,1427.29699707031,1429.6015625,S1C2 24012023,1080.0,2080.0
115,15,165,1473.0,1475.50012207031,S1C2 24012023,1080.0,2080.0
116,15,165,1512.703125,1515.39074707031,S1C2 24012023,1080.0,2080.0
117,15,165,1548.10144042968,1551.00012207031,S1C2 24012023,1080.0,2080.0
118,15,165,1588.89855957031,1592.00012207031,S1C2 24012023,1080.0,2080.0
119,15,165,1624.39855957031,1628.1015625,S1C2 24012023,1080.0,2080.0
120,15,165,1664.60144042968,1668.50012207031,S1C2 24012023,1080.0,2080.0
0,1,25,1574.59997558593,1577.69995117187,S1C2 27022023,1080.0,2080.0
1,1,25,1901.40002441406,1904.90014648437,S1C2 27022023,1080.0,2080.0
2,2,35,1404.7001953125,1407.7001953125,S1C2 27022023,1080.0,2080.0
3,2,35,1687.7001953125,1691.10009765625,S1C2 27022023,1080.0,2080.0
4,2,35,1942.60009765625,1946.50012207031,S1C2 27022023,1080.0,2080.0
5,3,45,1407.5,1410.599609375,S1C2 27022023,1080.0,2080.0
6,3,45,1617.0,1620.69909667968,S1C2 27022023,1080.0,2080.0
7,3,45,1811.5,1815.599609375,S1C2 27022023,1080.0,2080.0
8,3,45,2025.40051269531,2030.00109863281,S1C2 27022023,1080.0,2080.0
9,4,55,1349.40051269531,1352.69909667968,S1C2 27022023,1080.0,2080.0
10,4,55,1587.30102539062,1591.19909667968,S1C2 27022023,1080.0,2080.0
11,4,55,1761.80102539062,1766.099609375,S1C2 27022023,1080.0,2080.0
12,4,55,1908.19921875,1913.00012207031,S1C2 27022023,1080.0,2080.0
13,4,55,2065.400390625,2070.599609375,S1C2 27022023,1080.0,2080.0
14,5,65,1336.30102539062,1339.69909667968,S1C2 27022023,1080.0,2080.0
15,5,65,1554.19921875,1558.099609375,S1C2 27022023,1080.0,2080.0
16,5,65,1758.0,1762.599609375,S1C2 27022023,1080.0,2080.0
17,5,65,1907.90051269531,1912.798828125,S1C2 27022023,1080.0,2080.0
18,5,65,2057.80102539062,2063.19921875,S1C2 27022023,1080.0,2080.0
19,6,75,1305.19921875,1308.599609375,S1C2 27022023,1080.0,2080.0
20,6,75,1541.0,1545.00012207031,S1C2 27022023,1080.0,2080.0
21,6,75,1694.90051269531,1699.40258789062,S1C2 27022023,1080.0,2080.0
22,6,75,1848.80102539062,1854.099609375,S1C2 27022023,1080.0,2080.0
23,6,75,1983.59948730468,1989.298828125,S1C2 27022023,1080.0,2080.0
24,7,85,1348.40051269531,1351.798828125,S1C2 27022023,1080.0,2080.0
25,7,85,1520.80102539062,1524.798828125,S1C2 27022023,1080.0,2080.0
26,7,85,1677.59948730468,1682.19909667968,S1C2 27022023,1080.0,2080.0
27,7,85,1840.30102539062,1845.90258789062,S1C2 27022023,1080.0,2080.0
28,7,85,1956.59948730468,1962.40258789062,S1C2 27022023,1080.0,2080.0
29,7,85,2066.0,2072.5,S1C2 27022023,1080.0,2080.0
30,8,95,1269.30102539062,1272.70300292968,S1C2 27022023,1080.0,2080.0
31,8,95,1477.0,1480.99621582031,S1C2 27022023,1080.0,2080.0
32,8,95,1609.80102539062,1614.40258789062,S1C2 27022023,1080.0,2080.0
33,8,95,1746.69921875,1752.1015625,S1C2 27022023,1080.0,2080.0
34,8,95,1865.10144042968,1870.99621582031,S1C2 27022023,1080.0,2080.0
35,8,95,2005.5,2012.1015625,S1C2 27022023,1080.0,2080.0
36,9,105,1315.69921875,1319.20300292968,S1C2 27022023,1080.0,2080.0
37,9,105,1462.69921875,1466.796875,S1C2 27022023,1080.0,2080.0
38,9,105,1588.30102539062,1593.1015625,S1C2 27022023,1080.0,2080.0
39,9,105,1726.30102539062,1732.1015625,S1C2 27022023,1080.0,2080.0
40,9,105,1832.80102539062,1839.40258789062,S1C2 27022023,1080.0,2080.0
41,9,105,1924.10144042968,1931.99621582031,S1C2 27022023,1080.0,2080.0
42,9,105,2042.39855957031,2053.6015625,S1C2 27022023,1080.0,2080.0
43,10,115,1277.69921875,1281.20300292968,S1C2 27022023,1080.0,2080.0
44,10,115,1447.60144042968,1451.70300292968,S1C2 27022023,1080.0,2080.0
45,10,115,1580.10144042968,1584.90258789062,S1C2 27022023,1080.0,2080.0
46,10,115,1687.39855957031,1693.49621582031,S1C2 27022023,1080.0,2080.0
47,10,115,1804.80102539062,1811.796875,S1C2 27022023,1080.0,2080.0
48,10,115,1918.30102539062,1927.1015625,S1C2 27022023,1080.0,2080.0
49,10,115,2020.19921875,2030.49621582031,S1C2 27022023,1080.0,2080.0
50,11,125,1269.69921875,1273.1015625,S1C2 27022023,1080.0,2080.0
51,11,125,1442.30102539062,1446.40258789062,S1C2 27022023,1080.0,2080.0
52,11,125,1540.10144042968,1544.70300292968,S1C2 27022023,1080.0,2080.0
53,11,125,1696.19921875,1702.49621582031,S1C2 27022023,1080.0,2080.0
54,11,125,1785.0,1791.796875,S1C2 27022023,1080.0,2080.0
55,11,125,1898.0,1906.296875,S1C2 27022023,1080.0,2080.0
56,11,125,1991.0,1999.99621582031,S1C2 27022023,1080.0,2080.0
57,11,125,2063.8984375,2074.40258789062,S1C2 27022023,1080.0,2080.0
58,12,135,1252.80102539062,1256.296875,S1C2 27022023,1080.0,2080.0
59,12,135,1415.60144042968,1419.90258789062,S1C2 27022023,1080.0,2080.0
60,12,135,1540.0,1544.90258789062,S1C2 27022023,1080.0,2080.0
61,12,135,1649.80102539062,1655.796875,S1C2 27022023,1080.0,2080.0
62,12,135,1768.30102539062,1778.20300292968,S1C2 27022023,1080.0,2080.0
63,12,135,1883.5,1894.20300292968,S1C2 27022023,1080.0,2080.0
64,12,135,1982.69921875,1993.70300292968,S1C2 27022023,1080.0,2080.0
65,13,145,1242.10144042968,1245.49621582031,S1C2 27022023,1080.0,2080.0
66,13,145,1389.19921875,1393.40258789062,S1C2 27022023,1080.0,2080.0
67,13,145,1525.69921875,1530.6015625,S1C2 27022023,1080.0,2080.0
68,13,145,1627.0,1632.90258789062,S1C2 27022023,1080.0,2080.0
69,13,145,1754.60144042968,1762.70300292968,S1C2 27022023,1080.0,2080.0
70,13,145,1831.10144042968,1840.20300292968,S1C2 27022023,1080.0,2080.0
71,13,145,1918.39855957031,1928.20300292968,S1C2 27022023,1080.0,2080.0
72,13,145,2034.19921875,2051.90258789062,S1C2 27022023,1080.0,2080.0
73,14,155,1240.0,1243.39074707031,S1C2 27022023,1080.0,2080.0
74,14,155,1381.203125,1385.3046875,S1C2 27022023,1080.0,2080.0
75,14,155,1512.703125,1517.50012207031,S1C2 27022023,1080.0,2080.0
76,14,155,1609.203125,1614.89074707031,S1C2 27022023,1080.0,2080.0
77,14,155,1729.29699707031,1737.3046875,S1C2 27022023,1080.0,2080.0
78,14,155,1834.203125,1845.00012207031,S1C2 27022023,1080.0,2080.0
79,14,155,1955.60144042968,1968.89074707031,S1C2 27022023,1080.0,2080.0
80,14,155,2018.29699707031,2038.70300292968,S1C2 27022023,1080.0,2080.0
81,15,165,1234.29699707031,1237.50012207031,S1C2 27022023,1080.0,2080.0
82,15,165,1392.0,1395.89074707031,S1C2 27022023,1080.0,2080.0
83,15,165,1541.39855957031,1546.1015625,S1C2 27022023,1080.0,2080.0
84,15,165,1625.0,1630.20300292968,S1C2 27022023,1080.0,2080.0
85,15,165,1732.89855957031,1739.39074707031,S1C2 27022023,1080.0,2080.0
86,15,165,1850.89855957031,1859.3046875,S1C2 27022023,1080.0,2080.0
87,15,165,1948.5,1958.1015625,S1C2 27022023,1080.0,2080.0
88,15,165,2047.39855957031,2059.703125,S1C2 27022023,1080.0,2080.0
0,1,25,1873.19995117187,1875.59997558593,S1C3 14022023,1080.0,2080.0
1,2,35,1801.60009765625,1804.10009765625,S1C3 14022023,1080.0,2080.0
2,2,35,2005.2001953125,2007.80029296875,S1C3 14022023,1080.0,2080.0
3,3,45,1617.2001953125,1619.69909667968,S1C3 14022023,1080.0,2080.0
4,3,45,1812.59948730468,1815.39965820312,S1C3 14022023,1080.0,2080.0
5,3,45,1960.80004882812,1963.80078125,S1C3 14022023,1080.0,2080.0
6,4,55,1593.19921875,1595.69909667968,S1C3 14022023,1080.0,2080.0
7,4,55,1766.90051269531,1769.69909667968,S1C3 14022023,1080.0,2080.0
8,4,55,1891.40051269531,1894.40258789062,S1C3 14022023,1080.0,2080.0
9,4,55,2002.19921875,2005.40258789062,S1C3 14022023,1080.0,2080.0
10,5,65,1514.0,1516.50012207031,S1C3 14022023,1080.0,2080.0
11,5,65,1685.40051269531,1688.298828125,S1C3 14022023,1080.0,2080.0
12,5,65,1782.30102539062,1785.298828125,S1C3 14022023,1080.0,2080.0
13,5,65,1877.5,1880.798828125,S1C3 14022023,1080.0,2080.0
14,5,65,1964.90051269531,1968.599609375,S1C3 14022023,1080.0,2080.0
15,5,65,2026.59948730468,2030.40258789062,S1C3 14022023,1080.0,2080.0
16,6,75,1483.90051269531,1486.50012207031,S1C3 14022023,1080.0,2080.0
17,6,75,1649.90051269531,1652.90258789062,S1C3 14022023,1080.0,2080.0
18,6,75,1764.0,1767.298828125,S1C3 14022023,1080.0,2080.0
19,6,75,1847.90051269531,1851.50012207031,S1C3 14022023,1080.0,2080.0
20,6,75,1918.80102539062,1922.40258789062,S1C3 14022023,1080.0,2080.0
21,6,75,1976.80102539062,1980.69909667968,S1C3 14022023,1080.0,2080.0
22,6,75,2038.59948730468,2042.90258789062,S1C3 14022023,1080.0,2080.0
23,7,85,1428.19921875,1430.798828125,S1C3 14022023,1080.0,2080.0
24,7,85,1582.59948730468,1585.50012207031,S1C3 14022023,1080.0,2080.0
25,7,85,1677.09948730468,1680.19909667968,S1C3 14022023,1080.0,2080.0
26,7,85,1746.69921875,1750.099609375,S1C3 14022023,1080.0,2080.0
27,7,85,1811.30102539062,1815.099609375,S1C3 14022023,1080.0,2080.0
28,7,85,1870.59948730468,1874.69909667968,S1C3 14022023,1080.0,2080.0
29,7,85,1928.19921875,1933.40258789062,S1C3 14022023,1080.0,2080.0
30,7,85,1975.09948730468,1981.00012207031,S1C3 14022023,1080.0,2080.0
31,7,85,2026.59948730468,2033.798828125,S1C3 14022023,1080.0,2080.0
32,7,85,2077.0,2079.69921875,S1C3 14022023,1080.0,2080.0
33,8,95,1407.5,1410.20300292968,S1C3 14022023,1080.0,2080.0
34,8,95,1547.5,1550.49621582031,S1C3 14022023,1080.0,2080.0
35,8,95,1641.10144042968,1644.40258789062,S1C3 14022023,1080.0,2080.0
36,8,95,1718.0,1721.6015625,S1C3 14022023,1080.0,2080.0
37,8,95,1778.5,1782.796875,S1C3 14022023,1080.0,2080.0
38,8,95,1829.19921875,1833.99621582031,S1C3 14022023,1080.0,2080.0
39,8,95,1878.0,1883.796875,S1C3 14022023,1080.0,2080.0
40,8,95,1925.19921875,1931.6015625,S1C3 14022023,1080.0,2080.0
41,8,95,1966.89855957031,1974.49621582031,S1C3 14022023,1080.0,2080.0
42,8,95,2007.39855957031,2017.20300292968,S1C3 14022023,1080.0,2080.0
43,8,95,2044.39855957031,2055.296875,S1C3 14022023,1080.0,2080.0
44,8,95,2077.80102539062,2078.99609375,S1C3 14022023,1080.0,2080.0
45,9,105,1393.89855957031,1396.49621582031,S1C3 14022023,1080.0,2080.0
46,9,105,1512.69921875,1515.6015625,S1C3 14022023,1080.0,2080.0
47,9,105,1602.0,1605.296875,S1C3 14022023,1080.0,2080.0
48,9,105,1672.69921875,1676.49621582031,S1C3 14022023,1080.0,2080.0
49,9,105,1729.30102539062,1733.296875,S1C3 14022023,1080.0,2080.0
50,9,105,1777.30102539062,1781.99621582031,S1C3 14022023,1080.0,2080.0
51,9,105,1824.10144042968,1829.6015625,S1C3 14022023,1080.0,2080.0
52,9,105,1865.10144042968,1872.49621582031,S1C3 14022023,1080.0,2080.0
53,9,105,1905.69921875,1914.796875,S1C3 14022023,1080.0,2080.0
54,9,105,1942.60144042968,1952.49621582031,S1C3 14022023,1080.0,2080.0
55,9,105,1976.80102539062,1988.296875,S1C3 14022023,1080.0,2080.0
56,9,105,2011.89855957031,2024.296875,S1C3 14022023,1080.0,2080.0
57,9,105,2044.10144042968,2062.203125,S1C3 14022023,1080.0,2080.0
58,10,115,1343.89855957031,1346.49621582031,S1C3 14022023,1080.0,2080.0
59,10,115,1469.5,1472.40258789062,S1C3 14022023,1080.0,2080.0
60,10,115,1559.30102539062,1562.6015625,S1C3 14022023,1080.0,2080.0
61,10,115,1633.30102539062,1636.90258789062,S1C3 14022023,1080.0,2080.0
62,10,115,1695.60144042968,1699.6015625,S1C3 14022023,1080.0,2080.0
63,10,115,1738.19921875,1742.796875,S1C3 14022023,1080.0,2080.0
64,10,115,1777.30102539062,1782.49621582031,S1C3 14022023,1080.0,2080.0
65,10,115,1816.60144042968,1823.1015625,S1C3 14022023,1080.0,2080.0
66,10,115,1853.89855957031,1862.70300292968,S1C3 14022023,1080.0,2080.0
67,10,115,1892.39855957031,1902.99621582031,S1C3 14022023,1080.0,2080.0
68,10,115,1929.30102539062,1941.296875,S1C3 14022023,1080.0,2080.0
69,10,115,1961.60144042968,1975.796875,S1C3 14022023,1080.0,2080.0
70,10,115,1991.80102539062,2005.40258789062,S1C3 14022023,1080.0,2080.0
71,10,115,2021.5,2036.99621582031,S1C3 14022023,1080.0,2080.0
72,10,115,2050.3984375,2066.203125,S1C3 14022023,1080.0,2080.0
73,10,115,2077.1015625,2078.99609375,S1C3 14022023,1080.0,2080.0
74,11,125,1333.10144042968,1335.70300292968,S1C3 14022023,1080.0,2080.0
75,11,125,1452.10144042968,1455.1015625,S1C3 14022023,1080.0,2080.0
76,11,125,1532.19921875,1535.70300292968,S1C3 14022023,1080.0,2080.0
77,11,125,1584.89855957031,1588.49621582031,S1C3 14022023,1080.0,2080.0
78,11,125,1643.89855957031,1648.20300292968,S1C3 14022023,1080.0,2080.0
79,11,125,1688.5,1693.6015625,S1C3 14022023,1080.0,2080.0
80,11,125,1734.5,1741.20300292968,S1C3 14022023,1080.0,2080.0
81,11,125,1774.0,1783.49621582031,S1C3 14022023,1080.0,2080.0
82,11,125,1810.80102539062,1821.90258789062,S1C3 14022023,1080.0,2080.0
83,11,125,1845.30102539062,1857.49621582031,S1C3 14022023,1080.0,2080.0
84,11,125,1877.19921875,1890.49621582031,S1C3 14022023,1080.0,2080.0
85,11,125,1909.60144042968,1923.20300292968,S1C3 14022023,1080.0,2080.0
86,11,125,1940.19921875,1955.20300292968,S1C3 14022023,1080.0,2080.0
87,11,125,1970.19921875,1984.49621582031,S1C3 14022023,1080.0,2080.0
88,11,125,1996.89855957031,2015.20300292968,S1C3 14022023,1080.0,2080.0
89,11,125,2026.80102539062,2045.1015625,S1C3 14022023,1080.0,2080.0
90,11,125,2054.30102539062,2078.6015625,S1C3 14022023,1080.0,2080.0
91,12,135,1316.30102539062,1318.90258789062,S1C3 14022023,1080.0,2080.0
92,12,135,1436.30102539062,1439.296875,S1C3 14022023,1080.0,2080.0
93,12,135,1505.89855957031,1509.1015625,S1C3 14022023,1080.0,2080.0
94,12,135,1570.69921875,1574.6015625,S1C3 14022023,1080.0,2080.0
95,12,135,1621.5,1625.90258789062,S1C3 14022023,1080.0,2080.0
96,12,135,1662.60144042968,1667.49621582031,S1C3 14022023,1080.0,2080.0
97,12,135,1698.30102539062,1705.20300292968,S1C3 14022023,1080.0,2080.0
98,12,135,1734.30102539062,1744.1015625,S1C3 14022023,1080.0,2080.0
99,12,135,1770.5,1780.6015625,S1C3 14022023,1080.0,2080.0
100,12,135,1800.89855957031,1810.6015625,S1C3 14022023,1080.0,2080.0
101,12,135,1829.5,1843.49621582031,S1C3 14022023,1080.0,2080.0
102,12,135,1860.10144042968,1872.49621582031,S1C3 14022023,1080.0,2080.0
103,12,135,1888.10144042968,1904.99621582031,S1C3 14022023,1080.0,2080.0
104,12,135,1918.80102539062,1933.40258789062,S1C3 14022023,1080.0,2080.0
105,12,135,1946.19921875,1965.296875,S1C3 14022023,1080.0,2080.0
106,12,135,1976.39855957031,2078.49609375,S1C3 14022023,1080.0,2080.0
107,13,145,1290.89855957031,1293.40258789062,S1C3 14022023,1080.0,2080.0
108,13,145,1396.10144042968,1398.99621582031,S1C3 14022023,1080.0,2080.0
109,13,145,1476.5,1479.796875,S1C3 14022023,1080.0,2080.0
110,13,145,1528.89855957031,1532.6015625,S1C3 14022023,1080.0,2080.0
111,13,145,1575.60144042968,1579.70300292968,S1C3 14022023,1080.0,2080.0
112,13,145,1614.0,1619.40258789062,S1C3 14022023,1080.0,2080.0
113,13,145,1652.5,1660.70300292968,S1C3 14022023,1080.0,2080.0
114,13,145,1690.5,1697.296875,S1C3 14022023,1080.0,2080.0
115,13,145,1723.60144042968,1734.20300292968,S1C3 14022023,1080.0,2080.0
116,13,145,1760.0,1773.1015625,S1C3 14022023,1080.0,2080.0
117,13,145,1794.60144042968,1807.49621582031,S1C3 14022023,1080.0,2080.0
118,13,145,1826.10144042968,1840.6015625,S1C3 14022023,1080.0,2080.0
119,13,145,1856.39855957031,1871.1015625,S1C3 14022023,1080.0,2080.0
120,13,145,1885.10144042968,1900.49621582031,S1C3 14022023,1080.0,2080.0
121,13,145,1911.39855957031,1929.6015625,S1C3 14022023,1080.0,2080.0
122,14,155,1317.39855957031,1320.00012207031,S1C3 14022023,1080.0,2080.0
123,14,155,1398.10144042968,1401.1015625,S1C3 14022023,1080.0,2080.0
124,14,155,1459.10144042968,1462.39074707031,S1C3 14022023,1080.0,2080.0
125,14,155,1514.0,1517.8046875,S1C3 14022023,1080.0,2080.0
126,14,155,1556.79699707031,1560.89074707031,S1C3 14022023,1080.0,2080.0
127,14,155,1602.0,1607.20300292968,S1C3 14022023,1080.0,2080.0
128,14,155,1637.79699707031,1645.20300292968,S1C3 14022023,1080.0,2080.0
129,14,155,1670.79699707031,1679.20300292968,S1C3 14022023,1080.0,2080.0
130,14,155,1703.10144042968,1713.6015625,S1C3 14022023,1080.0,2080.0
131,14,155,1733.79699707031,1746.6015625,S1C3 14022023,1080.0,2080.0
132,14,155,1764.203125,1777.39074707031,S1C3 14022023,1080.0,2080.0
133,14,155,1794.0,1809.89074707031,S1C3 14022023,1080.0,2080.0
134,14,155,1824.79699707031,1839.8046875,S1C3 14022023,1080.0,2080.0
135,14,155,1853.29699707031,1868.70300292968,S1C3 14022023,1080.0,2080.0
136,14,155,1879.79699707031,1895.8046875,S1C3 14022023,1080.0,2080.0
137,14,155,1904.5,2078.8046875,S1C3 14022023,1080.0,2080.0
138,15,165,1305.5,1308.00012207031,S1C3 14022023,1080.0,2080.0
139,15,165,1398.60144042968,1401.6015625,S1C3 14022023,1080.0,2080.0
140,15,165,1459.203125,1462.70300292968,S1C3 14022023,1080.0,2080.0
141,15,165,1514.0,1517.89074707031,S1C3 14022023,1080.0,2080.0
142,15,165,1562.39855957031,1567.00012207031,S1C3 14022023,1080.0,2080.0
143,15,165,1599.703125,1605.39074707031,S1C3 14022023,1080.0,2080.0
144,15,165,1634.29699707031,1641.50012207031,S1C3 14022023,1080.0,2080.0
145,15,165,1666.703125,1677.20300292968,S1C3 14022023,1080.0,2080.0
146,15,165,1698.703125,1709.1015625,S1C3 14022023,1080.0,2080.0
147,15,165,1727.703125,1740.8046875,S1C3 14022023,1080.0,2080.0
148,15,165,1757.10144042968,1771.3046875,S1C3 14022023,1080.0,2080.0
149,15,165,1786.89855957031,1801.8046875,S1C3 14022023,1080.0,2080.0
150,15,165,1814.39855957031,1828.89074707031,S1C3 14022023,1080.0,2080.0
151,15,165,1839.29699707031,2079.8046875,S1C3 14022023,1080.0,2080.0
0,1,25,1305.80004882812,1307.90014648437,S1C3 15022023,1080.0,2080.0
1,1,25,1433.5,1435.90014648437,S1C3 15022023,1080.0,2080.0
2,1,25,1560.69995117187,1563.29992675781,S1C3 15022023,1080.0,2080.0
3,1,25,1657.0,1659.90014648437,S1C3 15022023,1080.0,2080.0
4,1,25,1761.69995117187,1764.79992675781,S1C3 15022023,1080.0,2080.0
5,2,35,1248.2001953125,1250.2001953125,S1C3 15022023,1080.0,2080.0
6,2,35,1394.2001953125,1396.50012207031,S1C3 15022023,1080.0,2080.0
7,2,35,1496.60009765625,1499.10009765625,S1C3 15022023,1080.0,2080.0
8,3,45,1225.40051269531,1227.39965820312,S1C3 15022023,1080.0,2080.0
9,3,45,1347.90051269531,1350.19909667968,S1C3 15022023,1080.0,2080.0
10,3,45,1434.59948730468,1437.30078125,S1C3 15022023,1080.0,2080.0
11,4,55,1232.40051269531,1234.39965820312,S1C3 15022023,1080.0,2080.0
12,4,55,1331.09948730468,1333.39965820312,S1C3 15022023,1080.0,2080.0
13,4,55,1417.09948730468,1419.798828125,S1C3 15022023,1080.0,2080.0
14,4,55,1492.90051269531,1495.798828125,S1C3 15022023,1080.0,2080.0
15,5,65,1197.5,1199.50012207031,S1C3 15022023,1080.0,2080.0
16,5,65,1301.09948730468,1303.40258789062,S1C3 15022023,1080.0,2080.0
17,5,65,1396.09948730468,1398.69909667968,S1C3 15022023,1080.0,2080.0
18,6,75,1204.0,1205.90258789062,S1C3 15022023,1080.0,2080.0
19,6,75,1281.80102539062,1284.099609375,S1C3 15022023,1080.0,2080.0
20,6,75,1361.90051269531,1364.599609375,S1C3 15022023,1080.0,2080.0
21,7,85,1204.80102539062,1206.69909667968,S1C3 15022023,1080.0,2080.0
22,7,85,1286.0,1288.19909667968,S1C3 15022023,1080.0,2080.0
23,7,85,1352.5,1355.298828125,S1C3 15022023,1080.0,2080.0
24,8,95,1198.80102539062,1200.70300292968,S1C3 15022023,1080.0,2080.0
25,8,95,1273.69921875,1275.90258789062,S1C3 15022023,1080.0,2080.0
26,8,95,1336.89855957031,1339.296875,S1C3 15022023,1080.0,2080.0
27,9,105,1181.89855957031,1183.70300292968,S1C3 15022023,1080.0,2080.0
28,9,105,1258.10144042968,1260.296875,S1C3 15022023,1080.0,2080.0
29,9,105,1321.5,1323.796875,S1C3 15022023,1080.0,2080.0
30,10,115,1185.89855957031,1187.70300292968,S1C3 15022023,1080.0,2080.0
31,10,115,1251.5,1253.70300292968,S1C3 15022023,1080.0,2080.0
32,10,115,1323.89855957031,1326.296875,S1C3 15022023,1080.0,2080.0
33,11,125,1173.89855957031,1175.796875,S1C3 15022023,1080.0,2080.0
34,11,125,1234.60144042968,1236.796875,S1C3 15022023,1080.0,2080.0
35,11,125,1297.80102539062,1299.49621582031,S1C3 15022023,1080.0,2080.0
36,12,135,1166.39855957031,1168.296875,S1C3 15022023,1080.0,2080.0
37,12,135,1232.69921875,1235.1015625,S1C3 15022023,1080.0,2080.0
38,12,135,1297.60144042968,1299.70300292968,S1C3 15022023,1080.0,2080.0
39,13,145,1169.10144042968,1170.90258789062,S1C3 15022023,1080.0,2080.0
40,13,145,1228.39855957031,1230.796875,S1C3 15022023,1080.0,2080.0
41,13,145,1294.0,1296.1015625,S1C3 15022023,1080.0,2080.0
42,14,155,1165.89855957031,1167.8046875,S1C3 15022023,1080.0,2080.0
43,14,155,1227.89855957031,1230.3046875,S1C3 15022023,1080.0,2080.0
44,14,155,1290.60144042968,1292.50012207031,S1C3 15022023,1080.0,2080.0
45,15,165,1168.0,1170.00012207031,S1C3 15022023,1080.0,2080.0
46,15,165,1229.203125,1231.6015625,S1C3 15022023,1080.0,2080.0
0,1,25,0.0,0.0,S1C3 20012023,1080.0,2080.0
1,2,35,0.0,0.0,S1C3 20012023,1080.0,2080.0
2,3,45,0.0,0.0,S1C3 20012023,1080.0,2080.0
3,4,55,0.0,0.0,S1C3 20012023,1080.0,2080.0
4,5,65,1835.09948730468,1837.599609375,S1C3 20012023,1080.0,2080.0
5,6,75,1842.19921875,1844.69909667968,S1C3 20012023,1080.0,2080.0
6,7,85,1663.40051269531,1665.90258789062,S1C3 20012023,1080.0,2080.0
7,7,85,2015.19921875,2020.798828125,S1C3 20012023,1080.0,2080.0
8,8,95,1664.39855957031,1666.99621582031,S1C3 20012023,1080.0,2080.0
9,8,95,1938.69921875,1943.70300292968,S1C3 20012023,1080.0,2080.0
10,9,95,1614.60144042968,1617.1015625,S1C3 20012023,1080.0,2080.0
11,9,105,1875.69921875,2078.99609375,S1C3 20012023,1080.0,2080.0
12,10,115,1646.60144042968,1649.40258789062,S1C3 20012023,1080.0,2080.0
13,10,115,1769.5,1772.49621582031,S1C3 20012023,1080.0,2080.0
14,10,115,1953.60144042968,2078.90258789062,S1C3 20012023,1080.0,2080.0
15,11,125,1502.19921875,1504.6015625,S1C3 20012023,1080.0,2080.0
16,11,125,1769.30102539062,1892.1015625,S1C3 20012023,1080.0,2080.0
17,11,125,1978.89855957031,2066.203125,S1C3 20012023,1080.0,2080.0
18,12,135,1540.80102539062,1543.40258789062,S1C3 20012023,1080.0,2080.0
19,12,135,1812.89855957031,1822.49621582031,S1C3 20012023,1080.0,2080.0
20,12,135,1876.5,1881.40258789062,S1C3 20012023,1080.0,2080.0
21,12,135,1936.80102539062,2079.296875,S1C3 20012023,1080.0,2080.0
22,13,145,1445.10144042968,1447.6015625,S1C3 20012023,1080.0,2080.0
23,13,145,1747.89855957031,2079.40258789062,S1C3 20012023,1080.0,2080.0
24,14,155,1431.0,1433.50012207031,S1C3 20012023,1080.0,2080.0
25,14,155,1605.703125,1610.70300292968,S1C3 20012023,1080.0,2080.0
26,14,155,1739.39855957031,2079.6015625,S1C3 20012023,1080.0,2080.0
27,15,165,1399.203125,1401.70300292968,S1C3 20012023,1080.0,2080.0
28,15,165,1631.39855957031,1747.50012207031,S1C3 20012023,1080.0,2080.0
29,15,165,1818.79699707031,2079.39086914062,S1C3 20012023,1080.0,2080.0
0,1,25,1915.30004882812,1916.40014648437,S1C3 21022023,1080.0,2080.0
1,2,35,1652.80004882812,1653.50012207031,S1C3 21022023,1080.0,2080.0
2,2,35,1825.90002441406,1827.10009765625,S1C3 21022023,1080.0,2080.0
3,2,35,1928.10009765625,1929.89965820312,S1C3 21022023,1080.0,2080.0
4,2,35,2004.60009765625,2006.80029296875,S1C3 21022023,1080.0,2080.0
5,3,45,1522.7001953125,1523.50109863281,S1C3 21022023,1080.0,2080.0
6,3,45,1625.80004882812,1627.19909667968,S1C3 21022023,1080.0,2080.0
7,3,45,1733.2001953125,1734.89965820312,S1C3 21022023,1080.0,2080.0
8,3,45,1888.2001953125,1890.39965820312,S1C3 21022023,1080.0,2080.0
9,3,45,1996.30004882812,1998.89965820312,S1C3 21022023,1080.0,2080.0
10,4,55,1447.5,1448.50012207031,S1C3 21022023,1080.0,2080.0
11,4,55,1599.19921875,1600.90258789062,S1C3 21022023,1080.0,2080.0
12,4,55,1721.0,1723.00012207031,S1C3 21022023,1080.0,2080.0
13,4,55,1803.40051269531,1805.69909667968,S1C3 21022023,1080.0,2080.0
14,4,55,1879.19921875,1882.099609375,S1C3 21022023,1080.0,2080.0
15,4,55,1955.40051269531,1958.599609375,S1C3 21022023,1080.0,2080.0
16,5,65,1382.90051269531,1383.798828125,S1C3 21022023,1080.0,2080.0
17,5,65,1490.0,1491.40258789062,S1C3 21022023,1080.0,2080.0
18,5,65,1575.30102539062,1577.19909667968,S1C3 21022023,1080.0,2080.0
19,5,65,1686.0,1688.50012207031,S1C3 21022023,1080.0,2080.0
20,5,65,1774.59948730468,1777.599609375,S1C3 21022023,1080.0,2080.0
21,5,65,1871.5,1875.00012207031,S1C3 21022023,1080.0,2080.0
22,6,75,1430.40051269531,1431.69909667968,S1C3 21022023,1080.0,2080.0
23,6,75,1492.40051269531,1494.40258789062,S1C3 21022023,1080.0,2080.0
24,6,75,1568.40051269531,1570.90258789062,S1C3 21022023,1080.0,2080.0
25,6,75,1675.69921875,1678.69909667968,S1C3 21022023,1080.0,2080.0
26,6,75,1777.80102539062,1781.798828125,S1C3 21022023,1080.0,2080.0
27,6,75,2073.599609375,2078.90258789062,S1C3 21022023,1080.0,2080.0
28,7,85,1414.40051269531,1415.69909667968,S1C3 21022023,1080.0,2080.0
29,7,85,1471.59948730468,1473.599609375,S1C3 21022023,1080.0,2080.0
30,7,85,1538.59948730468,1541.19909667968,S1C3 21022023,1080.0,2080.0
31,7,85,1614.19921875,1617.50012207031,S1C3 21022023,1080.0,2080.0
32,7,85,1772.40051269531,1776.798828125,S1C3 21022023,1080.0,2080.0
33,7,85,1969.5,1974.69909667968,S1C3 21022023,1080.0,2080.0
34,8,95,1418.10144042968,1419.70300292968,S1C3 21022023,1080.0,2080.0
35,8,95,1485.19921875,1487.70300292968,S1C3 21022023,1080.0,2080.0
36,8,95,1537.30102539062,1540.40258789062,S1C3 21022023,1080.0,2080.0
37,8,95,1609.30102539062,1613.296875,S1C3 21022023,1080.0,2080.0
38,8,95,1734.19921875,1739.1015625,S1C3 21022023,1080.0,2080.0
39,8,95,1910.30102539062,1916.70300292968,S1C3 21022023,1080.0,2080.0
40,8,95,2054.5,2066.796875,S1C3 21022023,1080.0,2080.0
41,9,105,1371.19921875,1372.796875,S1C3 21022023,1080.0,2080.0
42,9,105,1442.0,1444.296875,S1C3 21022023,1080.0,2080.0
43,9,105,1514.5,1517.40258789062,S1C3 21022023,1080.0,2080.0
44,9,105,1581.60144042968,1585.40258789062,S1C3 21022023,1080.0,2080.0
45,9,105,2010.89855957031,2041.70300292968,S1C3 21022023,1080.0,2080.0
46,10,115,1318.5,1319.70300292968,S1C3 21022023,1080.0,2080.0
47,10,115,1378.10144042968,1379.90258789062,S1C3 21022023,1080.0,2080.0
48,10,115,1444.19921875,1446.49621582031,S1C3 21022023,1080.0,2080.0
49,10,115,1512.19921875,1515.20300292968,S1C3 21022023,1080.0,2080.0
50,10,115,1561.0,1564.796875,S1C3 21022023,1080.0,2080.0
51,10,115,1645.5,1650.20300292968,S1C3 21022023,1080.0,2080.0
52,10,115,1838.10144042968,1844.49621582031,S1C3 21022023,1080.0,2080.0
53,10,115,1987.19921875,2016.99621582031,S1C3 21022023,1080.0,2080.0
54,10,115,2063.80102539062,2078.6015625,S1C3 21022023,1080.0,2080.0
55,11,125,1280.0,1281.20300292968,S1C3 21022023,1080.0,2080.0
56,11,125,1326.5,1328.296875,S1C3 21022023,1080.0,2080.0
57,11,125,1377.80102539062,1380.1015625,S1C3 21022023,1080.0,2080.0
58,11,125,1426.80102539062,1429.70300292968,S1C3 21022023,1080.0,2080.0
59,11,125,1498.19921875,1501.796875,S1C3 21022023,1080.0,2080.0
60,11,125,1860.0,1867.6015625,S1C3 21022023,1080.0,2080.0
61,11,125,1986.30102539062,2078.796875,S1C3 21022023,1080.0,2080.0
62,12,135,1252.19921875,1253.40258789062,S1C3 21022023,1080.0,2080.0
63,12,135,1333.19921875,1335.20300292968,S1C3 21022023,1080.0,2080.0
64,12,135,1381.89855957031,1384.40258789062,S1C3 21022023,1080.0,2080.0
65,12,135,1430.69921875,1433.796875,S1C3 21022023,1080.0,2080.0
66,12,135,1478.69921875,1482.296875,S1C3 21022023,1080.0,2080.0
67,12,135,1874.10144042968,2079.296875,S1C3 21022023,1080.0,2080.0
68,13,145,1252.19921875,1253.40258789062,S1C3 21022023,1080.0,2080.0
69,13,145,1312.89855957031,1314.70300292968,S1C3 21022023,1080.0,2080.0
70,13,145,1359.60144042968,1361.99621582031,S1C3 21022023,1080.0,2080.0
71,13,145,1407.5,1410.70300292968,S1C3 21022023,1080.0,2080.0
72,13,145,1462.0,1466.20300292968,S1C3 21022023,1080.0,2080.0
73,13,145,1600.60144042968,1605.99621582031,S1C3 21022023,1080.0,2080.0
74,13,145,1767.39855957031,1781.796875,S1C3 21022023,1080.0,2080.0
75,14,155,1250.703125,1251.70300292968,S1C3 21022023,1080.0,2080.0
76,14,155,1297.5,1299.39074707031,S1C3 21022023,1080.0,2080.0
77,14,155,1353.79699707031,1356.50012207031,S1C3 21022023,1080.0,2080.0
78,14,155,1399.79699707031,1403.1015625,S1C3 21022023,1080.0,2080.0
79,14,155,1451.39855957031,1455.6015625,S1C3 21022023,1080.0,2080.0
80,14,155,1721.60144042968,1736.70300292968,S1C3 21022023,1080.0,2080.0
81,15,165,1223.10144042968,1224.00012207031,S1C3 21022023,1080.0,2080.0
82,15,165,1263.79699707031,1265.39074707031,S1C3 21022023,1080.0,2080.0
83,15,165,1310.0,1312.3046875,S1C3 21022023,1080.0,2080.0
84,15,165,1349.79699707031,1352.89074707031,S1C3 21022023,1080.0,2080.0
85,15,165,1400.0,1403.89074707031,S1C3 21022023,1080.0,2080.0
0,1,25,1703.59997558593,1705.40014648437,S1C3 22012023,1080.0,2080.0
1,1,25,2025.30004882812,2027.2998046875,S1C3 22012023,1080.0,2080.0
2,2,35,1565.90002441406,1567.50012207031,S1C3 22012023,1080.0,2080.0
3,2,35,1794.7001953125,1796.50012207031,S1C3 22012023,1080.0,2080.0
4,2,35,2043.60009765625,2045.39965820312,S1C3 22012023,1080.0,2080.0
5,3,45,1465.80004882812,1467.19909667968,S1C3 22012023,1080.0,2080.0
6,3,45,1698.5,1700.19909667968,S1C3 22012023,1080.0,2080.0
7,3,45,1905.5,1907.30078125,S1C3 22012023,1080.0,2080.0
8,3,45,2006.59948730468,2008.50109863281,S1C3 22012023,1080.0,2080.0
9,4,55,1446.0,1447.599609375,S1C3 22012023,1080.0,2080.0
10,4,55,1649.19921875,1651.099609375,S1C3 22012023,1080.0,2080.0
11,4,55,1783.80102539062,1785.69909667968,S1C3 22012023,1080.0,2080.0
12,4,55,2038.59948730468,2040.69909667968,S1C3 22012023,1080.0,2080.0
13,5,65,1388.19921875,1390.00012207031,S1C3 22012023,1080.0,2080.0
14,5,65,1578.09948730468,1580.19909667968,S1C3 22012023,1080.0,2080.0
15,5,65,1705.40051269531,1707.69909667968,S1C3 22012023,1080.0,2080.0
16,5,65,1896.09948730468,1898.69909667968,S1C3 22012023,1080.0,2080.0
17,5,65,2046.69921875,2049.599609375,S1C3 22012023,1080.0,2080.0
18,6,75,1374.09948730468,1376.19909667968,S1C3 22012023,1080.0,2080.0
19,6,75,1543.69921875,1546.00012207031,S1C3 22012023,1080.0,2080.0
20,6,75,1640.5,1643.00012207031,S1C3 22012023,1080.0,2080.0
21,6,75,1804.80102539062,1807.69909667968,S1C3 22012023,1080.0,2080.0
22,6,75,1882.80102539062,1886.00012207031,S1C3 22012023,1080.0,2080.0
23,7,85,1342.5,1344.50012207031,S1C3 22012023,1080.0,2080.0
24,7,85,1491.0,1493.40258789062,S1C3 22012023,1080.0,2080.0
25,7,85,1596.90051269531,1599.298828125,S1C3 22012023,1080.0,2080.0
26,7,85,1724.90051269531,1727.599609375,S1C3 22012023,1080.0,2080.0
27,7,85,1864.0,1867.099609375,S1C3 22012023,1080.0,2080.0
28,7,85,2024.09948730468,2027.69909667968,S1C3 22012023,1080.0,2080.0
29,8,95,1344.0,1345.70300292968,S1C3 22012023,1080.0,2080.0
30,8,95,1485.19921875,1487.1015625,S1C3 22012023,1080.0,2080.0
31,8,95,1577.19921875,1579.40258789062,S1C3 22012023,1080.0,2080.0
32,8,95,1705.60144042968,1708.1015625,S1C3 22012023,1080.0,2080.0
33,8,95,1807.19921875,1809.99621582031,S1C3 22012023,1080.0,2080.0
34,8,95,1904.10144042968,1907.20300292968,S1C3 22012023,1080.0,2080.0
35,8,95,2050.5,2053.796875,S1C3 22012023,1080.0,2080.0
36,9,105,1298.5,1300.20300292968,S1C3 22012023,1080.0,2080.0
37,9,105,1426.60144042968,1428.6015625,S1C3 22012023,1080.0,2080.0
38,9,105,1547.39855957031,1549.796875,S1C3 22012023,1080.0,2080.0
39,9,105,1604.89855957031,1607.6015625,S1C3 22012023,1080.0,2080.0
40,9,105,1747.30102539062,1750.40258789062,S1C3 22012023,1080.0,2080.0
41,9,105,1886.5,1889.90258789062,S1C3 22012023,1080.0,2080.0
42,10,115,1279.0,1280.90258789062,S1C3 22012023,1080.0,2080.0
43,10,115,1385.0,1387.1015625,S1C3 22012023,1080.0,2080.0
44,10,115,1508.60144042968,1511.20300292968,S1C3 22012023,1080.0,2080.0
45,10,115,1577.89855957031,1580.70300292968,S1C3 22012023,1080.0,2080.0
46,10,115,1687.30102539062,1690.6015625,S1C3 22012023,1080.0,2080.0
47,10,115,1999.10144042968,2002.99621582031,S1C3 22012023,1080.0,2080.0
48,10,115,2067.6015625,2073.203125,S1C3 22012023,1080.0,2080.0
49,11,125,1278.30102539062,1280.1015625,S1C3 22012023,1080.0,2080.0
50,11,125,1398.89855957031,1401.1015625,S1C3 22012023,1080.0,2080.0
51,11,125,1531.80102539062,1534.49621582031,S1C3 22012023,1080.0,2080.0
52,11,125,1654.39855957031,1657.49621582031,S1C3 22012023,1080.0,2080.0
53,11,125,1722.5,1726.1015625,S1C3 22012023,1080.0,2080.0
54,11,125,1782.39855957031,1786.20300292968,S1C3 22012023,1080.0,2080.0
55,11,125,2023.69921875,2028.90258789062,S1C3 22012023,1080.0,2080.0
56,12,135,1260.39855957031,1262.296875,S1C3 22012023,1080.0,2080.0
57,12,135,1391.39855957031,1393.70300292968,S1C3 22012023,1080.0,2080.0
58,12,135,1495.0,1497.90258789062,S1C3 22012023,1080.0,2080.0
59,12,135,1550.89855957031,1554.1015625,S1C3 22012023,1080.0,2080.0
60,12,135,1706.0,1710.296875,S1C3 22012023,1080.0,2080.0
61,13,145,1263.5,1265.40258789062,S1C3 22012023,1080.0,2080.0
62,13,145,1367.19921875,1369.49621582031,S1C3 22012023,1080.0,2080.0
63,13,145,1468.80102539062,1471.6015625,S1C3 22012023,1080.0,2080.0
64,13,145,1548.10144042968,1551.296875,S1C3 22012023,1080.0,2080.0
65,13,145,1676.19921875,1680.40258789062,S1C3 22012023,1080.0,2080.0
66,13,145,1812.60144042968,1818.1015625,S1C3 22012023,1080.0,2080.0
67,14,155,1243.703125,1245.70300292968,S1C3 22012023,1080.0,2080.0
68,14,155,1361.60144042968,1364.00012207031,S1C3 22012023,1080.0,2080.0
69,14,155,1483.79699707031,1486.8046875,S1C3 22012023,1080.0,2080.0
70,14,155,1577.0,1580.89074707031,S1C3 22012023,1080.0,2080.0
71,14,155,1684.79699707031,1689.8046875,S1C3 22012023,1080.0,2080.0
72,14,155,1751.5,1757.6015625,S1C3 22012023,1080.0,2080.0
73,15,165,1249.60144042968,1251.8046875,S1C3 22012023,1080.0,2080.0
74,15,165,1376.703125,1379.50012207031,S1C3 22012023,1080.0,2080.0
75,15,165,1474.79699707031,1478.1015625,S1C3 22012023,1080.0,2080.0
76,15,165,1544.60144042968,1548.8046875,S1C3 22012023,1080.0,2080.0
77,15,165,2033.89855957031,2078.39086914062,S1C3 22012023,1080.0,2080.0
0,1,25,1601.0,1603.0,S1C3 23012023,1080.0,2080.0
1,1,25,1707.80004882812,1709.90014648437,S1C3 23012023,1080.0,2080.0
2,1,25,1822.40002441406,1824.59997558593,S1C3 23012023,1080.0,2080.0
3,1,25,1946.30004882812,1948.59997558593,S1C3 23012023,1080.0,2080.0
4,1,25,2036.80004882812,2039.2998046875,S1C3 23012023,1080.0,2080.0
5,2,35,1426.30004882812,1428.2001953125,S1C3 23012023,1080.0,2080.0
6,2,35,1547.5,1549.60009765625,S1C3 23012023,1080.0,2080.0
7,2,35,1686.80004882812,1689.10009765625,S1C3 23012023,1080.0,2080.0
8,2,35,1774.5,1776.89965820312,S1C3 23012023,1080.0,2080.0
9,2,35,1879.2001953125,1881.7001953125,S1C3 23012023,1080.0,2080.0
10,2,35,1961.80004882812,1964.30029296875,S1C3 23012023,1080.0,2080.0
11,2,35,2038.7001953125,2041.39965820312,S1C3 23012023,1080.0,2080.0
12,3,45,1389.0,1391.00109863281,S1C3 23012023,1080.0,2080.0
13,3,45,1524.30004882812,1526.39965820312,S1C3 23012023,1080.0,2080.0
14,3,45,1624.7001953125,1626.89965820312,S1C3 23012023,1080.0,2080.0
15,3,45,1713.09948730468,1715.599609375,S1C3 23012023,1080.0,2080.0
16,3,45,1784.09948730468,1786.69909667968,S1C3 23012023,1080.0,2080.0
17,3,45,1856.30004882812,1859.099609375,S1C3 23012023,1080.0,2080.0
18,3,45,1915.09948730468,1918.00109863281,S1C3 23012023,1080.0,2080.0
19,3,45,1976.5,1979.30078125,S1C3 23012023,1080.0,2080.0
20,3,45,2043.0,2045.80078125,S1C3 23012023,1080.0,2080.0
21,4,55,1404.69921875,1406.69909667968,S1C3 23012023,1080.0,2080.0
22,4,55,1495.5,1497.599609375,S1C3 23012023,1080.0,2080.0
23,4,55,1603.0,1605.298828125,S1C3 23012023,1080.0,2080.0
24,4,55,1701.80102539062,1704.40258789062,S1C3 23012023,1080.0,2080.0
25,4,55,1775.40051269531,1777.90258789062,S1C3 23012023,1080.0,2080.0
26,4,55,1849.59948730468,1852.19909667968,S1C3 23012023,1080.0,2080.0
27,4,55,1903.09948730468,1905.90258789062,S1C3 23012023,1080.0,2080.0
28,4,55,1961.19921875,1964.099609375,S1C3 23012023,1080.0,2080.0
29,4,55,2030.59948730468,2033.69909667968,S1C3 23012023,1080.0,2080.0
30,5,65,1313.19921875,1315.099609375,S1C3 23012023,1080.0,2080.0
31,5,65,1428.59948730468,1430.69909667968,S1C3 23012023,1080.0,2080.0
32,5,65,1517.0,1519.19909667968,S1C3 23012023,1080.0,2080.0
33,5,65,1588.90051269531,1591.19909667968,S1C3 23012023,1080.0,2080.0
34,5,65,1675.5,1678.099609375,S1C3 23012023,1080.0,2080.0
35,5,65,1737.80102539062,1740.40258789062,S1C3 23012023,1080.0,2080.0
36,5,65,1814.90051269531,1817.69909667968,S1C3 23012023,1080.0,2080.0
37,5,65,1867.30102539062,1870.298828125,S1C3 23012023,1080.0,2080.0
38,5,65,1923.30102539062,1926.40258789062,S1C3 23012023,1080.0,2080.0
39,5,65,1967.90051269531,1971.298828125,S1C3 23012023,1080.0,2080.0
40,5,65,2020.40051269531,2023.798828125,S1C3 23012023,1080.0,2080.0
41,6,75,1300.19921875,1302.19909667968,S1C3 23012023,1080.0,2080.0
42,6,75,1399.69921875,1401.90258789062,S1C3 23012023,1080.0,2080.0
43,6,75,1497.40051269531,1499.69909667968,S1C3 23012023,1080.0,2080.0
44,6,75,1571.69921875,1574.099609375,S1C3 23012023,1080.0,2080.0
45,6,75,1638.59948730468,1641.298828125,S1C3 23012023,1080.0,2080.0
46,6,75,1698.5,1701.298828125,S1C3 23012023,1080.0,2080.0
47,6,75,1753.90051269531,1756.90258789062,S1C3 23012023,1080.0,2080.0
48,6,75,1808.5,1811.50012207031,S1C3 23012023,1080.0,2080.0
49,6,75,1859.69921875,1862.90258789062,S1C3 23012023,1080.0,2080.0
50,6,75,1914.5,1917.798828125,S1C3 23012023,1080.0,2080.0
51,6,75,1965.59948730468,1969.19909667968,S1C3 23012023,1080.0,2080.0
52,6,75,2027.0,2030.599609375,S1C3 23012023,1080.0,2080.0
53,7,85,1277.80102539062,1279.69909667968,S1C3 23012023,1080.0,2080.0
54,7,85,1373.40051269531,1375.50012207031,S1C3 23012023,1080.0,2080.0
55,7,85,1518.5,1520.90258789062,S1C3 23012023,1080.0,2080.0
56,7,85,1591.5,1594.00012207031,S1C3 23012023,1080.0,2080.0
57,7,85,1652.40051269531,1655.00012207031,S1C3 23012023,1080.0,2080.0
58,7,85,1711.5,1714.40258789062,S1C3 23012023,1080.0,2080.0
59,7,85,1757.09948730468,1760.099609375,S1C3 23012023,1080.0,2080.0
60,7,85,1802.19921875,1805.40258789062,S1C3 23012023,1080.0,2080.0
61,7,85,1855.90051269531,1859.00012207031,S1C3 23012023,1080.0,2080.0
62,7,85,1910.0,1913.50012207031,S1C3 23012023,1080.0,2080.0
63,7,85,1982.69921875,1986.298828125,S1C3 23012023,1080.0,2080.0
64,7,85,2036.90051269531,2040.798828125,S1C3 23012023,1080.0,2080.0
65,8,85,1271.0,1272.99621582031,S1C3 23012023,1080.0,2080.0
66,8,85,1369.19921875,1371.296875,S1C3 23012023,1080.0,2080.0
67,8,85,1445.60144042968,1447.99621582031,S1C3 23012023,1080.0,2080.0
68,8,85,1505.89855957031,1508.40258789062,S1C3 23012023,1080.0,2080.0
69,8,85,1565.39855957031,1567.99621582031,S1C3 23012023,1080.0,2080.0
70,8,85,1626.10144042968,1628.90258789062,S1C3 23012023,1080.0,2080.0
71,8,85,1678.30102539062,1681.296875,S1C3 23012023,1080.0,2080.0
72,8,85,1733.5,1736.70300292968,S1C3 23012023,1080.0,2080.0
73,8,85,1783.30102539062,1786.70300292968,S1C3 23012023,1080.0,2080.0
74,8,85,1832.89855957031,1836.6015625,S1C3 23012023,1080.0,2080.0
75,8,85,1881.0,1884.796875,S1C3 23012023,1080.0,2080.0
76,8,85,1942.89855957031,1946.90258789062,S1C3 23012023,1080.0,2080.0
77,8,85,1998.10144042968,2002.49621582031,S1C3 23012023,1080.0,2080.0
78,9,95,1245.19921875,1247.20300292968,S1C3 23012023,1080.0,2080.0
79,9,95,1340.19921875,1342.40258789062,S1C3 23012023,1080.0,2080.0
80,9,95,1419.10144042968,1421.40258789062,S1C3 23012023,1080.0,2080.0
81,9,95,1513.80102539062,1516.296875,S1C3 23012023,1080.0,2080.0
82,9,95,1566.60144042968,1569.20300292968,S1C3 23012023,1080.0,2080.0
83,9,95,1625.30102539062,1628.1015625,S1C3 23012023,1080.0,2080.0
84,9,95,1717.19921875,1720.40258789062,S1C3 23012023,1080.0,2080.0
85,9,95,1762.60144042968,1765.99621582031,S1C3 23012023,1080.0,2080.0
86,9,95,1814.30102539062,1817.90258789062,S1C3 23012023,1080.0,2080.0
87,9,95,1872.89855957031,1876.6015625,S1C3 23012023,1080.0,2080.0
88,9,95,1915.80102539062,1919.40258789062,S1C3 23012023,1080.0,2080.0
89,9,95,1968.69921875,1972.99621582031,S1C3 23012023,1080.0,2080.0
90,9,95,2020.10144042968,2024.40258789062,S1C3 23012023,1080.0,2080.0
91,10,105,1236.69921875,1238.6015625,S1C3 23012023,1080.0,2080.0
92,10,105,1347.60144042968,1349.70300292968,S1C3 23012023,1080.0,2080.0
93,10,105,1416.30102539062,1418.49621582031,S1C3 23012023,1080.0,2080.0
94,10,105,1477.69921875,1480.20300292968,S1C3 23012023,1080.0,2080.0
95,10,105,1535.69921875,1538.40258789062,S1C3 23012023,1080.0,2080.0
96,10,105,1591.89855957031,1594.70300292968,S1C3 23012023,1080.0,2080.0
97,10,105,1638.80102539062,1641.90258789062,S1C3 23012023,1080.0,2080.0
98,10,105,1695.0,1698.20300292968,S1C3 23012023,1080.0,2080.0
99,10,105,1741.5,1745.20300292968,S1C3 23012023,1080.0,2080.0
100,10,105,1792.80102539062,1796.70300292968,S1C3 23012023,1080.0,2080.0
101,10,105,1837.10144042968,1841.1015625,S1C3 23012023,1080.0,2080.0
102,10,105,1892.0,1896.40258789062,S1C3 23012023,1080.0,2080.0
103,11,115,1225.80102539062,1227.70300292968,S1C3 23012023,1080.0,2080.0
104,11,115,1326.19921875,1328.296875,S1C3 23012023,1080.0,2080.0
105,11,115,1391.89855957031,1394.20300292968,S1C3 23012023,1080.0,2080.0
106,11,115,1455.60144042968,1458.1015625,S1C3 23012023,1080.0,2080.0
107,11,115,1516.5,1519.1015625,S1C3 23012023,1080.0,2080.0
108,11,115,1563.80102539062,1566.70300292968,S1C3 23012023,1080.0,2080.0
109,11,115,1615.60144042968,1618.6015625,S1C3 23012023,1080.0,2080.0
110,11,115,1669.89855957031,1673.296875,S1C3 23012023,1080.0,2080.0
111,11,115,1714.39855957031,1717.796875,S1C3 23012023,1080.0,2080.0
112,11,115,1761.5,1765.296875,S1C3 23012023,1080.0,2080.0
113,11,115,1816.10144042968,1820.296875,S1C3 23012023,1080.0,2080.0
114,12,125,1230.39855957031,1232.296875,S1C3 23012023,1080.0,2080.0
115,12,125,1312.69921875,1314.796875,S1C3 23012023,1080.0,2080.0
116,12,125,1381.89855957031,1384.20300292968,S1C3 23012023,1080.0,2080.0
117,12,125,1441.69921875,1444.20300292968,S1C3 23012023,1080.0,2080.0
118,12,125,1496.0,1498.70300292968,S1C3 23012023,1080.0,2080.0
119,12,125,1546.80102539062,1549.70300292968,S1C3 23012023,1080.0,2080.0
120,12,125,1603.60144042968,1606.796875,S1C3 23012023,1080.0,2080.0
121,12,125,1654.30102539062,1657.6015625,S1C3 23012023,1080.0,2080.0
122,12,125,1699.39855957031,1703.20300292968,S1C3 23012023,1080.0,2080.0
123,12,125,1757.0,1761.296875,S1C3 23012023,1080.0,2080.0
124,13,135,1201.0,1202.796875,S1C3 23012023,1080.0,2080.0
125,13,135,1291.39855957031,1293.40258789062,S1C3 23012023,1080.0,2080.0
126,13,135,1358.80102539062,1361.1015625,S1C3 23012023,1080.0,2080.0
127,13,135,1417.60144042968,1420.1015625,S1C3 23012023,1080.0,2080.0
128,13,135,1466.19921875,1468.90258789062,S1C3 23012023,1080.0,2080.0
129,13,135,1516.39855957031,1519.296875,S1C3 23012023,1080.0,2080.0
130,13,135,1572.39855957031,1575.6015625,S1C3 23012023,1080.0,2080.0
131,13,135,1621.39855957031,1625.20300292968,S1C3 23012023,1080.0,2080.0
132,13,135,1675.0,1678.796875,S1C3 23012023,1080.0,2080.0
133,13,135,1727.69921875,1731.99621582031,S1C3 23012023,1080.0,2080.0
134,14,145,1210.29699707031,1212.1015625,S1C3 23012023,1080.0,2080.0
135,14,145,1291.203125,1293.3046875,S1C3 23012023,1080.0,2080.0
136,14,145,1363.39855957031,1365.8046875,S1C3 23012023,1080.0,2080.0
137,14,145,1415.29699707031,1417.8046875,S1C3 23012023,1080.0,2080.0
138,14,145,1470.10144042968,1472.89074707031,S1C3 23012023,1080.0,2080.0
139,14,145,1516.29699707031,1519.20300292968,S1C3 23012023,1080.0,2080.0
140,14,145,1564.703125,1567.89074707031,S1C3 23012023,1080.0,2080.0
141,14,145,1611.5,1614.8046875,S1C3 23012023,1080.0,2080.0
142,14,145,1654.89855957031,1658.70300292968,S1C3 23012023,1080.0,2080.0
143,14,145,1698.10144042968,1702.20300292968,S1C3 23012023,1080.0,2080.0
144,14,145,1742.89855957031,1747.39074707031,S1C3 23012023,1080.0,2080.0
145,15,155,1198.703125,1200.6015625,S1C3 23012023,1080.0,2080.0
146,15,155,1271.89855957031,1274.00012207031,S1C3 23012023,1080.0,2080.0
147,15,155,1345.79699707031,1348.1015625,S1C3 23012023,1080.0,2080.0
148,15,155,1411.39855957031,1413.89074707031,S1C3 23012023,1080.0,2080.0
149,15,155,1468.0,1470.8046875,S1C3 23012023,1080.0,2080.0
150,15,155,1520.89855957031,1524.00012207031,S1C3 23012023,1080.0,2080.0
151,15,155,1572.60144042968,1576.00012207031,S1C3 23012023,1080.0,2080.0
152,15,155,1614.79699707031,1618.3046875,S1C3 23012023,1080.0,2080.0
153,15,155,1656.39855957031,1660.20300292968,S1C3 23012023,1080.0,2080.0
154,15,155,1704.89855957031,1709.1015625,S1C3 23012023,1080.0,2080.0
0,1,25,0.0,0.0,S1C3 24012023,1080.0,2080.0
1,2,35,1951.80004882812,1953.2001953125,S1C3 24012023,1080.0,2080.0
2,3,45,1837.30004882812,1838.80078125,S1C3 24012023,1080.0,2080.0
3,3,45,2019.80004882812,2021.30078125,S1C3 24012023,1080.0,2080.0
4,4,55,1687.40051269531,1688.90258789062,S1C3 24012023,1080.0,2080.0
5,4,55,1858.90051269531,1860.50012207031,S1C3 24012023,1080.0,2080.0
6,4,55,1945.5,1947.099609375,S1C3 24012023,1080.0,2080.0
7,4,55,2034.19921875,2035.90258789062,S1C3 24012023,1080.0,2080.0
8,5,65,1666.59948730468,1668.099609375,S1C3 24012023,1080.0,2080.0
9,5,65,1805.0,1806.50012207031,S1C3 24012023,1080.0,2080.0
10,5,65,1893.30102539062,1894.90258789062,S1C3 24012023,1080.0,2080.0
11,5,65,1974.30102539062,1976.00012207031,S1C3 24012023,1080.0,2080.0
12,5,65,2042.90051269531,2044.69909667968,S1C3 24012023,1080.0,2080.0
13,6,75,1665.40051269531,1666.90258789062,S1C3 24012023,1080.0,2080.0
14,6,75,1785.19921875,1786.69909667968,S1C3 24012023,1080.0,2080.0
15,6,75,1860.5,1862.19909667968,S1C3 24012023,1080.0,2080.0
16,6,75,1921.5,1923.19909667968,S1C3 24012023,1080.0,2080.0
17,6,75,1974.90051269531,1976.69909667968,S1C3 24012023,1080.0,2080.0
18,6,75,2030.90051269531,2032.798828125,S1C3 24012023,1080.0,2080.0
19,7,85,1587.69921875,1589.19909667968,S1C3 24012023,1080.0,2080.0
20,7,85,1692.19921875,1693.69909667968,S1C3 24012023,1080.0,2080.0
21,7,85,1752.5,1754.099609375,S1C3 24012023,1080.0,2080.0
22,7,85,1808.0,1809.69909667968,S1C3 24012023,1080.0,2080.0
23,7,85,1872.19921875,1874.00012207031,S1C3 24012023,1080.0,2080.0
24,7,85,1929.5,1931.40258789062,S1C3 24012023,1080.0,2080.0
25,7,85,1979.59948730468,1981.599609375,S1C3 24012023,1080.0,2080.0
26,7,85,2028.59948730468,2030.599609375,S1C3 24012023,1080.0,2080.0
27,7,85,2064.69921875,2066.798828125,S1C3 24012023,1080.0,2080.0
28,8,95,1500.60144042968,1502.1015625,S1C3 24012023,1080.0,2080.0
29,8,95,1604.19921875,1605.70300292968,S1C3 24012023,1080.0,2080.0
30,8,95,1689.10144042968,1690.70300292968,S1C3 24012023,1080.0,2080.0
31,8,95,1755.89855957031,1757.6015625,S1C3 24012023,1080.0,2080.0
32,8,95,1802.5,1804.296875,S1C3 24012023,1080.0,2080.0
33,8,95,1844.19921875,1846.20300292968,S1C3 24012023,1080.0,2080.0
34,8,95,1888.10144042968,1890.20300292968,S1C3 24012023,1080.0,2080.0
35,8,95,1926.60144042968,1928.796875,S1C3 24012023,1080.0,2080.0
36,8,95,1958.19921875,1960.296875,S1C3 24012023,1080.0,2080.0
37,8,95,1994.30102539062,1996.49621582031,S1C3 24012023,1080.0,2080.0
38,8,95,2027.0,2029.296875,S1C3 24012023,1080.0,2080.0
39,8,95,2062.80102539062,2065.203125,S1C3 24012023,1080.0,2080.0
40,9,105,1454.69921875,1456.20300292968,S1C3 24012023,1080.0,2080.0
41,9,105,1554.80102539062,1556.296875,S1C3 24012023,1080.0,2080.0
42,9,105,1626.30102539062,1627.90258789062,S1C3 24012023,1080.0,2080.0
43,9,105,1682.60144042968,1684.40258789062,S1C3 24012023,1080.0,2080.0
44,9,105,1741.30102539062,1743.1015625,S1C3 24012023,1080.0,2080.0
45,9,105,1785.39855957031,1787.296875,S1C3 24012023,1080.0,2080.0
46,9,105,1832.80102539062,1834.796875,S1C3 24012023,1080.0,2080.0
47,9,105,1871.60144042968,1873.6015625,S1C3 24012023,1080.0,2080.0
48,9,105,1907.39855957031,1909.6015625,S1C3 24012023,1080.0,2080.0
49,9,105,1946.89855957031,1949.1015625,S1C3 24012023,1080.0,2080.0
50,9,105,1977.0,1979.296875,S1C3 24012023,1080.0,2080.0
51,9,105,2010.30102539062,2012.70300292968,S1C3 24012023,1080.0,2080.0
52,9,105,2047.89855957031,2050.203125,S1C3 24012023,1080.0,2080.0
53,9,105,2077.1015625,2079.40258789062,S1C3 24012023,1080.0,2080.0
54,10,115,1453.30102539062,1454.796875,S1C3 24012023,1080.0,2080.0
55,10,115,1558.5,1560.1015625,S1C3 24012023,1080.0,2080.0
56,10,115,1635.10144042968,1636.70300292968,S1C3 24012023,1080.0,2080.0
57,10,115,1685.0,1686.796875,S1C3 24012023,1080.0,2080.0
58,10,115,1731.0,1732.90258789062,S1C3 24012023,1080.0,2080.0
59,10,115,1773.60144042968,1775.49621582031,S1C3 24012023,1080.0,2080.0
60,10,115,1825.19921875,1827.40258789062,S1C3 24012023,1080.0,2080.0
61,10,115,1866.39855957031,1868.49621582031,S1C3 24012023,1080.0,2080.0
62,10,115,1906.5,1908.6015625,S1C3 24012023,1080.0,2080.0
63,10,115,1941.80102539062,1944.1015625,S1C3 24012023,1080.0,2080.0
64,10,115,1977.5,1979.90258789062,S1C3 24012023,1080.0,2080.0
65,10,115,2013.5,2015.796875,S1C3 24012023,1080.0,2080.0
66,10,115,2047.69921875,2050.203125,S1C3 24012023,1080.0,2080.0
67,11,125,1408.89855957031,1410.40258789062,S1C3 24012023,1080.0,2080.0
68,11,125,1468.80102539062,1470.40258789062,S1C3 24012023,1080.0,2080.0
69,11,125,1526.80102539062,1528.49621582031,S1C3 24012023,1080.0,2080.0
70,11,125,1587.5,1589.20300292968,S1C3 24012023,1080.0,2080.0
71,11,125,1638.30102539062,1640.20300292968,S1C3 24012023,1080.0,2080.0
72,11,125,1679.30102539062,1681.20300292968,S1C3 24012023,1080.0,2080.0
73,11,125,1718.69921875,1720.796875,S1C3 24012023,1080.0,2080.0
74,11,125,1755.10144042968,1757.296875,S1C3 24012023,1080.0,2080.0
75,11,125,1788.80102539062,1790.99621582031,S1C3 24012023,1080.0,2080.0
76,11,125,1818.5,1820.796875,S1C3 24012023,1080.0,2080.0
77,11,125,1850.60144042968,1852.99621582031,S1C3 24012023,1080.0,2080.0
78,11,125,1880.69921875,1883.20300292968,S1C3 24012023,1080.0,2080.0
79,11,125,1908.0,1910.49621582031,S1C3 24012023,1080.0,2080.0
80,11,125,1936.10144042968,1938.70300292968,S1C3 24012023,1080.0,2080.0
81,11,125,1966.60144042968,1969.296875,S1C3 24012023,1080.0,2080.0
82,11,125,1998.10144042968,2000.796875,S1C3 24012023,1080.0,2080.0
83,11,125,2031.0,2033.70300292968,S1C3 24012023,1080.0,2080.0
84,11,125,2062.5,2065.6015625,S1C3 24012023,1080.0,2080.0
85,12,135,1387.10144042968,1388.6015625,S1C3 24012023,1080.0,2080.0
86,12,135,1449.60144042968,1451.20300292968,S1C3 24012023,1080.0,2080.0
87,12,135,1507.5,1509.20300292968,S1C3 24012023,1080.0,2080.0
88,12,135,1552.39855957031,1554.20300292968,S1C3 24012023,1080.0,2080.0
89,12,135,1598.0,1599.90258789062,S1C3 24012023,1080.0,2080.0
90,12,135,1643.10144042968,1644.99621582031,S1C3 24012023,1080.0,2080.0
91,12,135,1683.0,1684.99621582031,S1C3 24012023,1080.0,2080.0
92,12,135,1719.30102539062,1721.49621582031,S1C3 24012023,1080.0,2080.0
93,12,135,1752.60144042968,1754.796875,S1C3 24012023,1080.0,2080.0
94,12,135,1786.69921875,1788.99621582031,S1C3 24012023,1080.0,2080.0
95,12,135,1816.39855957031,1818.796875,S1C3 24012023,1080.0,2080.0
96,12,135,1846.0,1848.49621582031,S1C3 24012023,1080.0,2080.0
97,12,135,1877.5,1880.1015625,S1C3 24012023,1080.0,2080.0
98,12,135,1916.30102539062,1918.99621582031,S1C3 24012023,1080.0,2080.0
99,12,135,1947.89855957031,1950.40258789062,S1C3 24012023,1080.0,2080.0
100,12,135,1981.30102539062,1983.90258789062,S1C3 24012023,1080.0,2080.0
101,12,135,2006.69921875,2009.40258789062,S1C3 24012023,1080.0,2080.0
102,12,135,2038.0,2040.796875,S1C3 24012023,1080.0,2080.0
103,12,135,2076.30102539062,2079.1015625,S1C3 24012023,1080.0,2080.0
104,13,145,1382.30102539062,1383.796875,S1C3 24012023,1080.0,2080.0
105,13,145,1425.30102539062,1426.90258789062,S1C3 24012023,1080.0,2080.0
106,13,145,1488.0,1489.6015625,S1C3 24012023,1080.0,2080.0
107,13,145,1551.30102539062,1552.99621582031,S1C3 24012023,1080.0,2080.0
108,13,145,1604.10144042968,1605.99621582031,S1C3 24012023,1080.0,2080.0
109,13,145,1645.0,1646.99621582031,S1C3 24012023,1080.0,2080.0
110,13,145,1676.60144042968,1678.70300292968,S1C3 24012023,1080.0,2080.0
111,13,145,1708.10144042968,1710.296875,S1C3 24012023,1080.0,2080.0
112,13,145,1742.19921875,1744.49621582031,S1C3 24012023,1080.0,2080.0
113,13,145,1774.30102539062,1776.796875,S1C3 24012023,1080.0,2080.0
114,13,145,1802.69921875,1805.20300292968,S1C3 24012023,1080.0,2080.0
115,13,145,1829.80102539062,1832.40258789062,S1C3 24012023,1080.0,2080.0
116,13,145,1857.89855957031,1860.6015625,S1C3 24012023,1080.0,2080.0
117,13,145,1885.10144042968,1887.796875,S1C3 24012023,1080.0,2080.0
118,13,145,1913.60144042968,1916.40258789062,S1C3 24012023,1080.0,2080.0
119,13,145,1944.19921875,1946.99621582031,S1C3 24012023,1080.0,2080.0
120,13,145,1977.69921875,1980.796875,S1C3 24012023,1080.0,2080.0
121,13,145,2004.19921875,2007.296875,S1C3 24012023,1080.0,2080.0
122,13,145,2039.39855957031,2042.796875,S1C3 24012023,1080.0,2080.0
123,14,155,1357.203125,1358.70300292968,S1C3 24012023,1080.0,2080.0
124,14,155,1404.39855957031,1406.00012207031,S1C3 24012023,1080.0,2080.0
125,14,155,1449.703125,1451.39074707031,S1C3 24012023,1080.0,2080.0
126,14,155,1501.60144042968,1503.39074707031,S1C3 24012023,1080.0,2080.0
127,14,155,1547.60144042968,1549.50012207031,S1C3 24012023,1080.0,2080.0
128,14,155,1596.203125,1598.3046875,S1C3 24012023,1080.0,2080.0
129,14,155,1629.29699707031,1631.39074707031,S1C3 24012023,1080.0,2080.0
130,14,155,1664.203125,1666.3046875,S1C3 24012023,1080.0,2080.0
131,14,155,1700.29699707031,1702.50012207031,S1C3 24012023,1080.0,2080.0
132,14,155,1729.10144042968,1731.39074707031,S1C3 24012023,1080.0,2080.0
133,14,155,1761.0,1763.50012207031,S1C3 24012023,1080.0,2080.0
134,14,155,1792.29699707031,1794.8046875,S1C3 24012023,1080.0,2080.0
135,14,155,1819.703125,1822.20300292968,S1C3 24012023,1080.0,2080.0
136,14,155,1847.79699707031,1850.39074707031,S1C3 24012023,1080.0,2080.0
137,14,155,1879.203125,1882.00012207031,S1C3 24012023,1080.0,2080.0
138,14,155,1906.203125,1909.00012207031,S1C3 24012023,1080.0,2080.0
139,14,155,1932.0,1935.00012207031,S1C3 24012023,1080.0,2080.0
140,14,155,1962.703125,1965.70300292968,S1C3 24012023,1080.0,2080.0
141,14,155,1991.203125,1994.3046875,S1C3 24012023,1080.0,2080.0
142,14,155,2022.60144042968,2025.8046875,S1C3 24012023,1080.0,2080.0
143,14,155,2049.79711914062,2053.203125,S1C3 24012023,1080.0,2080.0
144,15,165,1345.203125,1346.70300292968,S1C3 24012023,1080.0,2080.0
145,15,165,1388.703125,1390.3046875,S1C3 24012023,1080.0,2080.0
146,15,165,1436.10144042968,1437.8046875,S1C3 24012023,1080.0,2080.0
147,15,165,1474.60144042968,1476.39074707031,S1C3 24012023,1080.0,2080.0
148,15,165,1511.79699707031,1513.70300292968,S1C3 24012023,1080.0,2080.0
149,15,165,1548.89855957031,1551.00012207031,S1C3 24012023,1080.0,2080.0
150,15,165,1587.60144042968,1589.70300292968,S1C3 24012023,1080.0,2080.0
151,15,165,1616.203125,1618.39074707031,S1C3 24012023,1080.0,2080.0
152,15,165,1646.10144042968,1648.39074707031,S1C3 24012023,1080.0,2080.0
153,15,165,1677.39855957031,1679.70300292968,S1C3 24012023,1080.0,2080.0
154,15,165,1707.89855957031,1710.20300292968,S1C3 24012023,1080.0,2080.0
155,15,165,1734.60144042968,1737.1015625,S1C3 24012023,1080.0,2080.0
156,15,165,1764.29699707031,1766.8046875,S1C3 24012023,1080.0,2080.0
157,15,165,1796.203125,1798.89074707031,S1C3 24012023,1080.0,2080.0
158,15,165,1824.89855957031,1827.70300292968,S1C3 24012023,1080.0,2080.0
159,15,165,1855.10144042968,1858.00012207031,S1C3 24012023,1080.0,2080.0
160,15,165,1880.79699707031,1883.70300292968,S1C3 24012023,1080.0,2080.0
161,15,165,1912.29699707031,1915.3046875,S1C3 24012023,1080.0,2080.0
162,15,165,1949.29699707031,1952.70300292968,S1C3 24012023,1080.0,2080.0
163,15,165,1982.703125,1986.20300292968,S1C3 24012023,1080.0,2080.0
0,1,25,1993.09997558593,1996.5,S1C4 14022023,1080.0,2080.0
1,2,35,1780.2001953125,1783.7001953125,S1C4 14022023,1080.0,2080.0
2,2,35,1981.90002441406,1985.80029296875,S1C4 14022023,1080.0,2080.0
3,3,45,1560.80004882812,1564.30078125,S1C4 14022023,1080.0,2080.0
4,3,45,1755.30004882812,1759.099609375,S1C4 14022023,1080.0,2080.0
5,3,45,1867.0,1871.39965820312,S1C4 14022023,1080.0,2080.0
6,3,45,1962.90051269531,1967.80078125,S1C4 14022023,1080.0,2080.0
7,3,45,2047.30004882812,2052.5009765625,S1C4 14022023,1080.0,2080.0
8,4,55,1525.90051269531,1529.40258789062,S1C4 14022023,1080.0,2080.0
9,4,55,1725.30102539062,1729.298828125,S1C4 14022023,1080.0,2080.0
10,4,55,1809.69921875,1814.298828125,S1C4 14022023,1080.0,2080.0
11,4,55,1895.5,1900.50012207031,S1C4 14022023,1080.0,2080.0
12,4,55,1981.19921875,1986.90258789062,S1C4 14022023,1080.0,2080.0
13,4,55,2040.69921875,2046.50012207031,S1C4 14022023,1080.0,2080.0
14,5,65,1541.59948730468,1545.298828125,S1C4 14022023,1080.0,2080.0
15,5,65,1677.09948730468,1681.099609375,S1C4 14022023,1080.0,2080.0
16,5,65,1763.19921875,1767.69909667968,S1C4 14022023,1080.0,2080.0
17,5,65,1840.0,1845.099609375,S1C4 14022023,1080.0,2080.0
18,5,65,1912.30102539062,1917.90258789062,S1C4 14022023,1080.0,2080.0
19,5,65,1971.19921875,1977.798828125,S1C4 14022023,1080.0,2080.0
20,5,65,2019.0,2026.599609375,S1C4 14022023,1080.0,2080.0
21,6,75,1410.19921875,1413.599609375,S1C4 14022023,1080.0,2080.0
22,6,75,1587.69921875,1591.798828125,S1C4 14022023,1080.0,2080.0
23,6,75,1676.5,1681.099609375,S1C4 14022023,1080.0,2080.0
24,6,75,1737.5,1742.599609375,S1C4 14022023,1080.0,2080.0
25,6,75,1791.59948730468,1797.099609375,S1C4 14022023,1080.0,2080.0
26,6,75,1840.19921875,1846.099609375,S1C4 14022023,1080.0,2080.0
27,6,75,1885.19921875,1892.90258789062,S1C4 14022023,1080.0,2080.0
28,6,75,1931.80102539062,1941.00012207031,S1C4 14022023,1080.0,2080.0
29,6,75,1976.80102539062,1986.69909667968,S1C4 14022023,1080.0,2080.0
30,6,75,2018.90051269531,2030.099609375,S1C4 14022023,1080.0,2080.0
31,7,85,1331.40051269531,1334.599609375,S1C4 14022023,1080.0,2080.0
32,7,85,1509.59948730468,1513.50012207031,S1C4 14022023,1080.0,2080.0
33,7,85,1598.80102539062,1603.40258789062,S1C4 14022023,1080.0,2080.0
34,7,85,1668.09948730468,1673.099609375,S1C4 14022023,1080.0,2080.0
35,7,85,1728.80102539062,1734.90258789062,S1C4 14022023,1080.0,2080.0
36,7,85,1785.09948730468,1792.69909667968,S1C4 14022023,1080.0,2080.0
37,7,85,1839.5,1846.90258789062,S1C4 14022023,1080.0,2080.0
38,7,85,1887.5,1896.40258789062,S1C4 14022023,1080.0,2080.0
39,7,85,1934.59948730468,1945.298828125,S1C4 14022023,1080.0,2080.0
40,7,85,1979.59948730468,1993.00012207031,S1C4 14022023,1080.0,2080.0
41,7,85,2023.40051269531,2038.298828125,S1C4 14022023,1080.0,2080.0
42,8,95,1315.19921875,1318.49621582031,S1C4 14022023,1080.0,2080.0
43,8,95,1481.89855957031,1486.1015625,S1C4 14022023,1080.0,2080.0
44,8,95,1548.60144042968,1553.40258789062,S1C4 14022023,1080.0,2080.0
45,8,95,1609.89855957031,1615.1015625,S1C4 14022023,1080.0,2080.0
46,8,95,1666.5,1672.40258789062,S1C4 14022023,1080.0,2080.0
47,8,95,1722.30102539062,1729.20300292968,S1C4 14022023,1080.0,2080.0
48,8,95,1770.19921875,1778.1015625,S1C4 14022023,1080.0,2080.0
49,8,95,1814.0,1825.1015625,S1C4 14022023,1080.0,2080.0
50,8,95,1863.19921875,1873.1015625,S1C4 14022023,1080.0,2080.0
51,8,95,1903.60144042968,1917.20300292968,S1C4 14022023,1080.0,2080.0
52,8,95,1943.69921875,1965.296875,S1C4 14022023,1080.0,2080.0
53,8,95,1991.5,2078.49609375,S1C4 14022023,1080.0,2080.0
54,9,105,1342.10144042968,1345.296875,S1C4 14022023,1080.0,2080.0
55,9,105,1496.69921875,1501.1015625,S1C4 14022023,1080.0,2080.0
56,9,105,1565.5,1570.40258789062,S1C4 14022023,1080.0,2080.0
57,9,105,1626.39855957031,1631.70300292968,S1C4 14022023,1080.0,2080.0
58,9,105,1678.69921875,1684.90258789062,S1C4 14022023,1080.0,2080.0
59,9,105,1722.89855957031,1730.40258789062,S1C4 14022023,1080.0,2080.0
60,9,105,1767.10144042968,1777.1015625,S1C4 14022023,1080.0,2080.0
61,9,105,1805.5,1815.6015625,S1C4 14022023,1080.0,2080.0
62,9,105,1847.89855957031,1859.90258789062,S1C4 14022023,1080.0,2080.0
63,9,105,1890.30102539062,1907.99621582031,S1C4 14022023,1080.0,2080.0
64,9,105,1931.89855957031,1953.1015625,S1C4 14022023,1080.0,2080.0
65,10,115,1290.5,1293.796875,S1C4 14022023,1080.0,2080.0
66,10,115,1455.30102539062,1459.6015625,S1C4 14022023,1080.0,2080.0
67,10,115,1519.10144042968,1523.796875,S1C4 14022023,1080.0,2080.0
68,10,115,1590.5,1595.90258789062,S1C4 14022023,1080.0,2080.0
69,10,115,1643.89855957031,1650.1015625,S1C4 14022023,1080.0,2080.0
70,10,115,1693.5,1700.90258789062,S1C4 14022023,1080.0,2080.0
71,10,115,1737.39855957031,1747.70300292968,S1C4 14022023,1080.0,2080.0
72,10,115,1782.60144042968,1792.296875,S1C4 14022023,1080.0,2080.0
73,10,115,1823.10144042968,1834.99621582031,S1C4 14022023,1080.0,2080.0
74,10,115,1861.30102539062,1874.99621582031,S1C4 14022023,1080.0,2080.0
75,11,125,1274.19921875,1277.40258789062,S1C4 14022023,1080.0,2080.0
76,11,125,1505.60144042968,1510.296875,S1C4 14022023,1080.0,2080.0
77,11,125,1569.69921875,1574.99621582031,S1C4 14022023,1080.0,2080.0
78,11,125,1626.10144042968,1632.296875,S1C4 14022023,1080.0,2080.0
79,11,125,1674.89855957031,1682.6015625,S1C4 14022023,1080.0,2080.0
80,11,125,1720.60144042968,1730.40258789062,S1C4 14022023,1080.0,2080.0
81,11,125,1763.60144042968,1774.6015625,S1C4 14022023,1080.0,2080.0
82,11,125,1807.69921875,1823.796875,S1C4 14022023,1080.0,2080.0
83,11,125,1849.39855957031,1865.20300292968,S1C4 14022023,1080.0,2080.0
84,12,135,1263.30102539062,1266.49621582031,S1C4 14022023,1080.0,2080.0
85,12,135,1489.19921875,1493.796875,S1C4 14022023,1080.0,2080.0
86,12,135,1577.89855957031,1583.40258789062,S1C4 14022023,1080.0,2080.0
87,12,135,1635.89855957031,1642.40258789062,S1C4 14022023,1080.0,2080.0
88,12,135,1681.10144042968,1689.20300292968,S1C4 14022023,1080.0,2080.0
89,12,135,1726.69921875,1740.296875,S1C4 14022023,1080.0,2080.0
90,12,135,1770.5,1783.1015625,S1C4 14022023,1080.0,2080.0
91,12,135,1813.19921875,1829.796875,S1C4 14022023,1080.0,2080.0
92,12,135,1851.69921875,1875.1015625,S1C4 14022023,1080.0,2080.0
93,13,145,1284.5,1287.70300292968,S1C4 14022023,1080.0,2080.0
94,13,145,1496.69921875,1501.296875,S1C4 14022023,1080.0,2080.0
95,13,145,1570.60144042968,1575.90258789062,S1C4 14022023,1080.0,2080.0
96,13,145,1626.39855957031,1632.6015625,S1C4 14022023,1080.0,2080.0
97,13,145,1671.80102539062,1681.90258789062,S1C4 14022023,1080.0,2080.0
98,13,145,1713.80102539062,1725.90258789062,S1C4 14022023,1080.0,2080.0
99,13,145,1753.0,1765.70300292968,S1C4 14022023,1080.0,2080.0
100,13,145,1789.60144042968,1806.99621582031,S1C4 14022023,1080.0,2080.0
101,13,145,1827.19921875,1848.796875,S1C4 14022023,1080.0,2080.0
102,14,155,1276.89855957031,1280.20300292968,S1C4 14022023,1080.0,2080.0
103,14,155,1440.5,1445.20300292968,S1C4 14022023,1080.0,2080.0
104,14,155,1500.60144042968,1505.70300292968,S1C4 14022023,1080.0,2080.0
105,14,155,1554.0,1561.39074707031,S1C4 14022023,1080.0,2080.0
106,14,155,1603.203125,1611.70300292968,S1C4 14022023,1080.0,2080.0
107,14,155,1645.203125,1657.8046875,S1C4 14022023,1080.0,2080.0
108,14,155,1686.39855957031,1701.6015625,S1C4 14022023,1080.0,2080.0
109,14,155,1725.89855957031,1745.1015625,S1C4 14022023,1080.0,2080.0
110,15,165,1276.79699707031,1280.1015625,S1C4 14022023,1080.0,2080.0
111,15,165,1457.703125,1462.3046875,S1C4 14022023,1080.0,2080.0
112,15,165,1523.29699707031,1529.50012207031,S1C4 14022023,1080.0,2080.0
113,15,165,1578.39855957031,1590.00012207031,S1C4 14022023,1080.0,2080.0
114,15,165,1625.703125,1635.70300292968,S1C4 14022023,1080.0,2080.0
115,15,165,1666.203125,1681.00012207031,S1C4 14022023,1080.0,2080.0
116,15,165,1706.29699707031,1723.70300292968,S1C4 14022023,1080.0,2080.0
117,15,165,1743.60144042968,1765.8046875,S1C4 14022023,1080.0,2080.0
0,1,25,0.0,0.0,S1C4 15022023,1080.0,2080.0
1,2,35,0.0,0.0,S1C4 15022023,1080.0,2080.0
2,3,45,0.0,0.0,S1C4 15022023,1080.0,2080.0
3,4,55,2035.30102539062,2039.00012207031,S1C4 15022023,1080.0,2080.0
4,5,65,2056.599609375,2060.5,S1C4 15022023,1080.0,2080.0
5,6,75,1975.80102539062,1979.599609375,S1C4 15022023,1080.0,2080.0
6,7,85,1881.30102539062,1885.099609375,S1C4 15022023,1080.0,2080.0
7,7,85,2028.19921875,2033.19909667968,S1C4 15022023,1080.0,2080.0
8,8,95,1835.10144042968,1838.70300292968,S1C4 15022023,1080.0,2080.0
9,8,95,2048.5,2054.296875,S1C4 15022023,1080.0,2080.0
10,9,105,1822.30102539062,1826.1015625,S1C4 15022023,1080.0,2080.0
11,10,115,1828.19921875,1832.40258789062,S1C4 15022023,1080.0,2080.0
12,10,115,1981.89855957031,1987.90258789062,S1C4 15022023,1080.0,2080.0
13,11,125,1790.60144042968,1794.90258789062,S1C4 15022023,1080.0,2080.0
14,11,125,1900.69921875,1905.99621582031,S1C4 15022023,1080.0,2080.0
15,11,125,2019.60144042968,2028.99621582031,S1C4 15022023,1080.0,2080.0
16,12,135,1803.80102539062,1807.99621582031,S1C4 15022023,1080.0,2080.0
17,12,135,1907.5,1914.90258789062,S1C4 15022023,1080.0,2080.0
18,12,135,1997.19921875,2009.796875,S1C4 15022023,1080.0,2080.0
19,13,145,1702.19921875,1706.1015625,S1C4 15022023,1080.0,2080.0
20,13,145,1889.0,1896.796875,S1C4 15022023,1080.0,2080.0
21,13,145,1959.0,1969.6015625,S1C4 15022023,1080.0,2080.0
22,13,145,2039.80102539062,2069.40258789062,S1C4 15022023,1080.0,2080.0
23,14,155,1711.60144042968,1715.6015625,S1C4 15022023,1080.0,2080.0
24,14,155,1857.29699707031,1864.6015625,S1C4 15022023,1080.0,2080.0
25,14,155,1951.703125,1964.70300292968,S1C4 15022023,1080.0,2080.0
26,14,155,2023.60144042968,2037.3046875,S1C4 15022023,1080.0,2080.0
27,15,165,1739.5,1743.8046875,S1C4 15022023,1080.0,2080.0
28,15,165,1856.89855957031,1864.8046875,S1C4 15022023,1080.0,2080.0
29,15,165,1928.203125,1938.6015625,S1C4 15022023,1080.0,2080.0
30,15,165,2035.29699707031,2064.5,S1C4 15022023,1080.0,2080.0
0,1,0,0.0,0.0,S1C4 21022023,1080.0,2080.0
1,2,35,1920.10009765625,1921.50012207031,S1C4 21022023,1080.0,2080.0
2,3,45,1777.80004882812,1779.30078125,S1C4 21022023,1080.0,2080.0
3,3,45,2057.7001953125,2059.30078125,S1C4 21022023,1080.0,2080.0
4,4,55,1698.80102539062,1700.298828125,S1C4 21022023,1080.0,2080.0
5,4,55,1926.40051269531,1928.00012207031,S1C4 21022023,1080.0,2080.0
6,4,55,2078.0,2079.69921875,S1C4 21022023,1080.0,2080.0
7,5,65,1687.90051269531,1689.40258789062,S1C4 21022023,1080.0,2080.0
8,5,65,1882.40051269531,1884.00012207031,S1C4 21022023,1080.0,2080.0
9,5,65,2013.59948730468,2015.19909667968,S1C4 21022023,1080.0,2080.0
10,6,75,1616.40051269531,1617.90258789062,S1C4 21022023,1080.0,2080.0
11,6,75,1805.90051269531,1807.50012207031,S1C4 21022023,1080.0,2080.0
12,6,75,1956.30102539062,1958.099609375,S1C4 21022023,1080.0,2080.0
13,6,75,2060.400390625,2062.19921875,S1C4 21022023,1080.0,2080.0
14,7,85,1541.69921875,1543.19909667968,S1C4 21022023,1080.0,2080.0
15,7,85,1721.80102539062,1723.40258789062,S1C4 21022023,1080.0,2080.0
16,7,85,1821.30102539062,1823.00012207031,S1C4 21022023,1080.0,2080.0
17,7,85,1906.69921875,1908.50012207031,S1C4 21022023,1080.0,2080.0
18,7,85,2016.5,2018.50012207031,S1C4 21022023,1080.0,2080.0
19,8,95,1521.39855957031,1522.90258789062,S1C4 21022023,1080.0,2080.0
20,8,95,1669.19921875,1670.796875,S1C4 21022023,1080.0,2080.0
21,8,95,1765.19921875,1766.796875,S1C4 21022023,1080.0,2080.0
22,8,95,1851.30102539062,1853.20300292968,S1C4 21022023,1080.0,2080.0
23,8,95,1951.39855957031,1953.296875,S1C4 21022023,1080.0,2080.0
24,8,95,2053.8984375,2055.90258789062,S1C4 21022023,1080.0,2080.0
25,9,105,1514.69921875,1516.20300292968,S1C4 21022023,1080.0,2080.0
26,9,105,1636.69921875,1638.40258789062,S1C4 21022023,1080.0,2080.0
27,9,105,1736.30102539062,1737.99621582031,S1C4 21022023,1080.0,2080.0
28,9,105,1850.30102539062,1852.20300292968,S1C4 21022023,1080.0,2080.0
29,9,105,1942.5,1944.6015625,S1C4 21022023,1080.0,2080.0
30,9,105,2052.3984375,2054.49609375,S1C4 21022023,1080.0,2080.0
31,10,115,1458.0,1459.49621582031,S1C4 21022023,1080.0,2080.0
32,10,115,1574.60144042968,1576.20300292968,S1C4 21022023,1080.0,2080.0
33,10,115,1681.80102539062,1683.6015625,S1C4 21022023,1080.0,2080.0
34,10,115,1774.5,1776.40258789062,S1C4 21022023,1080.0,2080.0
35,10,115,1866.80102539062,1868.796875,S1C4 21022023,1080.0,2080.0
36,10,115,1948.80102539062,1950.90258789062,S1C4 21022023,1080.0,2080.0
37,11,125,1439.19921875,1440.70300292968,S1C4 21022023,1080.0,2080.0
38,11,125,1598.30102539062,1599.99621582031,S1C4 21022023,1080.0,2080.0
39,11,125,1676.89855957031,1678.6015625,S1C4 21022023,1080.0,2080.0
40,11,125,1758.69921875,1760.6015625,S1C4 21022023,1080.0,2080.0
41,11,125,1845.89855957031,1847.99621582031,S1C4 21022023,1080.0,2080.0
42,11,125,1931.60144042968,1933.6015625,S1C4 21022023,1080.0,2080.0
43,12,135,1422.89855957031,1424.40258789062,S1C4 21022023,1080.0,2080.0
44,12,135,1547.0,1548.6015625,S1C4 21022023,1080.0,2080.0
45,12,135,1628.5,1630.296875,S1C4 21022023,1080.0,2080.0
46,12,135,1704.60144042968,1706.49621582031,S1C4 21022023,1080.0,2080.0
47,12,135,1796.10144042968,1798.296875,S1C4 21022023,1080.0,2080.0
48,12,135,1868.10144042968,1870.20300292968,S1C4 21022023,1080.0,2080.0
49,13,145,1394.69921875,1396.20300292968,S1C4 21022023,1080.0,2080.0
50,13,145,1495.19921875,1496.796875,S1C4 21022023,1080.0,2080.0
51,13,145,1585.89855957031,1587.70300292968,S1C4 21022023,1080.0,2080.0
52,13,145,1668.0,1669.90258789062,S1C4 21022023,1080.0,2080.0
53,13,145,1745.69921875,1747.796875,S1C4 21022023,1080.0,2080.0
54,13,145,1814.69921875,1815.99621582031,S1C4 21022023,1080.0,2080.0
55,14,155,1405.89855957031,1407.39074707031,S1C4 21022023,1080.0,2080.0
56,14,155,1514.39855957031,1516.00012207031,S1C4 21022023,1080.0,2080.0
57,14,155,1592.60144042968,1594.3046875,S1C4 21022023,1080.0,2080.0
58,14,155,1655.89855957031,1657.89074707031,S1C4 21022023,1080.0,2080.0
59,14,155,1735.703125,1737.70300292968,S1C4 21022023,1080.0,2080.0
60,15,165,1389.0,1390.50012207031,S1C4 21022023,1080.0,2080.0
61,15,165,1495.79699707031,1497.50012207031,S1C4 21022023,1080.0,2080.0
62,15,165,1569.79699707031,1571.6015625,S1C4 21022023,1080.0,2080.0
63,15,165,1644.0,1646.00012207031,S1C4 21022023,1080.0,2080.0
64,15,165,1715.0,1717.00012207031,S1C4 21022023,1080.0,2080.0
0,1,25,0.0,0.0,S1C4 23012023,1080.0,2080.0
1,2,35,0.0,0.0,S1C4 23012023,1080.0,2080.0
2,3,45,1939.90051269531,1945.30078125,S1C4 23012023,1080.0,2080.0
3,4,45,1790.5,1796.19909667968,S1C4 23012023,1080.0,2080.0
4,4,45,1953.69921875,1963.40258789062,S1C4 23012023,1080.0,2080.0
5,5,55,1754.90051269531,1761.099609375,S1C4 23012023,1080.0,2080.0
6,5,55,1877.5,1888.599609375,S1C4 23012023,1080.0,2080.0
7,5,55,1969.30102539062,1985.40258789062,S1C4 23012023,1080.0,2080.0
8,5,55,2046.90051269531,2072.099609375,S1C4 23012023,1080.0,2080.0
9,6,65,1655.69921875,1661.50012207031,S1C4 23012023,1080.0,2080.0
10,6,65,1800.40051269531,1810.69909667968,S1C4 23012023,1080.0,2080.0
11,6,65,1886.19921875,1906.00012207031,S1C4 23012023,1080.0,2080.0
12,6,65,1976.19921875,2001.099609375,S1C4 23012023,1080.0,2080.0
13,6,65,2041.59948730468,2073.599609375,S1C4 23012023,1080.0,2080.0
14,7,75,1621.5,1627.50012207031,S1C4 23012023,1080.0,2080.0
15,7,75,1728.90051269531,1738.298828125,S1C4 23012023,1080.0,2080.0
16,7,75,1806.0,1826.19909667968,S1C4 23012023,1080.0,2080.0
17,7,75,1865.59948730468,1892.40258789062,S1C4 23012023,1080.0,2080.0
18,7,75,1919.5,1964.50012207031,S1C4 23012023,1080.0,2080.0
19,8,85,1561.10144042968,1566.99621582031,S1C4 23012023,1080.0,2080.0
20,8,85,1667.80102539062,1678.296875,S1C4 23012023,1080.0,2080.0
21,8,85,1739.19921875,1758.1015625,S1C4 23012023,1080.0,2080.0
22,8,85,1813.5,1840.1015625,S1C4 23012023,1080.0,2080.0
23,8,85,1870.30102539062,1913.6015625,S1C4 23012023,1080.0,2080.0
24,9,95,1532.10144042968,1538.20300292968,S1C4 23012023,1080.0,2080.0
25,9,95,1623.30102539062,1634.49621582031,S1C4 23012023,1080.0,2080.0
26,9,95,1721.19921875,1741.296875,S1C4 23012023,1080.0,2080.0
27,9,95,1777.5,1810.796875,S1C4 23012023,1080.0,2080.0
28,10,105,1508.5,1514.40258789062,S1C4 23012023,1080.0,2080.0
29,10,105,1605.80102539062,1617.20300292968,S1C4 23012023,1080.0,2080.0
30,10,105,1675.39855957031,1695.90258789062,S1C4 23012023,1080.0,2080.0
31,10,105,1741.0,1770.70300292968,S1C4 23012023,1080.0,2080.0
32,11,115,1488.39855957031,1494.40258789062,S1C4 23012023,1080.0,2080.0
33,11,115,1569.89855957031,1582.20300292968,S1C4 23012023,1080.0,2080.0
34,11,115,1634.19921875,1651.49621582031,S1C4 23012023,1080.0,2080.0
35,11,115,1687.60144042968,1716.70300292968,S1C4 23012023,1080.0,2080.0
36,12,125,1465.19921875,1470.90258789062,S1C4 23012023,1080.0,2080.0
37,12,125,1531.80102539062,1543.49621582031,S1C4 23012023,1080.0,2080.0
38,12,125,1586.39855957031,1606.70300292968,S1C4 23012023,1080.0,2080.0
39,12,125,1637.80102539062,1661.99621582031,S1C4 23012023,1080.0,2080.0
40,13,135,1436.89855957031,1442.49621582031,S1C4 23012023,1080.0,2080.0
41,13,135,1514.80102539062,1526.6015625,S1C4 23012023,1080.0,2080.0
42,13,135,1567.30102539062,1589.70300292968,S1C4 23012023,1080.0,2080.0
43,13,135,1612.89855957031,1649.49621582031,S1C4 23012023,1080.0,2080.0
44,14,145,1388.89855957031,1394.39074707031,S1C4 23012023,1080.0,2080.0
45,14,145,1463.79699707031,1475.1015625,S1C4 23012023,1080.0,2080.0
46,14,145,1515.29699707031,1534.1015625,S1C4 23012023,1080.0,2080.0
47,14,145,1568.60144042968,1604.70300292968,S1C4 23012023,1080.0,2080.0
48,15,155,1408.0,1413.50012207031,S1C4 23012023,1080.0,2080.0
49,15,155,1473.5,1485.50012207031,S1C4 23012023,1080.0,2080.0
50,15,155,1525.89855957031,1548.39074707031,S1C4 23012023,1080.0,2080.0
0,1,25,1965.19995117187,1968.59997558593,S1C5 21022023,1080.0,2080.0
1,1,25,2006.90002441406,2011.90014648437,S1C5 21022023,1080.0,2080.0
2,1,25,2036.40002441406,2045.60009765625,S1C5 21022023,1080.0,2080.0
3,1,25,2063.60009765625,2079.7998046875,S1C5 21022023,1080.0,2080.0
4,2,35,1693.90002441406,1697.30029296875,S1C5 21022023,1080.0,2080.0
5,2,35,1738.2001953125,1743.10009765625,S1C5 21022023,1080.0,2080.0
6,2,35,1767.0,1776.80029296875,S1C5 21022023,1080.0,2080.0
7,2,35,1791.2001953125,1894.30029296875,S1C5 21022023,1080.0,2080.0
8,3,45,1681.40051269531,1684.69909667968,S1C5 21022023,1080.0,2080.0
9,3,45,1716.2001953125,1721.099609375,S1C5 21022023,1080.0,2080.0
10,3,45,1741.90051269531,1750.89965820312,S1C5 21022023,1080.0,2080.0
11,3,45,1767.09948730468,1881.50109863281,S1C5 21022023,1080.0,2080.0
12,4,55,1523.30102539062,1526.599609375,S1C5 21022023,1080.0,2080.0
13,4,55,1554.80102539062,1559.50012207031,S1C5 21022023,1080.0,2080.0
14,4,55,1583.59948730468,1594.40258789062,S1C5 21022023,1080.0,2080.0
15,4,55,1608.59948730468,1729.298828125,S1C5 21022023,1080.0,2080.0
16,5,65,1490.90051269531,1494.298828125,S1C5 21022023,1080.0,2080.0
17,5,65,1520.30102539062,1525.50012207031,S1C5 21022023,1080.0,2080.0
18,5,65,1549.90051269531,1683.50012207031,S1C5 21022023,1080.0,2080.0
19,5,65,2008.0,2012.90258789062,S1C5 21022023,1080.0,2080.0
20,6,75,1427.30102539062,1430.50012207031,S1C5 21022023,1080.0,2080.0
21,6,75,1462.40051269531,1467.298828125,S1C5 21022023,1080.0,2080.0
22,6,75,1486.59948730468,1599.40258789062,S1C5 21022023,1080.0,2080.0
23,6,75,1962.69921875,1967.40258789062,S1C5 21022023,1080.0,2080.0
24,6,75,2019.40051269531,2027.19909667968,S1C5 21022023,1080.0,2080.0
25,7,85,1469.90051269531,1473.19909667968,S1C5 21022023,1080.0,2080.0
26,7,85,1495.19921875,1500.298828125,S1C5 21022023,1080.0,2080.0
27,7,85,1530.09948730468,1680.90258789062,S1C5 21022023,1080.0,2080.0
28,7,85,1951.69921875,1956.90258789062,S1C5 21022023,1080.0,2080.0
29,7,85,2056.599609375,2078.5,S1C5 21022023,1080.0,2080.0
30,8,95,1427.10144042968,1430.296875,S1C5 21022023,1080.0,2080.0
31,8,95,1455.30102539062,1459.99621582031,S1C5 21022023,1080.0,2080.0
32,8,95,1480.10144042968,1488.90258789062,S1C5 21022023,1080.0,2080.0
33,8,95,1502.69921875,1643.90258789062,S1C5 21022023,1080.0,2080.0
34,8,95,1915.5,1920.796875,S1C5 21022023,1080.0,2080.0
35,8,95,1997.19921875,2005.296875,S1C5 21022023,1080.0,2080.0
36,8,95,2048.19921875,2078.796875,S1C5 21022023,1080.0,2080.0
37,9,105,1359.0,1362.296875,S1C5 21022023,1080.0,2080.0
38,9,105,1391.0,1395.90258789062,S1C5 21022023,1080.0,2080.0
39,9,105,1413.89855957031,1422.99621582031,S1C5 21022023,1080.0,2080.0
40,9,105,1436.0,1568.70300292968,S1C5 21022023,1080.0,2080.0
41,9,105,1827.39855957031,1832.6015625,S1C5 21022023,1080.0,2080.0
42,9,105,1901.5,1912.1015625,S1C5 21022023,1080.0,2080.0
43,9,105,1977.89855957031,2079.1015625,S1C5 21022023,1080.0,2080.0
44,10,115,1353.89855957031,1357.296875,S1C5 21022023,1080.0,2080.0
45,10,115,1393.69921875,1399.1015625,S1C5 21022023,1080.0,2080.0
46,10,115,1418.10144042968,1577.99621582031,S1C5 21022023,1080.0,2080.0
47,10,115,1820.10144042968,1825.99621582031,S1C5 21022023,1080.0,2080.0
48,10,115,1919.5,2045.99621582031,S1C5 21022023,1080.0,2080.0
49,11,125,1309.69921875,1312.90258789062,S1C5 21022023,1080.0,2080.0
50,11,125,1367.0,1371.796875,S1C5 21022023,1080.0,2080.0
51,11,125,1392.10144042968,1544.99621582031,S1C5 21022023,1080.0,2080.0
52,11,125,1799.19921875,1806.20300292968,S1C5 21022023,1080.0,2080.0
53,11,125,1866.80102539062,1946.6015625,S1C5 21022023,1080.0,2080.0
54,11,125,1992.39855957031,2079.296875,S1C5 21022023,1080.0,2080.0
55,12,135,1316.39855957031,1319.49621582031,S1C5 21022023,1080.0,2080.0
56,12,135,1342.19921875,1347.20300292968,S1C5 21022023,1080.0,2080.0
57,12,135,1373.0,1534.90258789062,S1C5 21022023,1080.0,2080.0
58,12,135,1757.19921875,1763.40258789062,S1C5 21022023,1080.0,2080.0
59,12,135,1815.19921875,2078.99609375,S1C5 21022023,1080.0,2080.0
60,13,145,1308.0,1311.20300292968,S1C5 21022023,1080.0,2080.0
61,13,145,1344.30102539062,1349.40258789062,S1C5 21022023,1080.0,2080.0
62,13,145,1373.60144042968,1538.90258789062,S1C5 21022023,1080.0,2080.0
63,13,145,1753.10144042968,1760.296875,S1C5 21022023,1080.0,2080.0
64,13,145,1841.5,2079.6015625,S1C5 21022023,1080.0,2080.0
65,14,155,1312.29699707031,1315.50012207031,S1C5 21022023,1080.0,2080.0
66,14,155,1344.203125,1349.6015625,S1C5 21022023,1080.0,2080.0
67,14,155,1369.39855957031,1554.6015625,S1C5 21022023,1080.0,2080.0
68,14,155,1777.89855957031,1786.00012207031,S1C5 21022023,1080.0,2080.0
69,14,155,1844.703125,2079.39086914062,S1C5 21022023,1080.0,2080.0
70,15,165,1297.79699707031,1301.00012207031,S1C5 21022023,1080.0,2080.0
71,15,165,1324.79699707031,1329.70300292968,S1C5 21022023,1080.0,2080.0
72,15,165,1349.29699707031,1536.6015625,S1C5 21022023,1080.0,2080.0
73,15,165,1754.0,2079.703125,S1C5 21022023,1080.0,2080.0
0,1,25,0.0,0.0,S1C5 23012023,1080.0,2080.0
1,2,35,0.0,0.0,S1C5 23012023,1080.0,2080.0
2,3,45,1939.90051269531,1945.30078125,S1C5 23012023,1080.0,2080.0
3,4,55,1790.5,1796.19909667968,S1C5 23012023,1080.0,2080.0
4,4,55,1953.69921875,1963.40258789062,S1C5 23012023,1080.0,2080.0
5,5,65,1754.90051269531,1761.099609375,S1C5 23012023,1080.0,2080.0
6,5,65,1877.5,1888.599609375,S1C5 23012023,1080.0,2080.0
7,5,65,1969.30102539062,1985.40258789062,S1C5 23012023,1080.0,2080.0
8,5,65,2046.90051269531,2072.099609375,S1C5 23012023,1080.0,2080.0
9,6,75,1655.69921875,1661.50012207031,S1C5 23012023,1080.0,2080.0
10,6,75,1800.40051269531,1810.69909667968,S1C5 23012023,1080.0,2080.0
11,6,75,1886.19921875,1906.00012207031,S1C5 23012023,1080.0,2080.0
12,6,75,1976.19921875,2001.099609375,S1C5 23012023,1080.0,2080.0
13,6,75,2041.59948730468,2073.599609375,S1C5 23012023,1080.0,2080.0
14,7,85,1621.5,1627.50012207031,S1C5 23012023,1080.0,2080.0
15,7,85,1728.90051269531,1738.298828125,S1C5 23012023,1080.0,2080.0
16,7,85,1806.0,1826.19909667968,S1C5 23012023,1080.0,2080.0
17,7,85,1865.59948730468,1892.40258789062,S1C5 23012023,1080.0,2080.0
18,7,85,1919.5,1964.50012207031,S1C5 23012023,1080.0,2080.0
19,8,95,1561.10144042968,1566.99621582031,S1C5 23012023,1080.0,2080.0
20,8,95,1667.80102539062,1678.296875,S1C5 23012023,1080.0,2080.0
21,8,95,1739.19921875,1758.1015625,S1C5 23012023,1080.0,2080.0
22,8,95,1813.5,1840.1015625,S1C5 23012023,1080.0,2080.0
23,8,95,1870.30102539062,1913.6015625,S1C5 23012023,1080.0,2080.0
24,9,105,1532.10144042968,1538.20300292968,S1C5 23012023,1080.0,2080.0
25,9,105,1623.30102539062,1634.49621582031,S1C5 23012023,1080.0,2080.0
26,9,105,1721.19921875,1741.296875,S1C5 23012023,1080.0,2080.0
27,9,105,1777.5,1810.796875,S1C5 23012023,1080.0,2080.0
28,10,115,1508.5,1514.40258789062,S1C5 23012023,1080.0,2080.0
29,10,115,1605.80102539062,1617.20300292968,S1C5 23012023,1080.0,2080.0
30,10,115,1675.39855957031,1695.90258789062,S1C5 23012023,1080.0,2080.0
31,10,115,1741.0,1770.70300292968,S1C5 23012023,1080.0,2080.0
32,11,125,1488.39855957031,1494.40258789062,S1C5 23012023,1080.0,2080.0
33,11,125,1569.89855957031,1582.20300292968,S1C5 23012023,1080.0,2080.0
34,11,125,1634.19921875,1651.49621582031,S1C5 23012023,1080.0,2080.0
35,11,125,1687.60144042968,1716.70300292968,S1C5 23012023,1080.0,2080.0
36,12,135,1465.19921875,1470.90258789062,S1C5 23012023,1080.0,2080.0
37,12,135,1531.80102539062,1543.49621582031,S1C5 23012023,1080.0,2080.0
38,12,135,1586.39855957031,1606.70300292968,S1C5 23012023,1080.0,2080.0
39,12,135,1637.80102539062,1661.99621582031,S1C5 23012023,1080.0,2080.0
40,13,145,1436.89855957031,1442.49621582031,S1C5 23012023,1080.0,2080.0
41,13,145,1514.80102539062,1526.6015625,S1C5 23012023,1080.0,2080.0
42,13,145,1567.30102539062,1589.70300292968,S1C5 23012023,1080.0,2080.0
43,13,145,1612.89855957031,1649.49621582031,S1C5 23012023,1080.0,2080.0
44,14,155,1388.89855957031,1394.39074707031,S1C5 23012023,1080.0,2080.0
45,14,155,1463.79699707031,1475.1015625,S1C5 23012023,1080.0,2080.0
46,14,155,1515.29699707031,1534.1015625,S1C5 23012023,1080.0,2080.0
47,14,155,1568.60144042968,1604.70300292968,S1C5 23012023,1080.0,2080.0
48,15,165,1408.0,1413.50012207031,S1C5 23012023,1080.0,2080.0
49,15,165,1473.5,1485.50012207031,S1C5 23012023,1080.0,2080.0
50,15,165,1525.89855957031,1548.39074707031,S1C5 23012023,1080.0,2080.0
0,1,25,0.0,0.0,S1C6 23012023,1080.0,2080.0
1,2,35,1922.90002441406,1924.10009765625,S1C6 23012023,1080.0,2080.0
2,3,45,1818.7001953125,1819.89965820312,S1C6 23012023,1080.0,2080.0
3,3,45,1963.5,1965.00109863281,S1C6 23012023,1080.0,2080.0
4,3,45,2050.80004882812,2052.5009765625,S1C6 23012023,1080.0,2080.0
5,4,55,1675.09948730468,1676.298828125,S1C6 23012023,1080.0,2080.0
6,4,55,1820.0,1821.599609375,S1C6 23012023,1080.0,2080.0
7,4,55,1910.90051269531,1912.599609375,S1C6 23012023,1080.0,2080.0
8,4,55,1990.30102539062,1992.40258789062,S1C6 23012023,1080.0,2080.0
9,4,55,2053.19921875,2055.5,S1C6 23012023,1080.0,2080.0
10,5,65,1588.69921875,1589.90258789062,S1C6 23012023,1080.0,2080.0
11,5,65,1711.69921875,1713.298828125,S1C6 23012023,1080.0,2080.0
12,5,65,1793.90051269531,1795.599609375,S1C6 23012023,1080.0,2080.0
13,5,65,1868.90051269531,1870.90258789062,S1C6 23012023,1080.0,2080.0
14,5,65,1969.69921875,1972.19909667968,S1C6 23012023,1080.0,2080.0
15,5,65,2025.80102539062,2028.90258789062,S1C6 23012023,1080.0,2080.0
16,6,75,1534.40051269531,1535.599609375,S1C6 23012023,1080.0,2080.0
17,6,75,1677.90051269531,1679.50012207031,S1C6 23012023,1080.0,2080.0
18,6,75,1758.30102539062,1760.19909667968,S1C6 23012023,1080.0,2080.0
19,6,75,1827.40051269531,1829.599609375,S1C6 23012023,1080.0,2080.0
20,6,75,1900.69921875,1903.50012207031,S1C6 23012023,1080.0,2080.0
21,6,75,1969.59948730468,1972.69909667968,S1C6 23012023,1080.0,2080.0
22,6,75,2053.80102539062,2057.599609375,S1C6 23012023,1080.0,2080.0
23,7,85,1492.69921875,1494.00012207031,S1C6 23012023,1080.0,2080.0
24,7,85,1617.5,1619.099609375,S1C6 23012023,1080.0,2080.0
25,7,85,1683.80102539062,1685.599609375,S1C6 23012023,1080.0,2080.0
26,7,85,1731.69921875,1734.00012207031,S1C6 23012023,1080.0,2080.0
27,7,85,1800.0,1802.599609375,S1C6 23012023,1080.0,2080.0
28,7,85,1861.19921875,1864.40258789062,S1C6 23012023,1080.0,2080.0
29,7,85,1927.09948730468,1930.90258789062,S1C6 23012023,1080.0,2080.0
30,7,85,2008.30102539062,2012.90258789062,S1C6 23012023,1080.0,2080.0
31,8,95,1431.0,1432.20300292968,S1C6 23012023,1080.0,2080.0
32,8,95,1537.30102539062,1538.90258789062,S1C6 23012023,1080.0,2080.0
33,8,95,1619.60144042968,1621.49621582031,S1C6 23012023,1080.0,2080.0
34,8,95,1686.80102539062,1689.1015625,S1C6 23012023,1080.0,2080.0
35,8,95,1762.30102539062,1765.1015625,S1C6 23012023,1080.0,2080.0
36,8,95,1819.89855957031,1823.296875,S1C6 23012023,1080.0,2080.0
37,8,95,1881.5,1885.20300292968,S1C6 23012023,1080.0,2080.0
38,8,95,1947.80102539062,1952.40258789062,S1C6 23012023,1080.0,2080.0
39,9,105,1447.0,1448.296875,S1C6 23012023,1080.0,2080.0
40,9,105,1546.5,1548.20300292968,S1C6 23012023,1080.0,2080.0
41,9,105,1638.60144042968,1640.70300292968,S1C6 23012023,1080.0,2080.0
42,9,105,1698.30102539062,1700.70300292968,S1C6 23012023,1080.0,2080.0
43,9,105,1746.10144042968,1748.99621582031,S1C6 23012023,1080.0,2080.0
44,9,105,1801.69921875,1804.99621582031,S1C6 23012023,1080.0,2080.0
45,9,105,1850.89855957031,1855.20300292968,S1C6 23012023,1080.0,2080.0
46,10,115,1418.39855957031,1419.70300292968,S1C6 23012023,1080.0,2080.0
47,10,115,1503.39855957031,1505.1015625,S1C6 23012023,1080.0,2080.0
48,10,115,1574.80102539062,1576.796875,S1C6 23012023,1080.0,2080.0
49,10,115,1632.89855957031,1635.296875,S1C6 23012023,1080.0,2080.0
50,10,115,1700.80102539062,1703.49621582031,S1C6 23012023,1080.0,2080.0
51,10,115,1760.5,1764.296875,S1C6 23012023,1080.0,2080.0
52,10,115,1819.10144042968,1823.99621582031,S1C6 23012023,1080.0,2080.0
53,11,125,1373.80102539062,1374.99621582031,S1C6 23012023,1080.0,2080.0
54,11,125,1458.30102539062,1459.90258789062,S1C6 23012023,1080.0,2080.0
55,11,125,1527.0,1528.99621582031,S1C6 23012023,1080.0,2080.0
56,11,125,1597.19921875,1599.6015625,S1C6 23012023,1080.0,2080.0
57,11,125,1676.5,1679.49621582031,S1C6 23012023,1080.0,2080.0
58,11,125,1729.5,1732.70300292968,S1C6 23012023,1080.0,2080.0
59,11,125,1774.60144042968,1778.49621582031,S1C6 23012023,1080.0,2080.0
60,11,125,1834.80102539062,1839.40258789062,S1C6 23012023,1080.0,2080.0
61,12,135,1377.80102539062,1378.99621582031,S1C6 23012023,1080.0,2080.0
62,12,135,1445.89855957031,1447.6015625,S1C6 23012023,1080.0,2080.0
63,12,135,1508.60144042968,1510.6015625,S1C6 23012023,1080.0,2080.0
64,12,135,1569.0,1571.296875,S1C6 23012023,1080.0,2080.0
65,12,135,1631.39855957031,1634.40258789062,S1C6 23012023,1080.0,2080.0
66,12,135,1684.10144042968,1687.796875,S1C6 23012023,1080.0,2080.0
67,12,135,1733.10144042968,1737.40258789062,S1C6 23012023,1080.0,2080.0
68,13,145,1319.30102539062,1320.49621582031,S1C6 23012023,1080.0,2080.0
69,13,145,1404.10144042968,1405.70300292968,S1C6 23012023,1080.0,2080.0
70,13,145,1467.19921875,1469.20300292968,S1C6 23012023,1080.0,2080.0
71,13,145,1525.10144042968,1527.49621582031,S1C6 23012023,1080.0,2080.0
72,13,145,1578.10144042968,1581.1015625,S1C6 23012023,1080.0,2080.0
73,13,145,1643.80102539062,1647.70300292968,S1C6 23012023,1080.0,2080.0
74,13,145,1709.19921875,1713.70300292968,S1C6 23012023,1080.0,2080.0
75,13,145,2068.19921875,2072.1015625,S1C6 23012023,1080.0,2080.0
76,14,155,1335.89855957031,1337.20300292968,S1C6 23012023,1080.0,2080.0
77,14,155,1409.29699707031,1410.89074707031,S1C6 23012023,1080.0,2080.0
78,14,155,1466.60144042968,1468.6015625,S1C6 23012023,1080.0,2080.0
79,14,155,1521.0,1523.50012207031,S1C6 23012023,1080.0,2080.0
80,14,155,1575.89855957031,1578.89074707031,S1C6 23012023,1080.0,2080.0
81,14,155,1631.79699707031,1635.8046875,S1C6 23012023,1080.0,2080.0
82,14,155,1986.203125,2004.1015625,S1C6 23012023,1080.0,2080.0
83,14,155,2041.89855957031,2069.3046875,S1C6 23012023,1080.0,2080.0
84,14,155,2073.0,2078.39086914062,S1C6 23012023,1080.0,2080.0
85,15,165,1303.703125,1304.89074707031,S1C6 23012023,1080.0,2080.0
86,15,165,1367.703125,1369.3046875,S1C6 23012023,1080.0,2080.0
87,15,165,1424.29699707031,1426.3046875,S1C6 23012023,1080.0,2080.0
88,15,165,1473.39855957031,1475.89074707031,S1C6 23012023,1080.0,2080.0
89,15,165,1527.60144042968,1530.50012207031,S1C6 23012023,1080.0,2080.0
90,15,165,1577.60144042968,1581.20300292968,S1C6 23012023,1080.0,2080.0
91,15,165,1630.703125,1634.3046875,S1C6 23012023,1080.0,2080.0
92,15,165,1920.79699707031,1929.39074707031,S1C6 23012023,1080.0,2080.0
93,15,165,1949.39855957031,1956.8046875,S1C6 23012023,1080.0,2080.0
94,15,165,1995.29699707031,2007.39074707031,S1C6 23012023,1080.0,2080.0
95,15,165,2015.5,2035.3046875,S1C6 23012023,1080.0,2080.0
96,15,165,2056.703125,2078.6015625,S1C6 23012023,1080.0,2080.0
0,1,25,1441.0,1443.59997558593,S2C1 21012023,1080.0,2080.0
1,1,25,1482.69995117187,1486.29992675781,S2C1 21012023,1080.0,2080.0
2,1,25,1536.09997558593,1539.90014648437,S2C1 21012023,1080.0,2080.0
3,1,25,1581.59997558593,1585.90014648437,S2C1 21012023,1080.0,2080.0
4,1,25,1632.69995117187,1637.09997558593,S2C1 21012023,1080.0,2080.0
5,1,25,1685.09997558593,1689.69995117187,S2C1 21012023,1080.0,2080.0
6,1,25,1736.30004882812,1741.0,S2C1 21012023,1080.0,2080.0
7,1,25,1792.30004882812,1797.09997558593,S2C1 21012023,1080.0,2080.0
8,1,25,1838.5,1843.59997558593,S2C1 21012023,1080.0,2080.0
9,1,25,1906.09997558593,1910.90014648437,S2C1 21012023,1080.0,2080.0
10,1,25,1957.80004882812,1963.09997558593,S2C1 21012023,1080.0,2080.0
11,1,25,2005.59997558593,2011.29992675781,S2C1 21012023,1080.0,2080.0
12,1,25,2052.30004882812,2057.90014648437,S2C1 21012023,1080.0,2080.0
13,2,35,1420.10009765625,1422.7001953125,S2C1 21012023,1080.0,2080.0
14,2,35,1468.30004882812,1471.7001953125,S2C1 21012023,1080.0,2080.0
15,2,35,1531.80004882812,1535.7001953125,S2C1 21012023,1080.0,2080.0
16,2,35,1585.2001953125,1589.50012207031,S2C1 21012023,1080.0,2080.0
17,2,35,1639.0,1643.39965820312,S2C1 21012023,1080.0,2080.0
18,2,35,1695.7001953125,1700.2001953125,S2C1 21012023,1080.0,2080.0
19,2,35,1746.10009765625,1750.89965820312,S2C1 21012023,1080.0,2080.0
20,2,35,1793.2001953125,1798.39965820312,S2C1 21012023,1080.0,2080.0
21,2,35,1844.30004882812,1849.60009765625,S2C1 21012023,1080.0,2080.0
22,2,35,1889.2001953125,1895.30029296875,S2C1 21012023,1080.0,2080.0
23,2,35,1934.5,1941.00012207031,S2C1 21012023,1080.0,2080.0
24,2,35,1979.2001953125,1986.00012207031,S2C1 21012023,1080.0,2080.0
25,2,35,2027.60009765625,2034.7001953125,S2C1 21012023,1080.0,2080.0
26,3,45,1384.09948730468,1386.599609375,S2C1 21012023,1080.0,2080.0
27,3,45,1444.7001953125,1448.39965820312,S2C1 21012023,1080.0,2080.0
28,3,45,1501.2001953125,1505.00109863281,S2C1 21012023,1080.0,2080.0
29,3,45,1550.80004882812,1554.80078125,S2C1 21012023,1080.0,2080.0
30,3,45,1601.2001953125,1605.599609375,S2C1 21012023,1080.0,2080.0
31,3,45,1653.80004882812,1659.89965820312,S2C1 21012023,1080.0,2080.0
32,3,45,1725.40051269531,1731.50109863281,S2C1 21012023,1080.0,2080.0
33,4,55,1374.30102539062,1376.798828125,S2C1 21012023,1080.0,2080.0
34,4,55,1416.69921875,1420.00012207031,S2C1 21012023,1080.0,2080.0
35,4,55,1471.0,1474.50012207031,S2C1 21012023,1080.0,2080.0
36,4,55,1524.09948730468,1528.50012207031,S2C1 21012023,1080.0,2080.0
37,4,55,1576.0,1580.798828125,S2C1 21012023,1080.0,2080.0
38,4,55,1620.0,1626.00012207031,S2C1 21012023,1080.0,2080.0
39,5,65,1361.30102539062,1363.69909667968,S2C1 21012023,1080.0,2080.0
40,5,65,1419.5,1422.90258789062,S2C1 21012023,1080.0,2080.0
41,5,65,1470.90051269531,1474.69909667968,S2C1 21012023,1080.0,2080.0
42,5,65,1517.80102539062,1521.90258789062,S2C1 21012023,1080.0,2080.0
43,5,65,1562.09948730468,1566.69909667968,S2C1 21012023,1080.0,2080.0
44,5,65,1605.09948730468,1611.00012207031,S2C1 21012023,1080.0,2080.0
45,6,75,1334.69921875,1337.099609375,S2C1 21012023,1080.0,2080.0
46,6,75,1380.69921875,1384.19909667968,S2C1 21012023,1080.0,2080.0
47,6,75,1433.0,1436.69909667968,S2C1 21012023,1080.0,2080.0
48,6,75,1478.40051269531,1482.798828125,S2C1 21012023,1080.0,2080.0
49,6,75,1526.5,1531.798828125,S2C1 21012023,1080.0,2080.0
50,6,75,1574.19921875,1580.00012207031,S2C1 21012023,1080.0,2080.0
51,7,85,1321.09948730468,1323.40258789062,S2C1 21012023,1080.0,2080.0
52,7,85,1354.19921875,1357.50012207031,S2C1 21012023,1080.0,2080.0
53,7,85,1403.5,1407.298828125,S2C1 21012023,1080.0,2080.0
54,7,85,1444.09948730468,1448.40258789062,S2C1 21012023,1080.0,2080.0
55,7,85,1490.59948730468,1495.90258789062,S2C1 21012023,1080.0,2080.0
56,8,95,1303.19921875,1305.49621582031,S2C1 21012023,1080.0,2080.0
57,8,95,1381.89855957031,1385.49621582031,S2C1 21012023,1080.0,2080.0
58,8,95,1430.60144042968,1434.49621582031,S2C1 21012023,1080.0,2080.0
59,8,95,1478.69921875,1483.20300292968,S2C1 21012023,1080.0,2080.0
60,8,95,1537.60144042968,1542.796875,S2C1 21012023,1080.0,2080.0
61,9,105,1289.30102539062,1291.49621582031,S2C1 21012023,1080.0,2080.0
62,9,105,1369.19921875,1372.49621582031,S2C1 21012023,1080.0,2080.0
63,9,105,1415.5,1419.40258789062,S2C1 21012023,1080.0,2080.0
64,10,115,1278.5,1280.796875,S2C1 21012023,1080.0,2080.0
65,10,115,1377.60144042968,1380.99621582031,S2C1 21012023,1080.0,2080.0
66,10,115,1417.19921875,1421.6015625,S2C1 21012023,1080.0,2080.0
67,11,125,1267.19921875,1269.40258789062,S2C1 21012023,1080.0,2080.0
68,11,125,1313.30102539062,1316.6015625,S2C1 21012023,1080.0,2080.0
69,11,125,1362.60144042968,1366.40258789062,S2C1 21012023,1080.0,2080.0
70,11,125,1410.30102539062,1414.6015625,S2C1 21012023,1080.0,2080.0
71,12,135,1271.10144042968,1273.296875,S2C1 21012023,1080.0,2080.0
72,12,135,1326.5,1329.90258789062,S2C1 21012023,1080.0,2080.0
73,12,135,1387.5,1391.49621582031,S2C1 21012023,1080.0,2080.0
74,12,135,1430.80102539062,1435.70300292968,S2C1 21012023,1080.0,2080.0
75,13,145,1262.60144042968,1264.796875,S2C1 21012023,1080.0,2080.0
76,13,145,1341.10144042968,1344.6015625,S2C1 21012023,1080.0,2080.0
77,13,145,1385.80102539062,1389.70300292968,S2C1 21012023,1080.0,2080.0
78,14,155,1255.79699707031,1258.00012207031,S2C1 21012023,1080.0,2080.0
79,14,155,1315.39855957031,1318.50012207031,S2C1 21012023,1080.0,2080.0
80,14,155,1360.29699707031,1364.00012207031,S2C1 21012023,1080.0,2080.0
81,15,165,1237.89855957031,1240.20300292968,S2C1 21012023,1080.0,2080.0
82,15,165,1314.5,1318.1015625,S2C1 21012023,1080.0,2080.0
83,15,165,1370.5,1375.1015625,S2C1 21012023,1080.0,2080.0
84,15,165,2044.60144042968,2078.6015625,S2C1 21012023,1080.0,2080.0
0,1,25,1727.90002441406,1730.19995117187,S2C2 21012023,1080.0,2080.0
1,1,25,1929.59997558593,1932.19995117187,S2C2 21012023,1080.0,2080.0
2,2,35,1545.30004882812,1547.7001953125,S2C2 21012023,1080.0,2080.0
3,2,35,1724.7001953125,1727.30029296875,S2C2 21012023,1080.0,2080.0
4,2,35,1848.7001953125,1851.60009765625,S2C2 21012023,1080.0,2080.0
5,2,35,1993.80004882812,1996.89965820312,S2C2 21012023,1080.0,2080.0
6,3,45,1454.09948730468,1456.39965820312,S2C2 21012023,1080.0,2080.0
7,3,45,1659.0,1661.599609375,S2C2 21012023,1080.0,2080.0
8,3,45,1767.90051269531,1770.80078125,S2C2 21012023,1080.0,2080.0
9,3,45,1858.5,1861.89965820312,S2C2 21012023,1080.0,2080.0
10,3,45,1940.90051269531,1944.50109863281,S2C2 21012023,1080.0,2080.0
11,3,45,2018.40051269531,2022.19909667968,S2C2 21012023,1080.0,2080.0
12,4,55,1408.90051269531,1411.298828125,S2C2 21012023,1080.0,2080.0
13,4,55,1558.19921875,1560.90258789062,S2C2 21012023,1080.0,2080.0
14,4,55,1670.40051269531,1673.50012207031,S2C2 21012023,1080.0,2080.0
15,4,55,1772.09948730468,1775.599609375,S2C2 21012023,1080.0,2080.0
16,4,55,1845.0,1848.599609375,S2C2 21012023,1080.0,2080.0
17,4,55,1919.69921875,1923.50012207031,S2C2 21012023,1080.0,2080.0
18,4,55,1988.19921875,1992.50012207031,S2C2 21012023,1080.0,2080.0
19,4,55,2048.5,2053.0,S2C2 21012023,1080.0,2080.0
20,5,65,1394.0,1396.50012207031,S2C2 21012023,1080.0,2080.0
21,5,65,1539.40051269531,1542.19909667968,S2C2 21012023,1080.0,2080.0
22,5,65,1629.5,1632.50012207031,S2C2 21012023,1080.0,2080.0
23,5,65,1698.59948730468,1702.099609375,S2C2 21012023,1080.0,2080.0
24,5,65,1760.90051269531,1764.69909667968,S2C2 21012023,1080.0,2080.0
25,5,65,1831.30102539062,1835.40258789062,S2C2 21012023,1080.0,2080.0
26,5,65,1906.0,1910.599609375,S2C2 21012023,1080.0,2080.0
27,5,65,1964.69921875,1969.298828125,S2C2 21012023,1080.0,2080.0
28,5,65,2018.80102539062,2024.19909667968,S2C2 21012023,1080.0,2080.0
29,6,75,1306.90051269531,1309.19909667968,S2C2 21012023,1080.0,2080.0
30,6,75,1447.09948730468,1449.798828125,S2C2 21012023,1080.0,2080.0
31,6,75,1546.90051269531,1550.00012207031,S2C2 21012023,1080.0,2080.0
32,6,75,1624.69921875,1628.19909667968,S2C2 21012023,1080.0,2080.0
33,6,75,1682.80102539062,1686.40258789062,S2C2 21012023,1080.0,2080.0
34,6,75,1751.0,1755.099609375,S2C2 21012023,1080.0,2080.0
35,6,75,1811.30102539062,1815.90258789062,S2C2 21012023,1080.0,2080.0
36,6,75,1865.0,1869.599609375,S2C2 21012023,1080.0,2080.0
37,6,75,1926.09948730468,1930.90258789062,S2C2 21012023,1080.0,2080.0
38,6,75,1977.0,1982.69909667968,S2C2 21012023,1080.0,2080.0
39,6,75,2026.90051269531,2032.40258789062,S2C2 21012023,1080.0,2080.0
40,7,85,1278.0,1280.19909667968,S2C2 21012023,1080.0,2080.0
41,7,85,1415.40051269531,1418.099609375,S2C2 21012023,1080.0,2080.0
42,7,85,1523.59948730468,1526.798828125,S2C2 21012023,1080.0,2080.0
43,7,85,1587.0,1590.50012207031,S2C2 21012023,1080.0,2080.0
44,7,85,1656.5,1660.50012207031,S2C2 21012023,1080.0,2080.0
45,7,85,1723.69921875,1728.00012207031,S2C2 21012023,1080.0,2080.0
46,7,85,1776.59948730468,1781.099609375,S2C2 21012023,1080.0,2080.0
47,7,85,1823.80102539062,1828.90258789062,S2C2 21012023,1080.0,2080.0
48,7,85,1877.40051269531,1882.599609375,S2C2 21012023,1080.0,2080.0
49,7,85,1921.69921875,1927.298828125,S2C2 21012023,1080.0,2080.0
50,7,85,1972.0,1978.19909667968,S2C2 21012023,1080.0,2080.0
51,7,85,2018.40051269531,2024.50012207031,S2C2 21012023,1080.0,2080.0
52,7,85,2065.0,2072.298828125,S2C2 21012023,1080.0,2080.0
53,8,95,1273.39855957031,1275.6015625,S2C2 21012023,1080.0,2080.0
54,8,95,1396.89855957031,1399.70300292968,S2C2 21012023,1080.0,2080.0
55,8,95,1485.19921875,1488.40258789062,S2C2 21012023,1080.0,2080.0
56,8,95,1550.60144042968,1554.1015625,S2C2 21012023,1080.0,2080.0
57,8,95,1602.19921875,1605.99621582031,S2C2 21012023,1080.0,2080.0
58,8,95,1649.30102539062,1653.70300292968,S2C2 21012023,1080.0,2080.0
59,8,95,1699.39855957031,1704.49621582031,S2C2 21012023,1080.0,2080.0
60,8,95,1749.69921875,1754.6015625,S2C2 21012023,1080.0,2080.0
61,8,95,1793.69921875,1798.99621582031,S2C2 21012023,1080.0,2080.0
62,8,95,1839.19921875,1844.796875,S2C2 21012023,1080.0,2080.0
63,8,95,1888.30102539062,1894.40258789062,S2C2 21012023,1080.0,2080.0
64,8,95,1933.30102539062,1940.49621582031,S2C2 21012023,1080.0,2080.0
65,8,95,1981.69921875,1988.99621582031,S2C2 21012023,1080.0,2080.0
66,8,95,2026.0,2032.99621582031,S2C2 21012023,1080.0,2080.0
67,8,95,2070.8984375,2078.703125,S2C2 21012023,1080.0,2080.0
68,9,105,1256.60144042968,1258.70300292968,S2C2 21012023,1080.0,2080.0
69,9,105,1388.60144042968,1391.40258789062,S2C2 21012023,1080.0,2080.0
70,9,105,1463.89855957031,1466.99621582031,S2C2 21012023,1080.0,2080.0
71,9,105,1521.5,1524.90258789062,S2C2 21012023,1080.0,2080.0
72,9,105,1569.89855957031,1573.90258789062,S2C2 21012023,1080.0,2080.0
73,9,105,1625.69921875,1629.99621582031,S2C2 21012023,1080.0,2080.0
74,9,105,1675.19921875,1680.20300292968,S2C2 21012023,1080.0,2080.0
75,9,105,1724.69921875,1729.6015625,S2C2 21012023,1080.0,2080.0
76,9,105,1771.60144042968,1777.20300292968,S2C2 21012023,1080.0,2080.0
77,9,105,1814.0,1820.20300292968,S2C2 21012023,1080.0,2080.0
78,9,105,1858.39855957031,1864.40258789062,S2C2 21012023,1080.0,2080.0
79,9,105,1903.0,1910.1015625,S2C2 21012023,1080.0,2080.0
80,9,105,1947.80102539062,1955.99621582031,S2C2 21012023,1080.0,2080.0
81,9,105,1992.80102539062,2001.49621582031,S2C2 21012023,1080.0,2080.0
82,9,105,2039.60144042968,2047.99621582031,S2C2 21012023,1080.0,2080.0
83,10,115,1236.60144042968,1238.70300292968,S2C2 21012023,1080.0,2080.0
84,10,115,1353.60144042968,1356.296875,S2C2 21012023,1080.0,2080.0
85,10,115,1428.89855957031,1432.1015625,S2C2 21012023,1080.0,2080.0
86,10,115,1485.39855957031,1488.90258789062,S2C2 21012023,1080.0,2080.0
87,10,115,1534.39855957031,1538.20300292968,S2C2 21012023,1080.0,2080.0
88,10,115,1580.10144042968,1584.49621582031,S2C2 21012023,1080.0,2080.0
89,10,115,1626.30102539062,1631.40258789062,S2C2 21012023,1080.0,2080.0
90,10,115,1676.80102539062,1681.70300292968,S2C2 21012023,1080.0,2080.0
91,10,115,1723.60144042968,1729.296875,S2C2 21012023,1080.0,2080.0
92,10,115,1767.10144042968,1773.40258789062,S2C2 21012023,1080.0,2080.0
93,10,115,1814.19921875,1820.99621582031,S2C2 21012023,1080.0,2080.0
94,10,115,1861.0,1867.70300292968,S2C2 21012023,1080.0,2080.0
95,10,115,1908.30102539062,1916.40258789062,S2C2 21012023,1080.0,2080.0
96,10,115,1957.30102539062,1967.20300292968,S2C2 21012023,1080.0,2080.0
97,11,125,1238.0,1240.20300292968,S2C2 21012023,1080.0,2080.0
98,11,125,1350.89855957031,1353.6015625,S2C2 21012023,1080.0,2080.0
99,11,125,1414.89855957031,1418.1015625,S2C2 21012023,1080.0,2080.0
100,11,125,1470.69921875,1474.40258789062,S2C2 21012023,1080.0,2080.0
101,11,125,1518.60144042968,1522.90258789062,S2C2 21012023,1080.0,2080.0
102,11,125,1565.80102539062,1570.20300292968,S2C2 21012023,1080.0,2080.0
103,11,125,1610.30102539062,1615.40258789062,S2C2 21012023,1080.0,2080.0
104,11,125,1655.69921875,1661.49621582031,S2C2 21012023,1080.0,2080.0
105,11,125,1699.0,1705.6015625,S2C2 21012023,1080.0,2080.0
106,11,125,1747.69921875,1754.49621582031,S2C2 21012023,1080.0,2080.0
107,11,125,1795.39855957031,1803.49621582031,S2C2 21012023,1080.0,2080.0
108,11,125,1847.5,1855.49621582031,S2C2 21012023,1080.0,2080.0
109,11,125,1891.0,1898.70300292968,S2C2 21012023,1080.0,2080.0
110,11,125,1932.89855957031,1942.70300292968,S2C2 21012023,1080.0,2080.0
111,11,125,1985.0,1996.90258789062,S2C2 21012023,1080.0,2080.0
112,12,135,1211.0,1213.1015625,S2C2 21012023,1080.0,2080.0
113,12,135,1322.89855957031,1325.6015625,S2C2 21012023,1080.0,2080.0
114,12,135,1395.39855957031,1398.6015625,S2C2 21012023,1080.0,2080.0
115,12,135,1439.39855957031,1442.90258789062,S2C2 21012023,1080.0,2080.0
116,12,135,1489.19921875,1493.40258789062,S2C2 21012023,1080.0,2080.0
117,12,135,1536.89855957031,1541.296875,S2C2 21012023,1080.0,2080.0
118,12,135,1579.19921875,1584.20300292968,S2C2 21012023,1080.0,2080.0
119,12,135,1625.30102539062,1630.90258789062,S2C2 21012023,1080.0,2080.0
120,12,135,1671.69921875,1677.70300292968,S2C2 21012023,1080.0,2080.0
121,12,135,1715.69921875,1722.20300292968,S2C2 21012023,1080.0,2080.0
122,12,135,1755.39855957031,1762.796875,S2C2 21012023,1080.0,2080.0
123,12,135,1800.60144042968,1808.70300292968,S2C2 21012023,1080.0,2080.0
124,12,135,1847.60144042968,1856.40258789062,S2C2 21012023,1080.0,2080.0
125,12,135,1992.10144042968,2077.40258789062,S2C2 21012023,1080.0,2080.0
126,13,145,1202.39855957031,1204.40258789062,S2C2 21012023,1080.0,2080.0
127,13,145,1317.19921875,1319.796875,S2C2 21012023,1080.0,2080.0
128,13,145,1377.5,1380.6015625,S2C2 21012023,1080.0,2080.0
129,13,145,1429.5,1432.99621582031,S2C2 21012023,1080.0,2080.0
130,13,145,1475.10144042968,1478.90258789062,S2C2 21012023,1080.0,2080.0
131,13,145,1514.10144042968,1518.70300292968,S2C2 21012023,1080.0,2080.0
132,13,145,1555.0,1559.99621582031,S2C2 21012023,1080.0,2080.0
133,13,145,1596.60144042968,1601.99621582031,S2C2 21012023,1080.0,2080.0
134,13,145,1636.60144042968,1642.6015625,S2C2 21012023,1080.0,2080.0
135,13,145,1679.30102539062,1686.1015625,S2C2 21012023,1080.0,2080.0
136,13,145,1723.39855957031,1731.796875,S2C2 21012023,1080.0,2080.0
137,13,145,1767.69921875,1776.90258789062,S2C2 21012023,1080.0,2080.0
138,13,145,1811.69921875,1819.99621582031,S2C2 21012023,1080.0,2080.0
139,13,145,1849.69921875,1860.70300292968,S2C2 21012023,1080.0,2080.0
140,13,145,1899.89855957031,1916.90258789062,S2C2 21012023,1080.0,2080.0
141,13,145,2022.39855957031,2078.99609375,S2C2 21012023,1080.0,2080.0
142,14,155,1194.0,1196.00012207031,S2C2 21012023,1080.0,2080.0
143,14,155,1304.60144042968,1307.3046875,S2C2 21012023,1080.0,2080.0
144,14,155,1366.79699707031,1369.89074707031,S2C2 21012023,1080.0,2080.0
145,14,155,1417.5,1421.1015625,S2C2 21012023,1080.0,2080.0
146,14,155,1463.0,1467.3046875,S2C2 21012023,1080.0,2080.0
147,14,155,1515.29699707031,1520.1015625,S2C2 21012023,1080.0,2080.0
148,14,155,1557.5,1562.70300292968,S2C2 21012023,1080.0,2080.0
149,14,155,1603.703125,1609.6015625,S2C2 21012023,1080.0,2080.0
150,14,155,1647.39855957031,1653.70300292968,S2C2 21012023,1080.0,2080.0
151,14,155,1689.203125,1697.39074707031,S2C2 21012023,1080.0,2080.0
152,14,155,1731.39855957031,1740.70300292968,S2C2 21012023,1080.0,2080.0
153,14,155,1782.60144042968,1793.3046875,S2C2 21012023,1080.0,2080.0
154,14,155,1957.39855957031,2078.89086914062,S2C2 21012023,1080.0,2080.0
155,15,165,1184.29699707031,1186.20300292968,S2C2 21012023,1080.0,2080.0
156,15,165,1284.203125,1286.8046875,S2C2 21012023,1080.0,2080.0
157,15,165,1347.703125,1351.00012207031,S2C2 21012023,1080.0,2080.0
158,15,165,1396.0,1399.6015625,S2C2 21012023,1080.0,2080.0
159,15,165,1441.703125,1446.00012207031,S2C2 21012023,1080.0,2080.0
160,15,165,1484.10144042968,1489.1015625,S2C2 21012023,1080.0,2080.0
161,15,165,1525.60144042968,1531.00012207031,S2C2 21012023,1080.0,2080.0
162,15,165,1569.60144042968,1575.50012207031,S2C2 21012023,1080.0,2080.0
163,15,165,1614.0,1621.89074707031,S2C2 21012023,1080.0,2080.0
164,15,165,1657.5,1665.39074707031,S2C2 21012023,1080.0,2080.0
165,15,165,1698.703125,1707.00012207031,S2C2 21012023,1080.0,2080.0
166,15,165,1742.39855957031,1752.3046875,S2C2 21012023,1080.0,2080.0
167,15,165,1795.0,1820.50012207031,S2C2 21012023,1080.0,2080.0
168,15,165,1852.5,2079.3046875,S2C2 21012023,1080.0,2080.0
0,1,25,1320.0,1322.19995117187,S2C2 22012023,1080.0,2080.0
1,1,25,1470.09997558593,1472.40014648437,S2C2 22012023,1080.0,2080.0
2,1,25,1631.30004882812,1633.69995117187,S2C2 22012023,1080.0,2080.0
3,1,25,1797.80004882812,1800.29992675781,S2C2 22012023,1080.0,2080.0
4,1,25,1901.09997558593,1903.59997558593,S2C2 22012023,1080.0,2080.0
5,1,25,2015.19995117187,2017.79992675781,S2C2 22012023,1080.0,2080.0
6,2,35,1393.5,1395.89965820312,S2C2 22012023,1080.0,2080.0
7,2,35,1543.0,1545.60009765625,S2C2 22012023,1080.0,2080.0
8,2,35,1635.10009765625,1637.89965820312,S2C2 22012023,1080.0,2080.0
9,2,35,1784.40002441406,1787.50012207031,S2C2 22012023,1080.0,2080.0
10,2,35,1881.90002441406,1885.2001953125,S2C2 22012023,1080.0,2080.0
11,2,35,1953.2001953125,1956.2001953125,S2C2 22012023,1080.0,2080.0
12,2,35,2019.0,2022.39965820312,S2C2 22012023,1080.0,2080.0
13,3,45,1370.40051269531,1373.00109863281,S2C2 22012023,1080.0,2080.0
14,3,45,1470.40051269531,1473.39965820312,S2C2 22012023,1080.0,2080.0
15,3,45,1635.7001953125,1638.89965820312,S2C2 22012023,1080.0,2080.0
16,3,45,1711.90051269531,1715.50109863281,S2C2 22012023,1080.0,2080.0
17,4,55,1279.80004882812,1282.69909667968,S2C2 22012023,1080.0,2080.0
18,4,55,1381.30102539062,1384.50012207031,S2C2 22012023,1080.0,2080.0
19,4,55,1465.90051269531,1469.50012207031,S2C2 22012023,1080.0,2080.0
20,4,55,1559.09948730468,1563.298828125,S2C2 22012023,1080.0,2080.0
21,4,55,1630.90051269531,1635.50012207031,S2C2 22012023,1080.0,2080.0
22,4,55,1707.19921875,1712.00012207031,S2C2 22012023,1080.0,2080.0
23,4,55,1791.59948730468,1796.19909667968,S2C2 22012023,1080.0,2080.0
24,5,85,1232.09948730468,1235.00012207031,S2C2 22012023,1080.0,2080.0
25,5,65,1349.5,1352.798828125,S2C2 22012023,1080.0,2080.0
26,5,65,1446.90051269531,1450.599609375,S2C2 22012023,1080.0,2080.0
27,5,65,1522.5,1526.69909667968,S2C2 22012023,1080.0,2080.0
28,5,65,1588.69921875,1593.599609375,S2C2 22012023,1080.0,2080.0
29,6,75,1211.0,1214.099609375,S2C2 22012023,1080.0,2080.0
30,6,75,1297.69921875,1301.099609375,S2C2 22012023,1080.0,2080.0
31,6,75,1382.0,1385.69909667968,S2C2 22012023,1080.0,2080.0
32,6,75,1458.59948730468,1462.90258789062,S2C2 22012023,1080.0,2080.0
33,6,75,1537.90051269531,1542.798828125,S2C2 22012023,1080.0,2080.0
34,6,75,1603.09948730468,1608.90258789062,S2C2 22012023,1080.0,2080.0
35,6,75,1680.40051269531,1686.69909667968,S2C2 22012023,1080.0,2080.0
36,7,85,1240.40051269531,1243.298828125,S2C2 22012023,1080.0,2080.0
37,7,85,1333.30102539062,1336.599609375,S2C2 22012023,1080.0,2080.0
38,7,85,1402.30102539062,1406.00012207031,S2C2 22012023,1080.0,2080.0
39,7,85,1472.5,1477.099609375,S2C2 22012023,1080.0,2080.0
40,7,85,1532.5,1537.40258789062,S2C2 22012023,1080.0,2080.0
41,7,85,1598.30102539062,1604.00012207031,S2C2 22012023,1080.0,2080.0
42,7,85,1663.80102539062,1669.298828125,S2C2 22012023,1080.0,2080.0
43,8,95,1200.80102539062,1203.6015625,S2C2 22012023,1080.0,2080.0
44,8,95,1296.69921875,1299.90258789062,S2C2 22012023,1080.0,2080.0
45,8,95,1373.80102539062,1377.49621582031,S2C2 22012023,1080.0,2080.0
46,8,95,1445.0,1449.40258789062,S2C2 22012023,1080.0,2080.0
47,8,95,1511.10144042968,1516.1015625,S2C2 22012023,1080.0,2080.0
48,9,105,1201.39855957031,1204.40258789062,S2C2 22012023,1080.0,2080.0
49,9,105,1289.30102539062,1292.70300292968,S2C2 22012023,1080.0,2080.0
50,9,105,1367.10144042968,1370.99621582031,S2C2 22012023,1080.0,2080.0
51,9,105,1434.69921875,1439.40258789062,S2C2 22012023,1080.0,2080.0
52,9,105,1494.10144042968,1499.90258789062,S2C2 22012023,1080.0,2080.0
53,9,105,1558.60144042968,1565.20300292968,S2C2 22012023,1080.0,2080.0
54,10,115,1202.19921875,1205.20300292968,S2C2 22012023,1080.0,2080.0
55,10,115,1305.39855957031,1308.796875,S2C2 22012023,1080.0,2080.0
56,10,115,1380.19921875,1384.6015625,S2C2 22012023,1080.0,2080.0
57,10,115,1434.10144042968,1439.1015625,S2C2 22012023,1080.0,2080.0
58,10,115,1493.10144042968,1498.796875,S2C2 22012023,1080.0,2080.0
59,11,125,1239.80102539062,1242.6015625,S2C2 22012023,1080.0,2080.0
60,11,125,1321.5,1324.70300292968,S2C2 22012023,1080.0,2080.0
61,11,125,1391.19921875,1394.90258789062,S2C2 22012023,1080.0,2080.0
62,11,125,1448.30102539062,1452.40258789062,S2C2 22012023,1080.0,2080.0
63,11,125,1507.30102539062,1512.20300292968,S2C2 22012023,1080.0,2080.0
64,11,125,1565.5,1569.70300292968,S2C2 22012023,1080.0,2080.0
65,12,135,1159.19921875,1161.49621582031,S2C2 22012023,1080.0,2080.0
66,12,135,1259.69921875,1262.20300292968,S2C2 22012023,1080.0,2080.0
67,12,135,1318.89855957031,1321.6015625,S2C2 22012023,1080.0,2080.0
68,12,135,1400.30102539062,1403.1015625,S2C2 22012023,1080.0,2080.0
69,12,135,1455.80102539062,1458.20300292968,S2C2 22012023,1080.0,2080.0
70,13,145,1193.30102539062,1195.296875,S2C2 22012023,1080.0,2080.0
71,13,145,1277.0,1279.296875,S2C2 22012023,1080.0,2080.0
72,13,145,1344.0,1346.20300292968,S2C2 22012023,1080.0,2080.0
73,14,155,1182.60144042968,1184.6015625,S2C2 22012023,1080.0,2080.0
74,14,155,1272.39855957031,1274.6015625,S2C2 22012023,1080.0,2080.0
75,14,155,1345.703125,1347.89074707031,S2C2 22012023,1080.0,2080.0
76,15,165,1191.89855957031,1194.1015625,S2C2 22012023,1080.0,2080.0
77,15,165,1268.5,1271.00012207031,S2C2 22012023,1080.0,2080.0
78,15,165,1329.703125,1332.3046875,S2C2 22012023,1080.0,2080.0
79,15,165,1391.10144042968,1393.6015625,S2C2 22012023,1080.0,2080.0
0,1,25,1769.69995117187,1792.29992675781,S2C4 20012023,1080.0,2080.0
1,1,25,1850.30004882812,1952.69995117187,S2C4 20012023,1080.0,2080.0
2,1,25,1997.30004882812,2014.5,S2C4 20012023,1080.0,2080.0
3,1,25,2056.19995117187,2075.10009765625,S2C4 20012023,1080.0,2080.0
4,2,35,1625.30004882812,1647.89965820312,S2C4 20012023,1080.0,2080.0
5,2,35,1705.10009765625,1801.30029296875,S2C4 20012023,1080.0,2080.0
6,2,35,1846.60009765625,1883.10009765625,S2C4 20012023,1080.0,2080.0
7,2,35,1917.90002441406,1984.89965820312,S2C4 20012023,1080.0,2080.0
8,2,35,2014.80004882812,2034.80029296875,S2C4 20012023,1080.0,2080.0
9,3,45,1606.40051269531,1618.39965820312,S2C4 20012023,1080.0,2080.0
10,3,45,1668.30004882812,1735.30078125,S2C4 20012023,1080.0,2080.0
11,3,45,1772.59948730468,1799.19909667968,S2C4 20012023,1080.0,2080.0
12,3,45,1829.59948730468,1852.19909667968,S2C4 20012023,1080.0,2080.0
13,3,45,1881.09948730468,1948.80078125,S2C4 20012023,1080.0,2080.0
14,3,45,1973.2001953125,1990.19909667968,S2C4 20012023,1080.0,2080.0
15,3,45,2014.7001953125,2031.80078125,S2C4 20012023,1080.0,2080.0
16,3,45,2055.30004882812,2074.39965820312,S2C4 20012023,1080.0,2080.0
17,4,55,1575.69921875,1595.798828125,S2C4 20012023,1080.0,2080.0
18,4,55,1639.40051269531,1725.099609375,S2C4 20012023,1080.0,2080.0
19,4,55,1757.90051269531,1782.69909667968,S2C4 20012023,1080.0,2080.0
20,4,55,1813.19921875,1871.69909667968,S2C4 20012023,1080.0,2080.0
21,4,55,1897.30102539062,1917.50012207031,S2C4 20012023,1080.0,2080.0
22,4,55,1940.59948730468,1961.50012207031,S2C4 20012023,1080.0,2080.0
23,4,55,1983.69921875,2004.00012207031,S2C4 20012023,1080.0,2080.0
24,4,55,2024.30102539062,2045.00012207031,S2C4 20012023,1080.0,2080.0
25,5,65,1578.90051269531,1653.099609375,S2C4 20012023,1080.0,2080.0
26,5,65,1688.80102539062,1704.40258789062,S2C4 20012023,1080.0,2080.0
27,5,65,1736.19921875,1819.298828125,S2C4 20012023,1080.0,2080.0
28,5,65,1844.5,1866.798828125,S2C4 20012023,1080.0,2080.0
29,5,65,1889.69921875,1909.40258789062,S2C4 20012023,1080.0,2080.0
30,5,65,1930.80102539062,1955.298828125,S2C4 20012023,1080.0,2080.0
31,5,65,1975.90051269531,1995.298828125,S2C4 20012023,1080.0,2080.0
32,5,65,2012.19921875,2040.298828125,S2C4 20012023,1080.0,2080.0
33,6,75,1543.30102539062,1569.69909667968,S2C4 20012023,1080.0,2080.0
34,6,75,1599.19921875,1615.19909667968,S2C4 20012023,1080.0,2080.0
35,6,75,1650.69921875,1714.40258789062,S2C4 20012023,1080.0,2080.0
36,6,75,1741.69921875,1840.00012207031,S2C4 20012023,1080.0,2080.0
37,6,75,1861.5,1883.798828125,S2C4 20012023,1080.0,2080.0
38,6,75,1902.69921875,1920.798828125,S2C4 20012023,1080.0,2080.0
39,6,75,1939.0,1957.90258789062,S2C4 20012023,1080.0,2080.0
40,6,75,1973.59948730468,1993.40258789062,S2C4 20012023,1080.0,2080.0
41,6,75,2008.0,2029.599609375,S2C4 20012023,1080.0,2080.0
42,6,75,2043.5,2069.099609375,S2C4 20012023,1080.0,2080.0
43,7,85,1554.30102539062,1618.00012207031,S2C4 20012023,1080.0,2080.0
44,7,85,1650.59948730468,1707.40258789062,S2C4 20012023,1080.0,2080.0
45,7,85,1734.59948730468,1822.099609375,S2C4 20012023,1080.0,2080.0
46,7,85,1841.69921875,1861.90258789062,S2C4 20012023,1080.0,2080.0
47,7,85,1878.69921875,1898.599609375,S2C4 20012023,1080.0,2080.0
48,7,85,1914.30102539062,1934.90258789062,S2C4 20012023,1080.0,2080.0
49,7,85,1949.09948730468,1974.00012207031,S2C4 20012023,1080.0,2080.0
50,7,85,1987.09948730468,2008.50012207031,S2C4 20012023,1080.0,2080.0
51,7,85,2021.30102539062,2041.599609375,S2C4 20012023,1080.0,2080.0
52,7,85,2052.599609375,2076.099609375,S2C4 20012023,1080.0,2080.0
53,8,95,1521.39855957031,1584.70300292968,S2C4 20012023,1080.0,2080.0
54,8,95,1617.30102539062,1637.40258789062,S2C4 20012023,1080.0,2080.0
55,8,95,1664.19921875,1729.99621582031,S2C4 20012023,1080.0,2080.0
56,8,95,1751.0,1773.296875,S2C4 20012023,1080.0,2080.0
57,8,95,1794.60144042968,1863.90258789062,S2C4 20012023,1080.0,2080.0
58,8,95,1878.5,1897.90258789062,S2C4 20012023,1080.0,2080.0
59,8,95,1913.10144042968,1936.99621582031,S2C4 20012023,1080.0,2080.0
60,8,95,1949.10144042968,1974.1015625,S2C4 20012023,1080.0,2080.0
61,8,95,1986.0,2009.99621582031,S2C4 20012023,1080.0,2080.0
62,8,95,2019.80102539062,2041.296875,S2C4 20012023,1080.0,2080.0
63,8,95,2051.6015625,2074.296875,S2C4 20012023,1080.0,2080.0
64,9,105,1504.30102539062,1563.6015625,S2C4 20012023,1080.0,2080.0
65,9,105,1593.30102539062,1699.20300292968,S2C4 20012023,1080.0,2080.0
66,9,105,1720.89855957031,1751.70300292968,S2C4 20012023,1080.0,2080.0
67,9,105,1770.80102539062,1830.1015625,S2C4 20012023,1080.0,2080.0
68,9,105,1845.60144042968,1866.20300292968,S2C4 20012023,1080.0,2080.0
69,9,105,1880.0,1899.99621582031,S2C4 20012023,1080.0,2080.0
70,9,105,1912.60144042968,1938.296875,S2C4 20012023,1080.0,2080.0
71,9,105,1949.80102539062,1971.6015625,S2C4 20012023,1080.0,2080.0
72,9,105,1982.30102539062,2007.796875,S2C4 20012023,1080.0,2080.0
73,9,105,2017.0,2050.6015625,S2C4 20012023,1080.0,2080.0
74,10,115,1506.10144042968,1596.40258789062,S2C4 20012023,1080.0,2080.0
75,10,115,1623.10144042968,1679.1015625,S2C4 20012023,1080.0,2080.0
76,10,115,1699.39855957031,1757.1015625,S2C4 20012023,1080.0,2080.0
77,10,115,1772.69921875,1799.20300292968,S2C4 20012023,1080.0,2080.0
78,10,115,1813.60144042968,1837.6015625,S2C4 20012023,1080.0,2080.0
79,10,115,1851.30102539062,1876.20300292968,S2C4 20012023,1080.0,2080.0
80,10,115,1889.10144042968,1913.40258789062,S2C4 20012023,1080.0,2080.0
81,10,115,1924.39855957031,1948.70300292968,S2C4 20012023,1080.0,2080.0
82,10,115,1959.0,1985.20300292968,S2C4 20012023,1080.0,2080.0
83,10,115,1994.30102539062,2019.49621582031,S2C4 20012023,1080.0,2080.0
84,11,125,1514.89855957031,1562.20300292968,S2C4 20012023,1080.0,2080.0
85,11,125,1589.39855957031,1729.296875,S2C4 20012023,1080.0,2080.0
86,11,125,1744.60144042968,1762.99621582031,S2C4 20012023,1080.0,2080.0
87,11,125,1777.10144042968,1801.6015625,S2C4 20012023,1080.0,2080.0
88,11,125,1814.80102539062,1841.70300292968,S2C4 20012023,1080.0,2080.0
89,11,125,1852.89855957031,1874.6015625,S2C4 20012023,1080.0,2080.0
90,11,125,1885.30102539062,1906.40258789062,S2C4 20012023,1080.0,2080.0
91,11,125,1915.80102539062,1940.99621582031,S2C4 20012023,1080.0,2080.0
92,11,125,1949.0,1973.90258789062,S2C4 20012023,1080.0,2080.0
93,11,125,1981.0,2044.70300292968,S2C4 20012023,1080.0,2080.0
94,11,125,2049.80102539062,2078.796875,S2C4 20012023,1080.0,2080.0
95,12,135,1492.5,1548.90258789062,S2C4 20012023,1080.0,2080.0
96,12,135,1577.30102539062,1658.20300292968,S2C4 20012023,1080.0,2080.0
97,12,135,1677.80102539062,1738.40258789062,S2C4 20012023,1080.0,2080.0
98,12,135,1753.19921875,1774.296875,S2C4 20012023,1080.0,2080.0
99,12,135,1787.10144042968,1809.796875,S2C4 20012023,1080.0,2080.0
100,12,135,1821.0,1854.6015625,S2C4 20012023,1080.0,2080.0
101,12,135,1864.10144042968,1891.6015625,S2C4 20012023,1080.0,2080.0
102,12,135,1899.89855957031,1925.796875,S2C4 20012023,1080.0,2080.0
103,12,135,1932.80102539062,2078.796875,S2C4 20012023,1080.0,2080.0
104,13,145,1444.39855957031,1528.49621582031,S2C4 20012023,1080.0,2080.0
105,13,145,1556.60144042968,1633.796875,S2C4 20012023,1080.0,2080.0
106,13,145,1651.19921875,1670.40258789062,S2C4 20012023,1080.0,2080.0
107,13,145,1687.39855957031,1739.99621582031,S2C4 20012023,1080.0,2080.0
108,13,145,1754.19921875,1793.796875,S2C4 20012023,1080.0,2080.0
109,13,145,1804.89855957031,1827.6015625,S2C4 20012023,1080.0,2080.0
110,13,145,1836.39855957031,1870.99621582031,S2C4 20012023,1080.0,2080.0
111,13,145,1878.10144042968,1907.6015625,S2C4 20012023,1080.0,2080.0
112,13,145,1914.19921875,1943.99621582031,S2C4 20012023,1080.0,2080.0
113,14,155,1489.203125,1548.00012207031,S2C4 20012023,1080.0,2080.0
114,14,155,1572.0,1691.1015625,S2C4 20012023,1080.0,2080.0
115,14,155,1705.5,1724.20300292968,S2C4 20012023,1080.0,2080.0
116,14,155,1737.89855957031,1765.00012207031,S2C4 20012023,1080.0,2080.0
117,14,155,1776.203125,1799.3046875,S2C4 20012023,1080.0,2080.0
118,14,155,1809.39855957031,1838.3046875,S2C4 20012023,1080.0,2080.0
119,14,155,1846.39855957031,1871.50012207031,S2C4 20012023,1080.0,2080.0
120,14,155,1879.79699707031,1906.39074707031,S2C4 20012023,1080.0,2080.0
121,15,165,1474.60144042968,1546.1015625,S2C4 20012023,1080.0,2080.0
122,15,165,1567.39855957031,1679.8046875,S2C4 20012023,1080.0,2080.0
123,15,165,1693.79699707031,1753.20300292968,S2C4 20012023,1080.0,2080.0
124,15,165,1765.10144042968,1788.00012207031,S2C4 20012023,1080.0,2080.0
125,15,165,1798.39855957031,1823.8046875,S2C4 20012023,1080.0,2080.0
126,15,165,1832.39855957031,1863.00012207031,S2C4 20012023,1080.0,2080.0
127,15,165,1870.39855957031,1903.1015625,S2C4 20012023,1080.0,2080.0
0,1,25,1880.80004882812,1885.0,S2C5 20012023,1080.0,2080.0
1,1,25,1930.90002441406,1940.19995117187,S2C5 20012023,1080.0,2080.0
2,1,25,1996.40002441406,2014.09997558593,S2C5 20012023,1080.0,2080.0
3,2,35,1716.10009765625,1720.50012207031,S2C5 20012023,1080.0,2080.0
4,2,35,1763.7001953125,1782.00012207031,S2C5 20012023,1080.0,2080.0
5,2,35,1850.60009765625,1865.2001953125,S2C5 20012023,1080.0,2080.0
6,2,35,1907.30004882812,1956.2001953125,S2C5 20012023,1080.0,2080.0
7,2,35,2016.30004882812,2041.7001953125,S2C5 20012023,1080.0,2080.0
8,3,45,1572.09948730468,1576.50109863281,S2C5 20012023,1080.0,2080.0
9,3,45,1616.40051269531,1631.00109863281,S2C5 20012023,1080.0,2080.0
10,3,45,1680.09948730468,1696.50109863281,S2C5 20012023,1080.0,2080.0
11,3,45,1760.2001953125,1785.89965820312,S2C5 20012023,1080.0,2080.0
12,3,45,1819.30004882812,1863.19909667968,S2C5 20012023,1080.0,2080.0
13,3,45,1909.90051269531,1930.19909667968,S2C5 20012023,1080.0,2080.0
14,3,45,1974.7001953125,2017.30078125,S2C5 20012023,1080.0,2080.0
15,3,45,2054.2001953125,2077.69921875,S2C5 20012023,1080.0,2080.0
16,4,55,1508.30102539062,1513.50012207031,S2C5 20012023,1080.0,2080.0
17,4,55,1557.30102539062,1569.099609375,S2C5 20012023,1080.0,2080.0
18,4,55,1589.59948730468,1669.099609375,S2C5 20012023,1080.0,2080.0
19,5,65,1392.40051269531,1396.298828125,S2C5 20012023,1080.0,2080.0
20,5,65,1439.80102539062,1449.19909667968,S2C5 20012023,1080.0,2080.0
21,5,65,1479.90051269531,1497.599609375,S2C5 20012023,1080.0,2080.0
22,5,65,1529.30102539062,1610.00012207031,S2C5 20012023,1080.0,2080.0
23,6,75,1382.59948730468,1386.69909667968,S2C5 20012023,1080.0,2080.0
24,6,75,1425.59948730468,1436.19909667968,S2C5 20012023,1080.0,2080.0
25,6,75,1459.59948730468,1481.19909667968,S2C5 20012023,1080.0,2080.0
26,6,75,1518.80102539062,1539.40258789062,S2C5 20012023,1080.0,2080.0
27,7,85,1370.69921875,1374.69909667968,S2C5 20012023,1080.0,2080.0
28,7,85,1407.69921875,1418.19909667968,S2C5 20012023,1080.0,2080.0
29,7,85,1443.69921875,1519.40258789062,S2C5 20012023,1080.0,2080.0
30,8,95,1347.5,1351.49621582031,S2C5 20012023,1080.0,2080.0
31,8,95,1380.89855957031,1391.296875,S2C5 20012023,1080.0,2080.0
32,9,105,1320.69921875,1324.796875,S2C5 20012023,1080.0,2080.0
33,9,105,1355.5,1372.6015625,S2C5 20012023,1080.0,2080.0
34,10,115,1322.39855957031,1326.6015625,S2C5 20012023,1080.0,2080.0
35,10,115,1356.30102539062,1366.90258789062,S2C5 20012023,1080.0,2080.0
36,11,125,1290.80102539062,1294.90258789062,S2C5 20012023,1080.0,2080.0
37,11,125,1320.30102539062,1329.40258789062,S2C5 20012023,1080.0,2080.0
38,12,135,1294.80102539062,1298.99621582031,S2C5 20012023,1080.0,2080.0
39,12,135,1327.19921875,1343.20300292968,S2C5 20012023,1080.0,2080.0
40,13,145,1278.19921875,1282.296875,S2C5 20012023,1080.0,2080.0
41,13,145,1303.5,1313.1015625,S2C5 20012023,1080.0,2080.0
42,14,155,1256.29699707031,1260.3046875,S2C5 20012023,1080.0,2080.0
43,14,155,1284.79699707031,1293.50012207031,S2C5 20012023,1080.0,2080.0
44,14,155,1319.29699707031,1332.20300292968,S2C5 20012023,1080.0,2080.0
45,15,165,1259.10144042968,1263.1015625,S2C5 20012023,1080.0,2080.0
46,15,165,1289.29699707031,1299.20300292968,S2C5 20012023,1080.0,2080.0
