,BrainRegion,Class,Num_cells,id,channel,Unnamed: 0,total_area,cfos/area,state_before,retrieval_before_latency,state_before_comment,1h_food_consumption_before,state_after,state_after_latency,parental_state_after,retrieval_after_latency,state_after_comment,1h_food_consumption_after,target,exp_time,prev_exp,exp_date,brain_abbr
1,Accessory supraoptic group,positive,14,BRAC5872.1f,cfos,0.0,65025.600000000006,215.29982037843556,Parental-,,build a nest near the pups but not parental,,Agg+,,,,pup was consumed – which may compromise the the food consumption data,0.4,C-fos,1.0,,26/05/21,ASO
4253,Accessory supraoptic group,positive,25,BRAC5487.3k,cfos,0.0,53505.8,467.23906567138516,Parental+,,,,Agg-,,Parental+,,build a nest around the pups,0.3,C-fos,1.0,,12/05/21,ASO
6053,Accessory supraoptic group,positive,21,BRAC5487.3j,cfos,0.0,105765.7,198.5520825749747,Parental+,,,,Agg+,,,,,0.7,C-fos,1.0,,12/05/21,ASO
3403,Accessory supraoptic group,positive,61,BRAC5112.5g,cfos,0.0,41123.0,1483.3548136079567,Parental-,,,,Agg-,,Parental+,,retrieve both pups,,,,,,ASO
6965,Accessory supraoptic group,positive,26,BRAC5872.1d,cfos,0.0,77886.8,333.81779711067855,Parental-,,,,Agg+,,,,,0.9,C-fos,1.0,,26/05/21,ASO
2543,Accessory supraoptic group,positive,69,BRAC5603.3e,cfos,0.0,63264.7,1090.6556104747197,Parental+,,build a nest around the pups,,Agg+,,,,,1.0,C-fos,1.0,,30/04/21,ASO
7835,Accessory supraoptic group,positive,15,BRAC5872.1c,cfos,0.0,60523.5,247.8376167934769,Parental-,,,,Agg+,,,,,0.9,C-fos,1.0,,26/05/21,ASO
1649,Accessory supraoptic group,positive,32,BRAC5487.3i,cfos,0.0,49212.3,650.2439430792708,Parental+,,,,Agg-,,Parental+,,retrieve one pup,0.5,C-fos,1.0,,12/05/21,ASO
8707,Accessory supraoptic group,positive,41,BRAC5603.3f,cfos,0.0,59041.6,694.425625321807,Parental+,,build a nest around the pups,,Agg-,,Parental+,,build a nest around the pups,0.4,C-fos,1.0,,30/04/21,ASO
883,Accessory supraoptic group,positive,26,BRAC5872.1g,cfos,0.0,49724.100000000006,522.88528098045,Parental-,,retrieve one pup very late,,Agg+,,,,,0.6,C-fos,1.0,,26/05/21,ASO
5139,Accessory supraoptic group,positive,39,BRAC5481.2e,cfos,0.0,64914.0,600.7948978648674,Parental+,,retrieve both pups,,Agg-,,Parental+,,retrieve both pups,0.5,C-fos,1.0,,29/04/21,ASO
6995,Anterior amygdalar area,positive,2003,BRAC5872.1d,cfos,20.0,7175439.2,279.14667578815244,Parental-,,,,Agg+,,,,,0.9,C-fos,1.0,,26/05/21,AAA
2573,Anterior amygdalar area,positive,855,BRAC5603.3e,cfos,20.0,3498959.2,244.35837948610543,Parental+,,build a nest around the pups,,Agg+,,,,,1.0,C-fos,1.0,,30/04/21,AAA
6083,Anterior amygdalar area,positive,1633,BRAC5487.3j,cfos,20.0,6355284.6,256.95151402031627,Parental+,,,,Agg+,,,,,0.7,C-fos,1.0,,12/05/21,AAA
31,Anterior amygdalar area,positive,1657,BRAC5872.1f,cfos,20.0,3466090.5,478.0602237593046,Parental-,,build a nest near the pups but not parental,,Agg+,,,,pup was consumed – which may compromise the the food consumption data,0.4,C-fos,1.0,,26/05/21,AAA
4283,Anterior amygdalar area,positive,1715,BRAC5487.3k,cfos,20.0,3522005.4,486.9384924849917,Parental+,,,,Agg-,,Parental+,,build a nest around the pups,0.3,C-fos,1.0,,12/05/21,AAA
1679,Anterior amygdalar area,positive,1489,BRAC5487.3i,cfos,20.0,3827631.3,389.0134350191985,Parental+,,,,Agg-,,Parental+,,retrieve one pup,0.5,C-fos,1.0,,12/05/21,AAA
8737,Anterior amygdalar area,positive,1779,BRAC5603.3f,cfos,20.0,3382474.6,525.9462997889178,Parental+,,build a nest around the pups,,Agg-,,Parental+,,build a nest around the pups,0.4,C-fos,1.0,,30/04/21,AAA
3433,Anterior amygdalar area,positive,1424,BRAC5112.5g,cfos,20.0,4735253.09,300.72310242661183,Parental-,,,,Agg-,,Parental+,,retrieve both pups,,,,,,AAA
913,Anterior amygdalar area,positive,1299,BRAC5872.1g,cfos,20.0,3415870.7,380.2837150715336,Parental-,,retrieve one pup very late,,Agg+,,,,,0.6,C-fos,1.0,,26/05/21,AAA
7867,Anterior amygdalar area,positive,1221,BRAC5872.1c,cfos,21.0,2786534.29,438.17870979796913,Parental-,,,,Agg+,,,,,0.9,C-fos,1.0,,26/05/21,AAA
5169,Anterior amygdalar area,positive,1430,BRAC5481.2e,cfos,20.0,2851448.5,501.4995010430664,Parental+,,retrieve both pups,,Agg-,,Parental+,,retrieve both pups,0.5,C-fos,1.0,,29/04/21,AAA
3467,Anterior hypothalamic nucleus,positive,2769,BRAC5112.5g,cfos,42.0,6984798.7,396.43232667535574,Parental-,,,,Agg-,,Parental+,,retrieve both pups,,,,,,AHA
2607,Anterior hypothalamic nucleus,positive,3200,BRAC5603.3e,cfos,42.0,6620020.9,483.3821597149338,Parental+,,build a nest around the pups,,Agg+,,,,,1.0,C-fos,1.0,,30/04/21,AHA
8771,Anterior hypothalamic nucleus,positive,2782,BRAC5603.3f,cfos,42.0,5518256.7,504.1447238219273,Parental+,,build a nest around the pups,,Agg-,,Parental+,,build a nest around the pups,0.4,C-fos,1.0,,30/04/21,AHA
5203,Anterior hypothalamic nucleus,positive,2083,BRAC5481.2e,cfos,42.0,6118155.7,340.4620774852134,Parental+,,retrieve both pups,,Agg-,,Parental+,,retrieve both pups,0.5,C-fos,1.0,,29/04/21,AHA
1713,Anterior hypothalamic nucleus,positive,2081,BRAC5487.3i,cfos,42.0,6327653.6,328.8738814653192,Parental+,,,,Agg-,,Parental+,,retrieve one pup,0.5,C-fos,1.0,,12/05/21,AHA
7901,Anterior hypothalamic nucleus,positive,2076,BRAC5872.1c,cfos,43.0,6198078.3,334.9425256534755,Parental-,,,,Agg+,,,,,0.9,C-fos,1.0,,26/05/21,AHA
947,Anterior hypothalamic nucleus,positive,1900,BRAC5872.1g,cfos,42.0,6716331.7,282.892520034411,Parental-,,retrieve one pup very late,,Agg+,,,,,0.6,C-fos,1.0,,26/05/21,AHA
7029,Anterior hypothalamic nucleus,positive,2247,BRAC5872.1d,cfos,42.0,11603301.5,193.6517809176983,Parental-,,,,Agg+,,,,,0.9,C-fos,1.0,,26/05/21,AHA
4317,Anterior hypothalamic nucleus,positive,2426,BRAC5487.3k,cfos,42.0,6021362.7,402.8988321862757,Parental+,,,,Agg-,,Parental+,,build a nest around the pups,0.3,C-fos,1.0,,12/05/21,AHA
6117,Anterior hypothalamic nucleus,positive,2403,BRAC5487.3j,cfos,42.0,10262945.2,234.14331394851453,Parental+,,,,Agg+,,,,,0.7,C-fos,1.0,,12/05/21,AHA
65,Anterior hypothalamic nucleus,positive,1963,BRAC5872.1f,cfos,42.0,6425580.5,305.4976900530621,Parental-,,build a nest near the pups but not parental,,Agg+,,,,pup was consumed – which may compromise the the food consumption data,0.4,C-fos,1.0,,26/05/21,AHA
953,Anterodorsal preoptic nucleus,positive,420,BRAC5872.1g,cfos,45.0,773785.0,542.7864329238743,Parental-,,retrieve one pup very late,,Agg+,,,,,0.6,C-fos,1.0,,26/05/21,ADP
6123,Anterodorsal preoptic nucleus,positive,382,BRAC5487.3j,cfos,45.0,938374.8,407.0868058264139,Parental+,,,,Agg+,,,,,0.7,C-fos,1.0,,12/05/21,ADP
7907,Anterodorsal preoptic nucleus,positive,257,BRAC5872.1c,cfos,46.0,729674.7,352.2117458642872,Parental-,,,,Agg+,,,,,0.9,C-fos,1.0,,26/05/21,ADP
7035,Anterodorsal preoptic nucleus,positive,414,BRAC5872.1d,cfos,45.0,1492702.7,277.3492672050503,Parental-,,,,Agg+,,,,,0.9,C-fos,1.0,,26/05/21,ADP
3473,Anterodorsal preoptic nucleus,positive,660,BRAC5112.5g,cfos,45.0,790022.1,835.4196673738621,Parental-,,,,Agg-,,Parental+,,retrieve both pups,,,,,,ADP
8777,Anterodorsal preoptic nucleus,positive,657,BRAC5603.3f,cfos,45.0,752798.6,872.7433871423247,Parental+,,build a nest around the pups,,Agg-,,Parental+,,build a nest around the pups,0.4,C-fos,1.0,,30/04/21,ADP
2613,Anterodorsal preoptic nucleus,positive,391,BRAC5603.3e,cfos,45.0,773557.9,505.45666975930305,Parental+,,build a nest around the pups,,Agg+,,,,,1.0,C-fos,1.0,,30/04/21,ADP
1719,Anterodorsal preoptic nucleus,positive,305,BRAC5487.3i,cfos,45.0,669521.1,455.54949649831804,Parental+,,,,Agg-,,Parental+,,retrieve one pup,0.5,C-fos,1.0,,12/05/21,ADP
71,Anterodorsal preoptic nucleus,positive,458,BRAC5872.1f,cfos,45.0,777013.2,589.4365758522507,Parental-,,build a nest near the pups but not parental,,Agg+,,,,pup was consumed – which may compromise the the food consumption data,0.4,C-fos,1.0,,26/05/21,ADP
5209,Anterodorsal preoptic nucleus,positive,314,BRAC5481.2e,cfos,45.0,676333.7,464.2678606729193,Parental+,,retrieve both pups,,Agg-,,Parental+,,retrieve both pups,0.5,C-fos,1.0,,29/04/21,ADP
4323,Anterodorsal preoptic nucleus,positive,437,BRAC5487.3k,cfos,45.0,885253.6,493.6438552749178,Parental+,,,,Agg-,,Parental+,,build a nest around the pups,0.3,C-fos,1.0,,12/05/21,ADP
7067,Anteroventral periventricular nucleus,positive,372,BRAC5872.1d,cfos,64.0,2870409.5,129.59823328343919,Parental-,,,,Agg+,,,,,0.9,C-fos,1.0,,26/05/21,AVPV
7939,Anteroventral periventricular nucleus,positive,436,BRAC5872.1c,cfos,65.0,1512760.6,288.2148041137507,Parental-,,,,Agg+,,,,,0.9,C-fos,1.0,,26/05/21,AVPV
103,Anteroventral periventricular nucleus,positive,561,BRAC5872.1f,cfos,64.0,1590436.3,352.7333977475238,Parental-,,build a nest near the pups but not parental,,Agg+,,,,pup was consumed – which may compromise the the food consumption data,0.4,C-fos,1.0,,26/05/21,AVPV
981,Anteroventral periventricular nucleus,positive,440,BRAC5872.1g,cfos,57.0,1265344.3,347.7314435288483,Parental-,,retrieve one pup very late,,Agg+,,,,,0.6,C-fos,1.0,,26/05/21,AVPV
8809,Anteroventral periventricular nucleus,positive,732,BRAC5603.3f,cfos,64.0,1329874.3,550.42796149982,Parental+,,build a nest around the pups,,Agg-,,Parental+,,build a nest around the pups,0.4,C-fos,1.0,,30/04/21,AVPV
3505,Anteroventral periventricular nucleus,positive,905,BRAC5112.5g,cfos,64.0,1585889.2,570.6577735695532,Parental-,,,,Agg-,,Parental+,,retrieve both pups,,,,,,AVPV
4355,Anteroventral periventricular nucleus,positive,678,BRAC5487.3k,cfos,64.0,1486397.9,456.13627414301385,Parental+,,,,Agg-,,Parental+,,build a nest around the pups,0.3,C-fos,1.0,,12/05/21,AVPV
5241,Anteroventral periventricular nucleus,positive,636,BRAC5481.2e,cfos,64.0,1730092.65,367.61037046195185,Parental+,,retrieve both pups,,Agg-,,Parental+,,retrieve both pups,0.5,C-fos,1.0,,29/04/21,AVPV
2645,Anteroventral periventricular nucleus,positive,486,BRAC5603.3e,cfos,64.0,1251272.5,388.40460411301297,Parental+,,build a nest around the pups,,Agg+,,,,,1.0,C-fos,1.0,,30/04/21,AVPV
1751,Anteroventral periventricular nucleus,positive,756,BRAC5487.3i,cfos,64.0,1453153.7,520.2477893425864,Parental+,,,,Agg-,,Parental+,,retrieve one pup,0.5,C-fos,1.0,,12/05/21,AVPV
6155,Anteroventral periventricular nucleus,positive,429,BRAC5487.3j,cfos,64.0,1773798.9,241.85379751898594,Parental+,,,,Agg+,,,,,0.7,C-fos,1.0,,12/05/21,AVPV
5243,Anteroventral preoptic nucleus,positive,388,BRAC5481.2e,cfos,65.0,702302.4,552.4685662472463,Parental+,,retrieve both pups,,Agg-,,Parental+,,retrieve both pups,0.5,C-fos,1.0,,29/04/21,AVP
105,Anteroventral preoptic nucleus,positive,175,BRAC5872.1f,cfos,65.0,630146.7,277.71311029638025,Parental-,,build a nest near the pups but not parental,,Agg+,,,,pup was consumed – which may compromise the the food consumption data,0.4,C-fos,1.0,,26/05/21,AVP
1753,Anteroventral preoptic nucleus,positive,351,BRAC5487.3i,cfos,65.0,702609.5,499.5662597787249,Parental+,,,,Agg-,,Parental+,,retrieve one pup,0.5,C-fos,1.0,,12/05/21,AVP
4357,Anteroventral preoptic nucleus,positive,364,BRAC5487.3k,cfos,65.0,786687.5,462.69961070946215,Parental+,,,,Agg-,,Parental+,,build a nest around the pups,0.3,C-fos,1.0,,12/05/21,AVP
8811,Anteroventral preoptic nucleus,positive,300,BRAC5603.3f,cfos,65.0,687562.4,436.32403400767697,Parental+,,build a nest around the pups,,Agg-,,Parental+,,build a nest around the pups,0.4,C-fos,1.0,,30/04/21,AVP
7069,Anteroventral preoptic nucleus,positive,276,BRAC5872.1d,cfos,65.0,1428190.69,193.2515048113078,Parental-,,,,Agg+,,,,,0.9,C-fos,1.0,,26/05/21,AVP
983,Anteroventral preoptic nucleus,positive,204,BRAC5872.1g,cfos,58.0,714891.0,285.3581874719363,Parental-,,retrieve one pup very late,,Agg+,,,,,0.6,C-fos,1.0,,26/05/21,AVP
6157,Anteroventral preoptic nucleus,positive,201,BRAC5487.3j,cfos,65.0,1109495.5,181.16342067182788,Parental+,,,,Agg+,,,,,0.7,C-fos,1.0,,12/05/21,AVP
3507,Anteroventral preoptic nucleus,positive,357,BRAC5112.5g,cfos,65.0,719665.1,496.0640720246126,Parental-,,,,Agg-,,Parental+,,retrieve both pups,,,,,,AVP
2647,Anteroventral preoptic nucleus,positive,260,BRAC5603.3e,cfos,65.0,723387.1,359.4202882523064,Parental+,,build a nest around the pups,,Agg+,,,,,1.0,C-fos,1.0,,30/04/21,AVP
7941,Anteroventral preoptic nucleus,positive,215,BRAC5872.1c,cfos,66.0,704589.3,305.14230062818154,Parental-,,,,Agg+,,,,,0.9,C-fos,1.0,,26/05/21,AVP
1755,Arcuate hypothalamic nucleus,positive,1235,BRAC5487.3i,cfos,66.0,3445430.2,358.4458045326241,Parental+,,,,Agg-,,Parental+,,retrieve one pup,0.5,C-fos,1.0,,12/05/21,ARC
107,Arcuate hypothalamic nucleus,positive,1361,BRAC5872.1f,cfos,66.0,2762015.1,492.7561764597159,Parental-,,build a nest near the pups but not parental,,Agg+,,,,pup was consumed – which may compromise the the food consumption data,0.4,C-fos,1.0,,26/05/21,ARC
2649,Arcuate hypothalamic nucleus,positive,1721,BRAC5603.3e,cfos,66.0,2859504.2,601.8525868925109,Parental+,,build a nest around the pups,,Agg+,,,,,1.0,C-fos,1.0,,30/04/21,ARC
7071,Arcuate hypothalamic nucleus,positive,1060,BRAC5872.1d,cfos,66.0,4804026.1,220.64826000841256,Parental-,,,,Agg+,,,,,0.9,C-fos,1.0,,26/05/21,ARC
7943,Arcuate hypothalamic nucleus,positive,790,BRAC5872.1c,cfos,67.0,2484266.84,318.00126591876096,Parental-,,,,Agg+,,,,,0.9,C-fos,1.0,,26/05/21,ARC
3509,Arcuate hypothalamic nucleus,positive,1602,BRAC5112.5g,cfos,66.0,2949690.6,543.1078093410882,Parental-,,,,Agg-,,Parental+,,retrieve both pups,,,,,,ARC
5245,Arcuate hypothalamic nucleus,positive,1152,BRAC5481.2e,cfos,66.0,2724920.6,422.7646119303439,Parental+,,retrieve both pups,,Agg-,,Parental+,,retrieve both pups,0.5,C-fos,1.0,,29/04/21,ARC
8813,Arcuate hypothalamic nucleus,positive,1342,BRAC5603.3f,cfos,66.0,3144907.3,426.7216397761549,Parental+,,build a nest around the pups,,Agg-,,Parental+,,build a nest around the pups,0.4,C-fos,1.0,,30/04/21,ARC
985,Arcuate hypothalamic nucleus,positive,786,BRAC5872.1g,cfos,59.0,2063423.9,380.92027527644706,Parental-,,retrieve one pup very late,,Agg+,,,,,0.6,C-fos,1.0,,26/05/21,ARC
4359,Arcuate hypothalamic nucleus,positive,1472,BRAC5487.3k,cfos,66.0,2412357.8,610.1914069297682,Parental+,,,,Agg-,,Parental+,,build a nest around the pups,0.3,C-fos,1.0,,12/05/21,ARC
6159,Arcuate hypothalamic nucleus,positive,1880,BRAC5487.3j,cfos,66.0,4788826.8,392.58049591603526,Parental+,,,,Agg+,,,,,0.7,C-fos,1.0,,12/05/21,ARC
987,"Basolateral amygdalar nucleus, anterior part",positive,2650,BRAC5872.1g,cfos,63.0,5595320.2,473.6100715022529,Parental-,,retrieve one pup very late,,Agg+,,,,,0.6,C-fos,1.0,,26/05/21,BLAa
8815,"Basolateral amygdalar nucleus, anterior part",positive,2413,BRAC5603.3f,cfos,70.0,5624889.6,428.98619734687776,Parental+,,build a nest around the pups,,Agg-,,Parental+,,build a nest around the pups,0.4,C-fos,1.0,,30/04/21,BLAa
109,"Basolateral amygdalar nucleus, anterior part",positive,2881,BRAC5872.1f,cfos,70.0,5884554.0,489.58680640877793,Parental-,,build a nest near the pups but not parental,,Agg+,,,,pup was consumed – which may compromise the the food consumption data,0.4,C-fos,1.0,,26/05/21,BLAa
6161,"Basolateral amygdalar nucleus, anterior part",positive,3434,BRAC5487.3j,cfos,70.0,6710345.6,511.747114783477,Parental+,,,,Agg+,,,,,0.7,C-fos,1.0,,12/05/21,BLAa
4361,"Basolateral amygdalar nucleus, anterior part",positive,2809,BRAC5487.3k,cfos,70.0,6064643.3,463.1764575502734,Parental+,,,,Agg-,,Parental+,,build a nest around the pups,0.3,C-fos,1.0,,12/05/21,BLAa
1757,"Basolateral amygdalar nucleus, anterior part",positive,2902,BRAC5487.3i,cfos,70.0,6094629.0,476.1569572159355,Parental+,,,,Agg-,,Parental+,,retrieve one pup,0.5,C-fos,1.0,,12/05/21,BLAa
3511,"Basolateral amygdalar nucleus, anterior part",positive,2302,BRAC5112.5g,cfos,70.0,7449027.85,309.0336143662022,Parental-,,,,Agg-,,Parental+,,retrieve both pups,,,,,,BLAa
7073,"Basolateral amygdalar nucleus, anterior part",positive,3306,BRAC5872.1d,cfos,70.0,11729759.8,281.8472037253482,Parental-,,,,Agg+,,,,,0.9,C-fos,1.0,,26/05/21,BLAa
2651,"Basolateral amygdalar nucleus, anterior part",positive,1846,BRAC5603.3e,cfos,70.0,5668860.74,325.63862205583126,Parental+,,build a nest around the pups,,Agg+,,,,,1.0,C-fos,1.0,,30/04/21,BLAa
5247,"Basolateral amygdalar nucleus, anterior part",positive,1621,BRAC5481.2e,cfos,70.0,5379121.5,301.3503227246308,Parental+,,retrieve both pups,,Agg-,,Parental+,,retrieve both pups,0.5,C-fos,1.0,,29/04/21,BLAa
7945,"Basolateral amygdalar nucleus, anterior part",positive,2326,BRAC5872.1c,cfos,71.0,5904362.52,393.94600045662514,Parental-,,,,Agg+,,,,,0.9,C-fos,1.0,,26/05/21,BLAa
7947,"Basolateral amygdalar nucleus, posterior part",positive,1979,BRAC5872.1c,cfos,72.0,5264526.3,375.9122639391126,Parental-,,,,Agg+,,,,,0.9,C-fos,1.0,,26/05/21,BLAp
3513,"Basolateral amygdalar nucleus, posterior part",positive,2187,BRAC5112.5g,cfos,71.0,7508237.1,291.2800928995703,Parental-,,,,Agg-,,Parental+,,retrieve both pups,,,,,,BLAp
1759,"Basolateral amygdalar nucleus, posterior part",positive,1655,BRAC5487.3i,cfos,71.0,5517593.3,299.9496175261776,Parental+,,,,Agg-,,Parental+,,retrieve one pup,0.5,C-fos,1.0,,12/05/21,BLAp
5249,"Basolateral amygdalar nucleus, posterior part",positive,1663,BRAC5481.2e,cfos,71.0,4940719.3,336.5906660594946,Parental+,,retrieve both pups,,Agg-,,Parental+,,retrieve both pups,0.5,C-fos,1.0,,29/04/21,BLAp
4363,"Basolateral amygdalar nucleus, posterior part",positive,2093,BRAC5487.3k,cfos,71.0,5628234.3,371.8750656844545,Parental+,,,,Agg-,,Parental+,,build a nest around the pups,0.3,C-fos,1.0,,12/05/21,BLAp
6163,"Basolateral amygdalar nucleus, posterior part",positive,4135,BRAC5487.3j,cfos,71.0,8820810.8,468.77776813895605,Parental+,,,,Agg+,,,,,0.7,C-fos,1.0,,12/05/21,BLAp
7075,"Basolateral amygdalar nucleus, posterior part",positive,2528,BRAC5872.1d,cfos,71.0,10059578.1,251.30278575003058,Parental-,,,,Agg+,,,,,0.9,C-fos,1.0,,26/05/21,BLAp
8817,"Basolateral amygdalar nucleus, posterior part",positive,1691,BRAC5603.3f,cfos,71.0,4757264.8,355.4563538275187,Parental+,,build a nest around the pups,,Agg-,,Parental+,,build a nest around the pups,0.4,C-fos,1.0,,30/04/21,BLAp
2653,"Basolateral amygdalar nucleus, posterior part",positive,1431,BRAC5603.3e,cfos,71.0,5448755.9,262.62875897964153,Parental+,,build a nest around the pups,,Agg+,,,,,1.0,C-fos,1.0,,30/04/21,BLAp
111,"Basolateral amygdalar nucleus, posterior part",positive,2131,BRAC5872.1f,cfos,71.0,5267746.1,404.5373409322063,Parental-,,build a nest near the pups but not parental,,Agg+,,,,pup was consumed – which may compromise the the food consumption data,0.4,C-fos,1.0,,26/05/21,BLAp
989,"Basolateral amygdalar nucleus, posterior part",positive,933,BRAC5872.1g,cfos,64.0,1543399.2,604.5098377658871,Parental-,,retrieve one pup very late,,Agg+,,,,,0.6,C-fos,1.0,,26/05/21,BLAp
7949,"Basolateral amygdalar nucleus, ventral part",positive,1034,BRAC5872.1c,cfos,73.0,3182839.4,324.86716106379737,Parental-,,,,Agg+,,,,,0.9,C-fos,1.0,,26/05/21,BLAv
7077,"Basolateral amygdalar nucleus, ventral part",positive,1241,BRAC5872.1d,cfos,72.0,6194356.8,200.34364181281904,Parental-,,,,Agg+,,,,,0.9,C-fos,1.0,,26/05/21,BLAv
1761,"Basolateral amygdalar nucleus, ventral part",positive,998,BRAC5487.3i,cfos,72.0,3296434.2,302.7513790507331,Parental+,,,,Agg-,,Parental+,,retrieve one pup,0.5,C-fos,1.0,,12/05/21,BLAv
6165,"Basolateral amygdalar nucleus, ventral part",positive,1916,BRAC5487.3j,cfos,72.0,4061776.88,471.7147338728266,Parental+,,,,Agg+,,,,,0.7,C-fos,1.0,,12/05/21,BLAv
4365,"Basolateral amygdalar nucleus, ventral part",positive,1713,BRAC5487.3k,cfos,72.0,3165612.6,541.1274898261398,Parental+,,,,Agg-,,Parental+,,build a nest around the pups,0.3,C-fos,1.0,,12/05/21,BLAv
991,"Basolateral amygdalar nucleus, ventral part",positive,1033,BRAC5872.1g,cfos,65.0,2256348.9,457.81926722414255,Parental-,,retrieve one pup very late,,Agg+,,,,,0.6,C-fos,1.0,,26/05/21,BLAv
3515,"Basolateral amygdalar nucleus, ventral part",positive,1146,BRAC5112.5g,cfos,72.0,4657264.1,246.06721358146729,Parental-,,,,Agg-,,Parental+,,retrieve both pups,,,,,,BLAv
2655,"Basolateral amygdalar nucleus, ventral part",positive,687,BRAC5603.3e,cfos,72.0,3309504.7,207.5839324234832,Parental+,,build a nest around the pups,,Agg+,,,,,1.0,C-fos,1.0,,30/04/21,BLAv
8819,"Basolateral amygdalar nucleus, ventral part",positive,1164,BRAC5603.3f,cfos,72.0,3182141.3,365.79142478682513,Parental+,,build a nest around the pups,,Agg-,,Parental+,,build a nest around the pups,0.4,C-fos,1.0,,30/04/21,BLAv
113,"Basolateral amygdalar nucleus, ventral part",positive,1405,BRAC5872.1f,cfos,72.0,3208763.4,437.86338375711966,Parental-,,build a nest near the pups but not parental,,Agg+,,,,pup was consumed – which may compromise the the food consumption data,0.4,C-fos,1.0,,26/05/21,BLAv
5251,"Basolateral amygdalar nucleus, ventral part",positive,883,BRAC5481.2e,cfos,72.0,3065886.4,288.008061877309,Parental+,,retrieve both pups,,Agg-,,Parental+,,retrieve both pups,0.5,C-fos,1.0,,29/04/21,BLAv
3521,Bed nuclei of the stria terminalis,positive,7283,BRAC5112.5g,cfos,76.0,16582932.5,439.18649490975133,Parental-,,,,Agg-,,Parental+,,retrieve both pups,,,,,,BNST
7083,Bed nuclei of the stria terminalis,positive,6180,BRAC5872.1d,cfos,76.0,22814402.3,270.8815211871669,Parental-,,,,Agg+,,,,,0.9,C-fos,1.0,,26/05/21,BNST
2661,Bed nuclei of the stria terminalis,positive,3126,BRAC5603.3e,cfos,76.0,11120741.4,281.09636647067435,Parental+,,build a nest around the pups,,Agg+,,,,,1.0,C-fos,1.0,,30/04/21,BNST
4371,Bed nuclei of the stria terminalis,positive,5301,BRAC5487.3k,cfos,76.0,11777215.0,450.1064131036073,Parental+,,,,Agg-,,Parental+,,build a nest around the pups,0.3,C-fos,1.0,,12/05/21,BNST
8825,Bed nuclei of the stria terminalis,positive,5750,BRAC5603.3f,cfos,76.0,11322562.3,507.8355806441444,Parental+,,build a nest around the pups,,Agg-,,Parental+,,build a nest around the pups,0.4,C-fos,1.0,,30/04/21,BNST
997,Bed nuclei of the stria terminalis,positive,5682,BRAC5872.1g,cfos,69.0,7605514.5,747.0894967066331,Parental-,,retrieve one pup very late,,Agg+,,,,,0.6,C-fos,1.0,,26/05/21,BNST
7955,Bed nuclei of the stria terminalis,positive,3728,BRAC5872.1c,cfos,77.0,12167892.3,306.38009509666676,Parental-,,,,Agg+,,,,,0.9,C-fos,1.0,,26/05/21,BNST
1767,Bed nuclei of the stria terminalis,positive,4128,BRAC5487.3i,cfos,76.0,10924593.6,377.8630264104287,Parental+,,,,Agg-,,Parental+,,retrieve one pup,0.5,C-fos,1.0,,12/05/21,BNST
5257,Bed nuclei of the stria terminalis,positive,4285,BRAC5481.2e,cfos,76.0,11633967.4,368.31803396664145,Parental+,,retrieve both pups,,Agg-,,Parental+,,retrieve both pups,0.5,C-fos,1.0,,29/04/21,BNST
6171,Bed nuclei of the stria terminalis,positive,4773,BRAC5487.3j,cfos,76.0,17317395.7,275.6188102810401,Parental+,,,,Agg+,,,,,0.7,C-fos,1.0,,12/05/21,BNST
119,Bed nuclei of the stria terminalis,positive,5285,BRAC5872.1f,cfos,76.0,11849121.5,446.02462722658385,Parental-,,build a nest near the pups but not parental,,Agg+,,,,pup was consumed – which may compromise the the food consumption data,0.4,C-fos,1.0,,26/05/21,BNST
3529,"Central amygdalar nucleus, capsular part",positive,700,BRAC5112.5g,cfos,82.0,2764019.3,253.2543821238875,Parental-,,,,Agg-,,Parental+,,retrieve both pups,,,,,,CEAc
6179,"Central amygdalar nucleus, capsular part",positive,1117,BRAC5487.3j,cfos,82.0,3028053.2,368.8838756201509,Parental+,,,,Agg+,,,,,0.7,C-fos,1.0,,12/05/21,CEAc
5265,"Central amygdalar nucleus, capsular part",positive,598,BRAC5481.2e,cfos,82.0,2131169.2,280.5971482695977,Parental+,,retrieve both pups,,Agg-,,Parental+,,retrieve both pups,0.5,C-fos,1.0,,29/04/21,CEAc
2669,"Central amygdalar nucleus, capsular part",positive,475,BRAC5603.3e,cfos,82.0,2326983.0,204.12697471360985,Parental+,,build a nest around the pups,,Agg+,,,,,1.0,C-fos,1.0,,30/04/21,CEAc
7091,"Central amygdalar nucleus, capsular part",positive,1178,BRAC5872.1d,cfos,82.0,4748613.97,248.07238647785894,Parental-,,,,Agg+,,,,,0.9,C-fos,1.0,,26/05/21,CEAc
4379,"Central amygdalar nucleus, capsular part",positive,1062,BRAC5487.3k,cfos,82.0,2646361.1,401.3057779605361,Parental+,,,,Agg-,,Parental+,,build a nest around the pups,0.3,C-fos,1.0,,12/05/21,CEAc
127,"Central amygdalar nucleus, capsular part",positive,952,BRAC5872.1f,cfos,82.0,2414096.0,394.35051464399095,Parental-,,build a nest near the pups but not parental,,Agg+,,,,pup was consumed – which may compromise the the food consumption data,0.4,C-fos,1.0,,26/05/21,CEAc
1775,"Central amygdalar nucleus, capsular part",positive,766,BRAC5487.3i,cfos,82.0,2460545.4,311.31309343042403,Parental+,,,,Agg-,,Parental+,,retrieve one pup,0.5,C-fos,1.0,,12/05/21,CEAc
1003,"Central amygdalar nucleus, capsular part",positive,927,BRAC5872.1g,cfos,75.0,2510514.5,369.2470208795846,Parental-,,retrieve one pup very late,,Agg+,,,,,0.6,C-fos,1.0,,26/05/21,CEAc
8833,"Central amygdalar nucleus, capsular part",positive,778,BRAC5603.3f,cfos,82.0,2141710.8,363.2609967694985,Parental+,,build a nest around the pups,,Agg-,,Parental+,,build a nest around the pups,0.4,C-fos,1.0,,30/04/21,CEAc
7963,"Central amygdalar nucleus, capsular part",positive,820,BRAC5872.1c,cfos,83.0,2383245.1,344.06868181539534,Parental-,,,,Agg+,,,,,0.9,C-fos,1.0,,26/05/21,CEAc
7093,"Central amygdalar nucleus, lateral part",positive,1345,BRAC5872.1d,cfos,83.0,3942156.7,341.183799213258,Parental-,,,,Agg+,,,,,0.9,C-fos,1.0,,26/05/21,CEAl
129,"Central amygdalar nucleus, lateral part",positive,965,BRAC5872.1f,cfos,83.0,2037003.4,473.7350953857024,Parental-,,build a nest near the pups but not parental,,Agg+,,,,pup was consumed – which may compromise the the food consumption data,0.4,C-fos,1.0,,26/05/21,CEAl
1777,"Central amygdalar nucleus, lateral part",positive,799,BRAC5487.3i,cfos,83.0,2093716.0,381.6181373213941,Parental+,,,,Agg-,,Parental+,,retrieve one pup,0.5,C-fos,1.0,,12/05/21,CEAl
6181,"Central amygdalar nucleus, lateral part",positive,838,BRAC5487.3j,cfos,83.0,2246525.7,373.02043773636774,Parental+,,,,Agg+,,,,,0.7,C-fos,1.0,,12/05/21,CEAl
1005,"Central amygdalar nucleus, lateral part",positive,1068,BRAC5872.1g,cfos,76.0,2086460.2,511.87173376228316,Parental-,,retrieve one pup very late,,Agg+,,,,,0.6,C-fos,1.0,,26/05/21,CEAl
3531,"Central amygdalar nucleus, lateral part",positive,714,BRAC5112.5g,cfos,83.0,2189062.2,326.1670682541592,Parental-,,,,Agg-,,Parental+,,retrieve both pups,,,,,,CEAl
7965,"Central amygdalar nucleus, lateral part",positive,821,BRAC5872.1c,cfos,84.0,1981640.3,414.3032416125167,Parental-,,,,Agg+,,,,,0.9,C-fos,1.0,,26/05/21,CEAl
2671,"Central amygdalar nucleus, lateral part",positive,430,BRAC5603.3e,cfos,83.0,1878778.2,228.87214680264015,Parental+,,build a nest around the pups,,Agg+,,,,,1.0,C-fos,1.0,,30/04/21,CEAl
4381,"Central amygdalar nucleus, lateral part",positive,910,BRAC5487.3k,cfos,83.0,1985638.7,458.29082601985954,Parental+,,,,Agg-,,Parental+,,build a nest around the pups,0.3,C-fos,1.0,,12/05/21,CEAl
5267,"Central amygdalar nucleus, lateral part",positive,685,BRAC5481.2e,cfos,83.0,1813237.0,377.7774223667397,Parental+,,retrieve both pups,,Agg-,,Parental+,,retrieve both pups,0.5,C-fos,1.0,,29/04/21,CEAl
8835,"Central amygdalar nucleus, lateral part",positive,802,BRAC5603.3f,cfos,83.0,1815478.1,441.75691240781146,Parental+,,build a nest around the pups,,Agg-,,Parental+,,build a nest around the pups,0.4,C-fos,1.0,,30/04/21,CEAl
7095,"Central amygdalar nucleus, medial part",positive,3722,BRAC5872.1d,cfos,84.0,11557484.6,322.0423932037945,Parental-,,,,Agg+,,,,,0.9,C-fos,1.0,,26/05/21,CEAm
1779,"Central amygdalar nucleus, medial part",positive,3223,BRAC5487.3i,cfos,84.0,5963052.1,540.495026028701,Parental+,,,,Agg-,,Parental+,,retrieve one pup,0.5,C-fos,1.0,,12/05/21,CEAm
3533,"Central amygdalar nucleus, medial part",positive,1573,BRAC5112.5g,cfos,84.0,6832908.1,230.209447716705,Parental-,,,,Agg-,,Parental+,,retrieve both pups,,,,,,CEAm
1007,"Central amygdalar nucleus, medial part",positive,2025,BRAC5872.1g,cfos,77.0,5883948.9,344.15662583337524,Parental-,,retrieve one pup very late,,Agg+,,,,,0.6,C-fos,1.0,,26/05/21,CEAm
6183,"Central amygdalar nucleus, medial part",positive,2375,BRAC5487.3j,cfos,84.0,6928689.59,342.77765934669327,Parental+,,,,Agg+,,,,,0.7,C-fos,1.0,,12/05/21,CEAm
8837,"Central amygdalar nucleus, medial part",positive,2523,BRAC5603.3f,cfos,84.0,5261461.0,479.52460352742327,Parental+,,build a nest around the pups,,Agg-,,Parental+,,build a nest around the pups,0.4,C-fos,1.0,,30/04/21,CEAm
2673,"Central amygdalar nucleus, medial part",positive,1620,BRAC5603.3e,cfos,84.0,5689046.9,284.75771574321175,Parental+,,build a nest around the pups,,Agg+,,,,,1.0,C-fos,1.0,,30/04/21,CEAm
7967,"Central amygdalar nucleus, medial part",positive,2273,BRAC5872.1c,cfos,85.0,5642162.4,402.8597262638168,Parental-,,,,Agg+,,,,,0.9,C-fos,1.0,,26/05/21,CEAm
131,"Central amygdalar nucleus, medial part",positive,3173,BRAC5872.1f,cfos,84.0,5853913.5,542.0305578481814,Parental-,,build a nest near the pups but not parental,,Agg+,,,,pup was consumed – which may compromise the the food consumption data,0.4,C-fos,1.0,,26/05/21,CEAm
4383,"Central amygdalar nucleus, medial part",positive,3473,BRAC5487.3k,cfos,84.0,6159580.6,563.8370898174464,Parental+,,,,Agg-,,Parental+,,build a nest around the pups,0.3,C-fos,1.0,,12/05/21,CEAm
5269,"Central amygdalar nucleus, medial part",positive,2992,BRAC5481.2e,cfos,84.0,5200111.7,575.3722559459636,Parental+,,retrieve both pups,,Agg-,,Parental+,,retrieve both pups,0.5,C-fos,1.0,,29/04/21,CEAm
7103,"Cortical amygdalar area, anterior part",positive,4133,BRAC5872.1d,cfos,92.0,11714509.9,352.8103211556465,Parental-,,,,Agg+,,,,,0.9,C-fos,1.0,,26/05/21,COAa
6191,"Cortical amygdalar area, anterior part",positive,3799,BRAC5487.3j,cfos,92.0,7991791.5,475.36275189361487,Parental+,,,,Agg+,,,,,0.7,C-fos,1.0,,12/05/21,COAa
139,"Cortical amygdalar area, anterior part",positive,3418,BRAC5872.1f,cfos,92.0,5716362.2,597.9327202184635,Parental-,,build a nest near the pups but not parental,,Agg+,,,,pup was consumed – which may compromise the the food consumption data,0.4,C-fos,1.0,,26/05/21,COAa
1015,"Cortical amygdalar area, anterior part",positive,3500,BRAC5872.1g,cfos,85.0,5765722.2,607.0358367248425,Parental-,,retrieve one pup very late,,Agg+,,,,,0.6,C-fos,1.0,,26/05/21,COAa
3541,"Cortical amygdalar area, anterior part",positive,2888,BRAC5112.5g,cfos,92.0,6847365.8,421.76803231397395,Parental-,,,,Agg-,,Parental+,,retrieve both pups,,,,,,COAa
4391,"Cortical amygdalar area, anterior part",positive,4080,BRAC5487.3k,cfos,92.0,6064597.899999999,672.7568863221749,Parental+,,,,Agg-,,Parental+,,build a nest around the pups,0.3,C-fos,1.0,,12/05/21,COAa
5277,"Cortical amygdalar area, anterior part",positive,3184,BRAC5481.2e,cfos,92.0,5181613.1,614.4804597626172,Parental+,,retrieve both pups,,Agg-,,Parental+,,retrieve both pups,0.5,C-fos,1.0,,29/04/21,COAa
8845,"Cortical amygdalar area, anterior part",positive,4122,BRAC5603.3f,cfos,92.0,5083157.88,810.9132349042835,Parental+,,build a nest around the pups,,Agg-,,Parental+,,build a nest around the pups,0.4,C-fos,1.0,,30/04/21,COAa
2681,"Cortical amygdalar area, anterior part",positive,3707,BRAC5603.3e,cfos,92.0,5617829.5,659.8633867403772,Parental+,,build a nest around the pups,,Agg+,,,,,1.0,C-fos,1.0,,30/04/21,COAa
7975,"Cortical amygdalar area, anterior part",positive,2934,BRAC5872.1c,cfos,93.0,5467703.2,536.6055714216528,Parental-,,,,Agg+,,,,,0.9,C-fos,1.0,,26/05/21,COAa
1787,"Cortical amygdalar area, anterior part",positive,3623,BRAC5487.3i,cfos,92.0,6423923.3,563.9855631526609,Parental+,,,,Agg-,,Parental+,,retrieve one pup,0.5,C-fos,1.0,,12/05/21,COAa
6193,"Cortical amygdalar area, posterior part, lateral zone",positive,5151,BRAC5487.3j,cfos,94.0,13795269.8,373.3888553596828,Parental+,,,,Agg+,,,,,0.7,C-fos,1.0,,12/05/21,COApl
8847,"Cortical amygdalar area, posterior part, lateral zone",positive,3234,BRAC5603.3f,cfos,94.0,7328228.8,441.30718189366576,Parental+,,build a nest around the pups,,Agg-,,Parental+,,build a nest around the pups,0.4,C-fos,1.0,,30/04/21,COApl
7977,"Cortical amygdalar area, posterior part, lateral zone",positive,1850,BRAC5872.1c,cfos,95.0,7844468.5,235.83497084601717,Parental-,,,,Agg+,,,,,0.9,C-fos,1.0,,26/05/21,COApl
5279,"Cortical amygdalar area, posterior part, lateral zone",positive,1984,BRAC5481.2e,cfos,94.0,7242350.4,273.94421567893204,Parental+,,retrieve both pups,,Agg-,,Parental+,,retrieve both pups,0.5,C-fos,1.0,,29/04/21,COApl
1789,"Cortical amygdalar area, posterior part, lateral zone",positive,1303,BRAC5487.3i,cfos,94.0,7820344.0,166.61671148992934,Parental+,,,,Agg-,,Parental+,,retrieve one pup,0.5,C-fos,1.0,,12/05/21,COApl
4393,"Cortical amygdalar area, posterior part, lateral zone",positive,3808,BRAC5487.3k,cfos,94.0,8992614.3,423.45861536616775,Parental+,,,,Agg-,,Parental+,,build a nest around the pups,0.3,C-fos,1.0,,12/05/21,COApl
2683,"Cortical amygdalar area, posterior part, lateral zone",positive,2468,BRAC5603.3e,cfos,94.0,8319234.5,296.66191041976276,Parental+,,build a nest around the pups,,Agg+,,,,,1.0,C-fos,1.0,,30/04/21,COApl
1017,"Cortical amygdalar area, posterior part, lateral zone",positive,1407,BRAC5872.1g,cfos,87.0,1706703.2,824.3964152642358,Parental-,,retrieve one pup very late,,Agg+,,,,,0.6,C-fos,1.0,,26/05/21,COApl
7105,"Cortical amygdalar area, posterior part, lateral zone",positive,2905,BRAC5872.1d,cfos,94.0,14192484.9,204.6857911400702,Parental-,,,,Agg+,,,,,0.9,C-fos,1.0,,26/05/21,COApl
141,"Cortical amygdalar area, posterior part, lateral zone",positive,2888,BRAC5872.1f,cfos,94.0,7551245.6,382.45345906905743,Parental-,,build a nest near the pups but not parental,,Agg+,,,,pup was consumed – which may compromise the the food consumption data,0.4,C-fos,1.0,,26/05/21,COApl
3543,"Cortical amygdalar area, posterior part, lateral zone",positive,3222,BRAC5112.5g,cfos,94.0,10395740.4,309.9346343815973,Parental-,,,,Agg-,,Parental+,,retrieve both pups,,,,,,COApl
7979,"Cortical amygdalar area, posterior part, medial zone",positive,2427,BRAC5872.1c,cfos,96.0,6991957.6,347.1130889008824,Parental-,,,,Agg+,,,,,0.9,C-fos,1.0,,26/05/21,COApm
1019,"Cortical amygdalar area, posterior part, medial zone",positive,946,BRAC5872.1g,cfos,88.0,632507.7,1495.6339661951943,Parental-,,retrieve one pup very late,,Agg+,,,,,0.6,C-fos,1.0,,26/05/21,COApm
1791,"Cortical amygdalar area, posterior part, medial zone",positive,1688,BRAC5487.3i,cfos,95.0,6667780.5,253.15770367665823,Parental+,,,,Agg-,,Parental+,,retrieve one pup,0.5,C-fos,1.0,,12/05/21,COApm
143,"Cortical amygdalar area, posterior part, medial zone",positive,3506,BRAC5872.1f,cfos,95.0,6887658.6,509.026391058349,Parental-,,build a nest near the pups but not parental,,Agg+,,,,pup was consumed – which may compromise the the food consumption data,0.4,C-fos,1.0,,26/05/21,COApm
7107,"Cortical amygdalar area, posterior part, medial zone",positive,3237,BRAC5872.1d,cfos,95.0,12807078.2,252.7508577249103,Parental-,,,,Agg+,,,,,0.9,C-fos,1.0,,26/05/21,COApm
4395,"Cortical amygdalar area, posterior part, medial zone",positive,4162,BRAC5487.3k,cfos,95.0,8741686.3,476.1095121887409,Parental+,,,,Agg-,,Parental+,,build a nest around the pups,0.3,C-fos,1.0,,12/05/21,COApm
3545,"Cortical amygdalar area, posterior part, medial zone",positive,3355,BRAC5112.5g,cfos,95.0,9957386.4,336.9358047609762,Parental-,,,,Agg-,,Parental+,,retrieve both pups,,,,,,COApm
2685,"Cortical amygdalar area, posterior part, medial zone",positive,3371,BRAC5603.3e,cfos,95.0,7559894.4,445.90569942352636,Parental+,,build a nest around the pups,,Agg+,,,,,1.0,C-fos,1.0,,30/04/21,COApm
5281,"Cortical amygdalar area, posterior part, medial zone",positive,2674,BRAC5481.2e,cfos,95.0,6570249.7,406.9860541221135,Parental+,,retrieve both pups,,Agg-,,Parental+,,retrieve both pups,0.5,C-fos,1.0,,29/04/21,COApm
6195,"Cortical amygdalar area, posterior part, medial zone",positive,6298,BRAC5487.3j,cfos,95.0,14210017.3,443.2084681557706,Parental+,,,,Agg+,,,,,0.7,C-fos,1.0,,12/05/21,COApm
8849,"Cortical amygdalar area, posterior part, medial zone",positive,4002,BRAC5603.3f,cfos,95.0,6476378.0,617.9379894132182,Parental+,,build a nest around the pups,,Agg-,,Parental+,,build a nest around the pups,0.4,C-fos,1.0,,30/04/21,COApm
173,Dorsal premammillary nucleus,positive,352,BRAC5872.1f,cfos,114.0,1004658.9,350.3676720526738,Parental-,,build a nest near the pups but not parental,,Agg+,,,,pup was consumed – which may compromise the the food consumption data,0.4,C-fos,1.0,,26/05/21,PMd
3575,Dorsal premammillary nucleus,positive,856,BRAC5112.5g,cfos,114.0,1734045.0,493.64347522699813,Parental-,,,,Agg-,,Parental+,,retrieve both pups,,,,,,PMd
8879,Dorsal premammillary nucleus,positive,657,BRAC5603.3f,cfos,114.0,1152899.4,569.8675877531032,Parental+,,build a nest around the pups,,Agg-,,Parental+,,build a nest around the pups,0.4,C-fos,1.0,,30/04/21,PMd
5311,Dorsal premammillary nucleus,positive,355,BRAC5481.2e,cfos,114.0,990288.9,358.48124724007306,Parental+,,retrieve both pups,,Agg-,,Parental+,,retrieve both pups,0.5,C-fos,1.0,,29/04/21,PMd
4425,Dorsal premammillary nucleus,positive,361,BRAC5487.3k,cfos,114.0,961136.8,375.5968973407323,Parental+,,,,Agg-,,Parental+,,build a nest around the pups,0.3,C-fos,1.0,,12/05/21,PMd
6225,Dorsal premammillary nucleus,positive,1183,BRAC5487.3j,cfos,114.0,2875410.8,411.41947439301543,Parental+,,,,Agg+,,,,,0.7,C-fos,1.0,,12/05/21,PMd
1049,Dorsal premammillary nucleus,positive,53,BRAC5872.1g,cfos,,,,Parental-,,retrieve one pup very late,,Agg+,,,,,0.6,C-fos,1.0,,26/05/21,PMd
8011,Dorsal premammillary nucleus,positive,239,BRAC5872.1c,cfos,116.0,867413.2,275.53189183655496,Parental-,,,,Agg+,,,,,0.9,C-fos,1.0,,26/05/21,PMd
2715,Dorsal premammillary nucleus,positive,333,BRAC5603.3e,cfos,115.0,967941.7,344.0289843902789,Parental+,,build a nest around the pups,,Agg+,,,,,1.0,C-fos,1.0,,30/04/21,PMd
7139,Dorsal premammillary nucleus,positive,322,BRAC5872.1d,cfos,115.0,1865501.4,172.60775038817985,Parental-,,,,Agg+,,,,,0.9,C-fos,1.0,,26/05/21,PMd
1821,Dorsal premammillary nucleus,positive,319,BRAC5487.3i,cfos,114.0,1060145.0,300.90223507161755,Parental+,,,,Agg-,,Parental+,,retrieve one pup,0.5,C-fos,1.0,,12/05/21,PMd
8881,Dorsomedial nucleus of the hypothalamus,positive,3140,BRAC5603.3f,cfos,115.0,3329767.2,943.0088686079915,Parental+,,build a nest around the pups,,Agg-,,Parental+,,build a nest around the pups,0.4,C-fos,1.0,,30/04/21,DMH
2717,Dorsomedial nucleus of the hypothalamus,positive,2522,BRAC5603.3e,cfos,116.0,3454934.1999999997,729.9704868474776,Parental+,,build a nest around the pups,,Agg+,,,,,1.0,C-fos,1.0,,30/04/21,DMH
1051,Dorsomedial nucleus of the hypothalamus,positive,2100,BRAC5872.1g,cfos,107.0,2944803.0,713.1207079047393,Parental-,,retrieve one pup very late,,Agg+,,,,,0.6,C-fos,1.0,,26/05/21,DMH
8013,Dorsomedial nucleus of the hypothalamus,positive,1885,BRAC5872.1c,cfos,117.0,2786031.7,676.589573621865,Parental-,,,,Agg+,,,,,0.9,C-fos,1.0,,26/05/21,DMH
175,Dorsomedial nucleus of the hypothalamus,positive,2354,BRAC5872.1f,cfos,115.0,3100690.5,759.1857362094023,Parental-,,build a nest near the pups but not parental,,Agg+,,,,pup was consumed – which may compromise the the food consumption data,0.4,C-fos,1.0,,26/05/21,DMH
3577,Dorsomedial nucleus of the hypothalamus,positive,3130,BRAC5112.5g,cfos,115.0,3762842.9,831.8178789765578,Parental-,,,,Agg-,,Parental+,,retrieve both pups,,,,,,DMH
5315,Dorsomedial nucleus of the hypothalamus,positive,2148,BRAC5481.2e,cfos,116.0,2652727.4,809.7326547763635,Parental+,,retrieve both pups,,Agg-,,Parental+,,retrieve both pups,0.5,C-fos,1.0,,29/04/21,DMH
6229,Dorsomedial nucleus of the hypothalamus,positive,2724,BRAC5487.3j,cfos,116.0,4646999.2,586.1847361626402,Parental+,,,,Agg+,,,,,0.7,C-fos,1.0,,12/05/21,DMH
7141,Dorsomedial nucleus of the hypothalamus,positive,2790,BRAC5872.1d,cfos,116.0,5973108.2,467.0934974859488,Parental-,,,,Agg+,,,,,0.9,C-fos,1.0,,26/05/21,DMH
1825,Dorsomedial nucleus of the hypothalamus,positive,2125,BRAC5487.3i,cfos,116.0,3381226.3,628.47020916642,Parental+,,,,Agg-,,Parental+,,retrieve one pup,0.5,C-fos,1.0,,12/05/21,DMH
4427,Dorsomedial nucleus of the hypothalamus,positive,2573,BRAC5487.3k,cfos,115.0,2881861.9,892.8255722454987,Parental+,,,,Agg-,,Parental+,,build a nest around the pups,0.3,C-fos,1.0,,12/05/21,DMH
8097,Lateral amygdalar nucleus,positive,2086,BRAC5872.1c,cfos,178.0,6504393.3,320.70631399242114,Parental-,,,,Agg+,,,,,0.9,C-fos,1.0,,26/05/21,LA
4521,Lateral amygdalar nucleus,positive,1387,BRAC5487.3k,cfos,177.0,6505745.22,213.19617554897115,Parental+,,,,Agg-,,Parental+,,build a nest around the pups,0.3,C-fos,1.0,,12/05/21,LA
3657,Lateral amygdalar nucleus,positive,2776,BRAC5112.5g,cfos,169.0,9905388.9,280.2514901762211,Parental-,,,,Agg-,,Parental+,,retrieve both pups,,,,,,LA
8967,Lateral amygdalar nucleus,positive,1441,BRAC5603.3f,cfos,173.0,6330328.65,227.63431089790257,Parental+,,build a nest around the pups,,Agg-,,Parental+,,build a nest around the pups,0.4,C-fos,1.0,,30/04/21,LA
261,Lateral amygdalar nucleus,positive,2002,BRAC5872.1f,cfos,173.0,6493933.23,308.2877401251013,Parental-,,build a nest near the pups but not parental,,Agg+,,,,pup was consumed – which may compromise the the food consumption data,0.4,C-fos,1.0,,26/05/21,LA
1911,Lateral amygdalar nucleus,positive,1550,BRAC5487.3i,cfos,174.0,6593518.9,235.07932918793938,Parental+,,,,Agg-,,Parental+,,retrieve one pup,0.5,C-fos,1.0,,12/05/21,LA
5407,Lateral amygdalar nucleus,positive,1205,BRAC5481.2e,cfos,179.0,5974946.4,201.67544933959573,Parental+,,retrieve both pups,,Agg-,,Parental+,,retrieve both pups,0.5,C-fos,1.0,,29/04/21,LA
6321,Lateral amygdalar nucleus,positive,4374,BRAC5487.3j,cfos,179.0,7668403.4,570.3925278631012,Parental+,,,,Agg+,,,,,0.7,C-fos,1.0,,12/05/21,LA
7223,Lateral amygdalar nucleus,positive,1333,BRAC5872.1d,cfos,176.0,12858105.95,103.67001214514025,Parental-,,,,Agg+,,,,,0.9,C-fos,1.0,,26/05/21,LA
1123,Lateral amygdalar nucleus,positive,1834,BRAC5872.1g,cfos,159.0,4159130.9,440.95750869490547,Parental-,,retrieve one pup very late,,Agg+,,,,,0.6,C-fos,1.0,,26/05/21,LA
2803,Lateral amygdalar nucleus,positive,1038,BRAC5603.3e,cfos,174.0,6483632.0,160.09545267220594,Parental+,,build a nest around the pups,,Agg+,,,,,1.0,C-fos,1.0,,30/04/21,LA
8973,Lateral hypothalamic area,positive,7550,BRAC5603.3f,cfos,177.0,14942630.5,505.26578971486987,Parental+,,build a nest around the pups,,Agg-,,Parental+,,build a nest around the pups,0.4,C-fos,1.0,,30/04/21,LH
8103,Lateral hypothalamic area,positive,4570,BRAC5872.1c,cfos,182.0,14688776.01,311.1219067462654,Parental-,,,,Agg+,,,,,0.9,C-fos,1.0,,26/05/21,LH
5413,Lateral hypothalamic area,positive,5386,BRAC5481.2e,cfos,183.0,14601105.8,368.87617100891083,Parental+,,retrieve both pups,,Agg-,,Parental+,,retrieve both pups,0.5,C-fos,1.0,,29/04/21,LH
7229,Lateral hypothalamic area,positive,7368,BRAC5872.1d,cfos,180.0,31848501.0,231.34526802376038,Parental-,,,,Agg+,,,,,0.9,C-fos,1.0,,26/05/21,LH
3663,Lateral hypothalamic area,positive,7276,BRAC5112.5g,cfos,173.0,21058670.0,345.51089883644124,Parental-,,,,Agg-,,Parental+,,retrieve both pups,,,,,,LH
6327,Lateral hypothalamic area,positive,6015,BRAC5487.3j,cfos,183.0,19737497.7,304.74987718427957,Parental+,,,,Agg+,,,,,0.7,C-fos,1.0,,12/05/21,LH
4527,Lateral hypothalamic area,positive,7036,BRAC5487.3k,cfos,181.0,16837848.6,417.86811172538984,Parental+,,,,Agg-,,Parental+,,build a nest around the pups,0.3,C-fos,1.0,,12/05/21,LH
1917,Lateral hypothalamic area,positive,5765,BRAC5487.3i,cfos,178.0,16446478.0,350.53097690581535,Parental+,,,,Agg-,,Parental+,,retrieve one pup,0.5,C-fos,1.0,,12/05/21,LH
267,Lateral hypothalamic area,positive,5718,BRAC5872.1f,cfos,177.0,16272631.84,351.38753560100207,Parental-,,build a nest near the pups but not parental,,Agg+,,,,pup was consumed – which may compromise the the food consumption data,0.4,C-fos,1.0,,26/05/21,LH
2809,Lateral hypothalamic area,positive,5732,BRAC5603.3e,cfos,178.0,16533702.0,346.68581785252934,Parental+,,build a nest around the pups,,Agg+,,,,,1.0,C-fos,1.0,,30/04/21,LH
1129,Lateral hypothalamic area,positive,5218,BRAC5872.1g,cfos,163.0,15606598.1,334.3457662307585,Parental-,,retrieve one pup very late,,Agg+,,,,,0.6,C-fos,1.0,,26/05/21,LH
2811,Lateral mammillary nucleus,positive,154,BRAC5603.3e,cfos,179.0,588466.3,261.697228881246,Parental+,,build a nest around the pups,,Agg+,,,,,1.0,C-fos,1.0,,30/04/21,LM
7231,Lateral mammillary nucleus,positive,93,BRAC5872.1d,cfos,181.0,1090810.6,85.257697349109,Parental-,,,,Agg+,,,,,0.9,C-fos,1.0,,26/05/21,LM
6329,Lateral mammillary nucleus,positive,308,BRAC5487.3j,cfos,184.0,1347919.9,228.5002246795229,Parental+,,,,Agg+,,,,,0.7,C-fos,1.0,,12/05/21,LM
1919,Lateral mammillary nucleus,positive,118,BRAC5487.3i,cfos,179.0,715162.4,164.9974886822909,Parental+,,,,Agg-,,Parental+,,retrieve one pup,0.5,C-fos,1.0,,12/05/21,LM
5415,Lateral mammillary nucleus,positive,127,BRAC5481.2e,cfos,184.0,508709.9,249.65112729278513,Parental+,,retrieve both pups,,Agg-,,Parental+,,retrieve both pups,0.5,C-fos,1.0,,29/04/21,LM
269,Lateral mammillary nucleus,positive,138,BRAC5872.1f,cfos,178.0,670999.5,205.66334252111963,Parental-,,build a nest near the pups but not parental,,Agg+,,,,pup was consumed – which may compromise the the food consumption data,0.4,C-fos,1.0,,26/05/21,LM
8975,Lateral mammillary nucleus,positive,356,BRAC5603.3f,cfos,178.0,689862.6,516.0447892087496,Parental+,,build a nest around the pups,,Agg-,,Parental+,,build a nest around the pups,0.4,C-fos,1.0,,30/04/21,LM
8105,Lateral mammillary nucleus,positive,92,BRAC5872.1c,cfos,183.0,687758.8,133.7678267439108,Parental-,,,,Agg+,,,,,0.9,C-fos,1.0,,26/05/21,LM
3665,Lateral mammillary nucleus,positive,172,BRAC5112.5g,cfos,174.0,709873.1,242.29682741887248,Parental-,,,,Agg-,,Parental+,,retrieve both pups,,,,,,LM
4529,Lateral mammillary nucleus,positive,250,BRAC5487.3k,cfos,182.0,599222.9,417.2070192911519,Parental+,,,,Agg-,,Parental+,,build a nest around the pups,0.3,C-fos,1.0,,12/05/21,LM
8979,Lateral preoptic area,positive,1967,BRAC5603.3f,cfos,180.0,4722534.4,416.5136414887735,Parental+,,build a nest around the pups,,Agg-,,Parental+,,build a nest around the pups,0.4,C-fos,1.0,,30/04/21,LPOA
3669,Lateral preoptic area,positive,2344,BRAC5112.5g,cfos,176.0,6165833.7,380.15945840381653,Parental-,,,,Agg-,,Parental+,,retrieve both pups,,,,,,LPOA
5419,Lateral preoptic area,positive,1376,BRAC5481.2e,cfos,186.0,4187942.0,328.56233443538616,Parental+,,retrieve both pups,,Agg-,,Parental+,,retrieve both pups,0.5,C-fos,1.0,,29/04/21,LPOA
273,Lateral preoptic area,positive,1096,BRAC5872.1f,cfos,180.0,3893441.1,281.49905747899976,Parental-,,build a nest near the pups but not parental,,Agg+,,,,pup was consumed – which may compromise the the food consumption data,0.4,C-fos,1.0,,26/05/21,LPOA
7235,Lateral preoptic area,positive,1875,BRAC5872.1d,cfos,183.0,8963906.5,209.17219518075072,Parental-,,,,Agg+,,,,,0.9,C-fos,1.0,,26/05/21,LPOA
1923,Lateral preoptic area,positive,1342,BRAC5487.3i,cfos,181.0,4616368.86,290.70467302303047,Parental+,,,,Agg-,,Parental+,,retrieve one pup,0.5,C-fos,1.0,,12/05/21,LPOA
4533,Lateral preoptic area,positive,1578,BRAC5487.3k,cfos,184.0,4251618.9,371.15273901901224,Parental+,,,,Agg-,,Parental+,,build a nest around the pups,0.3,C-fos,1.0,,12/05/21,LPOA
1133,Lateral preoptic area,positive,941,BRAC5872.1g,cfos,165.0,3633650.4,258.96822655255994,Parental-,,retrieve one pup very late,,Agg+,,,,,0.6,C-fos,1.0,,26/05/21,LPOA
8109,Lateral preoptic area,positive,1169,BRAC5872.1c,cfos,185.0,4088021.6,285.9573931801143,Parental-,,,,Agg+,,,,,0.9,C-fos,1.0,,26/05/21,LPOA
2815,Lateral preoptic area,positive,814,BRAC5603.3e,cfos,181.0,4132404.0,196.97977254886018,Parental+,,build a nest around the pups,,Agg+,,,,,1.0,C-fos,1.0,,30/04/21,LPOA
6333,Lateral preoptic area,positive,1436,BRAC5487.3j,cfos,186.0,6571181.3,218.52996203285397,Parental+,,,,Agg+,,,,,0.7,C-fos,1.0,,12/05/21,LPOA
2817,"Lateral septal nucleus, caudal (caudodorsal) part",positive,182,BRAC5603.3e,cfos,184.0,4530141.1,40.17534906363072,Parental+,,build a nest around the pups,,Agg+,,,,,1.0,C-fos,1.0,,30/04/21,LSc
6335,"Lateral septal nucleus, caudal (caudodorsal) part",positive,953,BRAC5487.3j,cfos,189.0,7124185.4,133.76967982893873,Parental+,,,,Agg+,,,,,0.7,C-fos,1.0,,12/05/21,LSc
8111,"Lateral septal nucleus, caudal (caudodorsal) part",positive,512,BRAC5872.1c,cfos,188.0,4000626.8,127.9799455425335,Parental-,,,,Agg+,,,,,0.9,C-fos,1.0,,26/05/21,LSc
5421,"Lateral septal nucleus, caudal (caudodorsal) part",positive,344,BRAC5481.2e,cfos,189.0,4291097.5,80.16597152593248,Parental+,,retrieve both pups,,Agg-,,Parental+,,retrieve both pups,0.5,C-fos,1.0,,29/04/21,LSc
3671,"Lateral septal nucleus, caudal (caudodorsal) part",positive,774,BRAC5112.5g,cfos,179.0,7629476.600000001,101.44863672561758,Parental-,,,,Agg-,,Parental+,,retrieve both pups,,,,,,LSc
7237,"Lateral septal nucleus, caudal (caudodorsal) part",positive,655,BRAC5872.1d,cfos,186.0,8735626.3,74.98031366108232,Parental-,,,,Agg+,,,,,0.9,C-fos,1.0,,26/05/21,LSc
8981,"Lateral septal nucleus, caudal (caudodorsal) part",positive,563,BRAC5603.3f,cfos,183.0,4648713.2,121.1087833940799,Parental+,,build a nest around the pups,,Agg-,,Parental+,,build a nest around the pups,0.4,C-fos,1.0,,30/04/21,LSc
1925,"Lateral septal nucleus, caudal (caudodorsal) part",positive,542,BRAC5487.3i,cfos,184.0,4485134.8,120.84363662826813,Parental+,,,,Agg-,,Parental+,,retrieve one pup,0.5,C-fos,1.0,,12/05/21,LSc
4535,"Lateral septal nucleus, caudal (caudodorsal) part",positive,628,BRAC5487.3k,cfos,187.0,4658059.6,134.82008688768175,Parental+,,,,Agg-,,Parental+,,build a nest around the pups,0.3,C-fos,1.0,,12/05/21,LSc
275,"Lateral septal nucleus, caudal (caudodorsal) part",positive,608,BRAC5872.1f,cfos,183.0,4395567.4,138.3211641800783,Parental-,,build a nest near the pups but not parental,,Agg+,,,,pup was consumed – which may compromise the the food consumption data,0.4,C-fos,1.0,,26/05/21,LSc
1135,"Lateral septal nucleus, caudal (caudodorsal) part",positive,787,BRAC5872.1g,cfos,168.0,4425784.6,177.8215776700927,Parental-,,retrieve one pup very late,,Agg+,,,,,0.6,C-fos,1.0,,26/05/21,LSc
6337,"Lateral septal nucleus, rostral (rostroventral) part",positive,8502,BRAC5487.3j,cfos,190.0,30588886.0,277.9440872740511,Parental+,,,,Agg+,,,,,0.7,C-fos,1.0,,12/05/21,LSr
4537,"Lateral septal nucleus, rostral (rostroventral) part",positive,3481,BRAC5487.3k,cfos,188.0,15379901.8,226.33434499562279,Parental+,,,,Agg-,,Parental+,,build a nest around the pups,0.3,C-fos,1.0,,12/05/21,LSr
7239,"Lateral septal nucleus, rostral (rostroventral) part",positive,5673,BRAC5872.1d,cfos,187.0,29537317.0,192.06212940735273,Parental-,,,,Agg+,,,,,0.9,C-fos,1.0,,26/05/21,LSr
277,"Lateral septal nucleus, rostral (rostroventral) part",positive,5045,BRAC5872.1f,cfos,184.0,14813764.6,340.5616422445379,Parental-,,build a nest near the pups but not parental,,Agg+,,,,pup was consumed – which may compromise the the food consumption data,0.4,C-fos,1.0,,26/05/21,LSr
1927,"Lateral septal nucleus, rostral (rostroventral) part",positive,3250,BRAC5487.3i,cfos,185.0,13911089.6,233.62655934586175,Parental+,,,,Agg-,,Parental+,,retrieve one pup,0.5,C-fos,1.0,,12/05/21,LSr
8113,"Lateral septal nucleus, rostral (rostroventral) part",positive,3516,BRAC5872.1c,cfos,189.0,14950618.21,235.17422160163633,Parental-,,,,Agg+,,,,,0.9,C-fos,1.0,,26/05/21,LSr
8983,"Lateral septal nucleus, rostral (rostroventral) part",positive,6936,BRAC5603.3f,cfos,184.0,15260703.7,454.50066630937863,Parental+,,build a nest around the pups,,Agg-,,Parental+,,build a nest around the pups,0.4,C-fos,1.0,,30/04/21,LSr
5423,"Lateral septal nucleus, rostral (rostroventral) part",positive,5608,BRAC5481.2e,cfos,190.0,15474871.3,362.3939670503108,Parental+,,retrieve both pups,,Agg-,,Parental+,,retrieve both pups,0.5,C-fos,1.0,,29/04/21,LSr
2819,"Lateral septal nucleus, rostral (rostroventral) part",positive,4589,BRAC5603.3e,cfos,185.0,16463439.5,278.73883826037684,Parental+,,build a nest around the pups,,Agg+,,,,,1.0,C-fos,1.0,,30/04/21,LSr
3673,"Lateral septal nucleus, rostral (rostroventral) part",positive,8039,BRAC5112.5g,cfos,180.0,20777376.5,386.9112156676759,Parental-,,,,Agg-,,Parental+,,retrieve both pups,,,,,,LSr
1137,"Lateral septal nucleus, rostral (rostroventral) part",positive,6325,BRAC5872.1g,cfos,169.0,15863154.1,398.72272311847496,Parental-,,retrieve one pup very late,,Agg+,,,,,0.6,C-fos,1.0,,26/05/21,LSr
2821,"Lateral septal nucleus, ventral part",positive,2920,BRAC5603.3e,cfos,186.0,5502387.8,530.6786991640248,Parental+,,build a nest around the pups,,Agg+,,,,,1.0,C-fos,1.0,,30/04/21,LSv
1139,"Lateral septal nucleus, ventral part",positive,3977,BRAC5872.1g,cfos,170.0,5347880.2,743.6591418035131,Parental-,,retrieve one pup very late,,Agg+,,,,,0.6,C-fos,1.0,,26/05/21,LSv
8115,"Lateral septal nucleus, ventral part",positive,1777,BRAC5872.1c,cfos,190.0,4845988.5,366.69505096844534,Parental-,,,,Agg+,,,,,0.9,C-fos,1.0,,26/05/21,LSv
3675,"Lateral septal nucleus, ventral part",positive,4821,BRAC5112.5g,cfos,181.0,7257662.3,664.26347778678,Parental-,,,,Agg-,,Parental+,,retrieve both pups,,,,,,LSv
4539,"Lateral septal nucleus, ventral part",positive,2219,BRAC5487.3k,cfos,189.0,5384774.3,412.0878381105035,Parental+,,,,Agg-,,Parental+,,build a nest around the pups,0.3,C-fos,1.0,,12/05/21,LSv
6339,"Lateral septal nucleus, ventral part",positive,2919,BRAC5487.3j,cfos,191.0,8119269.5,359.51510169726475,Parental+,,,,Agg+,,,,,0.7,C-fos,1.0,,12/05/21,LSv
5425,"Lateral septal nucleus, ventral part",positive,3059,BRAC5481.2e,cfos,191.0,4845480.8,631.309900144481,Parental+,,retrieve both pups,,Agg-,,Parental+,,retrieve both pups,0.5,C-fos,1.0,,29/04/21,LSv
8985,"Lateral septal nucleus, ventral part",positive,3917,BRAC5603.3f,cfos,185.0,5043713.649999999,776.6103057813364,Parental+,,build a nest around the pups,,Agg-,,Parental+,,build a nest around the pups,0.4,C-fos,1.0,,30/04/21,LSv
279,"Lateral septal nucleus, ventral part",positive,3223,BRAC5872.1f,cfos,185.0,4854838.2,663.8738238485475,Parental-,,build a nest near the pups but not parental,,Agg+,,,,pup was consumed – which may compromise the the food consumption data,0.4,C-fos,1.0,,26/05/21,LSv
1929,"Lateral septal nucleus, ventral part",positive,1980,BRAC5487.3i,cfos,186.0,4503660.3,439.64239487600787,Parental+,,,,Agg-,,Parental+,,retrieve one pup,0.5,C-fos,1.0,,12/05/21,LSv
7241,"Lateral septal nucleus, ventral part",positive,3381,BRAC5872.1d,cfos,188.0,9594307.7,352.39645274249443,Parental-,,,,Agg+,,,,,0.9,C-fos,1.0,,26/05/21,LSv
1143,Medial amygdalar nucleus,positive,7755,BRAC5872.1g,cfos,173.0,15743523.2,492.58351523247353,Parental-,,retrieve one pup very late,,Agg+,,,,,0.6,C-fos,1.0,,26/05/21,MeA
8123,Medial amygdalar nucleus,positive,6443,BRAC5872.1c,cfos,195.0,14777684.9,435.9952214165833,Parental-,,,,Agg+,,,,,0.9,C-fos,1.0,,26/05/21,MeA
1961,Medial amygdalar nucleus,positive,9330,BRAC5487.3i,cfos,205.0,16431787.83,567.8018786833373,Parental+,,,,Agg-,,Parental+,,retrieve one pup,0.5,C-fos,1.0,,12/05/21,MeA
6371,Medial amygdalar nucleus,positive,8355,BRAC5487.3j,cfos,210.0,17693328.9,472.2118741600966,Parental+,,,,Agg+,,,,,0.7,C-fos,1.0,,12/05/21,MeA
5457,Medial amygdalar nucleus,positive,6853,BRAC5481.2e,cfos,210.0,14353100.8,477.4578047971348,Parental+,,retrieve both pups,,Agg-,,Parental+,,retrieve both pups,0.5,C-fos,1.0,,29/04/21,MeA
2829,Medial amygdalar nucleus,positive,8831,BRAC5603.3e,cfos,191.0,15718705.5,561.8147117776333,Parental+,,build a nest around the pups,,Agg+,,,,,1.0,C-fos,1.0,,30/04/21,MeA
9011,Medial amygdalar nucleus,positive,10233,BRAC5603.3f,cfos,202.0,15507760.7,659.8631612880125,Parental+,,build a nest around the pups,,Agg-,,Parental+,,build a nest around the pups,0.4,C-fos,1.0,,30/04/21,MeA
3683,Medial amygdalar nucleus,positive,7893,BRAC5112.5g,cfos,186.0,19107591.0,413.08190027722486,Parental-,,,,Agg-,,Parental+,,retrieve both pups,,,,,,MeA
7249,Medial amygdalar nucleus,positive,9274,BRAC5872.1d,cfos,197.0,31396929.49,295.37920270049955,Parental-,,,,Agg+,,,,,0.9,C-fos,1.0,,26/05/21,MeA
295,Medial amygdalar nucleus,positive,10113,BRAC5872.1f,cfos,195.0,15603807.13,648.1110613419893,Parental-,,build a nest near the pups but not parental,,Agg+,,,,pup was consumed – which may compromise the the food consumption data,0.4,C-fos,1.0,,26/05/21,MeA
4547,Medial amygdalar nucleus,positive,10286,BRAC5487.3k,cfos,194.0,15938877.0,645.3403210276358,Parental+,,,,Agg-,,Parental+,,build a nest around the pups,0.3,C-fos,1.0,,12/05/21,MeA
8141,Medial preoptic area,positive,1386,BRAC5872.1c,cfos,208.0,4493584.9,308.4397047889314,Parental-,,,,Agg+,,,,,0.9,C-fos,1.0,,26/05/21,MPO
7267,Medial preoptic area,positive,1915,BRAC5872.1d,cfos,210.0,9358169.6,204.63403441630297,Parental-,,,,Agg+,,,,,0.9,C-fos,1.0,,26/05/21,MPO
6389,Medial preoptic area,positive,1596,BRAC5487.3j,cfos,223.0,6737914.3,236.8685514447698,Parental+,,,,Agg+,,,,,0.7,C-fos,1.0,,12/05/21,MPO
5475,Medial preoptic area,positive,1970,BRAC5481.2e,cfos,223.0,4924872.8,400.010331231296,Parental+,,retrieve both pups,,Agg-,,Parental+,,retrieve both pups,0.5,C-fos,1.0,,29/04/21,MPO
9031,Medial preoptic area,positive,2247,BRAC5603.3f,cfos,215.0,4502153.3,499.0945110642946,Parental+,,build a nest around the pups,,Agg-,,Parental+,,build a nest around the pups,0.4,C-fos,1.0,,30/04/21,MPO
4567,Medial preoptic area,positive,2212,BRAC5487.3k,cfos,207.0,4682829.9,472.36394386223594,Parental+,,,,Agg-,,Parental+,,build a nest around the pups,0.3,C-fos,1.0,,12/05/21,MPO
1149,Medial preoptic area,positive,1208,BRAC5872.1g,cfos,176.0,3771876.5,320.2649927695141,Parental-,,retrieve one pup very late,,Agg+,,,,,0.6,C-fos,1.0,,26/05/21,MPO
3701,Medial preoptic area,positive,2975,BRAC5112.5g,cfos,198.0,5894783.0,504.6835481475739,Parental-,,,,Agg-,,Parental+,,retrieve both pups,,,,,,MPO
1979,Medial preoptic area,positive,1931,BRAC5487.3i,cfos,218.0,4670024.6,413.4881859080571,Parental+,,,,Agg-,,Parental+,,retrieve one pup,0.5,C-fos,1.0,,12/05/21,MPO
315,Medial preoptic area,positive,1554,BRAC5872.1f,cfos,208.0,4616203.1,336.6403007701286,Parental-,,build a nest near the pups but not parental,,Agg+,,,,pup was consumed – which may compromise the the food consumption data,0.4,C-fos,1.0,,26/05/21,MPO
2849,Medial preoptic area,positive,1377,BRAC5603.3e,cfos,204.0,4525996.2,304.24241186945756,Parental+,,build a nest around the pups,,Agg+,,,,,1.0,C-fos,1.0,,30/04/21,MPO
6391,Medial preoptic nucleus,positive,1548,BRAC5487.3j,cfos,224.0,5440870.75,284.5132830990334,Parental+,,,,Agg+,,,,,0.7,C-fos,1.0,,12/05/21,MPN
4569,Medial preoptic nucleus,positive,1729,BRAC5487.3k,cfos,208.0,3456584.2,500.2047975570796,Parental+,,,,Agg-,,Parental+,,build a nest around the pups,0.3,C-fos,1.0,,12/05/21,MPN
9033,Medial preoptic nucleus,positive,2022,BRAC5603.3f,cfos,216.0,3828144.5,528.1932278157212,Parental+,,build a nest around the pups,,Agg-,,Parental+,,build a nest around the pups,0.4,C-fos,1.0,,30/04/21,MPN
7269,Medial preoptic nucleus,positive,2574,BRAC5872.1d,cfos,211.0,7980757.56,322.5257728540748,Parental-,,,,Agg+,,,,,0.9,C-fos,1.0,,26/05/21,MPN
5477,Medial preoptic nucleus,positive,2108,BRAC5481.2e,cfos,224.0,4872115.0,432.6663061114116,Parental+,,retrieve both pups,,Agg-,,Parental+,,retrieve both pups,0.5,C-fos,1.0,,29/04/21,MPN
317,Medial preoptic nucleus,positive,1971,BRAC5872.1f,cfos,209.0,4902283.2,402.0575555488104,Parental-,,build a nest near the pups but not parental,,Agg+,,,,pup was consumed – which may compromise the the food consumption data,0.4,C-fos,1.0,,26/05/21,MPN
1981,Medial preoptic nucleus,positive,1624,BRAC5487.3i,cfos,219.0,4080784.7,397.9626761490259,Parental+,,,,Agg-,,Parental+,,retrieve one pup,0.5,C-fos,1.0,,12/05/21,MPN
8143,Medial preoptic nucleus,positive,1445,BRAC5872.1c,cfos,209.0,4070854.9,354.9622955119329,Parental-,,,,Agg+,,,,,0.9,C-fos,1.0,,26/05/21,MPN
1151,Medial preoptic nucleus,positive,1178,BRAC5872.1g,cfos,177.0,2683108.7,439.0429653483662,Parental-,,retrieve one pup very late,,Agg+,,,,,0.6,C-fos,1.0,,26/05/21,MPN
3703,Medial preoptic nucleus,positive,2323,BRAC5112.5g,cfos,199.0,4322566.8,537.4121690843506,Parental-,,,,Agg-,,Parental+,,retrieve both pups,,,,,,MPN
2851,Medial preoptic nucleus,positive,1486,BRAC5603.3e,cfos,205.0,3673083.6,404.5647096080252,Parental+,,build a nest around the pups,,Agg+,,,,,1.0,C-fos,1.0,,30/04/21,MPN
7273,Medial septal nucleus,positive,1533,BRAC5872.1d,cfos,214.0,6465016.0,237.12238299178225,Parental-,,,,Agg+,,,,,0.9,C-fos,1.0,,26/05/21,MS
8147,Medial septal nucleus,positive,1255,BRAC5872.1c,cfos,212.0,3107940.6,403.8043712933252,Parental-,,,,Agg+,,,,,0.9,C-fos,1.0,,26/05/21,MS
4573,Medial septal nucleus,positive,1659,BRAC5487.3k,cfos,211.0,3702316.4,448.0978449059621,Parental+,,,,Agg-,,Parental+,,build a nest around the pups,0.3,C-fos,1.0,,12/05/21,MS
321,Medial septal nucleus,positive,1671,BRAC5872.1f,cfos,212.0,3161270.5,528.5849470964284,Parental-,,build a nest near the pups but not parental,,Agg+,,,,pup was consumed – which may compromise the the food consumption data,0.4,C-fos,1.0,,26/05/21,MS
3707,Medial septal nucleus,positive,2035,BRAC5112.5g,cfos,202.0,5106887.0,398.4815015487909,Parental-,,,,Agg-,,Parental+,,retrieve both pups,,,,,,MS
1153,Medial septal nucleus,positive,1531,BRAC5872.1g,cfos,179.0,3650748.2,419.3660904907109,Parental-,,retrieve one pup very late,,Agg+,,,,,0.6,C-fos,1.0,,26/05/21,MS
6395,Medial septal nucleus,positive,1663,BRAC5487.3j,cfos,227.0,4816450.6,345.27500396246154,Parental+,,,,Agg+,,,,,0.7,C-fos,1.0,,12/05/21,MS
9037,Medial septal nucleus,positive,2363,BRAC5603.3f,cfos,219.0,3506604.63,673.8712370889672,Parental+,,build a nest around the pups,,Agg-,,Parental+,,build a nest around the pups,0.4,C-fos,1.0,,30/04/21,MS
5481,Medial septal nucleus,positive,1439,BRAC5481.2e,cfos,227.0,3133817.5869,459.1843526615317,Parental+,,retrieve both pups,,Agg-,,Parental+,,retrieve both pups,0.5,C-fos,1.0,,29/04/21,MS
1985,Medial septal nucleus,positive,1709,BRAC5487.3i,cfos,222.0,3149856.6,542.5643821372694,Parental+,,,,Agg-,,Parental+,,retrieve one pup,0.5,C-fos,1.0,,12/05/21,MS
2855,Medial septal nucleus,positive,1226,BRAC5603.3e,cfos,208.0,3573177.1,343.1120164740785,Parental+,,build a nest around the pups,,Agg+,,,,,1.0,C-fos,1.0,,30/04/21,MS
3713,Median preoptic nucleus,positive,180,BRAC5112.5g,cfos,205.0,384158.7,468.55635444413986,Parental-,,,,Agg-,,Parental+,,retrieve both pups,,,,,,MEPO
5487,Median preoptic nucleus,positive,113,BRAC5481.2e,cfos,230.0,321988.01,350.94474480587024,Parental+,,retrieve both pups,,Agg-,,Parental+,,retrieve both pups,0.5,C-fos,1.0,,29/04/21,MEPO
8153,Median preoptic nucleus,positive,74,BRAC5872.1c,cfos,215.0,322365.9,229.55281560487632,Parental-,,,,Agg+,,,,,0.9,C-fos,1.0,,26/05/21,MEPO
1157,Median preoptic nucleus,positive,93,BRAC5872.1g,cfos,181.0,301748.6,308.20358404314055,Parental-,,retrieve one pup very late,,Agg+,,,,,0.6,C-fos,1.0,,26/05/21,MEPO
7279,Median preoptic nucleus,positive,150,BRAC5872.1d,cfos,217.0,654366.1,229.22947872758078,Parental-,,,,Agg+,,,,,0.9,C-fos,1.0,,26/05/21,MEPO
6401,Median preoptic nucleus,positive,163,BRAC5487.3j,cfos,230.0,443589.4,367.4569320186641,Parental+,,,,Agg+,,,,,0.7,C-fos,1.0,,12/05/21,MEPO
1991,Median preoptic nucleus,positive,119,BRAC5487.3i,cfos,225.0,290576.19,409.5311456867818,Parental+,,,,Agg-,,Parental+,,retrieve one pup,0.5,C-fos,1.0,,12/05/21,MEPO
327,Median preoptic nucleus,positive,131,BRAC5872.1f,cfos,215.0,335423.5,390.55104964321225,Parental-,,build a nest near the pups but not parental,,Agg+,,,,pup was consumed – which may compromise the the food consumption data,0.4,C-fos,1.0,,26/05/21,MEPO
4579,Median preoptic nucleus,positive,208,BRAC5487.3k,cfos,214.0,320643.66,648.6951901684256,Parental+,,,,Agg-,,Parental+,,build a nest around the pups,0.3,C-fos,1.0,,12/05/21,MEPO
2861,Median preoptic nucleus,positive,46,BRAC5603.3e,cfos,211.0,340702.8,135.0150336304838,Parental+,,build a nest around the pups,,Agg+,,,,,1.0,C-fos,1.0,,30/04/21,MEPO
9043,Median preoptic nucleus,positive,172,BRAC5603.3f,cfos,222.0,346340.7,496.6208129740455,Parental+,,build a nest around the pups,,Agg-,,Parental+,,build a nest around the pups,0.4,C-fos,1.0,,30/04/21,MEPO
5525,Parastrial nucleus,positive,300,BRAC5481.2e,cfos,259.0,721350.2,415.8867634610762,Parental+,,retrieve both pups,,Agg-,,Parental+,,retrieve both pups,0.5,C-fos,1.0,,29/04/21,PS
2027,Parastrial nucleus,positive,283,BRAC5487.3i,cfos,253.0,684906.99,413.19479014223526,Parental+,,,,Agg-,,Parental+,,retrieve one pup,0.5,C-fos,1.0,,12/05/21,PS
6439,Parastrial nucleus,positive,294,BRAC5487.3j,cfos,259.0,1165070.3,252.34528766204062,Parental+,,,,Agg+,,,,,0.7,C-fos,1.0,,12/05/21,PS
1189,Parastrial nucleus,positive,293,BRAC5872.1g,cfos,202.0,756009.8,387.56111362577576,Parental-,,retrieve one pup very late,,Agg+,,,,,0.6,C-fos,1.0,,26/05/21,PS
3749,Parastrial nucleus,positive,467,BRAC5112.5g,cfos,233.0,811354.3,575.5808529023633,Parental-,,,,Agg-,,Parental+,,retrieve both pups,,,,,,PS
8189,Parastrial nucleus,positive,167,BRAC5872.1c,cfos,243.0,758869.5,220.06418758429479,Parental-,,,,Agg+,,,,,0.9,C-fos,1.0,,26/05/21,PS
2897,Parastrial nucleus,positive,303,BRAC5603.3e,cfos,239.0,771707.1,392.6360143634806,Parental+,,build a nest around the pups,,Agg+,,,,,1.0,C-fos,1.0,,30/04/21,PS
4617,Parastrial nucleus,positive,397,BRAC5487.3k,cfos,243.0,801751.7000000001,495.1657726450719,Parental+,,,,Agg-,,Parental+,,build a nest around the pups,0.3,C-fos,1.0,,12/05/21,PS
363,Parastrial nucleus,positive,292,BRAC5872.1f,cfos,243.0,725691.5,402.3748383438417,Parental-,,build a nest near the pups but not parental,,Agg+,,,,pup was consumed – which may compromise the the food consumption data,0.4,C-fos,1.0,,26/05/21,PS
9079,Parastrial nucleus,positive,516,BRAC5603.3f,cfos,250.0,730127.0,706.7263640435157,Parental+,,build a nest around the pups,,Agg-,,Parental+,,build a nest around the pups,0.4,C-fos,1.0,,30/04/21,PS
7315,Parastrial nucleus,positive,337,BRAC5872.1d,cfos,245.0,1489399.4,226.26570146328783,Parental-,,,,Agg+,,,,,0.9,C-fos,1.0,,26/05/21,PS
1195,Paraventricular hypothalamic nucleus,positive,1040,BRAC5872.1g,cfos,205.0,1920962.7,541.395207725793,Parental-,,retrieve one pup very late,,Agg+,,,,,0.6,C-fos,1.0,,26/05/21,PVH
2903,Paraventricular hypothalamic nucleus,positive,1780,BRAC5603.3e,cfos,242.0,1994956.7,892.2499420664118,Parental+,,build a nest around the pups,,Agg+,,,,,1.0,C-fos,1.0,,30/04/21,PVH
6445,Paraventricular hypothalamic nucleus,positive,1150,BRAC5487.3j,cfos,262.0,3323954.3,345.9734690094867,Parental+,,,,Agg+,,,,,0.7,C-fos,1.0,,12/05/21,PVH
8195,Paraventricular hypothalamic nucleus,positive,825,BRAC5872.1c,cfos,246.0,1980235.9,416.61703032451845,Parental-,,,,Agg+,,,,,0.9,C-fos,1.0,,26/05/21,PVH
3755,Paraventricular hypothalamic nucleus,positive,979,BRAC5112.5g,cfos,236.0,1785559.2,548.2876176830206,Parental-,,,,Agg-,,Parental+,,retrieve both pups,,,,,,PVH
7321,Paraventricular hypothalamic nucleus,positive,1181,BRAC5872.1d,cfos,248.0,3074612.8,384.1134077110458,Parental-,,,,Agg+,,,,,0.9,C-fos,1.0,,26/05/21,PVH
9085,Paraventricular hypothalamic nucleus,positive,1197,BRAC5603.3f,cfos,253.0,1924751.7,621.8983986350032,Parental+,,build a nest around the pups,,Agg-,,Parental+,,build a nest around the pups,0.4,C-fos,1.0,,30/04/21,PVH
369,Paraventricular hypothalamic nucleus,positive,967,BRAC5872.1f,cfos,246.0,2049142.2,471.90478044910697,Parental-,,build a nest near the pups but not parental,,Agg+,,,,pup was consumed – which may compromise the the food consumption data,0.4,C-fos,1.0,,26/05/21,PVH
4623,Paraventricular hypothalamic nucleus,positive,953,BRAC5487.3k,cfos,246.0,1686682.7,565.0143918592395,Parental+,,,,Agg-,,Parental+,,build a nest around the pups,0.3,C-fos,1.0,,12/05/21,PVH
2033,Paraventricular hypothalamic nucleus,positive,906,BRAC5487.3i,cfos,256.0,1826812.8,495.9457258017899,Parental+,,,,Agg-,,Parental+,,retrieve one pup,0.5,C-fos,1.0,,12/05/21,PVH
5531,Paraventricular hypothalamic nucleus,positive,861,BRAC5481.2e,cfos,262.0,1820720.8,472.8896379939198,Parental+,,retrieve both pups,,Agg-,,Parental+,,retrieve both pups,0.5,C-fos,1.0,,29/04/21,PVH
1199,Paraventricular nucleus of the thalamus,positive,3488,BRAC5872.1g,cfos,207.0,4188477.3,832.7608699228238,Parental-,,retrieve one pup very late,,Agg+,,,,,0.6,C-fos,1.0,,26/05/21,PVT
373,Paraventricular nucleus of the thalamus,positive,4220,BRAC5872.1f,cfos,248.0,4343987.3,971.4577204219727,Parental-,,build a nest near the pups but not parental,,Agg+,,,,pup was consumed – which may compromise the the food consumption data,0.4,C-fos,1.0,,26/05/21,PVT
4627,Paraventricular nucleus of the thalamus,positive,2722,BRAC5487.3k,cfos,248.0,3751997.6,725.4802081962952,Parental+,,,,Agg-,,Parental+,,build a nest around the pups,0.3,C-fos,1.0,,12/05/21,PVT
9089,Paraventricular nucleus of the thalamus,positive,4464,BRAC5603.3f,cfos,255.0,3923134.1,1137.865769105369,Parental+,,build a nest around the pups,,Agg-,,Parental+,,build a nest around the pups,0.4,C-fos,1.0,,30/04/21,PVT
2037,Paraventricular nucleus of the thalamus,positive,3250,BRAC5487.3i,cfos,258.0,4220086.9,770.1263213323876,Parental+,,,,Agg-,,Parental+,,retrieve one pup,0.5,C-fos,1.0,,12/05/21,PVT
2907,Paraventricular nucleus of the thalamus,positive,3862,BRAC5603.3e,cfos,244.0,4003699.1,964.607954678712,Parental+,,build a nest around the pups,,Agg+,,,,,1.0,C-fos,1.0,,30/04/21,PVT
3759,Paraventricular nucleus of the thalamus,positive,4468,BRAC5112.5g,cfos,238.0,4395195.9,1016.5644721319475,Parental-,,,,Agg-,,Parental+,,retrieve both pups,,,,,,PVT
8199,Paraventricular nucleus of the thalamus,positive,3413,BRAC5872.1c,cfos,248.0,4964239.5,687.5171917068062,Parental-,,,,Agg+,,,,,0.9,C-fos,1.0,,26/05/21,PVT
5535,Paraventricular nucleus of the thalamus,positive,2787,BRAC5481.2e,cfos,264.0,4006511.0,695.6177082753547,Parental+,,retrieve both pups,,Agg-,,Parental+,,retrieve both pups,0.5,C-fos,1.0,,29/04/21,PVT
6449,Paraventricular nucleus of the thalamus,positive,3774,BRAC5487.3j,cfos,264.0,6319820.9,597.1688216670824,Parental+,,,,Agg+,,,,,0.7,C-fos,1.0,,12/05/21,PVT
7325,Paraventricular nucleus of the thalamus,positive,3457,BRAC5872.1d,cfos,250.0,7566209.9,456.8998277459894,Parental-,,,,Agg+,,,,,0.9,C-fos,1.0,,26/05/21,PVT
4629,Periaqueductal gray,positive,2217,BRAC5487.3k,cfos,249.0,7019081.6,315.8532877007727,Parental+,,,,Agg-,,Parental+,,build a nest around the pups,0.3,C-fos,1.0,,12/05/21,PAG
3761,Periaqueductal gray,positive,1497,BRAC5112.5g,cfos,239.0,6895756.2,217.0900415533832,Parental-,,,,Agg-,,Parental+,,retrieve both pups,,,,,,PAG
1201,Periaqueductal gray,positive,61,BRAC5872.1g,cfos,208.0,907198.0,67.2400071428729,Parental-,,retrieve one pup very late,,Agg+,,,,,0.6,C-fos,1.0,,26/05/21,PAG
7327,Periaqueductal gray,positive,2237,BRAC5872.1d,cfos,251.0,11625411.1,192.42330277679383,Parental-,,,,Agg+,,,,,0.9,C-fos,1.0,,26/05/21,PAG
5537,Periaqueductal gray,positive,3205,BRAC5481.2e,cfos,265.0,9304958.9,344.43999532335386,Parental+,,retrieve both pups,,Agg-,,Parental+,,retrieve both pups,0.5,C-fos,1.0,,29/04/21,PAG
8201,Periaqueductal gray,positive,1703,BRAC5872.1c,cfos,249.0,5668480.2,300.4332625171735,Parental-,,,,Agg+,,,,,0.9,C-fos,1.0,,26/05/21,PAG
2039,Periaqueductal gray,positive,1638,BRAC5487.3i,cfos,260.0,9482723.3,172.7351888460143,Parental+,,,,Agg-,,Parental+,,retrieve one pup,0.5,C-fos,1.0,,12/05/21,PAG
9091,Periaqueductal gray,positive,1586,BRAC5603.3f,cfos,256.0,5789415.5,273.94820772494216,Parental+,,build a nest around the pups,,Agg-,,Parental+,,build a nest around the pups,0.4,C-fos,1.0,,30/04/21,PAG
6451,Periaqueductal gray,positive,4292,BRAC5487.3j,cfos,266.0,14450892.7,297.0058728620966,Parental+,,,,Agg+,,,,,0.7,C-fos,1.0,,12/05/21,PAG
375,Periaqueductal gray,positive,1988,BRAC5872.1f,cfos,249.0,6234445.0,318.8736126471563,Parental-,,build a nest near the pups but not parental,,Agg+,,,,pup was consumed – which may compromise the the food consumption data,0.4,C-fos,1.0,,26/05/21,PAG
2909,Periaqueductal gray,positive,1753,BRAC5603.3e,cfos,245.0,5582819.600000001,313.99904091473775,Parental+,,build a nest around the pups,,Agg+,,,,,1.0,C-fos,1.0,,30/04/21,PAG
4631,Perifornical nucleus,positive,830,BRAC5487.3k,cfos,250.0,1981323.6,418.9118829453199,Parental+,,,,Agg-,,Parental+,,build a nest around the pups,0.3,C-fos,1.0,,12/05/21,PeF
2911,Perifornical nucleus,positive,722,BRAC5603.3e,cfos,246.0,1879160.0,384.21422337640223,Parental+,,build a nest around the pups,,Agg+,,,,,1.0,C-fos,1.0,,30/04/21,PeF
6453,Perifornical nucleus,positive,488,BRAC5487.3j,cfos,267.0,2060994.0,236.77895229195235,Parental+,,,,Agg+,,,,,0.7,C-fos,1.0,,12/05/21,PeF
2041,Perifornical nucleus,positive,761,BRAC5487.3i,cfos,261.0,1772600.3,429.3128010866296,Parental+,,,,Agg-,,Parental+,,retrieve one pup,0.5,C-fos,1.0,,12/05/21,PeF
377,Perifornical nucleus,positive,591,BRAC5872.1f,cfos,250.0,1825333.3,323.7764850945304,Parental-,,build a nest near the pups but not parental,,Agg+,,,,pup was consumed – which may compromise the the food consumption data,0.4,C-fos,1.0,,26/05/21,PeF
9093,Perifornical nucleus,positive,815,BRAC5603.3f,cfos,257.0,1721682.9,473.3740458245824,Parental+,,build a nest around the pups,,Agg-,,Parental+,,build a nest around the pups,0.4,C-fos,1.0,,30/04/21,PeF
3763,Perifornical nucleus,positive,696,BRAC5112.5g,cfos,240.0,1779032.5,391.22388151987104,Parental-,,,,Agg-,,Parental+,,retrieve both pups,,,,,,PeF
8203,Perifornical nucleus,positive,531,BRAC5872.1c,cfos,250.0,1503477.1,353.1813021960893,Parental-,,,,Agg+,,,,,0.9,C-fos,1.0,,26/05/21,PeF
7329,Perifornical nucleus,positive,777,BRAC5872.1d,cfos,252.0,3349563.7,231.97051006971444,Parental-,,,,Agg+,,,,,0.9,C-fos,1.0,,26/05/21,PeF
5539,Perifornical nucleus,positive,454,BRAC5481.2e,cfos,266.0,1622594.69,279.7987709426067,Parental+,,retrieve both pups,,Agg-,,Parental+,,retrieve both pups,0.5,C-fos,1.0,,29/04/21,PeF
1203,Perifornical nucleus,positive,650,BRAC5872.1g,cfos,209.0,1855041.3,350.396511387644,Parental-,,retrieve one pup very late,,Agg+,,,,,0.6,C-fos,1.0,,26/05/21,PeF
6469,"Periventricular hypothalamic nucleus, anterior part",positive,565,BRAC5487.3j,cfos,276.0,1586667.2,356.09231727989334,Parental+,,,,Agg+,,,,,0.7,C-fos,1.0,,12/05/21,PVa
9109,"Periventricular hypothalamic nucleus, anterior part",positive,386,BRAC5603.3f,cfos,266.0,447277.3,862.9993071412299,Parental+,,build a nest around the pups,,Agg-,,Parental+,,build a nest around the pups,0.4,C-fos,1.0,,30/04/21,PVa
2057,"Periventricular hypothalamic nucleus, anterior part",positive,304,BRAC5487.3i,cfos,270.0,506652.6,600.0166583572255,Parental+,,,,Agg-,,Parental+,,retrieve one pup,0.5,C-fos,1.0,,12/05/21,PVa
5555,"Periventricular hypothalamic nucleus, anterior part",positive,175,BRAC5481.2e,cfos,275.0,550253.8,318.0350594580173,Parental+,,retrieve both pups,,Agg-,,Parental+,,retrieve both pups,0.5,C-fos,1.0,,29/04/21,PVa
1215,"Periventricular hypothalamic nucleus, anterior part",positive,199,BRAC5872.1g,cfos,217.0,743066.7999999999,267.8090314356664,Parental-,,retrieve one pup very late,,Agg+,,,,,0.6,C-fos,1.0,,26/05/21,PVa
4647,"Periventricular hypothalamic nucleus, anterior part",positive,212,BRAC5487.3k,cfos,259.0,456770.7,464.1278435766567,Parental+,,,,Agg-,,Parental+,,build a nest around the pups,0.3,C-fos,1.0,,12/05/21,PVa
2927,"Periventricular hypothalamic nucleus, anterior part",positive,436,BRAC5603.3e,cfos,255.0,848527.8,513.8311319911969,Parental+,,build a nest around the pups,,Agg+,,,,,1.0,C-fos,1.0,,30/04/21,PVa
7345,"Periventricular hypothalamic nucleus, anterior part",positive,150,BRAC5872.1d,cfos,261.0,904958.1,165.7535304673222,Parental-,,,,Agg+,,,,,0.9,C-fos,1.0,,26/05/21,PVa
393,"Periventricular hypothalamic nucleus, anterior part",positive,123,BRAC5872.1f,cfos,259.0,466707.2,263.5485374984573,Parental-,,build a nest near the pups but not parental,,Agg+,,,,pup was consumed – which may compromise the the food consumption data,0.4,C-fos,1.0,,26/05/21,PVa
8219,"Periventricular hypothalamic nucleus, anterior part",positive,91,BRAC5872.1c,cfos,259.0,597042.0,152.41808783971646,Parental-,,,,Agg+,,,,,0.9,C-fos,1.0,,26/05/21,PVa
3775,"Periventricular hypothalamic nucleus, anterior part",positive,134,BRAC5112.5g,cfos,248.0,611958.4,218.96913254234272,Parental-,,,,Agg-,,Parental+,,retrieve both pups,,,,,,PVa
2059,"Periventricular hypothalamic nucleus, intermediate part",positive,635,BRAC5487.3i,cfos,271.0,1981025.0,320.5411340089095,Parental+,,,,Agg-,,Parental+,,retrieve one pup,0.5,C-fos,1.0,,12/05/21,PVi
8221,"Periventricular hypothalamic nucleus, intermediate part",positive,271,BRAC5872.1c,cfos,260.0,1883446.4,143.88516710642787,Parental-,,,,Agg+,,,,,0.9,C-fos,1.0,,26/05/21,PVi
9111,"Periventricular hypothalamic nucleus, intermediate part",positive,582,BRAC5603.3f,cfos,267.0,2003941.6,290.4276252361845,Parental+,,build a nest around the pups,,Agg-,,Parental+,,build a nest around the pups,0.4,C-fos,1.0,,30/04/21,PVi
3777,"Periventricular hypothalamic nucleus, intermediate part",positive,680,BRAC5112.5g,cfos,249.0,1811404.9,375.39922741734887,Parental-,,,,Agg-,,Parental+,,retrieve both pups,,,,,,PVi
395,"Periventricular hypothalamic nucleus, intermediate part",positive,638,BRAC5872.1f,cfos,260.0,1901169.5,335.582913569779,Parental-,,build a nest near the pups but not parental,,Agg+,,,,pup was consumed – which may compromise the the food consumption data,0.4,C-fos,1.0,,26/05/21,PVi
6471,"Periventricular hypothalamic nucleus, intermediate part",positive,2097,BRAC5487.3j,cfos,277.0,3831986.8,547.2357055092152,Parental+,,,,Agg+,,,,,0.7,C-fos,1.0,,12/05/21,PVi
5557,"Periventricular hypothalamic nucleus, intermediate part",positive,468,BRAC5481.2e,cfos,276.0,1531190.0,305.6446293405782,Parental+,,retrieve both pups,,Agg-,,Parental+,,retrieve both pups,0.5,C-fos,1.0,,29/04/21,PVi
1217,"Periventricular hypothalamic nucleus, intermediate part",positive,527,BRAC5872.1g,cfos,218.0,1563059.6,337.15924843812735,Parental-,,retrieve one pup very late,,Agg+,,,,,0.6,C-fos,1.0,,26/05/21,PVi
2929,"Periventricular hypothalamic nucleus, intermediate part",positive,580,BRAC5603.3e,cfos,256.0,2012133.3,288.2512803699437,Parental+,,build a nest around the pups,,Agg+,,,,,1.0,C-fos,1.0,,30/04/21,PVi
4649,"Periventricular hypothalamic nucleus, intermediate part",positive,1026,BRAC5487.3k,cfos,260.0,1763794.8,581.7003202413342,Parental+,,,,Agg-,,Parental+,,build a nest around the pups,0.3,C-fos,1.0,,12/05/21,PVi
7347,"Periventricular hypothalamic nucleus, intermediate part",positive,331,BRAC5872.1d,cfos,262.0,3304271.3,100.17337256780338,Parental-,,,,Agg+,,,,,0.9,C-fos,1.0,,26/05/21,PVi
4651,"Periventricular hypothalamic nucleus, posterior part",positive,306,BRAC5487.3k,cfos,261.0,940839.2,325.2415503095534,Parental+,,,,Agg-,,Parental+,,build a nest around the pups,0.3,C-fos,1.0,,12/05/21,PVp
2061,"Periventricular hypothalamic nucleus, posterior part",positive,120,BRAC5487.3i,cfos,272.0,841219.4,142.6500625163899,Parental+,,,,Agg-,,Parental+,,retrieve one pup,0.5,C-fos,1.0,,12/05/21,PVp
9113,"Periventricular hypothalamic nucleus, posterior part",positive,464,BRAC5603.3f,cfos,268.0,1196634.5,387.7541555086369,Parental+,,build a nest around the pups,,Agg-,,Parental+,,build a nest around the pups,0.4,C-fos,1.0,,30/04/21,PVp
397,"Periventricular hypothalamic nucleus, posterior part",positive,132,BRAC5872.1f,cfos,261.0,865818.7,152.45685961737718,Parental-,,build a nest near the pups but not parental,,Agg+,,,,pup was consumed – which may compromise the the food consumption data,0.4,C-fos,1.0,,26/05/21,PVp
6473,"Periventricular hypothalamic nucleus, posterior part",positive,1839,BRAC5487.3j,cfos,278.0,4658914.2,394.72716625689304,Parental+,,,,Agg+,,,,,0.7,C-fos,1.0,,12/05/21,PVp
2931,"Periventricular hypothalamic nucleus, posterior part",positive,207,BRAC5603.3e,cfos,257.0,1213742.6,170.546868833639,Parental+,,build a nest around the pups,,Agg+,,,,,1.0,C-fos,1.0,,30/04/21,PVp
1219,"Periventricular hypothalamic nucleus, posterior part",positive,268,BRAC5872.1g,cfos,,,,Parental-,,retrieve one pup very late,,Agg+,,,,,0.6,C-fos,1.0,,26/05/21,PVp
3779,"Periventricular hypothalamic nucleus, posterior part",positive,679,BRAC5112.5g,cfos,250.0,1452066.8,467.6093413884265,Parental-,,,,Agg-,,Parental+,,retrieve both pups,,,,,,PVp
8223,"Periventricular hypothalamic nucleus, posterior part",positive,93,BRAC5872.1c,cfos,261.0,832304.2,111.73799195053925,Parental-,,,,Agg+,,,,,0.9,C-fos,1.0,,26/05/21,PVp
5559,"Periventricular hypothalamic nucleus, posterior part",positive,213,BRAC5481.2e,cfos,277.0,892231.7,238.7272274679324,Parental+,,retrieve both pups,,Agg-,,Parental+,,retrieve both pups,0.5,C-fos,1.0,,29/04/21,PVp
7349,"Periventricular hypothalamic nucleus, posterior part",positive,290,BRAC5872.1d,cfos,263.0,1655736.9,175.14859999798279,Parental-,,,,Agg+,,,,,0.9,C-fos,1.0,,26/05/21,PVp
7351,"Periventricular hypothalamic nucleus, preoptic part",positive,716,BRAC5872.1d,cfos,264.0,3196868.6,223.96916782879345,Parental-,,,,Agg+,,,,,0.9,C-fos,1.0,,26/05/21,PVpo
9115,"Periventricular hypothalamic nucleus, preoptic part",positive,648,BRAC5603.3f,cfos,269.0,1542637.7,420.0597457199445,Parental+,,build a nest around the pups,,Agg-,,Parental+,,build a nest around the pups,0.4,C-fos,1.0,,30/04/21,PVpo
399,"Periventricular hypothalamic nucleus, preoptic part",positive,955,BRAC5872.1f,cfos,262.0,2400621.0,397.8137323634176,Parental-,,build a nest near the pups but not parental,,Agg+,,,,pup was consumed – which may compromise the the food consumption data,0.4,C-fos,1.0,,26/05/21,PVpo
3781,"Periventricular hypothalamic nucleus, preoptic part",positive,693,BRAC5112.5g,cfos,251.0,1619925.7,427.79739836215947,Parental-,,,,Agg-,,Parental+,,retrieve both pups,,,,,,PVpo
4653,"Periventricular hypothalamic nucleus, preoptic part",positive,768,BRAC5487.3k,cfos,262.0,1353271.4,567.5136561668265,Parental+,,,,Agg-,,Parental+,,build a nest around the pups,0.3,C-fos,1.0,,12/05/21,PVpo
8225,"Periventricular hypothalamic nucleus, preoptic part",positive,371,BRAC5872.1c,cfos,262.0,1908868.5,194.35597580451457,Parental-,,,,Agg+,,,,,0.9,C-fos,1.0,,26/05/21,PVpo
2063,"Periventricular hypothalamic nucleus, preoptic part",positive,917,BRAC5487.3i,cfos,273.0,1629754.4,562.6614660466632,Parental+,,,,Agg-,,Parental+,,retrieve one pup,0.5,C-fos,1.0,,12/05/21,PVpo
1221,"Periventricular hypothalamic nucleus, preoptic part",positive,508,BRAC5872.1g,cfos,219.0,1054947.7,481.54045930428595,Parental-,,retrieve one pup very late,,Agg+,,,,,0.6,C-fos,1.0,,26/05/21,PVpo
2933,"Periventricular hypothalamic nucleus, preoptic part",positive,313,BRAC5603.3e,cfos,258.0,1493671.3,209.55078938719652,Parental+,,build a nest around the pups,,Agg+,,,,,1.0,C-fos,1.0,,30/04/21,PVpo
6475,"Periventricular hypothalamic nucleus, preoptic part",positive,555,BRAC5487.3j,cfos,279.0,2213439.3,250.74100744483937,Parental+,,,,Agg+,,,,,0.7,C-fos,1.0,,12/05/21,PVpo
5561,"Periventricular hypothalamic nucleus, preoptic part",positive,561,BRAC5481.2e,cfos,278.0,2121977.0,264.3760983271732,Parental+,,retrieve both pups,,Agg-,,Parental+,,retrieve both pups,0.5,C-fos,1.0,,29/04/21,PVpo
405,Posterior amygdalar nucleus,positive,2267,BRAC5872.1f,cfos,267.0,5744011.9,394.67188429745414,Parental-,,build a nest near the pups but not parental,,Agg+,,,,pup was consumed – which may compromise the the food consumption data,0.4,C-fos,1.0,,26/05/21,PA
1227,Posterior amygdalar nucleus,positive,788,BRAC5872.1g,cfos,224.0,259771.9,3033.4304826657544,Parental-,,retrieve one pup very late,,Agg+,,,,,0.6,C-fos,1.0,,26/05/21,PA
7357,Posterior amygdalar nucleus,positive,2716,BRAC5872.1d,cfos,269.0,10848760.7,250.3511760564504,Parental-,,,,Agg+,,,,,0.9,C-fos,1.0,,26/05/21,PA
9121,Posterior amygdalar nucleus,positive,2361,BRAC5603.3f,cfos,274.0,5327925.2,443.1368518461933,Parental+,,build a nest around the pups,,Agg-,,Parental+,,build a nest around the pups,0.4,C-fos,1.0,,30/04/21,PA
8231,Posterior amygdalar nucleus,positive,2203,BRAC5872.1c,cfos,267.0,5872955.7,375.10924865311,Parental-,,,,Agg+,,,,,0.9,C-fos,1.0,,26/05/21,PA
2069,Posterior amygdalar nucleus,positive,1410,BRAC5487.3i,cfos,278.0,5916293.9,238.32487429334773,Parental+,,,,Agg-,,Parental+,,retrieve one pup,0.5,C-fos,1.0,,12/05/21,PA
2939,Posterior amygdalar nucleus,positive,2330,BRAC5603.3e,cfos,263.0,6013265.9,387.47662896463635,Parental+,,build a nest around the pups,,Agg+,,,,,1.0,C-fos,1.0,,30/04/21,PA
6481,Posterior amygdalar nucleus,positive,4145,BRAC5487.3j,cfos,284.0,11371346.51,364.5126807414472,Parental+,,,,Agg+,,,,,0.7,C-fos,1.0,,12/05/21,PA
5567,Posterior amygdalar nucleus,positive,2610,BRAC5481.2e,cfos,283.0,5617300.7,464.6359772052082,Parental+,,retrieve both pups,,Agg-,,Parental+,,retrieve both pups,0.5,C-fos,1.0,,29/04/21,PA
4659,Posterior amygdalar nucleus,positive,3121,BRAC5487.3k,cfos,267.0,6921300.0,450.9268490023551,Parental+,,,,Agg-,,Parental+,,build a nest around the pups,0.3,C-fos,1.0,,12/05/21,PA
3787,Posterior amygdalar nucleus,positive,2890,BRAC5112.5g,cfos,256.0,8811490.2,327.98084482917545,Parental-,,,,Agg-,,Parental+,,retrieve both pups,,,,,,PA
2085,Posterior hypothalamic nucleus,positive,2270,BRAC5487.3i,cfos,287.0,4688722.8,484.1403718726985,Parental+,,,,Agg-,,Parental+,,retrieve one pup,0.5,C-fos,1.0,,12/05/21,PH
421,Posterior hypothalamic nucleus,positive,3399,BRAC5872.1f,cfos,276.0,5705894.2,595.6997940831079,Parental-,,build a nest near the pups but not parental,,Agg+,,,,pup was consumed – which may compromise the the food consumption data,0.4,C-fos,1.0,,26/05/21,PH
7373,Posterior hypothalamic nucleus,positive,3413,BRAC5872.1d,cfos,278.0,10685709.7,319.39853279001204,Parental-,,,,Agg+,,,,,0.9,C-fos,1.0,,26/05/21,PH
5583,Posterior hypothalamic nucleus,positive,3189,BRAC5481.2e,cfos,292.0,5048036.600000001,631.7307604306989,Parental+,,retrieve both pups,,Agg-,,Parental+,,retrieve both pups,0.5,C-fos,1.0,,29/04/21,PH
6497,Posterior hypothalamic nucleus,positive,5787,BRAC5487.3j,cfos,293.0,8483849.7,682.1195806898843,Parental+,,,,Agg+,,,,,0.7,C-fos,1.0,,12/05/21,PH
8247,Posterior hypothalamic nucleus,positive,2293,BRAC5872.1c,cfos,276.0,5118126.7,448.0154819145059,Parental-,,,,Agg+,,,,,0.9,C-fos,1.0,,26/05/21,PH
3803,Posterior hypothalamic nucleus,positive,5608,BRAC5112.5g,cfos,265.0,8749559.0276,640.9465874005621,Parental-,,,,Agg-,,Parental+,,retrieve both pups,,,,,,PH
9137,Posterior hypothalamic nucleus,positive,4692,BRAC5603.3f,cfos,283.0,6196002.3,757.2624690600906,Parental+,,build a nest around the pups,,Agg-,,Parental+,,build a nest around the pups,0.4,C-fos,1.0,,30/04/21,PH
1231,Posterior hypothalamic nucleus,positive,2458,BRAC5872.1g,cfos,226.0,3787571.2,648.9646980101654,Parental-,,retrieve one pup very late,,Agg+,,,,,0.6,C-fos,1.0,,26/05/21,PH
2955,Posterior hypothalamic nucleus,positive,3415,BRAC5603.3e,cfos,272.0,6013872.3,567.8537603799801,Parental+,,build a nest around the pups,,Agg+,,,,,1.0,C-fos,1.0,,30/04/21,PH
4675,Posterior hypothalamic nucleus,positive,3669,BRAC5487.3k,cfos,276.0,5946706.2,616.980203259411,Parental+,,,,Agg-,,Parental+,,build a nest around the pups,0.3,C-fos,1.0,,12/05/21,PH
8257,Posterodorsal preoptic nucleus,positive,22,BRAC5872.1c,cfos,282.0,60108.5,366.00480797225015,Parental-,,,,Agg+,,,,,0.9,C-fos,1.0,,26/05/21,PD
6507,Posterodorsal preoptic nucleus,positive,54,BRAC5487.3j,cfos,299.0,74610.54,723.7583322678004,Parental+,,,,Agg+,,,,,0.7,C-fos,1.0,,12/05/21,PD
1237,Posterodorsal preoptic nucleus,positive,44,BRAC5872.1g,cfos,,,,Parental-,,retrieve one pup very late,,Agg+,,,,,0.6,C-fos,1.0,,26/05/21,PD
431,Posterodorsal preoptic nucleus,positive,76,BRAC5872.1f,cfos,282.0,129932.9,584.9172919252937,Parental-,,build a nest near the pups but not parental,,Agg+,,,,pup was consumed – which may compromise the the food consumption data,0.4,C-fos,1.0,,26/05/21,PD
2965,Posterodorsal preoptic nucleus,positive,68,BRAC5603.3e,cfos,278.0,108886.4,624.504070297117,Parental+,,build a nest around the pups,,Agg+,,,,,1.0,C-fos,1.0,,30/04/21,PD
5593,Posterodorsal preoptic nucleus,positive,60,BRAC5481.2e,cfos,298.0,154144.9,389.24414625459553,Parental+,,retrieve both pups,,Agg-,,Parental+,,retrieve both pups,0.5,C-fos,1.0,,29/04/21,PD
2095,Posterodorsal preoptic nucleus,positive,60,BRAC5487.3i,cfos,293.0,123833.5,484.52155515268487,Parental+,,,,Agg-,,Parental+,,retrieve one pup,0.5,C-fos,1.0,,12/05/21,PD
7383,Posterodorsal preoptic nucleus,positive,102,BRAC5872.1d,cfos,284.0,234840.81,434.33677477096086,Parental-,,,,Agg+,,,,,0.9,C-fos,1.0,,26/05/21,PD
3813,Posterodorsal preoptic nucleus,positive,95,BRAC5112.5g,cfos,271.0,155873.90000000002,609.4670114753014,Parental-,,,,Agg-,,Parental+,,retrieve both pups,,,,,,PD
9147,Posterodorsal preoptic nucleus,positive,95,BRAC5603.3f,cfos,289.0,99455.6,955.2001093955492,Parental+,,build a nest around the pups,,Agg-,,Parental+,,build a nest around the pups,0.4,C-fos,1.0,,30/04/21,PD
4685,Posterodorsal preoptic nucleus,positive,64,BRAC5487.3k,cfos,282.0,113337.8,564.6836271746937,Parental+,,,,Agg-,,Parental+,,build a nest around the pups,0.3,C-fos,1.0,,12/05/21,PD
7635,Suprachiasmatic nucleus,positive,210,BRAC5872.1d,cfos,439.0,1107596.8,189.59968103916515,Parental-,,,,Agg+,,,,,0.9,C-fos,1.0,,26/05/21,SCH
3209,Suprachiasmatic nucleus,positive,706,BRAC5603.3e,cfos,430.0,712960.5,990.2371870531396,Parental+,,build a nest around the pups,,Agg+,,,,,1.0,C-fos,1.0,,30/04/21,SCH
2347,Suprachiasmatic nucleus,positive,459,BRAC5487.3i,cfos,448.0,604009.8,759.9214449831774,Parental+,,,,Agg-,,Parental+,,retrieve one pup,0.5,C-fos,1.0,,12/05/21,SCH
9399,Suprachiasmatic nucleus,positive,642,BRAC5603.3f,cfos,444.0,619010.4,1037.1392790815792,Parental+,,build a nest around the pups,,Agg-,,Parental+,,build a nest around the pups,0.4,C-fos,1.0,,30/04/21,SCH
1463,Suprachiasmatic nucleus,positive,397,BRAC5872.1g,cfos,360.0,856899.6,463.2981506818302,Parental-,,retrieve one pup very late,,Agg+,,,,,0.6,C-fos,1.0,,26/05/21,SCH
5845,Suprachiasmatic nucleus,positive,343,BRAC5481.2e,cfos,453.0,760905.0,450.7790065776937,Parental+,,retrieve both pups,,Agg-,,Parental+,,retrieve both pups,0.5,C-fos,1.0,,29/04/21,SCH
4937,Suprachiasmatic nucleus,positive,255,BRAC5487.3k,cfos,437.0,473253.7,538.8230456518354,Parental+,,,,Agg-,,Parental+,,build a nest around the pups,0.3,C-fos,1.0,,12/05/21,SCH
8511,Suprachiasmatic nucleus,positive,416,BRAC5872.1c,cfos,440.0,785714.1,529.4546705983767,Parental-,,,,Agg+,,,,,0.9,C-fos,1.0,,26/05/21,SCH
683,Suprachiasmatic nucleus,positive,111,BRAC5872.1f,cfos,437.0,744507.2,149.09190938650426,Parental-,,build a nest near the pups but not parental,,Agg+,,,,pup was consumed – which may compromise the the food consumption data,0.4,C-fos,1.0,,26/05/21,SCH
4057,Suprachiasmatic nucleus,positive,347,BRAC5112.5g,cfos,422.0,685735.4,506.02608528012405,Parental-,,,,Agg-,,Parental+,,retrieve both pups,,,,,,SCH
6759,Suprachiasmatic nucleus,positive,451,BRAC5487.3j,cfos,454.0,1260663.3,357.748179073667,Parental+,,,,Agg+,,,,,0.7,C-fos,1.0,,12/05/21,SCH
3213,Supramammillary nucleus,positive,1045,BRAC5603.3e,cfos,432.0,2002007.7,521.9760143779666,Parental+,,build a nest around the pups,,Agg+,,,,,1.0,C-fos,1.0,,30/04/21,SUM
5849,Supramammillary nucleus,positive,1013,BRAC5481.2e,cfos,455.0,1926881.5,525.71992621238,Parental+,,retrieve both pups,,Agg-,,Parental+,,retrieve both pups,0.5,C-fos,1.0,,29/04/21,SUM
687,Supramammillary nucleus,positive,946,BRAC5872.1f,cfos,439.0,2160841.0,437.7925076393867,Parental-,,build a nest near the pups but not parental,,Agg+,,,,pup was consumed – which may compromise the the food consumption data,0.4,C-fos,1.0,,26/05/21,SUM
2351,Supramammillary nucleus,positive,521,BRAC5487.3i,cfos,450.0,2126455.3,245.00867711632597,Parental+,,,,Agg-,,Parental+,,retrieve one pup,0.5,C-fos,1.0,,12/05/21,SUM
9403,Supramammillary nucleus,positive,1613,BRAC5603.3f,cfos,446.0,2241455.3,719.6217564543892,Parental+,,build a nest around the pups,,Agg-,,Parental+,,build a nest around the pups,0.4,C-fos,1.0,,30/04/21,SUM
8515,Supramammillary nucleus,positive,635,BRAC5872.1c,cfos,442.0,2158434.0,294.19477269168294,Parental-,,,,Agg+,,,,,0.9,C-fos,1.0,,26/05/21,SUM
1465,Supramammillary nucleus,positive,27,BRAC5872.1g,cfos,,,,Parental-,,retrieve one pup very late,,Agg+,,,,,0.6,C-fos,1.0,,26/05/21,SUM
6763,Supramammillary nucleus,positive,1354,BRAC5487.3j,cfos,456.0,3991060.4,339.2582081694379,Parental+,,,,Agg+,,,,,0.7,C-fos,1.0,,12/05/21,SUM
7639,Supramammillary nucleus,positive,552,BRAC5872.1d,cfos,441.0,3644929.2,151.4432708322565,Parental-,,,,Agg+,,,,,0.9,C-fos,1.0,,26/05/21,SUM
4061,Supramammillary nucleus,positive,1010,BRAC5112.5g,cfos,424.0,2346428.6,430.4413950631184,Parental-,,,,Agg-,,Parental+,,retrieve both pups,,,,,,SUM
4941,Supramammillary nucleus,positive,1237,BRAC5487.3k,cfos,439.0,2151458.7,574.9587477556506,Parental+,,,,Agg-,,Parental+,,build a nest around the pups,0.3,C-fos,1.0,,12/05/21,SUM
8537,Tuberal nucleus,positive,826,BRAC5872.1c,cfos,457.0,3244158.1,254.61151230576587,Parental-,,,,Agg+,,,,,0.9,C-fos,1.0,,26/05/21,TU
709,Tuberal nucleus,positive,857,BRAC5872.1f,cfos,454.0,3161486.4,271.0750234446683,Parental-,,build a nest near the pups but not parental,,Agg+,,,,pup was consumed – which may compromise the the food consumption data,0.4,C-fos,1.0,,26/05/21,TU
9423,Tuberal nucleus,positive,1650,BRAC5603.3f,cfos,459.0,3889353.2,424.23506304338724,Parental+,,build a nest around the pups,,Agg-,,Parental+,,build a nest around the pups,0.4,C-fos,1.0,,30/04/21,TU
4081,Tuberal nucleus,positive,1178,BRAC5112.5g,cfos,437.0,4140317.7,284.51922904370355,Parental-,,,,Agg-,,Parental+,,retrieve both pups,,,,,,TU
4961,Tuberal nucleus,positive,1874,BRAC5487.3k,cfos,452.0,3766606.9,497.5300183302909,Parental+,,,,Agg-,,Parental+,,build a nest around the pups,0.3,C-fos,1.0,,12/05/21,TU
5871,Tuberal nucleus,positive,1364,BRAC5481.2e,cfos,470.0,3893515.3,350.3260922077281,Parental+,,retrieve both pups,,Agg-,,Parental+,,retrieve both pups,0.5,C-fos,1.0,,29/04/21,TU
3233,Tuberal nucleus,positive,884,BRAC5603.3e,cfos,445.0,4084048.1,216.4519071163731,Parental+,,build a nest around the pups,,Agg+,,,,,1.0,C-fos,1.0,,30/04/21,TU
6783,Tuberal nucleus,positive,903,BRAC5487.3j,cfos,469.0,3776870.8,239.08681228915748,Parental+,,,,Agg+,,,,,0.7,C-fos,1.0,,12/05/21,TU
1485,Tuberal nucleus,positive,777,BRAC5872.1g,cfos,373.0,3939735.8,197.22134666999753,Parental-,,retrieve one pup very late,,Agg+,,,,,0.6,C-fos,1.0,,26/05/21,TU
2371,Tuberal nucleus,positive,1105,BRAC5487.3i,cfos,463.0,4012827.1,275.36696011647246,Parental+,,,,Agg-,,Parental+,,retrieve one pup,0.5,C-fos,1.0,,12/05/21,TU
7661,Tuberal nucleus,positive,1291,BRAC5872.1d,cfos,456.0,7779102.5,165.95744817605888,Parental-,,,,Agg+,,,,,0.9,C-fos,1.0,,26/05/21,TU
2373,"Tuberomammillary nucleus, dorsal part",positive,83,BRAC5487.3i,cfos,465.0,256312.83,323.82304077404166,Parental+,,,,Agg-,,Parental+,,retrieve one pup,0.5,C-fos,1.0,,12/05/21,TMd
7663,"Tuberomammillary nucleus, dorsal part",positive,82,BRAC5872.1d,cfos,458.0,415365.0148,197.41672282987852,Parental-,,,,Agg+,,,,,0.9,C-fos,1.0,,26/05/21,TMd
8539,"Tuberomammillary nucleus, dorsal part",positive,55,BRAC5872.1c,cfos,459.0,156654.19,351.0917901397977,Parental-,,,,Agg+,,,,,0.9,C-fos,1.0,,26/05/21,TMd
4083,"Tuberomammillary nucleus, dorsal part",positive,630,BRAC5112.5g,cfos,439.0,569708.4,1105.8288766674318,Parental-,,,,Agg-,,Parental+,,retrieve both pups,,,,,,TMd
711,"Tuberomammillary nucleus, dorsal part",positive,129,BRAC5872.1f,cfos,456.0,226412.0,569.7577866897514,Parental-,,build a nest near the pups but not parental,,Agg+,,,,pup was consumed – which may compromise the the food consumption data,0.4,C-fos,1.0,,26/05/21,TMd
9425,"Tuberomammillary nucleus, dorsal part",positive,221,BRAC5603.3f,cfos,461.0,286228.91000000003,772.1092883314966,Parental+,,build a nest around the pups,,Agg-,,Parental+,,build a nest around the pups,0.4,C-fos,1.0,,30/04/21,TMd
6785,"Tuberomammillary nucleus, dorsal part",positive,787,BRAC5487.3j,cfos,471.0,1137189.3,692.0571623387592,Parental+,,,,Agg+,,,,,0.7,C-fos,1.0,,12/05/21,TMd
1487,"Tuberomammillary nucleus, dorsal part",positive,122,BRAC5872.1g,cfos,,,,Parental-,,retrieve one pup very late,,Agg+,,,,,0.6,C-fos,1.0,,26/05/21,TMd
5873,"Tuberomammillary nucleus, dorsal part",positive,219,BRAC5481.2e,cfos,472.0,416927.1,525.271684186516,Parental+,,retrieve both pups,,Agg-,,Parental+,,retrieve both pups,0.5,C-fos,1.0,,29/04/21,TMd
4963,"Tuberomammillary nucleus, dorsal part",positive,101,BRAC5487.3k,cfos,454.0,210380.1,480.08342994418194,Parental+,,,,Agg-,,Parental+,,build a nest around the pups,0.3,C-fos,1.0,,12/05/21,TMd
3235,"Tuberomammillary nucleus, dorsal part",positive,152,BRAC5603.3e,cfos,447.0,274662.7,553.4060504029123,Parental+,,build a nest around the pups,,Agg+,,,,,1.0,C-fos,1.0,,30/04/21,TMd
9427,"Tuberomammillary nucleus, ventral part",positive,362,BRAC5603.3f,cfos,462.0,745930.2,485.3000991245562,Parental+,,build a nest around the pups,,Agg-,,Parental+,,build a nest around the pups,0.4,C-fos,1.0,,30/04/21,TMv
5875,"Tuberomammillary nucleus, ventral part",positive,173,BRAC5481.2e,cfos,473.0,613405.4,282.03207862206625,Parental+,,retrieve both pups,,Agg-,,Parental+,,retrieve both pups,0.5,C-fos,1.0,,29/04/21,TMv
713,"Tuberomammillary nucleus, ventral part",positive,189,BRAC5872.1f,cfos,457.0,725335.8,260.5689668150944,Parental-,,build a nest near the pups but not parental,,Agg+,,,,pup was consumed – which may compromise the the food consumption data,0.4,C-fos,1.0,,26/05/21,TMv
7665,"Tuberomammillary nucleus, ventral part",positive,388,BRAC5872.1d,cfos,459.0,1444712.6,268.56552645834194,Parental-,,,,Agg+,,,,,0.9,C-fos,1.0,,26/05/21,TMv
4965,"Tuberomammillary nucleus, ventral part",positive,187,BRAC5487.3k,cfos,455.0,698567.7,267.6905903321897,Parental+,,,,Agg-,,Parental+,,build a nest around the pups,0.3,C-fos,1.0,,12/05/21,TMv
4085,"Tuberomammillary nucleus, ventral part",positive,625,BRAC5112.5g,cfos,440.0,1852693.0,337.3467703499716,Parental-,,,,Agg-,,Parental+,,retrieve both pups,,,,,,TMv
3237,"Tuberomammillary nucleus, ventral part",positive,142,BRAC5603.3e,cfos,448.0,419178.2,338.7580747281228,Parental+,,build a nest around the pups,,Agg+,,,,,1.0,C-fos,1.0,,30/04/21,TMv
8541,"Tuberomammillary nucleus, ventral part",positive,243,BRAC5872.1c,cfos,460.0,648025.7,374.98512790464946,Parental-,,,,Agg+,,,,,0.9,C-fos,1.0,,26/05/21,TMv
2375,"Tuberomammillary nucleus, ventral part",positive,286,BRAC5487.3i,cfos,466.0,675490.0,423.3963493167923,Parental+,,,,Agg-,,Parental+,,retrieve one pup,0.5,C-fos,1.0,,12/05/21,TMv
6787,"Tuberomammillary nucleus, ventral part",positive,825,BRAC5487.3j,cfos,472.0,1643450.97,501.9924628478573,Parental+,,,,Agg+,,,,,0.7,C-fos,1.0,,12/05/21,TMv
1489,"Tuberomammillary nucleus, ventral part",positive,113,BRAC5872.1g,cfos,375.0,210775.8,536.1146773016637,Parental-,,retrieve one pup very late,,Agg+,,,,,0.6,C-fos,1.0,,26/05/21,TMv
3267,Ventral premammillary nucleus,positive,403,BRAC5603.3e,cfos,466.0,1090475.5,369.56355278041553,Parental+,,build a nest around the pups,,Agg+,,,,,1.0,C-fos,1.0,,30/04/21,PMv
4115,Ventral premammillary nucleus,positive,1787,BRAC5112.5g,cfos,458.0,3021327.1,591.4619439914335,Parental-,,,,Agg-,,Parental+,,retrieve both pups,,,,,,PMv
4995,Ventral premammillary nucleus,positive,814,BRAC5487.3k,cfos,473.0,1408675.9,577.8476085237209,Parental+,,,,Agg-,,Parental+,,build a nest around the pups,0.3,C-fos,1.0,,12/05/21,PMv
2405,Ventral premammillary nucleus,positive,526,BRAC5487.3i,cfos,484.0,1321706.5,397.9703512088349,Parental+,,,,Agg-,,Parental+,,retrieve one pup,0.5,C-fos,1.0,,12/05/21,PMv
9457,Ventral premammillary nucleus,positive,1243,BRAC5603.3f,cfos,480.0,1455613.5,853.9354711947917,Parental+,,build a nest around the pups,,Agg-,,Parental+,,build a nest around the pups,0.4,C-fos,1.0,,30/04/21,PMv
6817,Ventral premammillary nucleus,positive,1476,BRAC5487.3j,cfos,490.0,4150724.1,355.60060472340234,Parental+,,,,Agg+,,,,,0.7,C-fos,1.0,,12/05/21,PMv
743,Ventral premammillary nucleus,positive,553,BRAC5872.1f,cfos,475.0,1407336.9,392.9407379284946,Parental-,,build a nest near the pups but not parental,,Agg+,,,,pup was consumed – which may compromise the the food consumption data,0.4,C-fos,1.0,,26/05/21,PMv
7695,Ventral premammillary nucleus,positive,771,BRAC5872.1d,cfos,477.0,2578681.0,298.9900650759051,Parental-,,,,Agg+,,,,,0.9,C-fos,1.0,,26/05/21,PMv
1519,Ventral premammillary nucleus,positive,228,BRAC5872.1g,cfos,393.0,228556.8,997.5638440860215,Parental-,,retrieve one pup very late,,Agg+,,,,,0.6,C-fos,1.0,,26/05/21,PMv
5905,Ventral premammillary nucleus,positive,420,BRAC5481.2e,cfos,491.0,1247930.7,336.55715016867526,Parental+,,retrieve both pups,,Agg-,,Parental+,,retrieve both pups,0.5,C-fos,1.0,,29/04/21,PMv
8571,Ventral premammillary nucleus,positive,373,BRAC5872.1c,cfos,478.0,1137656.0,327.8671232780384,Parental-,,,,Agg+,,,,,0.9,C-fos,1.0,,26/05/21,PMv
5907,Ventral tegmental area,positive,518,BRAC5481.2e,cfos,492.0,2629304.8,197.01025153112718,Parental+,,retrieve both pups,,Agg-,,Parental+,,retrieve both pups,0.5,C-fos,1.0,,29/04/21,VTA
2407,Ventral tegmental area,positive,383,BRAC5487.3i,cfos,485.0,2712578.6,141.19406530745323,Parental+,,,,Agg-,,Parental+,,retrieve one pup,0.5,C-fos,1.0,,12/05/21,VTA
6819,Ventral tegmental area,positive,1023,BRAC5487.3j,cfos,491.0,4601954.0,222.2968765007212,Parental+,,,,Agg+,,,,,0.7,C-fos,1.0,,12/05/21,VTA
8573,Ventral tegmental area,positive,547,BRAC5872.1c,cfos,479.0,1873859.3,291.9109241552981,Parental-,,,,Agg+,,,,,0.9,C-fos,1.0,,26/05/21,VTA
4117,Ventral tegmental area,positive,357,BRAC5112.5g,cfos,459.0,1767845.0,201.9407810073847,Parental-,,,,Agg-,,Parental+,,retrieve both pups,,,,,,VTA
3269,Ventral tegmental area,positive,221,BRAC5603.3e,cfos,467.0,1638271.4,134.89828364213648,Parental+,,build a nest around the pups,,Agg+,,,,,1.0,C-fos,1.0,,30/04/21,VTA
7697,Ventral tegmental area,positive,487,BRAC5872.1d,cfos,478.0,3326445.3,146.40252764715535,Parental-,,,,Agg+,,,,,0.9,C-fos,1.0,,26/05/21,VTA
4997,Ventral tegmental area,positive,702,BRAC5487.3k,cfos,474.0,3101480.9,226.34348642933767,Parental+,,,,Agg-,,Parental+,,build a nest around the pups,0.3,C-fos,1.0,,12/05/21,VTA
9459,Ventral tegmental area,positive,401,BRAC5603.3f,cfos,481.0,1768007.6,226.80897978040366,Parental+,,build a nest around the pups,,Agg-,,Parental+,,build a nest around the pups,0.4,C-fos,1.0,,30/04/21,VTA
745,Ventral tegmental area,positive,496,BRAC5872.1f,cfos,476.0,2063664.0,240.3492041340063,Parental-,,build a nest near the pups but not parental,,Agg+,,,,pup was consumed – which may compromise the the food consumption data,0.4,C-fos,1.0,,26/05/21,VTA
4119,Ventrolateral preoptic nucleus,positive,176,BRAC5112.5g,cfos,460.0,821408.0,214.2662355370291,Parental-,,,,Agg-,,Parental+,,retrieve both pups,,,,,,VLPO
2409,Ventrolateral preoptic nucleus,positive,179,BRAC5487.3i,cfos,486.0,539967.3,331.50155574235697,Parental+,,,,Agg-,,Parental+,,retrieve one pup,0.5,C-fos,1.0,,12/05/21,VLPO
4999,Ventrolateral preoptic nucleus,positive,212,BRAC5487.3k,cfos,475.0,520143.9,407.57951789879684,Parental+,,,,Agg-,,Parental+,,build a nest around the pups,0.3,C-fos,1.0,,12/05/21,VLPO
6821,Ventrolateral preoptic nucleus,positive,150,BRAC5487.3j,cfos,492.0,892040.5,168.15380019180745,Parental+,,,,Agg+,,,,,0.7,C-fos,1.0,,12/05/21,VLPO
747,Ventrolateral preoptic nucleus,positive,99,BRAC5872.1f,cfos,477.0,385334.8,256.9194373308614,Parental-,,build a nest near the pups but not parental,,Agg+,,,,pup was consumed – which may compromise the the food consumption data,0.4,C-fos,1.0,,26/05/21,VLPO
8575,Ventrolateral preoptic nucleus,positive,131,BRAC5872.1c,cfos,480.0,349433.3,374.8927191541276,Parental-,,,,Agg+,,,,,0.9,C-fos,1.0,,26/05/21,VLPO
3271,Ventrolateral preoptic nucleus,positive,128,BRAC5603.3e,cfos,468.0,500571.0,255.70798148514396,Parental+,,build a nest around the pups,,Agg+,,,,,1.0,C-fos,1.0,,30/04/21,VLPO
7699,Ventrolateral preoptic nucleus,positive,158,BRAC5872.1d,cfos,479.0,1039233.8,152.03508584882437,Parental-,,,,Agg+,,,,,0.9,C-fos,1.0,,26/05/21,VLPO
9461,Ventrolateral preoptic nucleus,positive,141,BRAC5603.3f,cfos,482.0,516986.7,272.7342889091731,Parental+,,build a nest around the pups,,Agg-,,Parental+,,build a nest around the pups,0.4,C-fos,1.0,,30/04/21,VLPO
1521,Ventrolateral preoptic nucleus,positive,106,BRAC5872.1g,cfos,394.0,346410.1,305.99569700767967,Parental-,,retrieve one pup very late,,Agg+,,,,,0.6,C-fos,1.0,,26/05/21,VLPO
5909,Ventrolateral preoptic nucleus,positive,149,BRAC5481.2e,cfos,493.0,446799.4,333.4829903531652,Parental+,,retrieve both pups,,Agg-,,Parental+,,retrieve both pups,0.5,C-fos,1.0,,29/04/21,VLPO
2411,Ventromedial hypothalamic nucleus,positive,2033,BRAC5487.3i,cfos,487.0,5180366.5,392.44327597284865,Parental+,,,,Agg-,,Parental+,,retrieve one pup,0.5,C-fos,1.0,,12/05/21,VMH
6823,Ventromedial hypothalamic nucleus,positive,1911,BRAC5487.3j,cfos,493.0,6143997.8,311.0352676233055,Parental+,,,,Agg+,,,,,0.7,C-fos,1.0,,12/05/21,VMH
5911,Ventromedial hypothalamic nucleus,positive,1989,BRAC5481.2e,cfos,494.0,4262045.2,466.67735949867443,Parental+,,retrieve both pups,,Agg-,,Parental+,,retrieve both pups,0.5,C-fos,1.0,,29/04/21,VMH
3273,Ventromedial hypothalamic nucleus,positive,1130,BRAC5603.3e,cfos,469.0,4921599.4,229.60015802992822,Parental+,,build a nest around the pups,,Agg+,,,,,1.0,C-fos,1.0,,30/04/21,VMH
5001,Ventromedial hypothalamic nucleus,positive,2156,BRAC5487.3k,cfos,476.0,4121071.3,523.1649352924323,Parental+,,,,Agg-,,Parental+,,build a nest around the pups,0.3,C-fos,1.0,,12/05/21,VMH
9463,Ventromedial hypothalamic nucleus,positive,1610,BRAC5603.3f,cfos,483.0,4846144.8,332.22284237152803,Parental+,,build a nest around the pups,,Agg-,,Parental+,,build a nest around the pups,0.4,C-fos,1.0,,30/04/21,VMH
749,Ventromedial hypothalamic nucleus,positive,1422,BRAC5872.1f,cfos,478.0,4470601.0,318.0780391719145,Parental-,,build a nest near the pups but not parental,,Agg+,,,,pup was consumed – which may compromise the the food consumption data,0.4,C-fos,1.0,,26/05/21,VMH
7701,Ventromedial hypothalamic nucleus,positive,1513,BRAC5872.1d,cfos,480.0,8778375.0,172.35536189784554,Parental-,,,,Agg+,,,,,0.9,C-fos,1.0,,26/05/21,VMH
4121,Ventromedial hypothalamic nucleus,positive,1773,BRAC5112.5g,cfos,461.0,4770939.4,371.624925690735,Parental-,,,,Agg-,,Parental+,,retrieve both pups,,,,,,VMH
1523,Ventromedial hypothalamic nucleus,positive,1210,BRAC5872.1g,cfos,395.0,4264928.2,283.7093482605405,Parental-,,retrieve one pup very late,,Agg+,,,,,0.6,C-fos,1.0,,26/05/21,VMH
8577,Ventromedial hypothalamic nucleus,positive,1605,BRAC5872.1c,cfos,481.0,4196585.4,382.45379207581476,Parental-,,,,Agg+,,,,,0.9,C-fos,1.0,,26/05/21,VMH
751,Ventromedial preoptic nucleus,positive,201,BRAC5872.1f,cfos,479.0,503131.5,399.4979443743832,Parental-,,build a nest near the pups but not parental,,Agg+,,,,pup was consumed – which may compromise the the food consumption data,0.4,C-fos,1.0,,26/05/21,VMPO
7703,Ventromedial preoptic nucleus,positive,250,BRAC5872.1d,cfos,481.0,927289.1,269.60308279262637,Parental-,,,,Agg+,,,,,0.9,C-fos,1.0,,26/05/21,VMPO
8579,Ventromedial preoptic nucleus,positive,116,BRAC5872.1c,cfos,482.0,440295.8,263.4592471697436,Parental-,,,,Agg+,,,,,0.9,C-fos,1.0,,26/05/21,VMPO
5913,Ventromedial preoptic nucleus,positive,172,BRAC5481.2e,cfos,495.0,521409.1999999999,329.87526879080775,Parental+,,retrieve both pups,,Agg-,,Parental+,,retrieve both pups,0.5,C-fos,1.0,,29/04/21,VMPO
5003,Ventromedial preoptic nucleus,positive,288,BRAC5487.3k,cfos,477.0,366115.2,786.6376484778561,Parental+,,,,Agg-,,Parental+,,build a nest around the pups,0.3,C-fos,1.0,,12/05/21,VMPO
1525,Ventromedial preoptic nucleus,positive,175,BRAC5872.1g,cfos,396.0,208227.6,840.4265332741672,Parental-,,retrieve one pup very late,,Agg+,,,,,0.6,C-fos,1.0,,26/05/21,VMPO
4123,Ventromedial preoptic nucleus,positive,298,BRAC5112.5g,cfos,462.0,602215.0,494.8398827661218,Parental-,,,,Agg-,,Parental+,,retrieve both pups,,,,,,VMPO
2413,Ventromedial preoptic nucleus,positive,265,BRAC5487.3i,cfos,488.0,461770.6,573.8780251492841,Parental+,,,,Agg-,,Parental+,,retrieve one pup,0.5,C-fos,1.0,,12/05/21,VMPO
6825,Ventromedial preoptic nucleus,positive,166,BRAC5487.3j,cfos,494.0,662354.0,250.62126898909042,Parental+,,,,Agg+,,,,,0.7,C-fos,1.0,,12/05/21,VMPO
3275,Ventromedial preoptic nucleus,positive,116,BRAC5603.3e,cfos,470.0,478714.3,242.31571941761504,Parental+,,build a nest around the pups,,Agg+,,,,,1.0,C-fos,1.0,,30/04/21,VMPO
9465,Ventromedial preoptic nucleus,positive,245,BRAC5603.3f,cfos,484.0,470490.5,520.7331497660421,Parental+,,build a nest around the pups,,Agg-,,Parental+,,build a nest around the pups,0.4,C-fos,1.0,,30/04/21,VMPO
