,Image,Name,Class,Parent,ROI,Centroid X µm,Centroid Y µm,Nucleus: Area,Nucleus: Perimeter,Nucleus: Circularity,Nucleus: Max caliper,Nucleus: Min caliper,Nucleus: Eccentricity,Nucleus: DAPI mean,Nucleus: DAPI sum,Nucleus: DAPI std dev,Nucleus: DAPI max,Nucleus: DAPI min,Nucleus: DAPI range,Nucleus: Opal 520 mean,Nucleus: Opal 520 sum,Nucleus: Opal 520 std dev,Nucleus: Opal 520 max,Nucleus: Opal 520 min,Nucleus: Opal 520 range,Cell: Area,Cell: Perimeter,Cell: Circularity,Cell: Max caliper,Cell: Min caliper,Cell: Eccentricity,Cell: DAPI mean,Cell: DAPI std dev,Cell: DAPI max,Cell: DAPI min,Cell: Opal 520 mean,Cell: Opal 520 std dev,Cell: Opal 520 max,Cell: Opal 520 min,Cytoplasm: DAPI mean,Cytoplasm: DAPI std dev,Cytoplasm: DAPI max,Cytoplasm: DAPI min,Cytoplasm: Opal 520 mean,Cytoplasm: Opal 520 std dev,Cytoplasm: Opal 520 max,Cytoplasm: Opal 520 min,Nucleus/Cell area ratio
0,JKBR2.1e_4_Scan1.qptiff - resolution #1_Region 10.ome.tif,Positive,Positive,Arcuate hypothalamic nucleus,Polygon,800.71,5344.5,41.25,28.9808,0.6172,10.2938,6.2731,0.8464,254.6726,42785.0,1.9561,255.0,233.0,22.0,116.7798,19619.0,10.2358,146.0,97.0,49.0,149.75,45.8185,0.8964,16.2026,12.1437,0.6797,250.2471,16.6783,255.0,164.0,98.9967,14.5228,146.0,77.0,248.522,19.3578,255.0,164.0,92.065,8.9951,125.0,77.0,0.2677
1,JKBR2.1e_4_Scan1.qptiff - resolution #1_Region 10.ome.tif,Positive,Positive,Arcuate hypothalamic nucleus,Polygon,836.52,5379.2,42.0,31.9518,0.517,12.039,5.9745,0.8928,254.9195,44356.0,0.2728,255.0,254.0,1.0,120.1897,20913.0,11.4313,154.0,99.0,55.0,158.75,47.2821,0.8923,17.7988,11.8504,0.7496,254.9323,0.2515,255.0,254.0,107.0409,12.313,154.0,84.0,254.9371,0.2431,255.0,254.0,102.0781,8.3506,132.0,84.0,0.266
2,JKBR2.1e_4_Scan1.qptiff - resolution #1_Region 10.ome.tif,Positive,Positive,Arcuate hypothalamic nucleus,Polygon,730.49,5411.1,40.25,27.6228,0.6629,9.1866,6.7935,0.7437,250.1219,41020.0,0.9706,251.0,248.0,3.0,128.25,21033.0,11.3014,150.0,104.0,46.0,142.0,44.1132,0.917,15.1636,12.5289,0.5351,249.1982,3.5658,251.0,222.0,105.6754,16.5513,150.0,82.0,248.8251,4.123,251.0,222.0,96.5566,6.6146,121.0,82.0,0.2845
3,JKBR2.1e_4_Scan1.qptiff - resolution #1_Region 10.ome.tif,Positive,Positive,Arcuate hypothalamic nucleus,Polygon,707.71,5436.4,39.5,23.8249,0.8745,8.9413,5.8939,0.7775,247.9503,39920.0,0.218,248.0,247.0,1.0,153.7143,24748.0,17.2936,186.0,113.0,73.0,117.5,40.1362,0.9166,14.4579,11.3279,0.6143,242.3032,15.7275,248.0,155.0,119.0189,30.2799,186.0,71.0,239.4076,18.7016,248.0,155.0,101.2293,17.2898,149.0,71.0,0.3323
4,JKBR2.1e_4_Scan1.qptiff - resolution #1_Region 10.ome.tif,Positive,Positive,Arcuate hypothalamic nucleus,Polygon,717.16,5440.3,32.5,21.9369,0.8487,8.1464,5.3921,0.7232,247.6277,33925.0,0.8745,248.0,239.0,9.0,193.7299,26541.0,26.8102,247.0,143.0,104.0,90.25,35.4403,0.9029,12.6089,9.429,0.6394,235.4601,26.6858,248.0,151.0,140.7383,48.0755,247.0,70.0,228.0841,31.6305,248.0,151.0,108.615,23.1896,164.0,70.0,0.3709
5,JKBR2.1e_4_Scan1.qptiff - resolution #1_Region 10.ome.tif,Positive,Positive,Arcuate hypothalamic nucleus,Polygon,727.15,5439.5,38.5,24.4616,0.8085,9.4578,5.6704,0.8225,247.8365,39406.0,0.371,248.0,247.0,1.0,182.3585,28995.0,23.8148,227.0,119.0,108.0,110.0,39.8937,0.8685,13.6882,11.0,0.5175,230.3626,27.7929,248.0,156.0,130.6577,43.7982,227.0,76.0,220.614,30.6352,248.0,156.0,101.814,18.5836,160.0,76.0,0.3488
6,JKBR2.1e_4_Scan1.qptiff - resolution #1_Region 10.ome.tif,Positive,Positive,Arcuate hypothalamic nucleus,Polygon,756.74,5446.9,37.75,29.2603,0.5541,10.084,6.8359,0.634,249.4936,38921.0,0.8688,251.0,247.0,4.0,127.9487,19960.0,9.6592,155.0,106.0,49.0,143.25,45.9718,0.8518,15.6795,12.6873,0.495,249.7014,1.3645,251.0,238.0,112.8819,12.4182,155.0,89.0,249.7786,1.5013,251.0,238.0,107.2857,7.8232,136.0,89.0,0.2686
7,JKBR2.1e_4_Scan1.qptiff - resolution #1_Region 10.ome.tif,Positive,Positive,Arcuate hypothalamic nucleus,Polygon,737.1,5447.7,59.75,31.5765,0.753,11.5974,7.0082,0.8094,244.0494,59304.0,12.0655,249.0,184.0,65.0,156.0782,37927.0,15.4242,198.0,117.0,81.0,151.0,45.9053,0.9005,16.0787,12.7279,0.4894,235.9274,22.7478,249.0,170.0,126.6617,28.1507,198.0,86.0,230.4904,26.3358,249.0,170.0,106.9697,13.9878,166.0,86.0,0.3913
8,JKBR2.1e_4_Scan1.qptiff - resolution #1_Region 10.ome.tif,Positive,Positive,Arcuate hypothalamic nucleus,Polygon,778.07,5454.7,41.75,31.9384,0.5143,13.5427,4.5663,0.9512,251.8471,42814.0,0.5331,253.0,251.0,2.0,132.4353,22514.0,11.3716,164.0,112.0,52.0,135.0,47.7536,0.7439,18.4522,8.8413,0.882,251.9797,0.5749,253.0,251.0,115.1513,15.0441,164.0,92.0,252.0403,0.5837,253.0,251.0,107.2527,8.4666,134.0,92.0,0.3071
9,JKBR2.1e_4_Scan1.qptiff - resolution #1_Region 10.ome.tif,Positive,Positive,Arcuate hypothalamic nucleus,Polygon,769.57,5453.7,33.0,28.1068,0.5249,9.1346,6.1785,0.8304,251.3704,33935.0,0.6198,252.0,250.0,2.0,142.0815,19181.0,12.5371,173.0,121.0,52.0,95.5,40.2865,0.7394,14.8047,9.3576,0.8109,251.2902,0.6273,252.0,250.0,124.2176,16.8554,173.0,92.0,251.247,0.6283,252.0,250.0,114.6096,9.3948,137.0,92.0,0.3492
10,JKBR2.1e_4_Scan1.qptiff - resolution #1_Region 10.ome.tif,Positive,Positive,Arcuate hypothalamic nucleus,Polygon,747.04,5455.2,49.25,29.2023,0.7257,10.9481,5.993,0.8578,249.1306,49577.0,0.7933,251.0,248.0,3.0,165.4824,32931.0,17.515,205.0,124.0,81.0,133.5,44.3399,0.8533,15.8256,11.798,0.6801,248.3147,6.8412,251.0,188.0,131.6592,30.2162,205.0,89.0,247.8343,8.57,251.0,188.0,111.7456,14.0942,150.0,89.0,0.3686
11,JKBR2.1e_4_Scan1.qptiff - resolution #1_Region 10.ome.tif,Positive,Positive,Arcuate hypothalamic nucleus,Polygon,762.88,5458.8,37.0,26.6684,0.6538,9.0735,6.7192,0.7354,251.1176,38421.0,0.4859,252.0,250.0,2.0,125.3726,19182.0,6.5754,139.0,112.0,27.0,112.75,40.4884,0.8643,14.1578,10.5832,0.6069,244.3077,17.0717,252.0,180.0,115.3253,10.0687,139.0,94.0,240.8576,20.0985,252.0,180.0,110.2351,7.3327,134.0,94.0,0.3286
12,JKBR2.1e_4_Scan1.qptiff - resolution #1_Region 10.ome.tif,Positive,Positive,Arcuate hypothalamic nucleus,Polygon,778.22,5470.0,52.25,26.6574,0.924,9.8038,7.3673,0.6345,252.2559,53226.0,0.5172,253.0,251.0,2.0,173.6919,36649.0,15.1948,199.0,135.0,64.0,135.0,42.7572,0.928,14.9457,12.1984,0.4281,252.1941,0.5751,253.0,251.0,140.0351,30.3742,199.0,93.0,252.1545,0.6067,253.0,251.0,118.5152,13.2629,157.0,93.0,0.3842
13,JKBR2.1e_4_Scan1.qptiff - resolution #1_Region 10.ome.tif,Positive,Positive,Arcuate hypothalamic nucleus,Polygon,748.28,5469.5,83.0,41.9887,0.5916,16.6093,8.2751,0.8748,248.6776,83307.0,6.9681,251.0,199.0,52.0,169.5134,56787.0,26.2275,228.0,115.0,113.0,198.75,55.6995,0.805,21.6692,13.5,0.7918,239.8262,22.1367,251.0,164.0,141.4408,31.8247,228.0,93.0,233.366,26.7193,251.0,164.0,120.9521,15.9641,164.0,93.0,0.4205
14,JKBR2.1e_4_Scan1.qptiff - resolution #1_Region 10.ome.tif,Positive,Positive,Arcuate hypothalamic nucleus,Polygon,807.98,5475.0,52.0,29.0847,0.7725,10.2596,7.0761,0.655,253.8868,53824.0,0.3176,254.0,253.0,1.0,160.1226,33946.0,19.6178,201.0,118.0,83.0,161.25,46.7232,0.9282,16.1339,12.5,0.5378,244.3997,22.6629,255.0,165.0,123.8367,29.0915,201.0,89.0,239.7332,26.4684,255.0,165.0,105.9884,10.3086,141.0,89.0,0.3243
15,JKBR2.1e_4_Scan1.qptiff - resolution #1_Region 10.ome.tif,Positive,Positive,Arcuate hypothalamic nucleus,Polygon,759.61,5477.2,48.25,26.9044,0.8376,9.6854,6.4559,0.6952,251.4061,49527.0,0.5417,252.0,250.0,2.0,146.8579,28931.0,13.2677,173.0,120.0,53.0,141.75,43.2737,0.9512,14.7182,12.3283,0.4937,244.0318,18.6762,252.0,173.0,124.1446,19.6985,173.0,95.0,240.1054,22.1443,252.0,173.0,112.0514,8.9233,135.0,95.0,0.3336
16,JKBR2.1e_4_Scan1.qptiff - resolution #1_Region 10.ome.tif,Positive,Positive,Arcuate hypothalamic nucleus,Polygon,788.19,5477.4,51.5,28.7484,0.783,11.7498,5.3961,0.8909,252.8606,52595.0,0.3609,253.0,251.0,2.0,178.6346,37156.0,17.3595,206.0,134.0,72.0,131.0,43.1565,0.8839,16.0388,11.2761,0.6689,252.733,0.7612,253.0,243.0,147.6894,29.1788,206.0,98.0,252.65,0.9248,253.0,243.0,127.575,13.4442,162.0,98.0,0.3914
17,JKBR2.1e_4_Scan1.qptiff - resolution #1_Region 10.ome.tif,Positive,Positive,Arcuate hypothalamic nucleus,Polygon,739.18,5476.9,45.75,31.1913,0.5909,13.5959,4.7761,0.9482,248.7568,46020.0,0.5319,251.0,245.0,6.0,156.8919,29025.0,21.4851,199.0,109.0,90.0,140.25,48.2359,0.7575,19.5163,9.5406,0.892,238.5152,24.0373,251.0,149.0,120.5526,32.418,199.0,67.0,233.4761,28.0266,251.0,149.0,102.6729,19.2583,159.0,67.0,0.3234
18,JKBR2.1e_4_Scan1.qptiff - resolution #1_Region 10.ome.tif,Positive,Positive,Arcuate hypothalamic nucleus,Polygon,842.13,5485.3,74.0,32.9898,0.8544,12.0854,8.0908,0.7503,254.8818,75445.0,0.3234,255.0,254.0,1.0,196.7838,58248.0,34.0423,255.0,134.0,121.0,189.75,50.2121,0.9457,17.804,13.8782,0.6316,254.8963,0.4625,255.0,246.0,149.3097,45.9036,255.0,88.0,254.9056,0.5325,255.0,246.0,119.1545,19.1649,181.0,88.0,0.3869
19,JKBR2.1e_4_Scan1.qptiff - resolution #1_Region 10.ome.tif,Positive,Positive,Arcuate hypothalamic nucleus,Polygon,784.25,5490.2,66.75,39.1195,0.5481,12.1842,9.2706,0.567,252.4216,67649.0,0.9741,253.0,243.0,10.0,172.0597,46112.0,17.8977,214.0,133.0,81.0,174.75,51.3623,0.8324,17.8007,14.0,0.5174,250.0824,7.2637,254.0,211.0,142.206,27.875,214.0,100.0,248.6445,8.9017,254.0,211.0,123.8555,13.1343,161.0,100.0,0.3837
20,JKBR2.1e_4_Scan1.qptiff - resolution #1_Region 10.ome.tif,Positive,Positive,Arcuate hypothalamic nucleus,Polygon,797.38,5491.1,53.5,30.8309,0.7073,12.8197,5.9624,0.8745,253.411,55497.0,0.6171,254.0,252.0,2.0,152.8265,33469.0,17.0632,186.0,117.0,69.0,143.0,46.3638,0.836,18.219,10.4173,0.8125,253.401,0.6134,254.0,252.0,130.7969,22.9382,186.0,97.0,253.395,0.6119,254.0,252.0,117.2829,13.7792,158.0,97.0,0.3819
21,JKBR2.1e_4_Scan1.qptiff - resolution #1_Region 10.ome.tif,Positive,Positive,Arcuate hypothalamic nucleus,Polygon,807.18,5490.2,53.75,29.2273,0.7907,11.5298,6.7705,0.8188,253.9182,55862.0,0.2747,254.0,253.0,1.0,170.5727,37526.0,18.379,208.0,130.0,78.0,136.25,45.3014,0.8343,16.5195,10.6614,0.7635,254.0,0.3483,255.0,253.0,139.4147,30.7678,208.0,98.0,254.0554,0.3809,255.0,253.0,118.3231,15.9905,166.0,98.0,0.3896
22,JKBR2.1e_4_Scan1.qptiff - resolution #1_Region 10.ome.tif,Positive,Positive,Arcuate hypothalamic nucleus,Polygon,822.5,5494.9,52.75,31.7323,0.6583,11.3231,7.6405,0.6795,254.8832,54545.0,0.322,255.0,254.0,1.0,128.743,27551.0,8.4122,153.0,110.0,43.0,150.0,46.6276,0.867,16.0757,12.6143,0.6131,254.9207,0.2705,255.0,254.0,114.2595,14.6187,153.0,83.0,254.9412,0.2356,255.0,254.0,106.3325,10.6873,133.0,83.0,0.3495
23,JKBR2.1e_4_Scan1.qptiff - resolution #1_Region 10.ome.tif,Positive,Positive,Arcuate hypothalamic nucleus,Polygon,865.75,5495.7,54.25,26.8971,0.9423,9.1444,7.6213,0.4864,254.8136,56059.0,0.3903,255.0,254.0,1.0,148.6409,32701.0,14.0467,179.0,113.0,66.0,156.25,44.967,0.971,15.1022,13.4051,0.4217,253.3541,5.7567,255.0,215.0,117.6061,26.1565,179.0,76.0,252.5651,7.0169,255.0,215.0,100.8305,12.0182,133.0,76.0,0.347
24,JKBR2.1e_4_Scan1.qptiff - resolution #1_Region 10.ome.tif,Positive,Positive,Arcuate hypothalamic nucleus,Polygon,757.99,5501.1,92.25,44.6611,0.5812,14.3249,10.6687,0.7311,248.9541,92113.0,13.4686,253.0,148.0,105.0,141.973,52530.0,14.5117,181.0,107.0,74.0,237.0,58.9893,0.8559,20.3008,16.449,0.5768,237.06,34.8854,253.0,118.0,117.5379,23.8449,181.0,74.0,229.4724,41.6053,253.0,118.0,101.95,13.1437,137.0,74.0,0.3898
25,JKBR2.1e_4_Scan1.qptiff - resolution #1_Region 10.ome.tif,Positive,Positive,Arcuate hypothalamic nucleus,Polygon,778.21,5500.7,54.75,30.3927,0.7448,12.3422,6.1967,0.8658,252.7074,57870.0,1.8465,253.0,231.0,22.0,175.1135,40101.0,17.2185,212.0,132.0,80.0,134.5,44.8643,0.8397,17.8526,10.9582,0.799,251.3148,7.7494,254.0,198.0,145.7518,29.4957,212.0,95.0,250.2894,9.9709,254.0,198.0,124.1318,13.7418,158.0,95.0,0.4236
26,JKBR2.1e_4_Scan1.qptiff - resolution #1_Region 10.ome.tif,Positive,Positive,Arcuate hypothalamic nucleus,Polygon,816.27,5504.3,75.75,44.1354,0.4887,16.5097,8.924,0.7703,254.9064,79021.0,0.2917,255.0,254.0,1.0,151.3452,46917.0,15.1604,185.0,119.0,66.0,182.0,53.3943,0.8022,20.1607,13.3446,0.7387,254.8145,0.389,255.0,254.0,131.7039,21.0372,185.0,95.0,254.747,0.4352,255.0,254.0,117.3097,10.4067,144.0,95.0,0.4159
27,JKBR2.1e_4_Scan1.qptiff - resolution #1_Region 10.ome.tif,Positive,Positive,Arcuate hypothalamic nucleus,Polygon,792.16,5502.7,54.75,29.1687,0.8087,10.834,6.9942,0.7807,253.8733,56106.0,0.3334,254.0,253.0,1.0,215.8552,47704.0,31.4668,255.0,142.0,113.0,144.25,45.1271,0.8901,16.1707,11.8888,0.6406,252.8282,5.4052,255.0,209.0,160.1649,50.0548,255.0,91.0,252.1884,6.7826,255.0,209.0,126.072,19.2095,189.0,91.0,0.3753
28,JKBR2.1e_4_Scan1.qptiff - resolution #1_Region 10.ome.tif,Positive,Positive,Arcuate hypothalamic nucleus,Polygon,831.39,5508.2,77.5,38.4803,0.6577,13.9483,8.5182,0.7724,254.9773,78788.0,0.149,255.0,254.0,1.0,141.6699,43776.0,10.5345,162.0,108.0,54.0,191.0,53.7216,0.8317,19.5719,12.9822,0.7415,254.9595,0.1973,255.0,254.0,122.4941,18.6416,162.0,91.0,254.9474,0.2235,255.0,254.0,109.5,9.4578,138.0,91.0,0.4014
29,JKBR2.1e_4_Scan1.qptiff - resolution #1_Region 10.ome.tif,Positive,Positive,Arcuate hypothalamic nucleus,Polygon,781.57,5513.4,81.0,39.6,0.6491,13.4902,10.1303,0.71,250.9663,81815.0,11.3805,254.0,177.0,77.0,148.273,48337.0,13.5511,179.0,114.0,65.0,188.75,53.1948,0.8382,18.7069,14.1351,0.6265,245.6045,21.6145,254.0,167.0,127.4246,22.356,179.0,88.0,241.5395,26.1855,254.0,167.0,111.6186,12.6395,147.0,88.0,0.4297
30,JKBR2.1e_4_Scan1.qptiff - resolution #1_Region 10.ome.tif,Positive,Positive,Arcuate hypothalamic nucleus,Polygon,807.55,5515.2,43.75,24.983,0.8808,9.0202,6.8342,0.6408,254.7556,45856.0,0.431,255.0,254.0,1.0,187.3445,33722.0,23.6015,226.0,139.0,87.0,122.25,40.4668,0.9381,14.2528,11.0,0.6359,254.833,0.3734,255.0,254.0,144.1202,38.0621,226.0,84.0,254.8778,0.328,255.0,254.0,119.1029,15.986,163.0,84.0,0.3586
31,JKBR2.1e_4_Scan1.qptiff - resolution #1_Region 10.ome.tif,Positive,Positive,Arcuate hypothalamic nucleus,Polygon,753.16,5514.8,49.0,25.7865,0.926,8.4664,7.8484,0.2196,251.4975,50551.0,4.306,253.0,205.0,48.0,160.801,32321.0,19.6362,199.0,122.0,77.0,124.0,40.4827,0.9508,14.0902,11.2163,0.5804,220.8583,46.9165,253.0,112.0,123.8643,36.2022,199.0,67.0,200.33,51.1329,253.0,112.0,99.1167,20.052,172.0,67.0,0.394
32,JKBR2.1e_4_Scan1.qptiff - resolution #1_Region 10.ome.tif,Positive,Positive,Arcuate hypothalamic nucleus,Polygon,849.11,5517.4,75.0,42.1606,0.5302,15.2169,7.5051,0.8693,254.8705,78755.0,0.3362,255.0,254.0,1.0,158.4207,48952.0,14.0277,183.0,124.0,59.0,219.0,58.6141,0.801,21.4796,13.6892,0.7591,254.8527,0.3546,255.0,254.0,138.0571,20.5402,183.0,101.0,254.843,0.3641,255.0,254.0,126.9594,13.978,160.0,101.0,0.3455
33,JKBR2.1e_4_Scan1.qptiff - resolution #1_Region 10.ome.tif,Positive,Positive,Arcuate hypothalamic nucleus,Polygon,819.05,5516.7,48.5,27.9001,0.783,10.0461,6.7702,0.7132,254.8241,50710.0,0.3817,255.0,254.0,1.0,159.0603,31653.0,16.6049,198.0,124.0,74.0,131.0,42.4847,0.912,14.8334,12.5,0.4078,254.888,0.3156,255.0,254.0,130.203,27.0924,198.0,90.0,254.9268,0.2608,255.0,254.0,112.6951,14.1241,147.0,90.0,0.3774
34,JKBR2.1e_4_Scan1.qptiff - resolution #1_Region 10.ome.tif,Positive,Positive,Arcuate hypothalamic nucleus,Polygon,795.08,5519.2,53.0,29.7524,0.7524,11.4761,7.2625,0.7208,254.8216,54277.0,0.3838,255.0,254.0,1.0,168.9812,35993.0,13.8992,189.0,119.0,70.0,127.0,43.8679,0.8293,15.6469,10.5359,0.7322,253.4618,6.3213,255.0,202.0,139.411,29.4107,189.0,88.0,252.4899,8.1386,255.0,202.0,118.2752,16.496,172.0,88.0,0.4179
35,JKBR2.1e_4_Scan1.qptiff - resolution #1_Region 10.ome.tif,Positive,Positive,Arcuate hypothalamic nucleus,Polygon,864.84,5519.5,68.0,30.6047,0.9123,10.5133,8.8445,0.4728,254.8123,70583.0,0.3912,255.0,254.0,1.0,214.0181,59283.0,32.7369,255.0,143.0,112.0,176.25,47.8658,0.9667,16.4649,14.4891,0.415,253.9546,4.7378,255.0,215.0,161.1773,50.0268,255.0,88.0,253.3995,6.0103,255.0,215.0,126.979,21.2113,188.0,88.0,0.396
36,JKBR2.1e_4_Scan1.qptiff - resolution #1_Region 10.ome.tif,Positive,Positive,Arcuate hypothalamic nucleus,Polygon,756.3,5525.9,62.75,34.4775,0.6634,12.389,7.3427,0.8515,253.6602,64937.0,1.3007,254.0,240.0,14.0,167.2656,42820.0,22.8387,212.0,117.0,95.0,157.75,49.2576,0.817,18.072,12.706,0.6992,240.4646,28.4375,254.0,148.0,130.9118,35.6569,212.0,73.0,231.5515,34.0244,254.0,148.0,106.3562,16.7623,168.0,73.0,0.3984
37,JKBR2.1e_4_Scan1.qptiff - resolution #1_Region 10.ome.tif,Positive,Positive,Arcuate hypothalamic nucleus,Polygon,806.4,5526.6,79.25,40.7497,0.5997,13.8826,8.9954,0.7907,254.8401,81294.0,0.4786,255.0,249.0,6.0,167.9342,53571.0,18.6365,197.0,111.0,86.0,162.75,52.0041,0.7562,17.9335,12.2585,0.7451,254.7669,0.8959,255.0,243.0,142.3436,33.1184,197.0,86.0,254.6967,1.1595,255.0,243.0,117.8288,24.2079,170.0,86.0,0.487
38,JKBR2.1e_4_Scan1.qptiff - resolution #1_Region 10.ome.tif,Positive,Positive,Arcuate hypothalamic nucleus,Polygon,776.5,5524.7,41.25,24.8544,0.8391,9.3884,6.2084,0.7338,254.0412,43187.0,0.2743,255.0,253.0,2.0,164.3,27931.0,13.4185,188.0,133.0,55.0,116.5,39.9552,0.917,14.0116,9.9719,0.6846,251.1197,10.9804,255.0,178.0,139.3333,25.1747,188.0,84.0,249.453,13.4857,255.0,178.0,125.0906,18.2685,162.0,84.0,0.3608
39,JKBR2.1e_4_Scan1.qptiff - resolution #1_Region 10.ome.tif,Positive,Positive,Arcuate hypothalamic nucleus,Polygon,786.91,5528.0,35.75,21.6808,0.9557,7.1436,6.4559,0.4373,254.8811,36448.0,0.3248,255.0,254.0,1.0,163.5734,23391.0,12.9405,185.0,131.0,54.0,74.0,33.0014,0.8538,10.9961,9.2977,0.4505,254.24,3.0715,255.0,226.0,143.15,26.2199,185.0,90.0,253.6561,4.1552,255.0,226.0,124.5478,20.8479,172.0,90.0,0.4683
40,JKBR2.1e_4_Scan1.qptiff - resolution #1_Region 10.ome.tif,Positive,Positive,Arcuate hypothalamic nucleus,Polygon,795.95,5532.0,34.25,26.133,0.6302,10.6577,3.846,0.9403,254.9149,35943.0,0.28,255.0,254.0,1.0,162.1064,22857.0,7.18,178.0,143.0,35.0,71.5,33.7647,0.7881,13.5177,7.4991,0.8182,253.2222,8.7385,255.0,185.0,150.5451,15.2399,178.0,108.0,251.5986,12.0255,255.0,185.0,139.4558,12.4186,159.0,108.0,0.4684
41,JKBR2.1e_4_Scan1.qptiff - resolution #1_Region 10.ome.tif,Positive,Positive,Arcuate hypothalamic nucleus,Polygon,770.22,5534.0,98.0,41.859,0.7028,14.7445,9.5682,0.8075,254.0077,99571.0,0.2527,255.0,253.0,2.0,201.1173,78838.0,20.5272,241.0,133.0,108.0,210.25,56.3086,0.8333,20.5075,13.1089,0.7762,253.545,4.1295,255.0,190.0,169.6706,38.8027,241.0,90.0,253.1438,5.6099,255.0,190.0,142.3982,29.0527,192.0,90.0,0.4624
42,JKBR2.1e_4_Scan1.qptiff - resolution #1_Region 10.ome.tif,Positive,Positive,Arcuate hypothalamic nucleus,Polygon,742.16,5531.5,36.5,23.1346,0.857,7.8413,6.7543,0.5723,253.106,38219.0,0.4188,254.0,252.0,2.0,162.5166,24540.0,16.859,187.0,116.0,71.0,104.0,38.5004,0.8817,13.5898,10.3992,0.6377,243.3476,26.5753,254.0,142.0,122.8214,36.1123,187.0,72.0,237.8699,31.9421,254.0,142.0,100.539,22.2178,178.0,72.0,0.3512
43,JKBR2.1e_4_Scan1.qptiff - resolution #1_Region 10.ome.tif,Positive,Positive,Arcuate hypothalamic nucleus,Polygon,804.37,5537.1,35.5,24.2066,0.7613,8.3763,6.6179,0.6087,254.0204,37341.0,2.9388,255.0,233.0,22.0,165.5034,24329.0,15.7912,196.0,126.0,70.0,88.25,35.5534,0.8773,12.8067,9.9208,0.5641,249.1393,13.9975,255.0,175.0,136.6156,29.1408,196.0,88.0,245.7547,17.2727,255.0,175.0,116.5849,16.8446,165.0,88.0,0.4046
44,JKBR2.1e_4_Scan1.qptiff - resolution #1_Region 10.ome.tif,Positive,Positive,Arcuate hypothalamic nucleus,Polygon,787.97,5537.5,51.75,28.6485,0.7923,9.9248,7.4541,0.6398,254.5424,53963.0,0.4994,255.0,254.0,1.0,194.5519,41245.0,19.7389,234.0,154.0,80.0,115.5,40.7629,0.8735,15.1672,10.4641,0.7096,253.4421,5.0992,255.0,208.0,161.7425,35.3245,234.0,99.0,252.5236,6.7617,255.0,208.0,134.3583,17.7092,181.0,99.0,0.4524
45,JKBR2.1e_4_Scan1.qptiff - resolution #1_Region 10.ome.tif,Positive,Positive,Arcuate hypothalamic nucleus,Polygon,873.75,5539.8,51.25,33.0023,0.5913,11.5189,6.9315,0.8351,254.9628,54817.0,0.1897,255.0,254.0,1.0,132.507,28489.0,12.5605,167.0,105.0,62.0,174.25,50.3987,0.8621,17.5205,13.0142,0.6896,254.9413,0.2353,255.0,254.0,113.6132,17.3403,167.0,82.0,254.9317,0.2526,255.0,254.0,105.2029,11.604,127.0,82.0,0.3034
46,JKBR2.1e_4_Scan1.qptiff - resolution #1_Region 10.ome.tif,Positive,Positive,Arcuate hypothalamic nucleus,Polygon,852.57,5539.7,30.0,26.6993,0.5289,10.1426,4.3278,0.9239,252.5968,31322.0,7.6508,255.0,215.0,40.0,123.5081,15315.0,8.8046,152.0,111.0,41.0,132.25,43.9792,0.8592,16.2019,9.992,0.7848,250.934,11.8705,255.0,195.0,110.4849,10.4665,152.0,85.0,250.4261,12.8518,255.0,195.0,106.5074,7.1942,121.0,85.0,0.2269
47,JKBR2.1e_4_Scan1.qptiff - resolution #1_Region 10.ome.tif,Positive,Positive,Arcuate hypothalamic nucleus,Polygon,745.68,5540.2,70.5,31.499,0.8929,11.1555,8.6403,0.5968,252.9894,71849.0,0.5147,254.0,252.0,2.0,174.4648,49548.0,17.839,222.0,133.0,89.0,143.25,47.5983,0.7946,16.9969,11.6814,0.7236,241.2396,30.0619,254.0,133.0,144.3038,34.8157,222.0,87.0,229.8116,38.9827,254.0,133.0,114.9692,18.2851,166.0,87.0,0.4886
48,JKBR2.1e_4_Scan1.qptiff - resolution #1_Region 10.ome.tif,Positive,Positive,Arcuate hypothalamic nucleus,Polygon,756.75,5539.2,32.0,21.6433,0.8584,8.2784,5.2492,0.7881,253.9925,33781.0,0.0867,254.0,253.0,1.0,150.4135,20005.0,10.3888,178.0,123.0,55.0,88.25,35.7197,0.8692,13.3218,8.9321,0.7405,246.2986,19.1692,255.0,170.0,128.5718,21.9807,178.0,90.0,241.6892,23.057,255.0,170.0,115.4865,15.8225,154.0,90.0,0.3635
49,JKBR2.1e_4_Scan1.qptiff - resolution #1_Region 10.ome.tif,Positive,Positive,Arcuate hypothalamic nucleus,Polygon,835.53,5540.0,61.5,30.2264,0.8459,11.3245,7.2782,0.749,254.9721,63998.0,0.165,255.0,254.0,1.0,197.9442,49684.0,27.4252,253.0,147.0,106.0,166.0,47.0345,0.9429,16.8845,13.0661,0.5771,249.2939,17.0311,255.0,161.0,153.1934,40.6458,253.0,93.0,245.8678,20.8376,255.0,161.0,126.1923,16.0047,167.0,93.0,0.3745
50,JKBR2.1e_4_Scan1.qptiff - resolution #1_Region 10.ome.tif,Positive,Positive,Arcuate hypothalamic nucleus,Polygon,820.83,5541.6,39.0,24.321,0.8285,9.0739,6.4396,0.6138,255.0,41310.0,0.0,255.0,255.0,0.0,173.7284,28144.0,23.7709,224.0,126.0,98.0,123.0,40.741,0.9312,15.1008,10.6066,0.6988,254.9333,0.704,255.0,241.0,134.3131,34.7456,224.0,82.0,254.9009,0.8568,255.0,241.0,115.1381,19.8865,170.0,82.0,0.3203
51,JKBR2.1e_4_Scan1.qptiff - resolution #1_Region 10.ome.tif,Positive,Positive,Arcuate hypothalamic nucleus,Polygon,764.97,5543.5,44.75,24.4418,0.9413,8.5065,6.3428,0.6211,254.5414,46072.0,0.5624,255.0,253.0,2.0,205.2542,37151.0,20.3779,251.0,160.0,91.0,88.0,35.9199,0.8571,12.736,9.8242,0.419,254.5183,1.026,255.0,238.0,177.5606,35.6776,251.0,91.0,254.4942,1.3504,255.0,238.0,148.7529,23.141,191.0,91.0,0.5023
52,JKBR2.1e_4_Scan1.qptiff - resolution #1_Region 10.ome.tif,Positive,Positive,Arcuate hypothalamic nucleus,Polygon,794.13,5545.6,42.25,26.485,0.7569,9.974,6.0413,0.8293,254.9593,43853.0,0.3308,255.0,252.0,3.0,162.6744,27980.0,12.0423,185.0,129.0,56.0,105.5,39.3719,0.8552,14.481,9.8923,0.7191,240.8868,31.459,255.0,142.0,139.0165,24.3701,185.0,96.0,231.2818,37.9399,255.0,142.0,122.869,16.024,161.0,96.0,0.3965
53,JKBR2.1e_4_Scan1.qptiff - resolution #1_Region 10.ome.tif,Positive,Positive,Arcuate hypothalamic nucleus,Polygon,814.13,5549.4,76.75,37.2085,0.6966,14.4875,7.964,0.8389,254.9363,80050.0,0.2446,255.0,254.0,1.0,182.2452,57225.0,26.4381,237.0,123.0,114.0,193.25,55.0153,0.8023,20.6127,12.3375,0.7932,254.9008,0.2992,255.0,254.0,145.4485,37.4569,237.0,90.0,254.8766,0.3292,255.0,254.0,120.4394,18.3038,184.0,90.0,0.4032
54,JKBR2.1e_4_Scan1.qptiff - resolution #1_Region 10.ome.tif,Positive,Positive,Arcuate hypothalamic nucleus,Polygon,773.45,5548.9,35.25,21.9854,0.9164,7.6859,6.3407,0.5147,254.931,36965.0,0.2543,255.0,254.0,1.0,173.7448,25193.0,21.09,213.0,127.0,86.0,104.5,37.9766,0.9105,13.805,9.5148,0.6886,253.9549,6.5009,255.0,188.0,151.3801,33.0988,213.0,89.0,253.442,7.9841,255.0,188.0,139.6304,32.2177,202.0,89.0,0.3351
55,JKBR2.1e_4_Scan1.qptiff - resolution #1_Region 10.ome.tif,Positive,Positive,Arcuate hypothalamic nucleus,Polygon,784.32,5553.5,74.75,37.106,0.6822,13.2686,9.0434,0.6903,254.8977,77234.0,0.3036,255.0,254.0,1.0,170.0297,51519.0,17.1845,202.0,124.0,78.0,189.5,52.6077,0.8604,19.2121,14.3338,0.6585,254.0237,5.4257,255.0,205.0,141.8342,32.8219,202.0,82.0,253.4442,6.935,255.0,205.0,123.14,26.8148,199.0,82.0,0.3954
56,JKBR2.1e_4_Scan1.qptiff - resolution #1_Region 10.ome.tif,Positive,Positive,Arcuate hypothalamic nucleus,Polygon,736.39,5550.0,40.25,25.3579,0.7866,8.4074,7.0312,0.6327,253.2963,41034.0,0.5671,254.0,252.0,2.0,123.5864,20021.0,10.0035,161.0,100.0,61.0,105.75,38.6214,0.8909,13.2921,10.639,0.5423,236.565,32.8476,254.0,136.0,104.7872,18.713,161.0,67.0,226.1801,38.3192,254.0,136.0,93.1188,12.2279,122.0,67.0,0.3733
57,JKBR2.1e_4_Scan1.qptiff - resolution #1_Region 10.ome.tif,Positive,Positive,Arcuate hypothalamic nucleus,Polygon,759.1,5551.0,51.5,28.9856,0.7703,10.605,6.9089,0.6764,254.7204,53746.0,0.4499,255.0,254.0,1.0,199.4787,42090.0,23.2175,243.0,146.0,97.0,114.5,42.0068,0.8154,14.596,11.0078,0.6572,250.7771,13.9933,255.0,167.0,164.145,39.9094,243.0,89.0,247.4622,18.3508,255.0,167.0,134.4422,23.3399,181.0,89.0,0.4557
58,JKBR2.1e_4_Scan1.qptiff - resolution #1_Region 10.ome.tif,Positive,Positive,Arcuate hypothalamic nucleus,Polygon,748.16,5551.7,40.75,26.7509,0.7156,8.9034,6.9772,0.7277,251.8916,41814.0,11.8076,254.0,160.0,94.0,140.5482,23331.0,9.8286,163.0,120.0,43.0,103.75,39.227,0.8473,14.0689,10.3595,0.6105,231.8258,39.0489,255.0,137.0,124.0788,17.7603,163.0,85.0,218.6601,44.707,255.0,137.0,113.2727,12.8081,153.0,85.0,0.3897
59,JKBR2.1e_4_Scan1.qptiff - resolution #1_Region 10.ome.tif,Positive,Positive,Arcuate hypothalamic nucleus,Polygon,838.73,5552.6,60.5,31.2461,0.7787,10.3181,8.5101,0.4504,254.9218,61946.0,0.269,255.0,254.0,1.0,147.5103,35845.0,9.6365,182.0,122.0,60.0,145.75,46.2084,0.8578,15.5145,13.8968,0.3639,254.8908,0.6091,255.0,243.0,133.7014,15.9433,182.0,93.0,254.8688,0.763,255.0,243.0,123.9184,11.7309,146.0,93.0,0.4134
60,JKBR2.1e_4_Scan1.qptiff - resolution #1_Region 10.ome.tif,Positive,Positive,Arcuate hypothalamic nucleus,Polygon,798.99,5552.3,30.0,20.9498,0.859,7.0728,5.6981,0.4812,254.8016,32105.0,0.4004,255.0,254.0,1.0,180.9921,22805.0,18.8444,223.0,145.0,78.0,79.75,35.8709,0.7789,12.9843,7.2703,0.8407,254.8602,0.3473,255.0,254.0,147.1863,33.2855,223.0,96.0,254.898,0.3035,255.0,254.0,125.4541,19.5711,221.0,96.0,0.3808
61,JKBR2.1e_4_Scan1.qptiff - resolution #1_Region 10.ome.tif,Positive,Positive,Arcuate hypothalamic nucleus,Polygon,725.39,5554.6,42.5,27.1527,0.7244,9.586,6.2522,0.7656,253.2907,43566.0,1.9125,254.0,233.0,21.0,131.3081,22585.0,8.9921,153.0,110.0,43.0,111.0,40.9777,0.8307,14.2227,10.1458,0.6743,244.4439,25.455,254.0,122.0,114.4081,17.6589,153.0,78.0,238.8905,31.2031,254.0,122.0,103.7993,12.8357,136.0,78.0,0.3773
62,JKBR2.1e_4_Scan1.qptiff - resolution #1_Region 10.ome.tif,Positive,Positive,Arcuate hypothalamic nucleus,Polygon,885.41,5556.8,49.0,26.19,0.8977,9.1437,6.8192,0.6708,254.3819,50622.0,3.209,255.0,225.0,30.0,140.8643,28032.0,15.3148,168.0,110.0,58.0,143.25,43.4367,0.9541,14.91,12.4804,0.5549,246.8997,19.9015,255.0,157.0,109.6263,25.325,168.0,77.0,242.971,23.5423,255.0,157.0,93.2243,8.5257,124.0,77.0,0.3384
63,JKBR2.1e_4_Scan1.qptiff - resolution #1_Region 10.ome.tif,Positive,Positive,Arcuate hypothalamic nucleus,Polygon,846.74,5559.9,34.25,26.8248,0.5981,10.3071,4.6732,0.9075,254.9577,36204.0,0.2019,255.0,254.0,1.0,125.7747,17860.0,7.9139,148.0,109.0,39.0,119.0,42.2787,0.8366,15.7187,9.8268,0.8078,254.8973,0.6284,255.0,246.0,117.5807,10.9097,148.0,92.0,254.8716,0.7371,255.0,246.0,114.1075,10.1262,147.0,92.0,0.291
64,JKBR2.1e_4_Scan1.qptiff - resolution #1_Region 10.ome.tif,Positive,Positive,Arcuate hypothalamic nucleus,Polygon,873.35,5560.9,68.5,35.6462,0.6774,13.9352,7.7623,0.8443,249.9712,69492.0,9.5769,255.0,213.0,42.0,126.2842,35107.0,10.5804,149.0,102.0,47.0,191.75,52.9102,0.8607,19.8117,12.8982,0.7622,239.026,25.0342,255.0,154.0,109.7035,15.1568,149.0,83.0,232.8289,28.705,255.0,154.0,100.3157,7.2456,121.0,83.0,0.3649
65,JKBR2.1e_4_Scan1.qptiff - resolution #1_Region 10.ome.tif,Positive,Positive,Arcuate hypothalamic nucleus,Polygon,740.76,5559.8,46.0,25.0975,0.9177,8.5717,7.0602,0.5238,254.0538,47254.0,0.4124,255.0,253.0,2.0,128.9032,23976.0,8.863,147.0,105.0,42.0,111.75,38.8614,0.9299,13.4098,11.0689,0.4002,252.3133,10.8249,255.0,158.0,105.4956,22.9609,147.0,68.0,251.0871,14.0099,255.0,158.0,89.0038,13.5752,124.0,68.0,0.4068
66,JKBR2.1e_4_Scan1.qptiff - resolution #1_Region 10.ome.tif,Positive,Positive,Arcuate hypothalamic nucleus,Polygon,803.82,5558.6,58.75,30.8449,0.776,11.4847,6.3665,0.8478,254.8819,60407.0,0.3235,255.0,254.0,1.0,185.135,43877.0,20.6077,227.0,133.0,94.0,119.5,42.8761,0.8169,16.8338,9.5806,0.8348,254.8233,0.5773,255.0,248.0,153.7775,37.3969,227.0,79.0,254.7664,0.7417,255.0,248.0,123.3197,21.4377,191.0,79.0,0.495
67,JKBR2.1e_4_Scan1.qptiff - resolution #1_Region 10.ome.tif,Positive,Positive,Arcuate hypothalamic nucleus,Polygon,754.68,5560.8,36.75,24.5043,0.7691,8.0286,6.9549,0.4241,250.1275,37269.0,18.3805,255.0,157.0,98.0,145.0872,21618.0,10.7225,169.0,116.0,53.0,89.75,34.8788,0.9271,12.2879,10.1352,0.5132,230.8066,42.951,255.0,124.0,126.9641,22.6726,169.0,79.0,217.2911,49.5945,255.0,124.0,114.2864,20.0685,160.0,79.0,0.4039
68,JKBR2.1e_4_Scan1.qptiff - resolution #1_Region 10.ome.tif,Positive,Positive,Arcuate hypothalamic nucleus,Polygon,765.9,5563.5,68.5,35.313,0.6903,12.5358,8.0174,0.8139,254.8448,70592.0,0.3628,255.0,254.0,1.0,160.4043,44432.0,19.6407,208.0,115.0,93.0,165.0,48.191,0.8928,17.4819,12.5096,0.7196,252.932,9.5436,255.0,170.0,128.6571,33.1955,208.0,74.0,251.5558,12.3349,255.0,170.0,105.8156,19.2206,155.0,74.0,0.4121
69,JKBR2.1e_4_Scan1.qptiff - resolution #1_Region 10.ome.tif,Positive,Positive,Arcuate hypothalamic nucleus,Polygon,829.74,5561.3,43.75,24.7651,0.8964,8.6898,6.8231,0.6273,255.0,45645.0,0.0,255.0,255.0,0.0,191.6089,34298.0,20.284,227.0,143.0,84.0,128.0,41.4368,0.9368,14.0461,11.6044,0.5022,254.9708,0.1686,255.0,254.0,151.5517,37.0603,227.0,96.0,254.9551,0.2074,255.0,254.0,130.0838,23.8127,181.0,96.0,0.343
70,JKBR2.1e_4_Scan1.qptiff - resolution #1_Region 10.ome.tif,Positive,Positive,Arcuate hypothalamic nucleus,Polygon,728.21,5563.0,46.75,25.8848,0.8768,9.4173,6.4599,0.6938,253.9791,48510.0,0.1436,254.0,253.0,1.0,146.0942,27904.0,11.6836,175.0,117.0,58.0,103.0,39.8368,0.8156,14.8173,8.5306,0.8252,249.2632,14.8402,254.0,163.0,124.2488,24.9635,175.0,77.0,245.2952,19.2803,254.0,163.0,105.8678,17.0999,149.0,77.0,0.4498
71,JKBR2.1e_4_Scan1.qptiff - resolution #1_Region 10.ome.tif,Positive,Positive,Arcuate hypothalamic nucleus,Polygon,813.1,5563.1,44.5,27.6803,0.7298,11.1631,5.9535,0.8768,254.8889,45880.0,0.3324,255.0,253.0,2.0,184.9222,33286.0,20.5278,223.0,135.0,88.0,111.75,40.6321,0.8506,15.7909,9.8029,0.8087,252.2249,9.6497,255.0,195.0,148.9777,35.0787,223.0,90.0,250.4424,12.1502,255.0,195.0,124.9257,18.0859,172.0,90.0,0.3888
72,JKBR2.1e_4_Scan1.qptiff - resolution #1_Region 10.ome.tif,Positive,Positive,Arcuate hypothalamic nucleus,Polygon,906.15,5568.7,53.0,28.7735,0.8045,10.1488,7.9978,0.4363,254.7116,54763.0,0.5885,255.0,251.0,4.0,131.6651,28308.0,11.7449,160.0,103.0,57.0,160.5,46.6702,0.926,16.1319,13.5,0.4465,242.2325,25.8299,255.0,140.0,106.2137,20.5183,160.0,76.0,235.9343,29.7655,255.0,140.0,93.3685,8.4518,119.0,76.0,0.3307
73,JKBR2.1e_4_Scan1.qptiff - resolution #1_Region 10.ome.tif,Positive,Positive,Arcuate hypothalamic nucleus,Polygon,798.24,5568.6,37.0,26.0634,0.6845,9.3345,6.1063,0.7772,246.2614,37678.0,14.8947,255.0,200.0,55.0,134.7647,20619.0,12.938,166.0,105.0,61.0,124.5,42.1243,0.8817,14.1339,11.4605,0.5276,246.5199,18.7971,255.0,160.0,110.0777,21.6439,166.0,73.0,246.6332,20.2912,255.0,160.0,99.255,14.6933,131.0,73.0,0.3013
74,JKBR2.1e_4_Scan1.qptiff - resolution #1_Region 10.ome.tif,Positive,Positive,Arcuate hypothalamic nucleus,Polygon,835.38,5571.6,49.25,27.3217,0.8291,9.2071,6.9875,0.6725,254.9317,52261.0,0.2529,255.0,254.0,1.0,162.1317,33237.0,12.4549,197.0,136.0,61.0,125.5,41.9046,0.8981,14.5837,11.3547,0.6502,254.9014,0.2984,255.0,254.0,140.8935,24.208,197.0,97.0,254.8808,0.3246,255.0,254.0,126.4768,19.0862,175.0,97.0,0.4003
75,JKBR2.1e_4_Scan1.qptiff - resolution #1_Region 10.ome.tif,Positive,Positive,Arcuate hypothalamic nucleus,Polygon,757.48,5571.7,49.0,28.7082,0.7471,10.8955,6.1951,0.8101,252.899,50074.0,10.1286,255.0,184.0,71.0,142.1313,28142.0,12.8712,168.0,114.0,54.0,127.0,43.0402,0.8615,15.8445,10.3709,0.7258,237.6464,35.6161,255.0,126.0,115.2947,25.6842,168.0,72.0,227.9357,42.0752,255.0,126.0,98.209,14.9292,136.0,72.0,0.3783
76,JKBR2.1e_4_Scan1.qptiff - resolution #1_Region 10.ome.tif,Positive,Positive,Arcuate hypothalamic nucleus,Polygon,730.77,5571.0,53.25,35.8928,0.5194,13.7883,6.3321,0.933,254.9167,55062.0,0.277,255.0,254.0,1.0,147.9537,31958.0,16.5383,207.0,114.0,93.0,133.75,51.825,0.6258,19.0444,11.0039,0.8939,252.1397,12.2231,255.0,154.0,123.8287,25.3808,207.0,77.0,250.271,15.54,255.0,154.0,107.595,15.428,148.0,77.0,0.396
77,JKBR2.1e_4_Scan1.qptiff - resolution #1_Region 10.ome.tif,Positive,Positive,Arcuate hypothalamic nucleus,Polygon,856.66,5573.0,51.5,32.2579,0.6219,11.9997,6.6718,0.8616,251.7311,53367.0,9.1101,255.0,209.0,46.0,180.6651,38301.0,26.5681,224.0,121.0,103.0,167.5,49.136,0.8718,18.1164,12.6108,0.734,253.3452,6.1259,255.0,209.0,136.4889,35.5209,224.0,88.0,254.0842,3.8857,255.0,221.0,116.2613,14.5871,173.0,88.0,0.3098
78,JKBR2.1e_4_Scan1.qptiff - resolution #1_Region 10.ome.tif,Positive,Positive,Arcuate hypothalamic nucleus,Polygon,811.09,5572.4,45.75,30.3842,0.6227,10.0058,7.4208,0.6275,254.8989,47921.0,0.3022,255.0,254.0,1.0,165.1223,31043.0,16.4366,196.0,125.0,71.0,113.75,42.8356,0.779,15.6742,9.2082,0.8347,254.5088,2.3895,255.0,231.0,139.8925,25.9651,196.0,99.0,254.2351,3.0796,255.0,231.0,122.194,14.0379,160.0,99.0,0.4031
79,JKBR2.1e_4_Scan1.qptiff - resolution #1_Region 10.ome.tif,Positive,Positive,Arcuate hypothalamic nucleus,Polygon,996.57,5572.0,28.5,22.9204,0.6817,7.5517,6.3851,0.4209,201.275,24153.0,29.4672,255.0,162.0,93.0,95.6917,11483.0,10.2028,122.0,77.0,45.0,120.5,40.9794,0.9017,13.5663,11.9394,0.4152,222.8471,30.2732,255.0,162.0,81.5021,13.4705,122.0,60.0,229.9588,27.0226,255.0,164.0,76.8242,10.9001,114.0,60.0,0.2382
80,JKBR2.1e_4_Scan1.qptiff - resolution #1_Region 10.ome.tif,Positive,Positive,Arcuate hypothalamic nucleus,Polygon,843.83,5575.8,32.25,21.4377,0.8818,7.451,6.0331,0.6073,254.8702,33388.0,0.3373,255.0,254.0,1.0,160.4733,21022.0,13.613,189.0,132.0,57.0,85.0,36.5406,0.8,12.285,10.2691,0.3763,254.9186,0.2738,255.0,254.0,137.0698,23.2971,189.0,100.0,254.9484,0.2218,255.0,254.0,122.6761,14.7611,164.0,100.0,0.3724
81,JKBR2.1e_4_Scan1.qptiff - resolution #1_Region 10.ome.tif,Positive,Positive,Arcuate hypothalamic nucleus,Polygon,746.18,5577.4,48.0,28.3127,0.7525,11.1846,5.7774,0.8742,254.9137,50218.0,0.2815,255.0,254.0,1.0,155.9594,30724.0,15.9322,190.0,117.0,73.0,152.25,45.9207,0.9073,16.8438,12.0208,0.7036,254.9315,0.2528,255.0,254.0,125.2023,27.6586,190.0,66.0,254.9399,0.238,255.0,254.0,110.637,18.6155,145.0,66.0,0.3117
82,JKBR2.1e_4_Scan1.qptiff - resolution #1_Region 10.ome.tif,Positive,Positive,Arcuate hypothalamic nucleus,Polygon,716.51,5577.9,35.75,24.0796,0.7748,8.8067,5.8904,0.7419,254.8056,36692.0,0.3972,255.0,254.0,1.0,131.5069,18937.0,10.4547,163.0,108.0,55.0,122.5,41.0733,0.9125,14.3252,11.0,0.5801,242.061,29.9414,255.0,128.0,108.4106,21.3893,163.0,65.0,236.7874,34.2513,255.0,128.0,98.8534,17.01,147.0,65.0,0.2877
83,JKBR2.1e_4_Scan1.qptiff - resolution #1_Region 10.ome.tif,Positive,Positive,Arcuate hypothalamic nucleus,Polygon,767.89,5578.0,30.75,22.5155,0.7622,8.3862,5.1843,0.8503,254.8017,30831.0,0.4004,255.0,254.0,1.0,125.6942,15209.0,11.4418,161.0,106.0,55.0,101.5,37.4884,0.9076,13.8129,9.8995,0.6753,254.8554,0.3521,255.0,254.0,105.0245,17.2131,161.0,75.0,254.8781,0.3278,255.0,254.0,96.3101,10.4763,128.0,75.0,0.2924
84,JKBR2.1e_4_Scan1.qptiff - resolution #1_Region 10.ome.tif,Positive,Positive,Arcuate hypothalamic nucleus,Polygon,781.32,5578.1,45.25,34.6108,0.4747,14.5694,5.3897,0.9582,254.7796,47389.0,1.4777,255.0,239.0,16.0,152.7473,28411.0,15.4893,195.0,123.0,72.0,123.75,47.1578,0.6993,18.6396,8.8006,0.899,250.751,13.8675,255.0,186.0,130.2849,25.2059,195.0,82.0,248.3797,17.0104,255.0,186.0,117.0633,19.907,179.0,82.0,0.3658
85,JKBR2.1e_4_Scan1.qptiff - resolution #1_Region 10.ome.tif,Positive,Positive,Arcuate hypothalamic nucleus,Polygon,728.93,5579.5,43.25,32.7473,0.5068,11.2423,7.2444,0.7995,254.9318,44868.0,0.2528,255.0,254.0,1.0,142.983,25165.0,11.8087,171.0,121.0,50.0,127.75,43.4311,0.8511,15.7867,11.0,0.6676,253.1786,9.7523,255.0,173.0,125.3418,22.2928,171.0,67.0,252.2684,11.9234,255.0,173.0,116.1829,20.9132,168.0,67.0,0.3368
86,JKBR2.1e_4_Scan1.qptiff - resolution #1_Region 10.ome.tif,Positive,Positive,Arcuate hypothalamic nucleus,Polygon,808.48,5582.1,46.5,31.6838,0.5821,11.747,5.9008,0.8987,254.91,48178.0,0.2869,255.0,254.0,1.0,148.0847,27988.0,16.6021,181.0,116.0,65.0,124.5,44.695,0.7832,16.817,10.3715,0.8128,254.9122,0.2833,255.0,254.0,124.8683,22.8328,181.0,87.0,254.9135,0.2816,255.0,254.0,110.8045,12.0648,156.0,87.0,0.3706
87,JKBR2.1e_4_Scan1.qptiff - resolution #1_Region 10.ome.tif,Positive,Positive,Arcuate hypothalamic nucleus,Polygon,795.02,5583.4,38.25,23.6316,0.8607,8.4326,5.7352,0.7397,255.0,40290.0,0.0,255.0,255.0,0.0,166.0253,26232.0,15.6807,201.0,129.0,72.0,111.75,39.6589,0.8928,14.0888,10.5,0.587,253.7605,6.3927,255.0,200.0,136.7982,26.7689,201.0,90.0,253.0921,7.855,255.0,200.0,121.0375,16.1443,157.0,90.0,0.3456
88,JKBR2.1e_4_Scan1.qptiff - resolution #1_Region 10.ome.tif,Positive,Positive,Arcuate hypothalamic nucleus,Polygon,778.97,5586.2,43.75,25.1054,0.8723,9.3577,6.5491,0.6526,254.9278,45887.0,0.2596,255.0,254.0,1.0,187.5,33750.0,20.0927,221.0,132.0,89.0,108.25,39.4463,0.8742,14.7473,10.4335,0.6685,254.9016,0.2982,255.0,254.0,144.0961,46.6563,221.0,67.0,254.8833,0.3217,255.0,254.0,113.6965,34.2452,182.0,67.0,0.4042
89,JKBR2.1e_4_Scan1.qptiff - resolution #1_Region 10.ome.tif,Positive,Positive,Arcuate hypothalamic nucleus,Polygon,843.82,5584.8,35.0,22.4771,0.8706,8.4936,5.3377,0.8021,254.9643,35695.0,0.1862,255.0,254.0,1.0,182.3643,25531.0,17.9689,216.0,142.0,74.0,80.75,35.7469,0.7941,13.9406,8.8696,0.7569,254.6871,2.2682,255.0,223.0,153.8834,32.3765,216.0,103.0,254.4785,2.985,255.0,223.0,132.4462,22.8695,209.0,103.0,0.4175
90,JKBR2.1e_4_Scan1.qptiff - resolution #1_Region 10.ome.tif,Positive,Positive,Arcuate hypothalamic nucleus,Polygon,836.3,5587.5,32.5,21.8568,0.8549,8.1306,5.3084,0.7639,254.8741,34408.0,0.333,255.0,254.0,1.0,181.1481,24455.0,23.5164,228.0,133.0,95.0,91.0,37.191,0.8268,13.5687,8.3111,0.7939,252.0,11.3552,255.0,185.0,142.782,36.441,228.0,96.0,250.3276,14.0212,255.0,185.0,120.4569,20.5527,196.0,96.0,0.3562
91,JKBR2.1e_4_Scan1.qptiff - resolution #1_Region 10.ome.tif,Positive,Positive,Arcuate hypothalamic nucleus,Polygon,827.46,5591.7,44.75,26.9239,0.7758,10.3249,6.5203,0.7731,254.929,46652.0,0.2576,255.0,254.0,1.0,157.5082,28824.0,17.3046,189.0,120.0,69.0,141.0,44.2991,0.9029,16.2369,11.3841,0.7121,254.9225,0.5612,255.0,243.0,128.1356,24.576,189.0,93.0,254.9195,0.6585,255.0,243.0,114.174,11.9708,152.0,93.0,0.3181
92,JKBR2.1e_4_Scan1.qptiff - resolution #1_Region 10.ome.tif,Positive,Positive,Arcuate hypothalamic nucleus,Polygon,811.16,5592.4,43.75,26.6238,0.7756,10.6842,5.7474,0.8417,254.9157,45375.0,0.2786,255.0,254.0,1.0,165.9944,29547.0,16.5268,197.0,132.0,65.0,112.25,40.1951,0.8731,14.47,10.9357,0.6593,254.8606,0.3467,255.0,254.0,138.3606,29.0923,197.0,85.0,254.8248,0.3808,255.0,254.0,120.4088,19.9943,184.0,85.0,0.3804
93,JKBR2.1e_4_Scan1.qptiff - resolution #1_Region 10.ome.tif,Positive,Positive,Arcuate hypothalamic nucleus,Polygon,883.04,5592.5,51.0,28.5025,0.7889,9.0841,8.0535,0.435,254.6683,52207.0,2.1137,255.0,236.0,19.0,147.8049,30300.0,16.8413,193.0,114.0,79.0,150.0,45.0014,0.9308,14.9299,13.2827,0.2309,250.66,13.5532,255.0,184.0,118.1111,25.4238,193.0,77.0,248.5955,16.2381,255.0,184.0,102.8166,12.0243,135.0,77.0,0.331
94,JKBR2.1e_4_Scan1.qptiff - resolution #1_Region 10.ome.tif,Positive,Positive,Arcuate hypothalamic nucleus,Polygon,802.24,5595.2,63.5,31.9042,0.784,12.1743,7.1785,0.8307,254.9297,65262.0,0.2562,255.0,254.0,1.0,207.1602,53033.0,19.6537,245.0,160.0,85.0,111.5,41.8976,0.7982,15.7084,9.6008,0.8044,254.9022,0.2973,255.0,254.0,180.08,37.2634,245.0,99.0,254.866,0.3416,255.0,254.0,144.3454,21.5344,193.0,99.0,0.562
95,JKBR2.1e_4_Scan1.qptiff - resolution #1_Region 10.ome.tif,Positive,Positive,Arcuate hypothalamic nucleus,Polygon,792.28,5594.7,51.75,29.0808,0.769,9.7825,8.149,0.5413,255.0,54570.0,0.0,255.0,255.0,0.0,195.1028,41752.0,23.8201,246.0,135.0,111.0,125.5,42.8753,0.8579,15.3626,11.0952,0.6979,254.9644,0.1856,255.0,254.0,157.2337,40.4199,246.0,87.0,254.9381,0.2413,255.0,254.0,129.3849,24.2108,226.0,87.0,0.4159
96,JKBR2.1e_4_Scan1.qptiff - resolution #1_Region 10.ome.tif,Positive,Positive,Arcuate hypothalamic nucleus,Polygon,869.93,5595.0,48.25,26.3871,0.8708,8.9948,7.5178,0.3058,254.9498,50735.0,0.219,255.0,254.0,1.0,144.1357,28683.0,11.379,173.0,118.0,55.0,146.0,44.0296,0.9464,14.6456,12.9771,0.2023,252.1333,9.7341,255.0,194.0,119.9385,19.4559,173.0,94.0,250.6814,11.7256,255.0,194.0,107.4637,6.9954,130.0,94.0,0.3318
97,JKBR2.1e_4_Scan1.qptiff - resolution #1_Region 10.ome.tif,Positive,Positive,Arcuate hypothalamic nucleus,Polygon,845.86,5596.8,45.0,25.003,0.9046,8.9724,6.4953,0.6796,255.0,46665.0,0.0,255.0,255.0,0.0,189.2678,34636.0,22.3265,225.0,143.0,82.0,117.25,40.0161,0.9201,13.5523,11.5,0.563,250.0211,15.3592,255.0,173.0,151.2511,36.3805,225.0,99.0,246.89,18.955,255.0,173.0,127.3436,18.9831,173.0,99.0,0.3806
98,JKBR2.1e_4_Scan1.qptiff - resolution #1_Region 10.ome.tif,Positive,Positive,Arcuate hypothalamic nucleus,Polygon,722.61,5596.9,36.75,24.1623,0.791,8.0338,6.697,0.6213,255.0,37995.0,0.0,255.0,255.0,0.0,145.9396,21745.0,21.2562,206.0,111.0,95.0,129.5,41.7254,0.9347,14.0685,12.0,0.4428,254.9711,0.1677,255.0,254.0,111.8825,33.8412,206.0,52.0,254.9595,0.1975,255.0,254.0,98.1676,27.7394,177.0,52.0,0.2809
99,JKBR2.1e_4_Scan1.qptiff - resolution #1_Region 10.ome.tif,Positive,Positive,Arcuate hypothalamic nucleus,Polygon,1015.3,5597.2,32.75,23.8347,0.7244,7.8225,5.9891,0.6673,169.9185,22939.0,41.5125,255.0,124.0,131.0,95.5185,12895.0,10.6574,132.0,76.0,56.0,126.0,41.3392,0.9265,13.6813,12.15,0.4642,187.581,47.1944,255.0,121.0,81.1443,13.3617,132.0,59.0,194.0081,47.5461,255.0,121.0,75.9137,9.9861,111.0,59.0,0.2641
100,JKBR2.1e_4_Scan1.qptiff - resolution #1_Region 10.ome.tif,Positive,Positive,Arcuate hypothalamic nucleus,Polygon,1064.2,5606.8,118.0,45.7763,0.7076,16.6379,11.1143,0.6977,235.3671,111564.0,40.6432,255.0,119.0,136.0,112.211,53188.0,16.0195,154.0,81.0,73.0,271.5,62.042,0.8864,22.4739,16.7671,0.6311,215.4936,53.365,255.0,113.0,89.7917,23.3692,154.0,57.0,200.2013,56.865,255.0,113.0,72.5406,9.1752,107.0,57.0,0.4338
101,JKBR2.1e_4_Scan1.qptiff - resolution #1_Region 10.ome.tif,Positive,Positive,Arcuate hypothalamic nucleus,Polygon,838.52,5606.6,87.25,39.3927,0.7066,13.6603,10.0026,0.6093,254.9155,90495.0,0.2785,255.0,254.0,1.0,169.5944,60206.0,14.1169,201.0,135.0,66.0,199.0,53.425,0.8761,18.7996,15.5,0.49,254.6987,2.6065,255.0,211.0,146.025,25.9774,201.0,99.0,254.5258,3.478,255.0,211.0,127.2225,16.0313,175.0,99.0,0.4394
102,JKBR2.1e_4_Scan1.qptiff - resolution #1_Region 10.ome.tif,Positive,Positive,Arcuate hypothalamic nucleus,Polygon,810.62,5605.2,31.75,20.6571,0.935,6.9591,5.9976,0.4483,254.8837,32880.0,0.3218,255.0,254.0,1.0,161.6279,20850.0,13.3382,189.0,125.0,64.0,88.25,34.8116,0.9151,12.4241,10.1283,0.5493,254.8739,0.3324,255.0,254.0,136.5826,26.6321,189.0,85.0,254.8684,0.3388,255.0,254.0,122.4123,21.3041,167.0,85.0,0.3558
103,JKBR2.1e_4_Scan1.qptiff - resolution #1_Region 10.ome.tif,Positive,Positive,Arcuate hypothalamic nucleus,Polygon,799.71,5607.7,54.25,29.664,0.7747,10.5157,7.886,0.6052,254.8182,56060.0,0.3866,255.0,254.0,1.0,138.4955,30469.0,15.202,178.0,107.0,71.0,146.25,45.0467,0.9057,16.4232,12.4227,0.6506,254.8831,0.3216,255.0,254.0,113.2034,25.1036,178.0,68.0,254.9216,0.2691,255.0,254.0,98.1649,16.1431,150.0,68.0,0.3701
104,JKBR2.1e_4_Scan1.qptiff - resolution #1_Region 10.ome.tif,Positive,Positive,Arcuate hypothalamic nucleus,Polygon,883.04,5610.3,72.0,41.704,0.5202,13.6087,9.7545,0.7151,254.9161,75965.0,0.3711,255.0,251.0,4.0,140.9564,42005.0,15.7805,172.0,108.0,64.0,219.0,57.1886,0.8415,19.2114,15.5255,0.5576,253.1625,8.4207,255.0,185.0,117.7818,20.597,172.0,83.0,252.2646,10.2382,255.0,185.0,105.9158,9.9008,134.0,83.0,0.3389
105,JKBR2.1e_4_Scan1.qptiff - resolution #1_Region 10.ome.tif,Positive,Positive,Arcuate hypothalamic nucleus,Polygon,912.08,5610.5,57.5,32.5934,0.6802,11.6146,7.4528,0.7435,243.3103,56448.0,25.6135,255.0,152.0,103.0,114.5603,26578.0,7.6722,136.0,98.0,38.0,175.75,49.3131,0.9082,17.3816,13.1308,0.67,232.0384,37.0311,255.0,139.0,101.192,14.494,136.0,65.0,226.4862,40.3999,255.0,139.0,94.6072,12.3764,121.0,65.0,0.3308
106,JKBR2.1e_4_Scan1.qptiff - resolution #1_Region 10.ome.tif,Positive,Positive,Arcuate hypothalamic nucleus,Polygon,860.62,5608.2,31.75,28.1261,0.5044,10.9384,5.2123,0.9189,254.8092,33380.0,0.3945,255.0,254.0,1.0,128.5267,16837.0,7.2168,141.0,112.0,29.0,114.75,41.6866,0.8298,15.2177,9.2267,0.8072,254.8178,0.3864,255.0,254.0,114.243,12.8524,141.0,86.0,254.8212,0.3838,255.0,254.0,108.5727,9.8433,137.0,86.0,0.2793
107,JKBR2.1e_4_Scan1.qptiff - resolution #1_Region 10.ome.tif,Positive,Positive,Arcuate hypothalamic nucleus,Polygon,997.65,5613.0,115.75,45.1241,0.7144,15.3325,11.2358,0.6366,252.5308,118942.0,8.747,255.0,183.0,72.0,102.3567,48210.0,9.9096,126.0,77.0,49.0,267.25,61.0731,0.9004,21.202,17.1455,0.5416,243.9085,24.9116,255.0,140.0,84.0999,18.3529,126.0,54.0,237.14,30.7276,255.0,140.0,69.7683,7.5372,93.0,54.0,0.4401
108,JKBR2.1e_4_Scan1.qptiff - resolution #1_Region 10.ome.tif,Positive,Positive,Arcuate hypothalamic nucleus,Polygon,818.47,5612.7,43.0,24.7392,0.8829,8.5336,6.479,0.5199,254.9886,44623.0,0.1066,255.0,254.0,1.0,134.3428,23510.0,10.5508,156.0,109.0,47.0,133.0,41.7112,0.9606,14.3251,12.0,0.4897,254.9062,0.2918,255.0,254.0,117.6642,21.0185,168.0,76.0,254.8659,0.3412,255.0,254.0,109.5112,20.0264,168.0,76.0,0.3168
109,JKBR2.1e_4_Scan1.qptiff - resolution #1_Region 10.ome.tif,Positive,Positive,Arcuate hypothalamic nucleus,Polygon,863.34,5617.0,40.75,28.9147,0.6125,11.9365,4.7338,0.9142,254.8155,42809.0,0.3891,255.0,254.0,1.0,128.1429,21528.0,6.1754,139.0,111.0,28.0,128.75,46.6381,0.7438,18.0499,10.1249,0.8407,254.8375,0.4625,255.0,249.0,118.0658,11.6582,139.0,90.0,254.8481,0.4941,255.0,249.0,113.2149,10.5169,130.0,90.0,0.3155
110,JKBR2.1e_4_Scan1.qptiff - resolution #1_Region 10.ome.tif,Positive,Positive,Arcuate hypothalamic nucleus,Polygon,845.12,5620.1,73.75,42.8163,0.5055,12.3654,10.0998,0.4492,254.9335,76735.0,0.2495,255.0,254.0,1.0,134.3654,40444.0,8.6,154.0,115.0,39.0,198.25,54.7874,0.83,17.8294,15.0068,0.359,254.9042,0.2946,255.0,254.0,118.9016,15.3069,160.0,89.0,254.8862,0.3179,255.0,254.0,109.4411,9.8218,160.0,89.0,0.372
111,JKBR2.1e_4_Scan1.qptiff - resolution #1_Region 10.ome.tif,Positive,Positive,Arcuate hypothalamic nucleus,Polygon,830.42,5624.4,49.5,27.3567,0.8312,9.4718,7.2236,0.6264,254.9,50980.0,0.3008,255.0,254.0,1.0,164.08,32816.0,18.9677,205.0,126.0,79.0,131.25,42.4865,0.9137,14.9497,11.0,0.6631,254.8866,0.3174,255.0,254.0,129.1323,31.9046,205.0,74.0,254.8784,0.3273,255.0,254.0,107.8875,14.9288,148.0,74.0,0.3725
112,JKBR2.1e_4_Scan1.qptiff - resolution #1_Region 10.ome.tif,Positive,Positive,Arcuate hypothalamic nucleus,Polygon,856.39,5631.7,65.25,35.023,0.6685,14.6373,6.1595,0.8986,254.8712,67286.0,0.3356,255.0,254.0,1.0,148.4962,39203.0,14.2663,176.0,113.0,63.0,186.75,51.7274,0.8771,19.8142,11.8958,0.7914,254.8703,0.3362,255.0,254.0,120.8503,24.4681,176.0,76.0,254.8698,0.3368,255.0,254.0,105.7707,13.0185,157.0,76.0,0.3508
113,JKBR2.1e_4_Scan1.qptiff - resolution #1_Region 10.ome.tif,Positive,Positive,Arcuate hypothalamic nucleus,Polygon,831.9,5634.9,37.0,22.8856,0.8877,8.4364,6.493,0.5848,255.0,38250.0,0.0,255.0,255.0,0.0,130.82,19623.0,10.8226,154.0,104.0,50.0,107.5,37.9319,0.9389,12.8865,10.9225,0.4734,255.0,0.0,255.0,255.0,102.9005,25.2881,154.0,51.0,255.0,0.0,255.0,255.0,88.0496,16.7722,130.0,51.0,0.3382
114,JKBR2.1e_4_Scan1.qptiff - resolution #1_Region 10.ome.tif,Positive,Positive,Arcuate hypothalamic nucleus,Polygon,923.98,5652.3,52.0,33.9146,0.5681,14.128,6.1746,0.8857,240.8269,50092.0,26.7998,255.0,167.0,88.0,164.875,34294.0,32.9216,217.0,90.0,127.0,172.5,51.5417,0.816,20.1572,11.9925,0.8184,227.6335,32.2066,255.0,153.0,115.6854,38.5915,217.0,72.0,221.9753,32.695,255.0,153.0,94.5897,13.417,145.0,72.0,0.3017
115,JKBR2.1e_4_Scan1.qptiff - resolution #1_Region 10.ome.tif,Positive,Positive,Arcuate hypothalamic nucleus,Polygon,1069.7,5648.4,29.0,24.7166,0.5965,8.551,5.7018,0.6914,230.6364,27907.0,39.6722,255.0,138.0,117.0,101.3306,12261.0,12.1966,129.0,73.0,56.0,124.25,42.494,0.8647,14.5814,11.0,0.6079,214.208,46.6045,255.0,119.0,81.254,15.6495,144.0,57.0,208.9631,47.4723,255.0,119.0,74.8443,10.2889,144.0,57.0,0.2381
116,JKBR2.1e_4_Scan1.qptiff - resolution #1_Region 10.ome.tif,Positive,Positive,Arcuate hypothalamic nucleus,Polygon,938.35,5672.8,59.25,34.8347,0.6136,14.688,5.8692,0.9278,255.0,61455.0,0.0,255.0,255.0,0.0,132.4191,31913.0,18.4086,170.0,93.0,77.0,183.75,52.0795,0.8513,20.5276,11.5494,0.8217,254.9756,0.1544,255.0,254.0,97.8984,28.3176,170.0,56.0,254.9638,0.187,255.0,254.0,81.159,12.9517,124.0,56.0,0.3275
117,JKBR2.1e_4_Scan1.qptiff - resolution #1_Region 10.ome.tif,Positive,Positive,Arcuate hypothalamic nucleus,Polygon,1156.1,5884.0,75.25,32.8232,0.8777,11.5335,8.619,0.67,227.0298,68563.0,44.3109,255.0,121.0,134.0,138.9801,41972.0,18.9475,167.0,95.0,72.0,191.5,50.1239,0.9578,17.5405,14.3529,0.5526,195.6948,57.0649,255.0,112.0,99.6455,34.8281,167.0,59.0,175.4744,55.2451,255.0,112.0,74.2628,10.9459,116.0,59.0,0.3933
118,JKBR2.1e_4_Scan1.qptiff - resolution #1_Region 10.ome.tif,Positive,Positive,Arcuate hypothalamic nucleus,Polygon,730.52,5884.7,60.0,29.2571,0.8808,10.4951,7.8999,0.6042,254.9102,62453.0,0.2865,255.0,254.0,1.0,114.5224,28058.0,14.0367,142.0,85.0,57.0,167.75,47.0413,0.9526,16.5655,13.0,0.5536,254.9243,0.2647,255.0,254.0,83.5237,26.8857,142.0,41.0,254.9324,0.2513,255.0,254.0,65.8205,12.6527,97.0,41.0,0.3579
119,JKBR2.1e_4_Scan1.qptiff - resolution #1_Region 10.ome.tif,Positive,Positive,Arcuate hypothalamic nucleus,Polygon,841.79,5894.5,51.25,28.678,0.7831,10.5277,7.2001,0.759,255.0,53040.0,0.0,255.0,255.0,0.0,175.9038,36588.0,26.8072,226.0,117.0,109.0,142.5,45.4359,0.8674,15.9756,12.2984,0.6773,255.0,0.0,255.0,255.0,133.6327,38.999,226.0,75.0,255.0,0.0,255.0,255.0,109.277,18.953,165.0,75.0,0.3636
120,JKBR2.1e_4_Scan1.qptiff - resolution #1_Region 10.ome.tif,Positive,Positive,Arcuate hypothalamic nucleus,Polygon,798.24,5895.0,42.25,24.7486,0.8668,8.9997,5.9427,0.7487,254.9419,43850.0,0.2347,255.0,254.0,1.0,136.0872,23407.0,15.3401,163.0,103.0,60.0,118.25,40.9,0.8883,14.9959,9.9514,0.7471,254.9685,0.1749,255.0,254.0,107.4286,28.0234,163.0,57.0,254.9836,0.1274,255.0,254.0,91.2138,19.1906,161.0,57.0,0.3589
121,JKBR2.1e_4_Scan1.qptiff - resolution #1_Region 10.ome.tif,Positive,Positive,Arcuate hypothalamic nucleus,Polygon,725.54,5898.9,93.0,40.5159,0.7119,15.1016,9.1125,0.8324,254.9679,95358.0,0.1765,255.0,254.0,1.0,115.7701,43298.0,11.3272,142.0,90.0,52.0,215.75,55.4314,0.8824,20.8991,14.1624,0.759,250.1035,17.5883,255.0,161.0,95.6209,21.0855,142.0,57.0,246.3601,22.7065,255.0,161.0,80.1152,11.6092,111.0,57.0,0.4367
122,JKBR2.1e_4_Scan1.qptiff - resolution #1_Region 10.ome.tif,Positive,Positive,Arcuate hypothalamic nucleus,Polygon,852.16,5901.8,78.0,39.2462,0.6364,14.5926,8.8992,0.7819,254.9,81568.0,0.3005,255.0,254.0,1.0,149.2031,47745.0,15.2804,178.0,109.0,69.0,201.25,55.7431,0.8139,20.76,13.9195,0.7085,254.0856,4.6416,255.0,213.0,127.572,23.1242,178.0,77.0,253.5494,5.9139,255.0,213.0,113.3292,14.8985,146.0,77.0,0.3948
123,JKBR2.1e_4_Scan1.qptiff - resolution #1_Region 10.ome.tif,Positive,Positive,Arcuate hypothalamic nucleus,Polygon,864.4,5899.3,68.5,34.2973,0.7318,11.6348,9.3615,0.5789,253.6416,70766.0,4.8555,255.0,223.0,32.0,219.9462,61365.0,35.2584,255.0,138.0,117.0,180.75,50.6653,0.8848,17.4802,14.316,0.5281,254.1174,3.6837,255.0,223.0,154.1865,59.4862,255.0,73.0,254.4157,2.6653,255.0,232.0,112.9573,23.7238,197.0,73.0,0.3829
124,JKBR2.1e_4_Scan1.qptiff - resolution #1_Region 10.ome.tif,Positive,Positive,Arcuate hypothalamic nucleus,Polygon,830.95,5900.0,46.5,27.813,0.7554,11.2188,6.0623,0.8544,254.9947,48194.0,0.0727,255.0,254.0,1.0,221.1958,41806.0,28.7354,255.0,158.0,97.0,110.25,40.2113,0.8568,13.9175,10.0623,0.6122,254.973,0.1623,255.0,254.0,170.8964,51.1252,255.0,86.0,254.9569,0.2036,255.0,254.0,133.6157,25.8771,203.0,86.0,0.417
125,JKBR2.1e_4_Scan1.qptiff - resolution #1_Region 10.ome.tif,Positive,Positive,Arcuate hypothalamic nucleus,Polygon,742.49,5903.5,53.25,31.3428,0.6812,10.9771,7.2983,0.7719,254.588,54991.0,1.9027,255.0,237.0,18.0,100.1759,21638.0,8.2511,116.0,81.0,35.0,168.25,48.6914,0.8918,16.6187,13.2713,0.5811,254.7533,1.3802,255.0,237.0,83.6765,16.2558,116.0,51.0,254.8308,1.0434,255.0,239.0,75.9458,12.9919,112.0,51.0,0.3175
126,JKBR2.1e_4_Scan1.qptiff - resolution #1_Region 10.ome.tif,Positive,Positive,Arcuate hypothalamic nucleus,Polygon,805.05,5903.1,65.5,37.611,0.5819,14.877,6.2925,0.9196,254.8702,66776.0,0.3367,255.0,254.0,1.0,170.1298,44574.0,22.4316,219.0,126.0,93.0,155.0,48.2405,0.837,19.2693,11.0,0.8121,254.8384,0.3684,255.0,254.0,134.4192,37.0036,219.0,68.0,254.8154,0.3885,255.0,254.0,108.6446,20.2078,164.0,68.0,0.4149
127,JKBR2.1e_4_Scan1.qptiff - resolution #1_Region 10.ome.tif,Positive,Positive,Arcuate hypothalamic nucleus,Polygon,819.36,5905.9,71.5,34.4125,0.7587,12.7119,7.8502,0.7413,254.8188,73133.0,0.3858,255.0,254.0,1.0,179.9791,51654.0,17.9992,216.0,140.0,76.0,147.25,46.5863,0.8526,15.9717,12.3285,0.5507,254.868,0.3388,255.0,254.0,147.9983,36.2191,216.0,79.0,254.9145,0.2801,255.0,254.0,117.8059,19.1109,162.0,79.0,0.4749
128,JKBR2.1e_4_Scan1.qptiff - resolution #1_Region 10.ome.tif,Positive,Positive,Arcuate hypothalamic nucleus,Polygon,836.23,5909.7,56.5,32.4333,0.675,11.097,7.9354,0.6523,254.8952,58371.0,0.307,255.0,254.0,1.0,180.6638,41372.0,29.9667,236.0,112.0,124.0,157.25,47.1298,0.8896,17.0267,12.9324,0.6608,254.8831,0.3216,255.0,254.0,129.7662,46.1499,236.0,67.0,254.8762,0.3297,255.0,254.0,100.9158,22.9247,194.0,67.0,0.3585
129,JKBR2.1e_4_Scan1.qptiff - resolution #1_Region 10.ome.tif,Positive,Positive,Arcuate hypothalamic nucleus,Polygon,790.4,5910.3,60.75,30.3016,0.8314,11.4618,8.0139,0.6857,254.9225,62456.0,0.268,255.0,254.0,1.0,174.7347,42810.0,28.0776,234.0,123.0,111.0,169.75,47.9254,0.9287,17.1267,13.5,0.5694,254.8532,0.3542,255.0,254.0,133.4728,36.8103,234.0,86.0,254.8142,0.3894,255.0,254.0,110.2867,13.3499,153.0,86.0,0.3543
130,JKBR2.1e_4_Scan1.qptiff - resolution #1_Region 10.ome.tif,Positive,Positive,Arcuate hypothalamic nucleus,Polygon,722.75,5912.5,59.75,32.9919,0.6898,11.2305,8.7952,0.4623,254.8967,61685.0,0.305,255.0,254.0,1.0,108.7025,26306.0,8.4928,123.0,87.0,36.0,158.25,47.8414,0.8689,16.9177,12.899,0.6311,254.8574,0.35,255.0,254.0,89.7508,17.5697,123.0,57.0,254.8333,0.3731,255.0,254.0,78.1692,9.9647,106.0,57.0,0.3778
131,JKBR2.1e_4_Scan1.qptiff - resolution #1_Region 10.ome.tif,Positive,Positive,Arcuate hypothalamic nucleus,Polygon,806.71,5914.3,30.0,21.4627,0.8184,8.0905,4.4898,0.853,254.7581,31590.0,0.4485,255.0,253.0,2.0,127.9274,15863.0,14.1979,167.0,100.0,67.0,92.75,35.4943,0.9251,12.0804,10.0,0.4334,252.3324,8.4829,255.0,209.0,111.4504,17.7614,167.0,73.0,251.1245,10.1702,255.0,209.0,103.245,13.0338,138.0,73.0,0.3133
132,JKBR2.1e_4_Scan1.qptiff - resolution #1_Region 10.ome.tif,Positive,Positive,Arcuate hypothalamic nucleus,Polygon,816.84,5922.8,179.25,70.0654,0.4588,21.4929,14.1416,0.8098,254.8437,184252.0,0.5853,255.0,245.0,10.0,141.0954,102012.0,37.7501,239.0,82.0,157.0,339.0,76.5589,0.7268,26.1618,18.7791,0.7295,253.7968,6.0907,255.0,189.0,126.7504,34.618,239.0,69.0,252.6047,8.7371,255.0,189.0,110.4173,20.9836,174.0,69.0,0.532
133,JKBR2.1e_4_Scan1.qptiff - resolution #1_Region 10.ome.tif,Positive,Positive,Arcuate hypothalamic nucleus,Polygon,739.13,5918.5,49.5,27.3144,0.8337,9.6897,7.3004,0.6605,254.96,50992.0,0.1965,255.0,254.0,1.0,152.78,30556.0,18.7496,203.0,109.0,94.0,120.0,41.4074,0.8795,14.1076,12.2501,0.3382,254.8423,0.9521,255.0,239.0,123.8216,32.0192,203.0,62.0,254.7589,1.2278,255.0,239.0,103.2837,22.041,172.0,62.0,0.4056
134,JKBR2.1e_4_Scan1.qptiff - resolution #1_Region 10.ome.tif,Positive,Positive,Arcuate hypothalamic nucleus,Polygon,770.58,5918.2,34.75,23.0604,0.8212,7.7783,5.9798,0.6607,254.9097,36707.0,0.2876,255.0,254.0,1.0,145.4028,20938.0,20.013,223.0,115.0,108.0,113.5,39.2813,0.9243,13.4645,10.5916,0.6167,254.8575,0.35,255.0,254.0,119.0482,23.8193,223.0,80.0,254.8333,0.3733,255.0,254.0,106.8846,13.2616,140.0,80.0,0.3069
135,JKBR2.1e_4_Scan1.qptiff - resolution #1_Region 10.ome.tif,Positive,Positive,Arcuate hypothalamic nucleus,Polygon,729.46,5924.5,52.25,27.6664,0.8578,11.2791,6.4428,0.8049,254.9242,53789.0,0.2654,255.0,254.0,1.0,190.5261,40201.0,28.8018,247.0,121.0,126.0,129.5,43.3861,0.8645,16.4563,11.5326,0.7091,253.3077,6.984,255.0,205.0,139.6154,49.9865,247.0,62.0,252.2039,8.8955,255.0,205.0,104.8511,25.6259,186.0,62.0,0.3964
136,JKBR2.1e_4_Scan1.qptiff - resolution #1_Region 10.ome.tif,Positive,Positive,Arcuate hypothalamic nucleus,Polygon,778.42,5926.3,58.75,30.6389,0.7865,10.9745,7.7782,0.592,254.8517,60145.0,0.3562,255.0,254.0,1.0,194.983,46016.0,33.6487,255.0,130.0,125.0,141.0,46.0286,0.8363,15.5894,12.8686,0.3763,253.7834,6.4393,255.0,190.0,160.7324,48.0952,255.0,76.0,253.0241,8.3394,255.0,190.0,136.3855,41.5641,237.0,76.0,0.4033
137,JKBR2.1e_4_Scan1.qptiff - resolution #1_Region 10.ome.tif,Positive,Positive,Arcuate hypothalamic nucleus,Polygon,748.62,5927.9,99.0,38.865,0.8236,13.1312,11.0721,0.3545,254.9347,101464.0,0.2474,255.0,254.0,1.0,167.6734,66734.0,19.6075,210.0,119.0,91.0,197.0,52.1439,0.9105,17.7405,15.3766,0.4016,248.6426,20.7649,255.0,139.0,139.1293,34.3648,210.0,73.0,242.2379,28.1,255.0,139.0,110.0742,17.802,153.0,73.0,0.5059
138,JKBR2.1e_4_Scan1.qptiff - resolution #1_Region 10.ome.tif,Positive,Positive,Arcuate hypothalamic nucleus,Polygon,792.83,5928.7,58.75,38.06,0.5097,12.6277,6.932,0.8932,254.9295,61438.0,0.2566,255.0,254.0,1.0,174.8465,42138.0,27.3943,220.0,122.0,98.0,174.5,52.1022,0.8078,17.5154,12.9038,0.6804,254.8398,0.9349,255.0,237.0,143.7496,32.4048,220.0,97.0,254.7926,1.1375,255.0,237.0,127.3865,20.7708,201.0,97.0,0.3385
139,JKBR2.1e_4_Scan1.qptiff - resolution #1_Region 10.ome.tif,Positive,Positive,Arcuate hypothalamic nucleus,Polygon,1012.4,5934.6,113.75,46.5328,0.6601,16.2793,10.3892,0.8026,219.1255,99483.0,46.9042,255.0,122.0,133.0,107.7467,48917.0,11.2387,142.0,86.0,56.0,266.75,62.3583,0.862,22.0027,16.4308,0.6893,210.3627,51.3811,255.0,114.0,90.0787,18.8921,142.0,54.0,203.8728,53.5805,255.0,114.0,76.9935,11.1855,105.0,54.0,0.4252
140,JKBR2.1e_4_Scan1.qptiff - resolution #1_Region 10.ome.tif,Positive,Positive,Arcuate hypothalamic nucleus,Polygon,870.53,5929.8,35.5,27.2572,0.6004,9.9456,5.7634,0.82,253.898,37323.0,4.0286,255.0,229.0,26.0,117.2245,17232.0,9.5364,133.0,98.0,35.0,130.75,42.9079,0.8924,16.0568,10.7704,0.7488,251.7557,10.2929,255.0,177.0,99.8721,17.0175,133.0,66.0,250.9204,11.7715,255.0,177.0,93.1061,14.2787,133.0,66.0,0.2766
141,JKBR2.1e_4_Scan1.qptiff - resolution #1_Region 10.ome.tif,Positive,Positive,Arcuate hypothalamic nucleus,Polygon,736.68,5932.3,42.0,25.5893,0.806,9.7903,6.0374,0.8001,250.4,42568.0,19.4369,255.0,145.0,110.0,128.1706,21789.0,6.2294,146.0,111.0,35.0,97.25,37.0092,0.8922,13.8975,10.1024,0.695,239.4949,36.5676,255.0,125.0,114.4162,15.5766,146.0,78.0,231.2188,43.7128,255.0,125.0,103.9777,12.0214,130.0,78.0,0.4208
142,JKBR2.1e_4_Scan1.qptiff - resolution #1_Region 10.ome.tif,Positive,Positive,Arcuate hypothalamic nucleus,Polygon,770.08,5934.7,52.5,28.3549,0.8206,9.4396,8.2585,0.3455,254.9014,54294.0,0.2988,255.0,254.0,1.0,136.0657,28982.0,14.9147,165.0,110.0,55.0,146.0,44.5498,0.9244,15.2014,13.3142,0.4573,250.9147,12.6782,255.0,183.0,112.4522,21.7236,165.0,71.0,248.6381,15.441,255.0,183.0,98.9678,10.6659,128.0,71.0,0.3596
143,JKBR2.1e_4_Scan1.qptiff - resolution #1_Region 10.ome.tif,Positive,Positive,Arcuate hypothalamic nucleus,Polygon,805.38,5936.5,66.0,32.0854,0.8056,11.3139,7.4881,0.7718,254.9326,68067.0,0.2512,255.0,254.0,1.0,147.7978,39462.0,11.505,175.0,118.0,57.0,158.25,47.7011,0.874,16.4447,12.2813,0.5976,254.8943,0.6975,255.0,242.0,124.7366,23.3451,175.0,80.0,254.8665,0.8908,255.0,242.0,107.9591,13.2723,141.0,80.0,0.4169
144,JKBR2.1e_4_Scan1.qptiff - resolution #1_Region 10.ome.tif,Positive,Positive,Arcuate hypothalamic nucleus,Polygon,832.62,5935.8,49.5,31.4849,0.6275,12.7616,5.7365,0.9074,255.0,51765.0,0.0,255.0,255.0,0.0,166.2562,33750.0,26.9516,229.0,114.0,115.0,155.75,48.086,0.8464,18.8555,11.5495,0.7844,255.0,0.0,255.0,255.0,127.1866,37.3344,229.0,72.0,255.0,0.0,255.0,255.0,108.4811,25.1522,175.0,72.0,0.3184
145,JKBR2.1e_4_Scan1.qptiff - resolution #1_Region 10.ome.tif,Positive,Positive,Arcuate hypothalamic nucleus,Polygon,819.97,5937.0,44.75,26.2782,0.8143,9.5247,6.5158,0.719,255.0,46410.0,0.0,255.0,255.0,0.0,170.533,31037.0,18.5397,215.0,132.0,83.0,109.5,40.8461,0.8248,15.4894,10.4642,0.7228,254.1558,5.4653,255.0,202.0,140.1196,32.09,215.0,75.0,253.567,7.0662,255.0,202.0,118.9119,20.3064,167.0,75.0,0.4031
146,JKBR2.1e_4_Scan1.qptiff - resolution #1_Region 10.ome.tif,Positive,Positive,Arcuate hypothalamic nucleus,Polygon,727.78,5939.5,48.5,27.5226,0.8046,9.3458,7.4936,0.5202,252.7732,49038.0,10.6591,255.0,173.0,82.0,135.6598,26318.0,10.2718,160.0,108.0,52.0,132.0,42.4854,0.919,14.5138,11.6143,0.4689,226.2726,46.3396,255.0,120.0,110.8195,25.2419,160.0,59.0,211.0621,51.7893,255.0,120.0,96.5621,19.6069,145.0,59.0,0.3565
147,JKBR2.1e_4_Scan1.qptiff - resolution #1_Region 10.ome.tif,Positive,Positive,Arcuate hypothalamic nucleus,Polygon,782.83,5939.5,49.5,27.0963,0.8472,9.1134,7.9028,0.3637,255.0,52275.0,0.0,255.0,255.0,0.0,171.9902,35258.0,19.06,201.0,124.0,77.0,147.25,44.3283,0.9417,14.9818,13.101,0.4724,253.1419,7.0433,255.0,211.0,147.125,37.2639,229.0,70.0,252.1576,8.5527,255.0,211.0,133.9535,37.8388,229.0,70.0,0.3343
148,JKBR2.1e_4_Scan1.qptiff - resolution #1_Region 10.ome.tif,Positive,Positive,Arcuate hypothalamic nucleus,Polygon,866.32,5939.2,31.5,24.8976,0.6386,9.0073,5.6549,0.7746,254.9385,33142.0,0.2412,255.0,254.0,1.0,117.4077,15263.0,8.849,144.0,103.0,41.0,120.5,41.1676,0.8935,15.086,10.8681,0.6625,251.3423,13.2874,255.0,173.0,102.3567,13.3239,144.0,74.0,250.0253,15.3259,255.0,173.0,96.8451,10.0266,127.0,74.0,0.2677
149,JKBR2.1e_4_Scan1.qptiff - resolution #1_Region 10.ome.tif,Positive,Positive,Arcuate hypothalamic nucleus,Polygon,755.66,5938.2,30.5,25.3522,0.5963,7.8204,6.8417,0.4451,247.4609,31675.0,24.2298,255.0,150.0,105.0,132.0312,16900.0,11.5941,152.0,104.0,48.0,83.25,35.2389,0.8425,11.9519,9.5598,0.4524,224.3462,43.3058,255.0,134.0,114.8373,21.7021,152.0,67.0,210.2571,46.2659,255.0,134.0,104.3571,19.6552,141.0,67.0,0.3661
150,JKBR2.1e_4_Scan1.qptiff - resolution #1_Region 10.ome.tif,Positive,Positive,Arcuate hypothalamic nucleus,Polygon,742.34,5943.7,106.75,44.9913,0.6627,16.5501,10.7838,0.7975,249.2064,108654.0,21.1491,255.0,145.0,110.0,184.2661,80340.0,22.3701,235.0,134.0,101.0,213.75,56.1128,0.8531,19.4756,15.2493,0.5766,233.8648,41.0095,255.0,115.0,154.697,37.691,235.0,78.0,218.0142,49.6562,255.0,115.0,124.1469,23.1033,179.0,78.0,0.502
151,JKBR2.1e_4_Scan1.qptiff - resolution #1_Region 10.ome.tif,Positive,Positive,Arcuate hypothalamic nucleus,Polygon,843.43,5945.1,51.5,32.585,0.6095,12.2274,5.8623,0.9078,254.9245,54044.0,0.2648,255.0,254.0,1.0,194.8774,41314.0,39.9057,255.0,112.0,143.0,168.25,49.4966,0.863,18.1546,11.7852,0.7855,252.3264,9.1721,255.0,196.0,131.8472,51.1156,255.0,71.0,251.1342,10.8745,255.0,196.0,102.9242,20.4976,174.0,71.0,0.3106
152,JKBR2.1e_4_Scan1.qptiff - resolution #1_Region 10.ome.tif,Positive,Positive,Arcuate hypothalamic nucleus,Polygon,759.44,5945.7,50.0,30.4775,0.6764,12.1673,6.1009,0.8674,254.7612,51207.0,0.4274,255.0,254.0,1.0,149.3234,30014.0,13.8752,184.0,122.0,62.0,116.25,45.0581,0.7195,17.5282,9.797,0.8293,254.1192,5.4062,255.0,182.0,126.6426,24.9108,184.0,71.0,253.6394,7.1042,255.0,182.0,109.6952,16.3765,143.0,71.0,0.4222
153,JKBR2.1e_4_Scan1.qptiff - resolution #1_Region 10.ome.tif,Positive,Positive,Arcuate hypothalamic nucleus,Polygon,818.9,5946.7,50.25,29.4542,0.7279,10.6577,7.1112,0.782,254.5196,51922.0,2.414,255.0,234.0,21.0,173.2598,35345.0,17.5386,216.0,132.0,84.0,109.5,43.5509,0.7255,15.7005,11.4698,0.736,252.9613,8.6924,255.0,192.0,146.8292,31.1063,216.0,87.0,251.6085,11.5073,255.0,192.0,123.8851,20.1645,208.0,87.0,0.4646
154,JKBR2.1e_4_Scan1.qptiff - resolution #1_Region 10.ome.tif,Positive,Positive,Arcuate hypothalamic nucleus,Polygon,810.57,5953.2,75.0,42.4355,0.5234,15.8734,8.5991,0.8693,254.4933,76348.0,2.2271,255.0,234.0,21.0,159.7033,47911.0,18.7401,198.0,119.0,79.0,184.75,54.9473,0.769,21.3184,12.4867,0.8042,249.5142,15.232,255.0,174.0,134.7949,27.0681,198.0,85.0,246.127,18.9323,255.0,174.0,117.8503,16.8165,163.0,85.0,0.4009
155,JKBR2.1e_4_Scan1.qptiff - resolution #1_Region 10.ome.tif,Positive,Positive,Arcuate hypothalamic nucleus,Polygon,766.37,5952.0,54.0,32.1065,0.6583,12.0161,7.3285,0.8144,254.9224,55828.0,0.2682,255.0,254.0,1.0,168.6575,36936.0,15.0072,193.0,121.0,72.0,135.5,46.8944,0.7743,16.786,11.8729,0.7408,253.8624,6.034,255.0,198.0,144.3064,27.1672,193.0,78.0,253.1503,7.722,255.0,198.0,127.9479,20.4039,171.0,78.0,0.3934
156,JKBR2.1e_4_Scan1.qptiff - resolution #1_Region 10.ome.tif,Positive,Positive,Arcuate hypothalamic nucleus,Polygon,784.83,5953.8,57.75,35.2135,0.5853,13.1678,6.8916,0.8788,254.9412,60676.0,0.2358,255.0,254.0,1.0,139.1345,33114.0,13.9722,172.0,112.0,60.0,188.25,52.9031,0.8452,19.2959,12.9884,0.7736,253.7567,6.5126,255.0,199.0,117.1556,19.1052,172.0,72.0,253.2082,7.8175,255.0,199.0,106.9786,10.7829,145.0,72.0,0.3109
157,JKBR2.1e_4_Scan1.qptiff - resolution #1_Region 10.ome.tif,Positive,Positive,Arcuate hypothalamic nucleus,Polygon,734.51,5954.3,41.5,26.5476,0.74,10.5981,5.5017,0.8299,254.9595,44108.0,0.1976,255.0,254.0,1.0,164.8902,28526.0,21.7671,203.0,114.0,89.0,133.0,43.2009,0.8955,16.4204,11.0718,0.7634,242.0,34.8402,255.0,120.0,126.6367,35.5298,203.0,63.0,235.7895,40.9603,255.0,120.0,108.3047,24.5443,184.0,63.0,0.315
158,JKBR2.1e_4_Scan1.qptiff - resolution #1_Region 10.ome.tif,Positive,Positive,Arcuate hypothalamic nucleus,Polygon,751.12,5954.7,54.5,28.7199,0.8303,10.1796,7.1483,0.74,251.3027,54784.0,14.7651,255.0,159.0,96.0,185.5138,40442.0,21.9064,233.0,131.0,102.0,134.5,43.1621,0.9072,15.6101,12.0208,0.588,237.5938,34.7728,255.0,135.0,151.2371,41.1392,233.0,72.0,228.4264,40.7956,255.0,135.0,128.3159,34.5278,208.0,72.0,0.3995
159,JKBR2.1e_4_Scan1.qptiff - resolution #1_Region 10.ome.tif,Positive,Positive,Arcuate hypothalamic nucleus,Polygon,865.95,5953.5,48.25,27.6096,0.7954,9.667,7.4846,0.7079,254.8718,49700.0,0.3352,255.0,254.0,1.0,172.9026,33716.0,25.4499,228.0,125.0,103.0,136.0,43.1033,0.9199,14.543,12.4923,0.4837,254.8798,0.3255,255.0,254.0,130.9872,37.4643,228.0,74.0,254.8842,0.3205,255.0,254.0,107.8983,17.8277,151.0,74.0,0.3477
160,JKBR2.1e_4_Scan1.qptiff - resolution #1_Region 10.ome.tif,Positive,Positive,Arcuate hypothalamic nucleus,Polygon,825.12,5955.8,66.5,37.3637,0.5986,12.6635,9.3413,0.7215,254.0985,69623.0,3.9919,255.0,223.0,32.0,158.5036,43430.0,21.5153,210.0,118.0,92.0,150.5,50.3888,0.7449,17.1899,14.0609,0.6187,253.4444,5.4576,255.0,216.0,136.2852,27.7745,210.0,84.0,252.8997,6.3835,255.0,216.0,117.7812,16.5749,172.0,84.0,0.4534
161,JKBR2.1e_4_Scan1.qptiff - resolution #1_Region 10.ome.tif,Positive,Positive,Arcuate hypothalamic nucleus,Polygon,847.59,5958.2,65.5,32.4328,0.7825,11.4316,8.3921,0.6497,254.9094,67551.0,0.2875,255.0,254.0,1.0,185.1208,49057.0,27.7388,238.0,125.0,113.0,127.5,42.4927,0.8873,15.7487,11.1892,0.7104,254.866,0.8797,255.0,237.0,152.0738,43.6824,238.0,68.0,254.82,1.227,255.0,237.0,117.044,26.9968,192.0,68.0,0.5169
162,JKBR2.1e_4_Scan1.qptiff - resolution #1_Region 10.ome.tif,Positive,Positive,Arcuate hypothalamic nucleus,Polygon,856.35,5962.7,64.5,40.66,0.4903,13.7989,8.0123,0.8598,254.7846,66244.0,0.4119,255.0,254.0,1.0,142.8961,37153.0,16.0677,192.0,107.0,85.0,155.25,51.2475,0.7428,17.9888,12.7204,0.7667,254.272,2.9558,255.0,228.0,118.936,28.9537,192.0,70.0,253.9068,3.8125,255.0,228.0,101.8685,23.4789,158.0,70.0,0.4138
163,JKBR2.1e_4_Scan1.qptiff - resolution #1_Region 10.ome.tif,Positive,Positive,Arcuate hypothalamic nucleus,Polygon,762.95,5961.2,39.5,27.2151,0.6702,9.8827,5.7733,0.8649,254.8834,41546.0,0.3219,255.0,254.0,1.0,184.5828,30087.0,21.0519,218.0,134.0,84.0,94.5,41.4396,0.6915,15.1845,8.5719,0.867,252.6227,11.794,255.0,161.0,160.19,31.2682,222.0,85.0,250.9167,15.4168,255.0,161.0,141.7824,24.3615,222.0,85.0,0.4173
164,JKBR2.1e_4_Scan1.qptiff - resolution #1_Region 10.ome.tif,Positive,Positive,Arcuate hypothalamic nucleus,Polygon,835.9,5963.2,73.0,38.128,0.631,14.6848,6.706,0.9139,254.9728,74962.0,0.163,255.0,254.0,1.0,149.6225,43989.0,17.4584,211.0,107.0,104.0,168.0,52.5507,0.7645,19.2642,12.0924,0.7349,254.5659,2.7994,255.0,218.0,122.7304,29.8274,211.0,68.0,254.252,3.6949,255.0,218.0,101.979,18.7542,182.0,68.0,0.4306
165,JKBR2.1e_4_Scan1.qptiff - resolution #1_Region 10.ome.tif,Positive,Positive,Arcuate hypothalamic nucleus,Polygon,793.88,5964.3,57.5,30.4152,0.7811,10.5981,8.1425,0.5419,254.8974,59646.0,0.304,255.0,254.0,1.0,139.6154,32670.0,11.4868,163.0,113.0,50.0,165.0,47.3678,0.9241,16.2805,13.9282,0.4638,254.7738,1.3475,255.0,228.0,119.6697,19.3049,163.0,82.0,254.7063,1.6569,255.0,228.0,108.7902,12.9791,153.0,82.0,0.349
166,JKBR2.1e_4_Scan1.qptiff - resolution #1_Region 10.ome.tif,Positive,Positive,Arcuate hypothalamic nucleus,Polygon,879.56,5967.5,103.25,46.6035,0.5974,14.8122,10.4428,0.7156,253.9248,104617.0,4.6253,255.0,216.0,39.0,145.8689,60098.0,15.5987,195.0,100.0,95.0,239.0,59.9446,0.8358,20.7537,14.8046,0.6562,252.8257,8.8658,255.0,191.0,120.1921,27.1861,195.0,67.0,251.9963,10.9675,255.0,191.0,100.8168,15.4859,140.0,67.0,0.4325
167,JKBR2.1e_4_Scan1.qptiff - resolution #1_Region 10.ome.tif,Positive,Positive,Arcuate hypothalamic nucleus,Polygon,810.21,5968.2,74.5,39.7273,0.5932,14.3551,8.109,0.8768,247.5066,75242.0,17.665,255.0,181.0,74.0,129.7336,39439.0,8.3795,153.0,113.0,40.0,204.25,54.9508,0.85,20.1066,13.912,0.7535,245.7463,20.6857,255.0,171.0,114.6061,14.6848,153.0,78.0,244.7093,22.2257,255.0,171.0,105.6938,9.3252,135.0,78.0,0.3664
168,JKBR2.1e_4_Scan1.qptiff - resolution #1_Region 10.ome.tif,Positive,Positive,Arcuate hypothalamic nucleus,Polygon,985.03,5967.3,36.0,24.3859,0.7607,9.832,5.7266,0.7589,254.8621,36955.0,0.346,255.0,254.0,1.0,98.7862,14324.0,8.5433,126.0,79.0,47.0,131.25,42.2018,0.9261,15.422,11.4442,0.6721,252.7992,8.9924,255.0,189.0,84.6591,11.9022,126.0,62.0,252.0183,10.4539,255.0,189.0,79.3107,7.9679,102.0,62.0,0.2699
169,JKBR2.1e_4_Scan1.qptiff - resolution #1_Region 10.ome.tif,Positive,Positive,Arcuate hypothalamic nucleus,Polygon,774.02,5968.5,85.25,35.1294,0.8681,12.3259,9.8254,0.576,254.7609,87383.0,1.0379,255.0,240.0,15.0,214.621,73615.0,26.0625,255.0,158.0,97.0,184.75,50.407,0.9137,18.2124,13.352,0.6274,247.8408,17.7697,255.0,164.0,173.004,44.7007,255.0,103.0,241.8769,22.5968,255.0,164.0,137.1382,18.7985,187.0,103.0,0.4586
170,JKBR2.1e_4_Scan1.qptiff - resolution #1_Region 10.ome.tif,Positive,Positive,Arcuate hypothalamic nucleus,Polygon,761.04,5969.8,42.0,26.3543,0.7599,9.5407,6.3716,0.7323,254.7616,43819.0,0.4666,255.0,252.0,3.0,195.3837,33606.0,29.1068,254.0,131.0,123.0,101.25,37.6961,0.8954,13.0656,10.7892,0.597,250.1146,18.983,255.0,148.0,153.078,45.0243,254.0,65.0,246.7563,24.387,255.0,148.0,122.5042,25.4855,208.0,65.0,0.4085
171,JKBR2.1e_4_Scan1.qptiff - resolution #1_Region 10.ome.tif,Positive,Positive,Arcuate hypothalamic nucleus,Polygon,892.14,5971.3,64.0,31.2402,0.8241,10.6527,8.3816,0.5026,254.9084,66786.0,0.289,255.0,254.0,1.0,142.1679,37248.0,13.4065,180.0,110.0,70.0,160.0,46.9629,0.9116,16.4279,12.7398,0.528,254.0637,4.8557,255.0,211.0,114.8059,27.0327,180.0,63.0,253.4843,6.2375,255.0,211.0,96.0393,15.5633,134.0,63.0,0.3975
172,JKBR2.1e_4_Scan1.qptiff - resolution #1_Region 10.ome.tif,Positive,Positive,Arcuate hypothalamic nucleus,Polygon,751.72,5974.6,58.25,28.9717,0.8721,10.6553,7.7895,0.6976,253.0795,60486.0,11.172,255.0,166.0,89.0,171.7071,41038.0,26.3676,234.0,116.0,118.0,157.75,46.561,0.9144,16.5955,12.6645,0.6339,243.0426,28.7463,255.0,141.0,125.7267,42.1262,234.0,62.0,236.9543,33.9834,255.0,141.0,97.835,19.1609,155.0,62.0,0.3696
173,JKBR2.1e_4_Scan1.qptiff - resolution #1_Region 10.ome.tif,Positive,Positive,Arcuate hypothalamic nucleus,Polygon,782.51,5975.4,38.25,26.4069,0.6893,10.8313,4.5043,0.9084,254.9371,40535.0,0.2435,255.0,254.0,1.0,166.7296,26510.0,13.4657,194.0,131.0,63.0,102.25,40.6458,0.7778,15.8535,8.3168,0.8709,254.6244,2.0874,255.0,232.0,143.4415,23.5765,194.0,103.0,254.4263,2.6438,255.0,232.0,128.6892,15.2102,165.0,103.0,0.3838
174,JKBR2.1e_4_Scan1.qptiff - resolution #1_Region 10.ome.tif,Positive,Positive,Arcuate hypothalamic nucleus,Polygon,789.44,5983.3,102.75,53.5252,0.4507,20.7664,8.7048,0.9281,243.5242,100819.0,27.0394,255.0,149.0,106.0,165.4952,68515.0,31.589,255.0,111.0,144.0,249.0,65.0246,0.74,25.1406,13.5762,0.8707,238.69,34.1044,255.0,142.0,133.796,36.0204,255.0,79.0,235.2747,37.9717,255.0,142.0,111.401,17.254,170.0,79.0,0.4125
175,JKBR2.1e_4_Scan1.qptiff - resolution #1_Region 10.ome.tif,Positive,Positive,Arcuate hypothalamic nucleus,Polygon,771.71,5983.1,61.0,30.6917,0.8138,11.3595,7.5167,0.7831,254.8943,62704.0,0.3081,255.0,254.0,1.0,238.1423,58583.0,21.1177,255.0,177.0,78.0,135.5,44.9708,0.842,16.1242,11.4398,0.6827,246.925,19.2185,255.0,161.0,195.426,45.876,255.0,101.0,240.412,24.0313,255.0,161.0,160.515,27.3332,221.0,101.0,0.4471
176,JKBR2.1e_4_Scan1.qptiff - resolution #1_Region 10.ome.tif,Positive,Positive,Arcuate hypothalamic nucleus,Polygon,877.92,5985.3,93.25,41.0498,0.6954,13.0064,11.5802,0.4746,254.7633,95791.0,1.6844,255.0,233.0,22.0,132.8484,49951.0,14.3002,166.0,100.0,66.0,231.75,57.2643,0.8881,18.9129,17.1883,0.3655,254.5991,2.1813,255.0,229.0,106.028,26.1282,166.0,64.0,254.4873,2.4583,255.0,229.0,87.7591,13.5698,128.0,64.0,0.4007
177,JKBR2.1e_4_Scan1.qptiff - resolution #1_Region 10.ome.tif,Positive,Positive,Arcuate hypothalamic nucleus,Polygon,774.85,5993.7,65.0,39.8293,0.5149,14.3248,9.4257,0.7803,253.1861,65322.0,8.5413,255.0,181.0,74.0,189.8566,48983.0,25.2914,236.0,136.0,100.0,166.75,53.6714,0.7274,19.6701,14.1421,0.6764,247.8284,19.5838,255.0,168.0,158.1492,35.4292,236.0,88.0,244.4733,23.4383,255.0,168.0,138.2937,24.8375,208.0,88.0,0.3826
178,JKBR2.1e_4_Scan1.qptiff - resolution #1_Region 10.ome.tif,Positive,Positive,Arcuate hypothalamic nucleus,Polygon,752.25,5995.1,74.75,33.1578,0.8544,10.8882,9.7016,0.2917,238.6777,71842.0,32.3183,255.0,147.0,108.0,176.2525,53052.0,25.4209,234.0,127.0,107.0,193.25,50.4796,0.953,16.4593,15.0,0.2972,209.2837,49.9596,255.0,115.0,130.2008,42.9417,234.0,70.0,190.4989,50.2076,255.0,115.0,100.7707,19.654,147.0,70.0,0.388
179,JKBR2.1e_4_Scan1.qptiff - resolution #1_Region 10.ome.tif,Positive,Positive,Arcuate hypothalamic nucleus,Polygon,784.56,6002.4,82.25,38.3925,0.7012,14.4275,8.7503,0.7805,253.369,85132.0,7.6911,255.0,187.0,68.0,213.3452,71684.0,24.4994,254.0,154.0,100.0,184.0,55.5232,0.75,19.9678,13.7798,0.7616,247.7131,18.8034,255.0,165.0,172.5643,44.0051,254.0,99.0,242.9975,23.4684,255.0,165.0,138.5633,22.4902,207.0,99.0,0.4536
180,JKBR2.1e_4_Scan1.qptiff - resolution #1_Region 10.ome.tif,Positive,Positive,Arcuate hypothalamic nucleus,Polygon,890.18,6003.4,86.25,40.2993,0.6674,14.8757,8.1381,0.8476,244.6839,85150.0,24.6535,255.0,163.0,92.0,149.8333,52142.0,19.6042,202.0,110.0,92.0,205.0,55.0345,0.8505,20.6197,13.4583,0.762,238.267,29.0798,255.0,152.0,118.7646,32.3705,202.0,64.0,233.5756,31.1277,255.0,152.0,96.0504,17.6232,141.0,64.0,0.4157
181,JKBR2.1e_4_Scan1.qptiff - resolution #1_Region 10.ome.tif,Positive,Positive,Arcuate hypothalamic nucleus,Polygon,874.59,6011.1,80.5,41.8835,0.5767,15.8013,9.1248,0.8483,243.0154,78980.0,26.4759,255.0,153.0,102.0,119.2831,38767.0,10.2689,142.0,93.0,49.0,204.0,58.8985,0.739,21.7073,14.6195,0.7941,225.7423,39.9046,255.0,144.0,104.0712,18.3955,142.0,68.0,214.2857,43.0865,255.0,144.0,93.9816,15.4152,133.0,68.0,0.3945
182,JKBR2.1e_4_Scan1.qptiff - resolution #1_Region 10.ome.tif,Positive,Positive,Arcuate hypothalamic nucleus,Polygon,783.22,6012.6,64.0,32.9225,0.742,10.8225,8.8034,0.5096,254.9031,65765.0,0.2964,255.0,254.0,1.0,187.469,48367.0,17.7354,218.0,131.0,87.0,132.75,45.2025,0.8164,16.0096,10.157,0.7766,253.8499,5.5104,255.0,205.0,160.6248,35.7324,218.0,71.0,252.8618,7.5399,255.0,205.0,135.44,29.4772,198.0,71.0,0.484
183,JKBR2.1e_4_Scan1.qptiff - resolution #1_Region 10.ome.tif,Positive,Positive,Arcuate hypothalamic nucleus,Polygon,762.34,6014.4,38.25,30.2561,0.5251,12.9969,4.9221,0.9529,245.1069,38972.0,23.0996,255.0,161.0,94.0,137.7107,21896.0,15.404,168.0,104.0,64.0,154.25,48.256,0.8324,18.9319,10.5539,0.8474,235.6114,33.9435,255.0,144.0,112.4016,22.27,168.0,69.0,232.3004,36.428,255.0,144.0,103.5768,16.8813,148.0,69.0,0.2581
184,JKBR2.1e_4_Scan1.qptiff - resolution #1_Region 10.ome.tif,Positive,Positive,Arcuate hypothalamic nucleus,Polygon,884.65,6012.7,33.0,24.1541,0.7108,8.7764,5.7906,0.7995,162.3407,21916.0,21.2456,255.0,147.0,108.0,152.4963,20587.0,21.7941,202.0,107.0,95.0,85.0,35.8815,0.8296,12.2669,9.5094,0.6705,174.4029,38.8499,255.0,141.0,121.8116,31.2725,202.0,71.0,182.1572,45.1711,255.0,141.0,102.0857,17.4924,143.0,71.0,0.3818
185,JKBR2.1e_4_Scan1.qptiff - resolution #1_Region 10.ome.tif,Positive,Positive,Arcuate hypothalamic nucleus,Polygon,801.46,6013.8,33.5,27.911,0.5404,10.625,5.3061,0.8965,254.8714,35682.0,0.3359,255.0,254.0,1.0,129.7929,18171.0,9.5228,158.0,111.0,47.0,109.0,39.747,0.867,15.3664,9.7609,0.7975,254.8337,0.3728,255.0,254.0,109.9294,21.3416,158.0,63.0,254.8161,0.3881,255.0,254.0,100.6288,18.8411,138.0,63.0,0.3119
186,JKBR2.1e_4_Scan1.qptiff - resolution #1_Region 10.ome.tif,Positive,Positive,Arcuate hypothalamic nucleus,Polygon,963.52,6019.6,33.0,25.621,0.6317,9.4134,5.878,0.8683,250.3835,33301.0,11.8441,255.0,194.0,61.0,99.5789,13244.0,6.6152,113.0,84.0,29.0,129.0,42.3542,0.9037,15.1809,11.5494,0.6797,243.1911,27.6373,255.0,147.0,87.2432,10.9102,118.0,63.0,240.7065,30.92,255.0,147.0,82.9818,8.62,118.0,63.0,0.2498
187,JKBR2.1e_4_Scan1.qptiff - resolution #1_Region 10.ome.tif,Positive,Positive,Arcuate hypothalamic nucleus,Polygon,787.4,6022.0,80.25,49.792,0.4068,17.4627,10.8858,0.8268,254.483,82198.0,3.3625,255.0,213.0,42.0,151.6687,48989.0,16.3041,188.0,114.0,74.0,189.0,58.5379,0.6931,22.1243,14.0838,0.8082,245.6785,25.5998,255.0,132.0,132.1502,23.6939,188.0,75.0,239.156,32.1465,255.0,132.0,117.6904,17.0011,167.0,75.0,0.4242
188,JKBR2.1e_4_Scan1.qptiff - resolution #1_Region 10.ome.tif,Positive,Positive,Arcuate hypothalamic nucleus,Polygon,823.7,6023.4,73.5,32.6078,0.8687,11.8466,8.7194,0.6567,254.7383,75912.0,2.3076,255.0,219.0,36.0,193.2047,57575.0,32.6832,253.0,123.0,130.0,177.5,48.4258,0.9512,16.2097,14.3778,0.3902,244.5989,26.1186,255.0,151.0,134.2553,56.3989,253.0,66.0,237.3181,32.284,255.0,151.0,91.9253,20.1646,163.0,66.0,0.4128
189,JKBR2.1e_4_Scan1.qptiff - resolution #1_Region 10.ome.tif,Positive,Positive,Arcuate hypothalamic nucleus,Polygon,800.58,6029.1,116.25,54.8543,0.4855,19.3473,10.5899,0.8313,248.9424,116754.0,15.2935,255.0,185.0,70.0,181.5565,85150.0,32.5737,240.0,112.0,128.0,269.5,67.3645,0.7463,23.648,16.3623,0.71,251.6855,11.0677,255.0,185.0,139.9954,46.4602,240.0,69.0,253.7876,5.2121,255.0,210.0,108.1454,25.7052,172.0,69.0,0.433
190,JKBR2.1e_4_Scan1.qptiff - resolution #1_Region 10.ome.tif,Positive,Positive,Arcuate hypothalamic nucleus,Polygon,849.08,6026.8,68.5,40.5676,0.523,13.7084,7.8305,0.8653,254.9786,71394.0,0.1451,255.0,254.0,1.0,126.9786,35554.0,19.6691,194.0,92.0,102.0,210.25,55.0179,0.8728,19.3154,13.6849,0.7154,253.7272,5.4242,255.0,210.0,101.2029,23.5422,194.0,67.0,253.1048,6.5499,255.0,210.0,88.3837,11.9445,130.0,67.0,0.3295
191,JKBR2.1e_4_Scan1.qptiff - resolution #1_Region 10.ome.tif,Positive,Positive,Arcuate hypothalamic nucleus,Polygon,742.3,6027.5,55.75,31.8632,0.69,12.3843,6.5454,0.8689,233.1839,52000.0,43.1445,255.0,120.0,135.0,133.3094,29728.0,13.8752,179.0,101.0,78.0,140.5,45.2715,0.8615,17.0378,11.3522,0.7455,213.6714,56.3199,255.0,106.0,109.7673,23.9493,179.0,68.0,200.8735,60.206,255.0,106.0,94.3265,14.869,144.0,68.0,0.3843
192,JKBR2.1e_4_Scan1.qptiff - resolution #1_Region 10.ome.tif,Positive,Positive,Arcuate hypothalamic nucleus,Polygon,783.46,6034.6,55.25,30.9235,0.726,10.2435,8.3744,0.5843,250.4866,56109.0,15.1181,255.0,154.0,101.0,131.3438,29421.0,13.6524,167.0,105.0,62.0,157.0,47.2215,0.8848,15.8667,13.2516,0.5642,235.8354,37.6432,255.0,134.0,112.4731,19.9526,167.0,69.0,227.7917,43.4587,255.0,134.0,102.1127,14.5431,139.0,69.0,0.3462
193,JKBR2.1e_4_Scan1.qptiff - resolution #1_Region 10.ome.tif,Positive,Positive,Arcuate hypothalamic nucleus,Polygon,830.88,6035.1,45.0,29.1504,0.6655,9.2893,7.5348,0.5629,254.5902,46590.0,2.1074,255.0,236.0,19.0,112.0656,20508.0,9.677,132.0,90.0,42.0,140.75,44.9207,0.8765,15.1715,12.814,0.4119,252.9805,7.8009,255.0,206.0,94.7323,15.4988,132.0,68.0,252.2074,9.2836,255.0,206.0,86.4068,9.8419,115.0,68.0,0.3174
194,JKBR2.1e_4_Scan1.qptiff - resolution #1_Region 10.ome.tif,Positive,Positive,Arcuate hypothalamic nucleus,Polygon,737.72,6038.9,101.5,41.7424,0.732,16.6445,9.1631,0.8283,254.4412,103812.0,3.6326,255.0,209.0,46.0,165.7941,67644.0,24.6857,210.0,108.0,102.0,219.75,59.5977,0.7775,22.5079,14.3085,0.7998,245.4966,29.2975,255.0,111.0,121.0181,48.1576,210.0,45.0,237.7975,38.1964,255.0,111.0,82.4768,24.0272,149.0,45.0,0.4602
195,JKBR2.1e_4_Scan1.qptiff - resolution #1_Region 10.ome.tif,Positive,Positive,Arcuate hypothalamic nucleus,Polygon,763.3,6043.3,40.0,26.7072,0.7047,9.0542,7.0251,0.7037,254.8683,42563.0,0.3392,255.0,254.0,1.0,113.5988,18971.0,11.6211,145.0,97.0,48.0,141.0,43.9531,0.9172,14.9213,12.5,0.5076,249.5727,17.5028,255.0,154.0,94.8457,15.7527,145.0,66.0,247.3451,20.4619,255.0,154.0,86.9572,9.2461,107.0,66.0,0.2834
196,JKBR2.1e_4_Scan1.qptiff - resolution #1_Region 10.ome.tif,Positive,Positive,Arcuate hypothalamic nucleus,Polygon,769.52,6067.5,99.25,43.3787,0.6628,15.6934,10.3572,0.6513,229.6119,92304.0,39.993,255.0,135.0,120.0,154.1766,61979.0,18.8104,188.0,103.0,85.0,247.0,60.6465,0.8439,21.4611,16.289,0.6345,220.1115,44.7553,255.0,132.0,115.8409,36.5756,188.0,56.0,213.5829,46.6773,255.0,132.0,89.4974,17.5752,140.0,56.0,0.4043
197,JKBR2.1e_4_Scan1.qptiff - resolution #1_Region 10.ome.tif,Positive,Positive,Arcuate hypothalamic nucleus,Polygon,749.37,6096.2,34.0,23.9663,0.7439,9.8542,5.4396,0.8375,244.55,34237.0,23.2862,253.0,157.0,96.0,111.65,15631.0,11.7522,136.0,86.0,50.0,100.5,40.9604,0.7527,15.6535,8.7265,0.8546,235.5591,35.2996,254.0,122.0,87.5739,21.1583,136.0,58.0,230.8271,39.4303,254.0,122.0,74.9023,12.0134,135.0,58.0,0.3421
198,JKBR2.1e_4_Scan1.qptiff - resolution #1_Region 10.ome.tif,Positive,Positive,Arcuate hypothalamic nucleus,Polygon,740.29,6101.5,66.5,35.6795,0.6564,12.4163,7.5167,0.8114,244.2296,65942.0,26.4403,253.0,125.0,128.0,123.5185,33350.0,17.3787,190.0,84.0,106.0,170.5,49.8328,0.8628,17.4557,13.2526,0.5796,209.8653,59.4267,253.0,93.0,93.9883,29.5624,190.0,44.0,187.3995,64.1062,253.0,93.0,74.6828,17.4466,125.0,44.0,0.3952
199,JKBR2.1e_4_Scan1.qptiff - resolution #1_Region 10.ome.tif,Positive,Positive,Arcuate hypothalamic nucleus,Polygon,802.4,6126.8,34.75,27.1756,0.5913,11.1464,5.3155,0.9025,252.3451,35833.0,2.9101,253.0,224.0,29.0,109.4648,15544.0,15.5443,179.0,87.0,92.0,128.0,45.3277,0.7829,17.3109,10.1699,0.8418,248.7602,12.5907,254.0,186.0,90.2398,17.0287,179.0,65.0,247.3881,14.4679,254.0,186.0,82.8814,10.6323,122.0,65.0,0.2673
200,JKBR2.1e_4_Scan1.qptiff - resolution #1_Region 10.ome.tif,Positive,Positive,Arcuate hypothalamic nucleus,Polygon,793.64,6129.6,36.25,26.037,0.6719,8.8372,6.5537,0.7233,252.76,37914.0,0.5984,253.0,248.0,5.0,102.9733,15446.0,10.7958,128.0,86.0,42.0,120.5,40.5691,0.92,14.1142,10.4878,0.6838,244.942,21.9352,254.0,152.0,88.8716,12.8602,128.0,64.0,241.4204,25.6579,254.0,152.0,82.5195,7.5819,100.0,64.0,0.3031
201,JKBR2.1e_4_Scan1.qptiff - resolution #1_Region 10.ome.tif,Positive,Positive,Arcuate hypothalamic nucleus,Polygon,867.5,6152.2,32.75,25.8919,0.6139,8.8873,5.5388,0.8066,251.3778,33936.0,12.7273,255.0,185.0,70.0,100.9778,13632.0,7.9151,132.0,87.0,45.0,131.25,42.8745,0.8972,14.6367,11.4798,0.6045,245.7765,24.0276,255.0,156.0,91.0303,9.9417,132.0,72.0,243.8524,26.5755,255.0,156.0,87.6132,8.1041,112.0,72.0,0.2488
202,JKBR2.1e_4_Scan1.qptiff - resolution #1_Region 10.ome.tif,Positive,Positive,Arcuate hypothalamic nucleus,Polygon,870.33,6174.1,34.5,25.1204,0.687,9.4063,6.038,0.7981,254.8252,36440.0,0.3812,255.0,254.0,1.0,107.2797,15341.0,9.7239,130.0,88.0,42.0,132.0,42.8446,0.9036,15.3265,11.8581,0.6293,254.1682,4.5063,255.0,209.0,90.087,13.1486,130.0,66.0,253.9249,5.2513,255.0,209.0,83.7176,7.1946,101.0,66.0,0.2693
203,JKBR2.1e_4_Scan1.qptiff - resolution #1_Region 10.ome.tif,Positive,Positive,Arcuate hypothalamic nucleus,Polygon,847.33,6196.0,30.75,25.6017,0.5895,9.259,5.3374,0.8721,254.864,31858.0,0.6394,255.0,249.0,6.0,99.488,12436.0,8.1712,131.0,85.0,46.0,107.25,39.9968,0.8425,14.4556,10.6791,0.6108,250.5161,13.2301,255.0,175.0,86.4954,11.4725,131.0,67.0,248.7573,15.334,255.0,175.0,81.2395,7.8695,109.0,67.0,0.281
204,JKBR2.1e_4_Scan1.qptiff - resolution #1_Region 10.ome.tif,Positive,Positive,Arcuate hypothalamic nucleus,Polygon,842.26,6205.5,34.75,25.6191,0.6653,8.739,5.5978,0.7808,254.6503,36415.0,2.0289,255.0,236.0,19.0,115.1119,16461.0,11.5741,156.0,94.0,62.0,113.25,40.8729,0.8519,13.7509,11.5655,0.1379,247.2649,20.1677,255.0,167.0,97.5188,16.7962,156.0,72.0,243.8581,23.5836,255.0,167.0,89.4032,11.9078,135.0,72.0,0.3111
205,JKBR2.1e_4_Scan1.qptiff - resolution #1_Region 10.ome.tif,Positive,Positive,Median eminence,Polygon,669.67,5476.4,87.0,39.9067,0.6865,13.2648,10.4385,0.4821,222.0812,79283.0,54.0497,249.0,65.0,184.0,70.0224,24998.0,13.3894,96.0,44.0,52.0,227.25,55.5745,0.9246,18.8317,16.1963,0.4267,171.2055,79.9511,249.0,50.0,50.889,18.4172,96.0,24.0,138.3617,76.7301,249.0,50.0,38.5371,7.3029,62.0,24.0,0.39
206,JKBR2.1e_4_Scan1.qptiff - resolution #1_Region 10.ome.tif,Positive,Positive,Median eminence,Polygon,714.92,5549.8,46.5,26.9886,0.8022,9.0219,6.9231,0.6108,252.7594,47266.0,0.9452,253.0,241.0,12.0,121.3476,22692.0,9.3981,150.0,101.0,49.0,148.25,44.1673,0.955,15.1605,12.9692,0.4921,219.4648,50.4599,254.0,116.0,97.4161,23.2483,150.0,54.0,204.2421,54.52,254.0,116.0,86.4743,19.1163,139.0,54.0,0.31
207,JKBR2.1e_4_Scan1.qptiff - resolution #1_Region 10.ome.tif,Positive,Positive,Median eminence,Polygon,702.23,5663.7,98.5,41.3689,0.7233,16.5548,8.2237,0.874,244.7487,96431.0,30.7193,255.0,110.0,145.0,81.0761,31944.0,9.1787,99.0,60.0,39.0,241.25,58.4284,0.888,22.679,14.0724,0.7816,218.2739,52.0784,255.0,99.0,63.333,16.7455,99.0,38.0,199.9737,55.8351,255.0,99.0,51.0684,6.9077,72.0,38.0,0.4077
208,JKBR2.1e_4_Scan1.qptiff - resolution #1_Region 10.ome.tif,Positive,Positive,Median eminence,Polygon,704.52,5700.5,62.0,30.8188,0.8203,10.4905,8.2,0.6804,254.7708,64457.0,0.5297,255.0,251.0,4.0,78.5573,19875.0,7.562,95.0,60.0,35.0,174.5,48.4132,0.9356,16.2453,13.8787,0.5195,221.3443,51.7199,255.0,100.0,65.2771,13.9664,95.0,39.0,202.425,56.5653,255.0,100.0,57.7606,10.8041,95.0,39.0,0.3582
209,JKBR2.1e_4_Scan1.qptiff - resolution #1_Region 10.ome.tif,Positive,Positive,Median eminence,Polygon,709.65,5732.9,58.5,34.8522,0.6052,12.244,7.4433,0.8112,254.8601,61931.0,0.3476,255.0,254.0,1.0,83.8107,20366.0,8.5574,106.0,65.0,41.0,178.0,50.3312,0.883,17.9417,13.0,0.699,254.4627,3.5446,255.0,206.0,67.4669,15.4333,106.0,41.0,254.2564,4.3491,255.0,206.0,58.9808,10.6309,84.0,41.0,0.3413
210,JKBR2.1e_4_Scan1.qptiff - resolution #1_Region 10.ome.tif,Positive,Positive,Median eminence,Polygon,698.3,5740.3,80.75,38.9121,0.6702,13.1541,9.6504,0.6769,243.7831,80936.0,31.0068,255.0,122.0,133.0,83.4488,27705.0,5.8728,98.0,64.0,34.0,192.75,52.47,0.8798,19.1152,12.9829,0.7121,226.1987,51.5178,255.0,100.0,69.9239,14.1399,98.0,38.0,213.0203,59.3409,255.0,100.0,59.7878,9.1605,92.0,38.0,0.4262
211,JKBR2.1e_4_Scan1.qptiff - resolution #1_Region 10.ome.tif,Positive,Positive,Median eminence,Polygon,687.99,5746.8,66.0,31.4958,0.8361,11.3378,8.0416,0.7183,254.4888,68203.0,2.9445,255.0,218.0,37.0,85.1007,22807.0,9.5964,112.0,64.0,48.0,165.0,47.7646,0.9088,16.681,12.3304,0.691,231.9138,45.1225,255.0,106.0,64.7973,19.348,112.0,34.0,216.5191,53.2551,255.0,106.0,50.9517,9.6711,80.0,34.0,0.4002
212,JKBR2.1e_4_Scan1.qptiff - resolution #1_Region 10.ome.tif,Positive,Positive,Median eminence,Polygon,677.5,5769.0,122.5,55.6325,0.4974,21.3832,9.005,0.9295,240.8,116788.0,36.6329,255.0,112.0,143.0,90.6144,43948.0,12.6833,126.0,61.0,65.0,258.75,68.9142,0.6847,26.8932,13.435,0.8801,217.5323,56.8209,255.0,99.0,73.7811,21.1716,126.0,33.0,197.0888,63.2178,255.0,99.0,58.9909,15.2616,105.0,33.0,0.4682
213,JKBR2.1e_4_Scan1.qptiff - resolution #1_Region 10.ome.tif,Positive,Positive,Median eminence,Polygon,691.27,5765.4,32.25,25.9548,0.6016,9.9297,5.4081,0.8915,254.8309,34657.0,0.3762,255.0,254.0,1.0,93.0441,12654.0,14.5912,130.0,60.0,70.0,105.5,41.3534,0.7752,15.1872,9.0572,0.829,249.1156,22.0987,255.0,125.0,70.4198,19.3899,130.0,47.0,246.4167,26.3991,255.0,125.0,59.7361,9.8434,90.0,47.0,0.3119
214,JKBR2.1e_4_Scan1.qptiff - resolution #1_Region 10.ome.tif,Positive,Positive,Median eminence,Polygon,684.83,5779.7,83.5,44.7978,0.5229,15.6714,9.6878,0.7344,249.1851,83477.0,18.5253,255.0,167.0,88.0,88.1791,29540.0,14.9584,142.0,59.0,83.0,211.25,57.5213,0.8023,21.6233,13.5814,0.7974,240.583,30.8888,255.0,128.0,70.7939,19.2967,142.0,43.0,234.9767,35.6921,255.0,128.0,59.463,11.993,106.0,43.0,0.3914
215,JKBR2.1e_4_Scan1.qptiff - resolution #1_Region 10.ome.tif,Positive,Positive,Median eminence,Polygon,679.23,5809.2,66.5,30.9689,0.8713,10.3982,8.4958,0.5664,254.2697,67890.0,3.9177,255.0,218.0,37.0,88.0075,23498.0,11.2059,116.0,65.0,51.0,179.0,48.2391,0.9666,16.2082,14.0,0.4482,240.6313,33.843,255.0,120.0,64.9511,20.1525,116.0,36.0,232.5212,40.5224,255.0,120.0,51.2405,8.2697,77.0,36.0,0.3698
216,JKBR2.1e_4_Scan1.qptiff - resolution #1_Region 10.ome.tif,Positive,Positive,Median eminence,Polygon,696.42,5830.2,65.0,30.8432,0.8586,10.5551,8.9528,0.3566,254.8459,67789.0,0.3618,255.0,254.0,1.0,86.3947,22981.0,11.3831,107.0,61.0,46.0,178.25,48.6519,0.9463,16.7386,14.4421,0.359,254.8611,0.346,255.0,254.0,66.9706,17.9083,107.0,41.0,254.8702,0.3364,255.0,254.0,55.4116,8.7212,89.0,41.0,0.366
217,JKBR2.1e_4_Scan1.qptiff - resolution #1_Region 10.ome.tif,Positive,Positive,Median eminence,Polygon,676.71,5835.6,64.25,32.3703,0.7705,12.6122,6.9916,0.8363,250.5154,65134.0,14.8174,255.0,162.0,93.0,77.6731,20195.0,11.1831,109.0,55.0,54.0,166.0,48.6647,0.8808,18.4206,12.7587,0.7333,222.5299,47.1031,255.0,100.0,59.0614,17.5662,109.0,34.0,204.6961,51.7416,255.0,100.0,47.201,7.9879,71.0,34.0,0.3793
218,JKBR2.1e_4_Scan1.qptiff - resolution #1_Region 10.ome.tif,Positive,Positive,Median eminence,Polygon,676.09,5847.4,41.0,27.3974,0.6864,9.0984,6.5824,0.7465,254.9467,43086.0,0.2252,255.0,254.0,1.0,70.7041,11949.0,6.2864,82.0,56.0,26.0,129.5,43.061,0.8776,14.9861,10.5484,0.669,232.0941,46.6585,255.0,100.0,57.8829,13.816,84.0,33.0,221.1222,53.4136,255.0,100.0,51.7273,12.1129,84.0,33.0,0.3207
219,JKBR2.1e_4_Scan1.qptiff - resolution #1_Region 10.ome.tif,Positive,Positive,Median eminence,Polygon,689.17,5898.1,71.25,32.7118,0.8367,12.2028,8.6706,0.7214,250.223,71814.0,20.1326,255.0,129.0,126.0,83.3345,23917.0,7.8178,98.0,62.0,36.0,188.5,50.659,0.923,18.079,14.0,0.6435,204.1283,58.6921,255.0,103.0,63.172,17.4911,98.0,37.0,175.9211,56.6501,255.0,103.0,50.8337,7.3718,71.0,37.0,0.378
220,JKBR2.1e_4_Scan1.qptiff - resolution #1_Region 10.ome.tif,Positive,Positive,Median eminence,Polygon,714.82,5928.8,40.0,26.9272,0.6932,10.273,6.4528,0.7554,254.1829,41686.0,3.552,255.0,222.0,33.0,126.5122,20748.0,16.3198,153.0,88.0,65.0,142.5,44.1783,0.9175,15.8107,12.2851,0.6338,239.5637,28.9755,255.0,156.0,95.6475,28.4658,156.0,56.0,233.7017,32.4294,255.0,156.0,83.2714,22.2069,156.0,56.0,0.2823
221,JKBR2.1e_4_Scan1.qptiff - resolution #1_Region 10.ome.tif,Positive,Positive,Median eminence,Polygon,720.16,5949.6,54.75,28.9255,0.8223,10.135,6.9926,0.7124,248.4777,55659.0,22.003,255.0,140.0,115.0,122.1473,27361.0,14.1263,158.0,94.0,64.0,160.25,46.2391,0.9419,15.9398,12.0,0.5862,215.9564,50.2721,255.0,122.0,91.6402,26.152,158.0,51.0,198.5287,52.4727,255.0,122.0,75.2919,13.2949,114.0,51.0,0.3443
222,JKBR2.1e_4_Scan1.qptiff - resolution #1_Region 10.ome.tif,Positive,Positive,Median eminence,Polygon,731.08,5969.8,42.0,29.3212,0.6139,11.0199,6.008,0.806,245.3801,41960.0,30.4674,255.0,119.0,136.0,138.1228,23619.0,17.1664,172.0,101.0,71.0,150.25,46.0524,0.8903,17.0201,11.3437,0.7197,209.569,60.3681,255.0,101.0,106.1015,28.5955,172.0,57.0,195.3279,63.3611,255.0,101.0,93.3674,21.3452,160.0,57.0,0.2839
223,JKBR2.1e_4_Scan1.qptiff - resolution #1_Region 10.ome.tif,Positive,Positive,third ventricle,Polygon,730.54,5677.1,84.0,40.9202,0.6304,12.2747,10.9442,0.3402,254.9267,86930.0,0.261,255.0,254.0,1.0,73.3636,25017.0,8.9313,93.0,54.0,39.0,220.75,54.8381,0.9225,18.276,16.245,0.2049,254.8599,0.4716,255.0,247.0,59.3243,14.2588,93.0,35.0,254.818,0.5611,255.0,247.0,50.5239,8.9261,71.0,35.0,0.3812
224,JKBR2.1e_4_Scan1.qptiff - resolution #1_Region 10.ome.tif,Positive,Positive,third ventricle,Polygon,1527.1,5684.8,123.25,57.7105,0.465,17.8204,12.8154,0.7318,240.3172,118957.0,20.0971,255.0,188.0,67.0,117.8465,58334.0,8.3269,141.0,95.0,46.0,291.75,67.4753,0.8053,21.9662,17.6626,0.5112,236.5587,25.3772,255.0,178.0,108.4602,11.965,141.0,75.0,233.7902,28.3485,255.0,178.0,101.5461,9.2117,123.0,75.0,0.4309
225,JKBR2.1e_4_Scan1.qptiff - resolution #1_Region 10.ome.tif,Positive,Positive,third ventricle,Polygon,1544.2,5684.9,31.5,23.6902,0.7053,8.7416,5.8028,0.7577,205.8321,26964.0,31.4941,255.0,154.0,101.0,101.2443,13263.0,5.699,111.0,88.0,23.0,112.25,39.6433,0.8975,14.3112,10.4833,0.7134,197.7384,42.7936,255.0,121.0,92.765,10.7301,111.0,66.0,194.425,46.2731,255.0,121.0,89.2937,10.3715,108.0,66.0,0.2793
226,JKBR2.1e_4_Scan1.qptiff - resolution #1_Region 10.ome.tif,Positive,Positive,third ventricle,Polygon,1538.4,5694.0,38.75,30.3267,0.5295,12.1188,6.0593,0.9015,254.8634,41033.0,1.2222,255.0,244.0,11.0,104.7081,16858.0,4.9995,113.0,91.0,22.0,124.0,47.4951,0.6908,18.1809,11.0836,0.8117,251.7726,12.1759,255.0,185.0,97.2978,10.7182,113.0,65.0,250.2917,14.5602,255.0,185.0,93.747,10.914,109.0,65.0,0.3126
227,JKBR2.1e_4_Scan1.qptiff - resolution #1_Region 10.ome.tif,Positive,Positive,third ventricle,Polygon,1611.9,5696.1,35.0,27.4661,0.583,10.7165,5.3034,0.9022,255.0,35955.0,0.0,255.0,255.0,0.0,105.156,14827.0,18.777,157.0,77.0,80.0,138.5,45.3022,0.848,16.7668,11.5018,0.7589,248.8883,20.1658,255.0,153.0,77.8306,20.2029,157.0,50.0,246.8068,22.9869,255.0,153.0,68.5242,9.2868,95.0,50.0,0.2482
228,JKBR2.1e_4_Scan1.qptiff - resolution #1_Region 10.ome.tif,Positive,Positive,third ventricle,Polygon,1630.0,5713.4,67.25,49.5913,0.3436,18.5482,7.3252,0.9306,254.9636,70115.0,0.1875,255.0,254.0,1.0,106.5273,29295.0,14.4316,146.0,82.0,64.0,222.5,62.4108,0.7178,24.1938,12.8136,0.8603,254.4173,3.2505,255.0,221.0,88.6209,16.9289,146.0,57.0,254.1726,3.8853,255.0,221.0,80.601,10.6674,105.0,57.0,0.3092
229,JKBR2.1e_4_Scan1.qptiff - resolution #1_Region 10.ome.tif,Positive,Positive,third ventricle,Polygon,1579.4,5722.3,69.75,42.8427,0.4775,16.6603,7.2691,0.9237,252.8799,71565.0,11.167,255.0,166.0,89.0,108.3463,30662.0,13.9157,134.0,78.0,56.0,196.0,58.4948,0.7198,22.5761,13.1429,0.8412,237.9911,37.785,255.0,119.0,88.6823,18.6865,134.0,48.0,229.631,44.343,255.0,119.0,77.6409,9.8677,110.0,48.0,0.3584
230,JKBR2.1e_4_Scan1.qptiff - resolution #1_Region 10.ome.tif,Positive,Positive,third ventricle,Polygon,1616.5,5720.0,36.25,24.9572,0.7314,9.3735,5.592,0.8237,254.5101,37922.0,2.503,255.0,234.0,21.0,119.8725,17861.0,9.022,145.0,102.0,43.0,120.5,40.8485,0.9075,14.6308,10.7524,0.7072,251.4,11.4401,255.0,181.0,102.567,14.4376,145.0,80.0,250.0208,13.4205,255.0,181.0,94.8929,8.5397,120.0,80.0,0.2969
231,JKBR2.1e_4_Scan1.qptiff - resolution #1_Region 10.ome.tif,Positive,Positive,third ventricle,Polygon,1566.8,5722.0,32.25,26.5421,0.5753,9.6291,5.0558,0.8956,254.7727,33630.0,0.4207,255.0,254.0,1.0,91.6818,12102.0,9.7129,117.0,74.0,43.0,109.75,40.5648,0.8381,15.2192,10.1994,0.7777,254.8565,0.351,255.0,254.0,80.5718,11.9305,121.0,54.0,254.8925,0.3102,255.0,254.0,75.7948,9.3386,121.0,54.0,0.2905
232,JKBR2.1e_4_Scan1.qptiff - resolution #1_Region 10.ome.tif,Positive,Positive,third ventricle,Polygon,717.82,5752.1,71.75,33.8324,0.7877,11.5912,9.0297,0.5026,254.887,74427.0,0.3172,255.0,254.0,1.0,76.2363,22261.0,9.0411,93.0,56.0,37.0,194.75,51.1703,0.9347,17.665,14.2744,0.4826,254.8858,0.3183,255.0,254.0,59.4865,16.0284,93.0,32.0,254.885,0.3193,255.0,254.0,49.4435,9.6274,76.0,32.0,0.375
233,JKBR2.1e_4_Scan1.qptiff - resolution #1_Region 10.ome.tif,Positive,Positive,third ventricle,Polygon,708.41,5843.2,71.0,35.9891,0.6889,12.8704,8.8147,0.6696,254.8611,73400.0,0.3464,255.0,254.0,1.0,78.0347,22474.0,9.4904,97.0,54.0,43.0,195.5,52.2556,0.8997,18.1683,14.7881,0.5764,254.9004,0.2997,255.0,254.0,65.8033,15.2796,97.0,37.0,254.9232,0.2665,255.0,254.0,58.6869,13.3897,95.0,37.0,0.3604
234,JKBR2.1e_4_Scan1.qptiff - resolution #1_Region 10.ome.tif,Positive,Positive,third ventricle,Polygon,2049.2,5605.6,34.5,24.0977,0.7466,9.6038,4.583,0.891,249.2269,35141.0,12.243,255.0,197.0,58.0,86.1986,12154.0,12.0067,112.0,63.0,49.0,128.0,41.9414,0.9144,15.214,10.2783,0.7296,247.2685,21.1887,255.0,120.0,62.6401,17.344,112.0,33.0,246.5282,23.6795,255.0,120.0,53.7346,8.4081,80.0,33.0,0.2689
235,JKBR2.1e_4_Scan1.qptiff - resolution #1_Region 10.ome.tif,Positive,Positive,third ventricle,Polygon,1952.5,5617.2,62.5,32.6776,0.7355,13.3464,7.2191,0.8422,253.3605,65367.0,6.6278,255.0,200.0,55.0,101.938,26300.0,10.9869,135.0,78.0,57.0,183.75,50.7849,0.8953,19.2942,12.8828,0.7449,252.5584,9.3414,255.0,182.0,85.2663,15.6618,135.0,56.0,252.1255,10.5003,255.0,182.0,76.2678,9.025,96.0,56.0,0.3455
236,JKBR2.1e_4_Scan1.qptiff - resolution #1_Region 10.ome.tif,Positive,Positive,third ventricle,Polygon,1929.4,5621.3,47.25,30.618,0.6334,11.8,6.2138,0.8423,254.8953,48685.0,0.3547,255.0,252.0,3.0,125.7592,24020.0,19.8678,170.0,91.0,79.0,159.75,47.855,0.8766,17.6679,12.0349,0.731,253.075,7.632,255.0,196.0,99.2297,22.3483,170.0,65.0,252.3007,9.0008,255.0,196.0,87.9443,10.8288,123.0,65.0,0.2948
237,JKBR2.1e_4_Scan1.qptiff - resolution #1_Region 10.ome.tif,Positive,Positive,third ventricle,Polygon,1971.5,5619.8,43.0,27.3606,0.7218,10.7615,6.1382,0.8336,250.8864,44156.0,11.1195,255.0,201.0,54.0,95.4489,16799.0,11.5525,119.0,76.0,43.0,144.75,44.823,0.9054,16.7412,11.5,0.72,252.2345,10.1933,255.0,175.0,75.2052,16.2437,119.0,49.0,252.8218,9.7185,255.0,175.0,66.3861,8.0124,86.0,49.0,0.3006
238,JKBR2.1e_4_Scan1.qptiff - resolution #1_Region 10.ome.tif,Positive,Positive,third ventricle,Polygon,1899.7,5624.1,43.5,35.3341,0.4378,11.995,7.3492,0.706,250.2346,44792.0,12.2754,255.0,179.0,76.0,120.6871,21603.0,14.8677,153.0,89.0,64.0,153.25,48.1287,0.8314,18.1715,11.8616,0.7649,225.5691,41.1522,255.0,129.0,99.013,17.9217,153.0,75.0,215.4427,44.4475,255.0,129.0,90.1147,9.4992,121.0,75.0,0.2898
239,JKBR2.1e_4_Scan1.qptiff - resolution #1_Region 10.ome.tif,Positive,Positive,third ventricle,Polygon,1907.1,5633.0,45.75,30.0481,0.6367,11.8651,6.1945,0.8863,254.7553,47894.0,0.431,255.0,254.0,1.0,106.7926,20077.0,14.7871,137.0,74.0,63.0,141.0,45.8249,0.8438,17.0831,10.8768,0.7909,254.8007,0.5423,255.0,248.0,87.8272,18.938,137.0,49.0,254.8232,0.589,255.0,248.0,78.4195,12.6974,114.0,49.0,0.3304
240,JKBR2.1e_4_Scan1.qptiff - resolution #1_Region 10.ome.tif,Positive,Positive,third ventricle,Polygon,1830.6,5641.3,32.0,25.3236,0.6271,10.101,4.3711,0.917,206.3731,27654.0,49.9876,255.0,127.0,128.0,103.0522,13809.0,14.7996,137.0,77.0,60.0,130.0,42.9715,0.8847,16.1524,10.1327,0.7691,190.9867,55.0985,255.0,113.0,88.4648,14.2701,137.0,65.0,185.7136,55.8352,255.0,113.0,83.4655,10.0368,115.0,65.0,0.24
241,JKBR2.1e_4_Scan1.qptiff - resolution #1_Region 10.ome.tif,Positive,Positive,third ventricle,Polygon,1862.4,5650.5,63.25,37.4411,0.567,12.1166,9.9305,0.5087,254.8217,65744.0,0.6416,255.0,247.0,8.0,110.6163,28539.0,14.2073,141.0,82.0,59.0,195.75,54.0542,0.8419,17.8715,15.8804,0.3656,248.6875,21.4614,255.0,140.0,89.0013,19.182,141.0,55.0,245.6787,25.6744,255.0,140.0,78.3992,10.3798,107.0,55.0,0.327
242,JKBR2.1e_4_Scan1.qptiff - resolution #1_Region 10.ome.tif,Positive,Positive,third ventricle,Polygon,1728.9,5653.4,48.0,27.8343,0.7786,9.3994,6.7442,0.6604,237.401,46768.0,29.8131,255.0,133.0,122.0,97.4518,19198.0,7.5791,123.0,79.0,44.0,152.0,45.0887,0.9395,15.2557,12.7078,0.4961,215.7362,41.7927,255.0,121.0,86.0847,11.0763,123.0,67.0,205.5012,42.7517,255.0,121.0,80.7146,7.9764,102.0,67.0,0.3171
243,JKBR2.1e_4_Scan1.qptiff - resolution #1_Region 10.ome.tif,Positive,Positive,third ventricle,Polygon,1742.5,5653.0,43.0,25.2117,0.8501,8.3968,6.5981,0.641,207.6629,36964.0,44.7999,255.0,134.0,121.0,99.6629,17740.0,8.618,123.0,85.0,38.0,135.25,42.4154,0.9447,14.2117,12.5,0.4215,178.1481,49.9047,255.0,113.0,86.5229,11.4015,123.0,65.0,163.9106,45.882,255.0,113.0,80.1843,5.7746,97.0,65.0,0.3204
244,JKBR2.1e_4_Scan1.qptiff - resolution #1_Region 10.ome.tif,Positive,Positive,third ventricle,Polygon,1783.3,5662.7,82.5,50.4604,0.4072,16.4482,9.7754,0.8264,220.0597,73720.0,42.4995,255.0,138.0,117.0,112.7313,37765.0,16.2449,150.0,80.0,70.0,251.5,62.7397,0.8029,22.0671,15.2641,0.7405,202.0677,51.6821,255.0,120.0,91.2607,19.2512,150.0,56.0,193.0716,53.5132,255.0,120.0,80.5254,8.8418,111.0,56.0,0.3259
245,JKBR2.1e_4_Scan1.qptiff - resolution #1_Region 10.ome.tif,Positive,Positive,third ventricle,Polygon,1830.7,5660.2,64.75,39.7973,0.5137,16.7258,5.6265,0.9416,231.7519,60719.0,30.3259,255.0,156.0,99.0,117.5878,30808.0,20.7088,158.0,80.0,78.0,205.0,56.393,0.8101,22.7196,11.5458,0.8624,216.0635,47.6665,255.0,124.0,92.2442,22.8411,158.0,58.0,208.684,52.3499,255.0,124.0,80.3232,11.0096,117.0,58.0,0.3173
246,JKBR2.1e_4_Scan1.qptiff - resolution #1_Region 10.ome.tif,Positive,Positive,third ventricle,Polygon,1810.8,5663.1,42.0,31.0803,0.5464,12.4078,5.9247,0.8773,204.4682,35373.0,43.7024,255.0,135.0,120.0,106.9306,18499.0,14.2497,139.0,79.0,60.0,159.75,49.5655,0.8171,18.2692,11.8492,0.7717,192.986,52.8149,255.0,118.0,85.5966,15.8645,139.0,65.0,188.7505,55.2441,255.0,118.0,77.7271,6.3075,96.0,65.0,0.2663
247,JKBR2.1e_4_Scan1.qptiff - resolution #1_Region 10.ome.tif,Positive,Positive,third ventricle,Polygon,1649.5,5662.6,35.25,25.3911,0.6871,8.8747,6.5546,0.556,211.4792,30453.0,35.5754,255.0,151.0,104.0,94.4931,13607.0,6.8009,108.0,80.0,28.0,130.25,43.0548,0.883,14.6295,11.9659,0.5274,196.6717,42.5949,255.0,126.0,86.0509,8.5781,108.0,68.0,191.1477,43.7064,255.0,126.0,82.9016,6.8793,101.0,68.0,0.2673
248,JKBR2.1e_4_Scan1.qptiff - resolution #1_Region 10.ome.tif,Positive,Positive,third ventricle,Polygon,1749.4,5666.7,61.5,34.7981,0.6382,13.1018,7.0102,0.8554,234.1903,57845.0,32.5149,255.0,151.0,104.0,142.5547,35211.0,16.7632,177.0,108.0,69.0,168.0,50.462,0.8291,19.1709,11.3946,0.8151,205.3616,51.7482,255.0,119.0,114.9911,25.5348,177.0,76.0,188.6071,53.4692,255.0,119.0,98.9718,13.0005,133.0,76.0,0.3682
249,JKBR2.1e_4_Scan1.qptiff - resolution #1_Region 10.ome.tif,Positive,Positive,third ventricle,Polygon,1633.4,5665.7,37.5,24.5989,0.7788,9.6769,5.7103,0.806,189.125,28747.0,43.0118,255.0,129.0,126.0,97.8882,14879.0,10.1906,116.0,78.0,38.0,132.5,42.2576,0.9324,15.5921,11.7011,0.6636,183.5906,50.9048,255.0,114.0,85.6604,13.4546,118.0,64.0,181.3651,53.6448,255.0,114.0,80.7434,11.309,118.0,64.0,0.2822
250,JKBR2.1e_4_Scan1.qptiff - resolution #1_Region 10.ome.tif,Positive,Positive,third ventricle,Polygon,1708.1,5668.5,59.5,37.9987,0.5178,12.3971,8.8982,0.6398,187.4262,45732.0,39.9069,255.0,132.0,123.0,99.791,24349.0,11.0193,132.0,78.0,54.0,196.25,55.108,0.8121,18.7471,14.6933,0.598,163.1601,46.4401,255.0,113.0,86.0889,12.091,132.0,65.0,152.256,45.0486,255.0,113.0,79.9319,5.9218,99.0,65.0,0.3033
251,JKBR2.1e_4_Scan1.qptiff - resolution #1_Region 10.ome.tif,Positive,Positive,third ventricle,Polygon,1692.6,5665.2,30.75,22.3211,0.7756,7.6969,5.963,0.6002,228.8281,29290.0,29.1966,255.0,155.0,100.0,123.3672,15791.0,17.116,154.0,90.0,64.0,101.0,38.3813,0.8616,13.2298,10.0337,0.6884,205.8784,46.1876,255.0,125.0,97.3052,21.5985,154.0,70.0,195.1964,48.7256,255.0,125.0,85.1745,9.1455,125.0,70.0,0.315
252,JKBR2.1e_4_Scan1.qptiff - resolution #1_Region 10.ome.tif,Positive,Positive,third ventricle,Polygon,1759.2,5669.4,32.25,28.8168,0.488,11.3969,5.3331,0.8915,214.2444,28923.0,32.7329,255.0,143.0,112.0,127.163,17167.0,13.6498,157.0,100.0,57.0,123.75,44.8418,0.7734,17.2144,11.1647,0.7873,198.5131,45.5205,255.0,122.0,103.7879,18.0033,157.0,75.0,192.6139,48.202,255.0,122.0,95.0222,9.6922,122.0,75.0,0.2667
253,JKBR2.1e_4_Scan1.qptiff - resolution #1_Region 10.ome.tif,Positive,Positive,third ventricle,Polygon,1688.2,5674.4,47.75,36.1819,0.4584,10.133,8.2873,0.4811,233.2872,45491.0,34.8514,255.0,134.0,121.0,101.7231,19836.0,11.6085,128.0,81.0,47.0,149.75,46.3561,0.8757,15.6421,12.1693,0.6074,205.5017,53.098,255.0,119.0,88.3746,13.4737,128.0,66.0,192.0571,55.183,255.0,119.0,81.9156,8.7359,113.0,66.0,0.3174
254,JKBR2.1e_4_Scan1.qptiff - resolution #1_Region 10.ome.tif,Positive,Positive,third ventricle,Polygon,1656.9,5680.2,29.25,25.9809,0.5445,9.2416,4.8847,0.8598,209.6475,25577.0,46.2405,255.0,135.0,120.0,107.9098,13165.0,11.2125,129.0,86.0,43.0,107.75,40.9283,0.8083,15.0067,8.5714,0.8383,199.5383,54.7462,255.0,124.0,92.0371,13.1271,129.0,73.0,195.5469,57.3399,255.0,124.0,85.7702,7.2104,122.0,73.0,0.2759
255,JKBR2.1e_4_Scan1.qptiff - resolution #1_Region 10.ome.tif,Positive,Positive,third ventricle,Polygon,1637.2,5682.4,34.75,23.7294,0.7755,9.0443,5.8684,0.7742,185.1837,27222.0,45.627,255.0,132.0,123.0,92.6803,13624.0,7.0146,109.0,81.0,28.0,123.25,40.901,0.9258,14.7192,11.4039,0.6492,182.5458,55.3283,255.0,119.0,82.057,8.7494,109.0,64.0,181.4186,59.015,255.0,119.0,77.5174,4.4025,90.0,64.0,0.2912
256,JKBR2.1e_4_Scan1.qptiff - resolution #1_Region 10.ome.tif,Positive,Positive,third ventricle,Polygon,1648.8,5684.1,45.75,29.8415,0.6456,10.5376,6.4447,0.8433,211.1794,38857.0,45.4045,255.0,132.0,123.0,95.5598,17583.0,9.8451,118.0,80.0,38.0,117.75,42.2768,0.8279,15.6178,11.3554,0.6862,212.5455,53.7183,255.0,117.0,86.334,11.2274,118.0,67.0,213.4152,58.4582,255.0,117.0,80.4602,7.4833,116.0,67.0,0.3829
257,JKBR2.1e_4_Scan1.qptiff - resolution #1_Region 10.ome.tif,Positive,Positive,third ventricle,Polygon,4370.5,5281.2,32.75,24.1346,0.7065,10.0239,4.4213,0.8876,252.0074,34273.0,0.0857,253.0,252.0,1.0,129.4044,17599.0,22.8951,188.0,88.0,100.0,127.5,41.9544,0.9103,16.0324,10.1616,0.7701,249.6035,9.6084,253.0,180.0,98.1289,24.0379,188.0,70.0,248.734,11.0882,253.0,180.0,86.8165,10.7525,121.0,70.0,0.2572
258,JKBR2.1e_4_Scan1.qptiff - resolution #1_Region 10.ome.tif,Positive,Positive,third ventricle,Polygon,4363.5,5311.8,72.25,40.9592,0.5412,14.0131,8.7735,0.8239,214.2102,63192.0,39.1832,252.0,144.0,108.0,103.5254,30540.0,8.5904,125.0,84.0,41.0,201.5,53.9792,0.869,19.1842,14.6037,0.6637,201.9455,44.2206,252.0,136.0,90.8042,13.0674,125.0,55.0,194.8789,45.4328,252.0,136.0,83.4746,8.9234,101.0,55.0,0.3645
259,JKBR2.1e_4_Scan1.qptiff - resolution #1_Region 10.ome.tif,Positive,Positive,third ventricle,Polygon,4367.2,5329.0,46.0,32.7091,0.5403,14.1349,4.9996,0.9472,243.3915,46001.0,15.9835,251.0,172.0,79.0,98.0106,18524.0,10.9082,124.0,80.0,44.0,156.0,49.6939,0.7938,19.2083,10.269,0.8343,217.7488,41.499,252.0,123.0,83.5888,12.9698,124.0,56.0,206.633,44.1641,252.0,123.0,77.3372,7.7678,95.0,56.0,0.3
260,JKBR2.1e_4_Scan1.qptiff - resolution #1_Region 10.ome.tif,Positive,Positive,third ventricle,Polygon,4380.7,5361.8,44.75,31.839,0.5547,11.406,7.3525,0.8609,248.8054,46029.0,0.4104,249.0,247.0,2.0,119.3351,22077.0,18.4207,164.0,72.0,92.0,148.0,46.7317,0.8516,16.425,12.6924,0.6405,248.8596,0.8061,251.0,236.0,89.709,26.9398,164.0,37.0,248.8842,0.9317,251.0,236.0,76.2094,17.8743,111.0,37.0,0.3126
261,JKBR2.1e_4_Scan1.qptiff - resolution #1_Region 10.ome.tif,Positive,Positive,third ventricle,Polygon,4371.8,5371.1,62.75,32.6983,0.7375,12.0055,7.6703,0.7529,239.2588,61011.0,17.9478,251.0,181.0,70.0,102.2784,26081.0,9.4401,121.0,81.0,40.0,167.25,48.9942,0.8756,17.8303,13.1577,0.7042,239.6148,18.2764,251.0,172.0,92.9689,11.7445,121.0,70.0,239.8309,18.491,251.0,172.0,87.3167,9.1151,118.0,70.0,0.3794
262,JKBR2.1e_4_Scan1.qptiff - resolution #1_Region 10.ome.tif,Positive,Positive,third ventricle,Polygon,4395.8,5411.6,98.0,41.0121,0.7322,15.4535,9.2514,0.8271,223.4268,88477.0,36.8235,249.0,139.0,110.0,109.0732,43193.0,10.9534,136.0,85.0,51.0,238.25,57.3519,0.9102,20.8889,14.5,0.7221,218.5293,44.6612,250.0,117.0,95.4015,14.7686,136.0,68.0,215.0538,49.2133,250.0,117.0,85.6989,7.8039,108.0,68.0,0.4088
263,JKBR2.1e_4_Scan1.qptiff - resolution #1_Region 2.ome.tif,Positive,Positive,Arcuate hypothalamic nucleus,Polygon,427.98,5533.9,36.75,24.9182,0.7438,9.1024,6.0798,0.6589,254.9671,38755.0,0.179,255.0,254.0,1.0,164.2303,24963.0,18.6766,214.0,130.0,84.0,93.5,37.049,0.856,13.2286,9.8047,0.636,254.9681,0.176,255.0,254.0,145.6383,21.1984,214.0,110.0,254.9688,0.1744,255.0,254.0,133.0223,11.1353,154.0,110.0,0.3978
264,JKBR2.1e_4_Scan1.qptiff - resolution #1_Region 3.ome.tif,Positive,Positive,Arcuate hypothalamic nucleus,Polygon,606.19,4781.5,35.25,22.7253,0.8577,7.9989,6.2952,0.6427,236.2483,35201.0,29.3202,255.0,160.0,95.0,125.8322,18749.0,19.047,166.0,94.0,72.0,87.0,34.0072,0.9453,11.7974,9.7925,0.571,222.1077,42.4369,255.0,141.0,102.8244,23.8068,166.0,74.0,211.7794,47.3498,255.0,141.0,86.0196,6.7772,110.0,74.0,0.4151
265,JKBR2.1e_4_Scan1.qptiff - resolution #1_Region 3.ome.tif,Positive,Positive,Arcuate hypothalamic nucleus,Polygon,348.06,4997.3,62.25,32.6748,0.7327,12.3324,7.6225,0.7235,248.8189,63200.0,0.3859,249.0,248.0,1.0,137.8425,35012.0,22.5364,189.0,94.0,95.0,132.0,43.8565,0.8624,16.0568,10.8617,0.7174,248.7335,0.4552,249.0,247.0,116.5161,26.7405,189.0,75.0,248.6545,0.4988,249.0,247.0,96.8182,9.8949,122.0,75.0,0.4772
266,JKBR2.1e_4_Scan1.qptiff - resolution #1_Region 3.ome.tif,Positive,Positive,Arcuate hypothalamic nucleus,Polygon,359.48,5048.0,81.5,37.8052,0.7166,13.7901,8.3704,0.7935,247.8659,81300.0,0.3413,248.0,247.0,1.0,156.3415,51280.0,20.6062,192.0,105.0,87.0,158.25,48.578,0.8427,17.3003,11.9298,0.7325,247.8841,0.3203,248.0,247.0,132.4238,30.8237,192.0,74.0,247.904,0.2951,248.0,247.0,106.447,14.9574,150.0,74.0,0.5228
267,JKBR2.1e_4_Scan1.qptiff - resolution #1_Region 4.ome.tif,Positive,Positive,Arcuate hypothalamic nucleus,Polygon,409.15,5458.0,75.25,37.0224,0.6899,14.2542,7.5211,0.8681,253.8893,77944.0,0.3143,254.0,253.0,1.0,136.0163,41757.0,18.0525,189.0,96.0,93.0,152.0,47.2592,0.8552,17.8967,11.0,0.8064,253.2451,4.6662,254.0,200.0,119.3882,23.5985,189.0,70.0,252.588,6.5648,254.0,200.0,102.4286,14.9273,136.0,70.0,0.4998
268,JKBR2.1e_4_Scan1.qptiff - resolution #1_Region 5.ome.tif,Positive,Positive,Arcuate hypothalamic nucleus,Polygon,274.33,4761.6,76.5,37.8955,0.6694,13.6328,8.315,0.8339,254.7949,79496.0,0.4044,255.0,254.0,1.0,137.6603,42950.0,22.1863,179.0,95.0,84.0,155.0,47.6474,0.858,17.0413,11.7387,0.7389,254.721,1.0014,255.0,238.0,115.1903,28.5167,179.0,71.0,254.6461,1.3583,255.0,238.0,92.4286,10.3972,127.0,71.0,0.4916
269,JKBR2.1e_4_Scan1.qptiff - resolution #1_Region 5.ome.tif,Positive,Positive,Arcuate hypothalamic nucleus,Polygon,294.39,4833.2,36.5,26.0503,0.6759,8.812,6.7429,0.5467,254.8733,38231.0,0.3337,255.0,254.0,1.0,124.2667,18640.0,15.4058,156.0,88.0,68.0,96.0,37.1612,0.8736,12.4031,10.1963,0.4492,254.8857,0.3186,255.0,254.0,105.6312,23.4967,156.0,65.0,254.8936,0.309,255.0,254.0,93.7362,19.7525,149.0,65.0,0.3848
270,JKBR2.1e_4_Scan1.qptiff - resolution #1_Region 5.ome.tif,Positive,Positive,Arcuate hypothalamic nucleus,Polygon,346.23,5175.9,78.5,37.5223,0.7006,13.5632,9.389,0.6949,251.6031,80513.0,10.1612,254.0,178.0,76.0,122.9094,39331.0,20.5308,159.0,77.0,82.0,157.25,48.0656,0.8553,17.0728,13.1374,0.6428,244.6794,22.7921,254.0,156.0,102.9349,26.0901,159.0,62.0,237.5323,29.1543,254.0,156.0,82.3161,10.5249,114.0,62.0,0.5024
271,JKBR2.1e_4_Scan1.qptiff - resolution #1_Region 6.ome.tif,Positive,Positive,Arcuate hypothalamic nucleus,Polygon,599.41,3746.2,46.0,26.1256,0.8469,9.6159,6.8195,0.6326,254.9037,47667.0,0.2957,255.0,254.0,1.0,141.4599,26453.0,13.494,163.0,107.0,56.0,104.25,37.9551,0.9094,13.5379,10.0,0.6475,254.9214,0.2694,255.0,254.0,123.55,23.2864,163.0,80.0,254.9356,0.246,255.0,254.0,109.176,19.1651,156.0,80.0,0.4369
272,JKBR2.1e_4_Scan1.qptiff - resolution #1_Region 6.ome.tif,Positive,Positive,Arcuate hypothalamic nucleus,Polygon,597.06,3795.1,52.75,32.8261,0.6152,13.1523,6.3421,0.8139,253.1116,54419.0,0.6314,254.0,252.0,2.0,151.1767,32503.0,19.6879,188.0,102.0,86.0,121.5,43.9497,0.7905,17.0225,10.1124,0.7915,253.1104,0.6654,254.0,251.0,121.1063,30.9214,188.0,69.0,253.1095,0.692,254.0,251.0,97.5109,11.5924,131.0,69.0,0.4413
273,JKBR2.1e_4_Scan1.qptiff - resolution #1_Region 6.ome.tif,Positive,Positive,Arcuate hypothalamic nucleus,Polygon,604.14,3818.5,54.75,26.9867,0.9447,9.5541,7.7181,0.5938,251.8699,56167.0,0.3371,252.0,251.0,1.0,201.0179,44827.0,31.5928,251.0,127.0,124.0,111.25,37.8954,0.9735,12.8779,11.0,0.5111,251.8702,0.3364,252.0,251.0,153.8814,54.1376,251.0,68.0,251.8705,0.3365,252.0,251.0,106.9554,20.8408,158.0,68.0,0.4886
274,JKBR2.1e_4_Scan1.qptiff - resolution #1_Region 6.ome.tif,Positive,Positive,Arcuate hypothalamic nucleus,Polygon,930.29,3919.3,88.75,41.3147,0.6534,15.2295,10.1155,0.7921,254.903,92020.0,0.2963,255.0,254.0,1.0,209.5319,75641.0,46.6012,255.0,96.0,159.0,170.75,52.4165,0.781,19.1676,13.8187,0.7379,254.3834,3.5392,255.0,217.0,167.9548,57.6986,255.0,78.0,253.8062,5.0744,255.0,217.0,121.7723,23.6641,182.0,78.0,0.5264
275,JKBR2.1e_4_Scan1.qptiff - resolution #1_Region 6.ome.tif,Positive,Positive,Arcuate hypothalamic nucleus,Polygon,601.44,4137.7,50.25,29.6551,0.718,11.2628,5.9764,0.8427,254.9515,52520.0,0.2154,255.0,254.0,1.0,168.2573,34661.0,27.671,224.0,117.0,107.0,113.0,40.1578,0.8805,15.0724,9.6668,0.7597,254.9604,0.1951,255.0,254.0,134.1121,38.3152,224.0,80.0,254.9679,0.1767,255.0,254.0,105.8635,16.8792,158.0,80.0,0.4538
276,JKBR2.1e_4_Scan1.qptiff - resolution #1_Region 8.ome.tif,Positive,Positive,Arcuate hypothalamic nucleus,Polygon,506.76,5271.9,75.0,34.6394,0.7855,13.2953,7.7307,0.7678,254.8492,77729.0,0.3585,255.0,254.0,1.0,231.177,70509.0,33.225,255.0,127.0,128.0,144.0,45.66,0.868,17.0106,11.0,0.7248,254.7431,1.2826,255.0,232.0,173.9184,67.866,255.0,60.0,254.6236,1.8253,255.0,232.0,109.476,26.3433,182.0,60.0,0.5134
277,JKBR2.1e_4_Scan1.qptiff - resolution #1_Region 8.ome.tif,Positive,Positive,Arcuate hypothalamic nucleus,Polygon,521.99,5361.5,68.75,36.7039,0.6413,13.9644,7.5436,0.8881,254.7473,70565.0,0.4354,255.0,254.0,1.0,153.6318,42556.0,28.8807,209.0,100.0,109.0,143.25,46.363,0.8375,17.6794,11.2014,0.8002,254.6475,1.7555,255.0,227.0,128.8551,32.5319,209.0,81.0,254.554,2.4042,255.0,227.0,105.6689,12.4842,151.0,81.0,0.4819
278,JKBR2.1e_4_Scan1.qptiff - resolution #1_Region 9.ome.tif,Positive,Positive,Arcuate hypothalamic nucleus,Polygon,596.11,4903.7,71.75,40.1625,0.559,14.2837,7.8886,0.8725,254.9626,74959.0,0.1901,255.0,254.0,1.0,97.1837,28572.0,6.8494,114.0,83.0,31.0,156.5,50.6724,0.7659,17.9446,11.9286,0.7819,254.9679,0.1763,255.0,254.0,91.3494,8.3704,114.0,74.0,254.9727,0.1631,255.0,254.0,86.1515,5.7771,103.0,74.0,0.4675
279,JKBR2.1e_4_Scan1.qptiff - resolution #1_Region 9.ome.tif,Positive,Positive,Arcuate hypothalamic nucleus,Polygon,545.25,4919.7,96.0,45.3169,0.5874,16.1602,10.2013,0.7596,255.0,98940.0,0.0,255.0,255.0,0.0,101.1598,39250.0,8.6194,119.0,82.0,37.0,191.75,54.5939,0.8085,19.6222,13.8329,0.7,255.0,0.0,255.0,255.0,93.2467,10.9245,119.0,75.0,255.0,0.0,255.0,255.0,85.1243,5.9425,105.0,75.0,0.5056
280,JKBR2.1e_4_Scan1.qptiff - resolution #1_Region 9.ome.tif,Positive,Positive,Arcuate hypothalamic nucleus,Polygon,651.77,4922.3,48.5,27.895,0.7832,9.0291,7.8524,0.3152,255.0,51765.0,0.0,255.0,255.0,0.0,94.266,19136.0,5.3721,112.0,82.0,30.0,111.0,38.5277,0.9397,12.7609,11.5878,0.1413,255.0,0.0,255.0,255.0,88.7169,7.6879,112.0,69.0,255.0,0.0,255.0,255.0,84.062,6.0831,96.0,69.0,0.4538
281,JKBR2.1e_4_Scan1.qptiff - resolution #1_Region 9.ome.tif,Positive,Positive,Arcuate hypothalamic nucleus,Polygon,675.79,5509.1,32.25,26.9454,0.5582,10.8482,5.104,0.909,248.8529,33844.0,0.3555,249.0,248.0,1.0,102.9779,14005.0,8.8782,138.0,87.0,51.0,93.5,37.978,0.8146,14.432,8.6781,0.8216,248.8396,0.3675,249.0,248.0,93.3021,10.3314,138.0,78.0,248.8319,0.3747,249.0,248.0,87.7731,6.2182,109.0,78.0,0.3653
282,JKBR2.1e_4_Scan1.qptiff - resolution #1_Region 9.ome.tif,Positive,Positive,Arcuate hypothalamic nucleus,Polygon,550.97,5590.2,34.5,24.5588,0.7188,8.2755,6.7604,0.4814,254.6319,36667.0,1.036,255.0,246.0,9.0,106.7708,15375.0,6.9026,120.0,92.0,28.0,91.5,35.3843,0.9184,11.9603,10.365,0.2851,254.6593,1.0093,255.0,246.0,101.1099,9.1969,127.0,82.0,254.6773,0.9933,255.0,248.0,97.4045,8.6153,127.0,82.0,0.387
283,JKBR2.1e_4_Scan1.qptiff - resolution #1_Region 9.ome.tif,Positive,Positive,Arcuate hypothalamic nucleus,Polygon,553.22,5611.5,236.75,83.8674,0.423,28.0319,16.3249,0.791,254.1182,242937.0,3.5492,255.0,228.0,27.0,130.3692,124633.0,14.3831,172.0,92.0,80.0,400.25,90.4461,0.6148,31.2925,20.0789,0.7665,254.4393,2.7799,255.0,228.0,120.2991,18.1666,172.0,73.0,254.9174,0.3224,255.0,251.0,105.3037,11.7287,136.0,73.0,0.6006
284,JKBR2.1e_4_Scan1.qptiff - resolution #1_Region 9.ome.tif,Positive,Positive,Arcuate hypothalamic nucleus,Polygon,560.4,5666.4,44.25,28.5954,0.68,9.7092,6.9272,0.6825,255.0,45900.0,0.0,255.0,255.0,0.0,99.5944,17927.0,6.7598,117.0,84.0,33.0,106.75,39.1385,0.8757,13.2614,10.7826,0.5665,254.5954,2.7539,255.0,226.0,93.5628,9.3634,117.0,73.0,254.304,3.5865,255.0,226.0,89.22,8.5421,104.0,73.0,0.4166
285,JKBR2.1e_4_Scan1.qptiff - resolution #1_Region 9.ome.tif,Positive,Positive,Arcuate hypothalamic nucleus,Polygon,540.38,5682.9,80.5,38.0622,0.6983,12.7614,9.7543,0.5523,254.911,83101.0,0.2957,255.0,253.0,2.0,110.7086,36091.0,13.5673,154.0,85.0,69.0,157.75,47.921,0.8632,16.4899,13.5146,0.4911,253.2101,8.1183,255.0,192.0,99.5798,15.9116,154.0,69.0,251.4039,11.3874,255.0,192.0,87.7622,7.4394,113.0,69.0,0.5108
286,JKBR2.1e_4_Scan1.qptiff - resolution #1_Region 9.ome.tif,Positive,Positive,Arcuate hypothalamic nucleus,Polygon,557.51,5696.3,64.75,38.3953,0.5519,13.5813,8.4996,0.8424,253.1849,67094.0,5.3943,255.0,224.0,31.0,106.5509,28236.0,11.3534,135.0,82.0,53.0,135.75,46.8885,0.7759,16.0353,11.9654,0.7107,252.5864,6.6032,255.0,215.0,96.2243,13.578,135.0,74.0,252.0179,7.541,255.0,215.0,86.4158,6.284,103.0,74.0,0.4954
287,JKBR2.1e_4_Scan1.qptiff - resolution #1_Region 9.ome.tif,Positive,Positive,Arcuate hypothalamic nucleus,Polygon,558.06,5708.6,41.75,27.0307,0.718,10.4989,5.8128,0.8424,254.9711,44110.0,0.168,255.0,254.0,1.0,98.9017,17110.0,7.565,125.0,80.0,45.0,90.0,36.7509,0.8374,14.0833,9.4791,0.743,254.9615,0.1926,255.0,254.0,88.3874,12.511,125.0,61.0,254.9529,0.2125,255.0,254.0,78.8639,7.4433,98.0,61.0,0.4696
288,JKBR2.1e_5_Scan1.qptiff - resolution #1_Region 1.ome.tif,Positive,Positive,Arcuate hypothalamic nucleus,Polygon,563.85,4923.1,67.75,32.312,0.8154,12.2324,7.1022,0.8196,252.5688,69709.0,12.0616,255.0,146.0,109.0,129.029,35612.0,19.7499,163.0,83.0,80.0,135.25,43.3959,0.9025,16.0167,10.7324,0.7387,225.9834,46.9834,255.0,105.0,97.4604,36.1004,163.0,46.0,198.5019,53.4418,255.0,105.0,64.8277,12.2183,104.0,46.0,0.5016
289,JKBR2.1e_5_Scan1.qptiff - resolution #1_Region 1.ome.tif,Positive,Positive,Arcuate hypothalamic nucleus,Polygon,528.21,4948.0,53.0,27.0685,0.909,9.4093,7.8413,0.5233,254.9766,54565.0,0.1514,255.0,254.0,1.0,134.3178,28744.0,23.7736,176.0,85.0,91.0,108.75,37.7254,0.9602,12.94,11.0,0.478,250.2087,16.53,255.0,145.0,103.2592,37.5919,176.0,39.0,245.6126,22.239,255.0,145.0,73.3198,20.0579,134.0,39.0,0.4854
290,JKBR2.1e_5_Scan1.qptiff - resolution #1_Region 1.ome.tif,Positive,Positive,Arcuate hypothalamic nucleus,Polygon,620.71,5467.6,127.75,61.8427,0.4198,26.9932,7.7431,0.9531,254.908,130258.0,0.2893,255.0,254.0,1.0,198.1252,101242.0,50.2962,255.0,84.0,171.0,248.5,72.3729,0.5962,30.8914,11.2421,0.9337,254.9004,0.2996,255.0,254.0,153.0986,61.0934,255.0,68.0,254.8923,0.3103,255.0,254.0,105.4617,24.2765,183.0,68.0,0.5196
291,JKBR2.1e_5_Scan1.qptiff - resolution #1_Region 1.ome.tif,Positive,Positive,Arcuate hypothalamic nucleus,Polygon,528.13,5510.7,65.75,30.4843,0.8891,10.8176,8.1596,0.5874,254.5918,67976.0,2.0542,255.0,232.0,23.0,181.839,48551.0,34.0165,251.0,111.0,140.0,128.75,41.393,0.9443,14.2411,11.4878,0.5514,252.1066,11.4194,255.0,174.0,136.8391,54.1403,251.0,59.0,249.4418,15.8899,255.0,174.0,88.5863,18.1099,135.0,59.0,0.5125
292,JKBR2.1e_5_Scan1.qptiff - resolution #1_Region 2.ome.tif,Positive,Positive,Arcuate hypothalamic nucleus,Polygon,762.36,5485.1,93.25,43.4561,0.6205,14.3772,11.2284,0.6873,252.368,94638.0,11.0176,255.0,178.0,77.0,151.24,56715.0,23.2783,193.0,93.0,100.0,180.25,51.7393,0.8461,18.0437,14.5802,0.5771,251.0527,13.5382,255.0,178.0,121.9584,36.6026,193.0,59.0,249.6272,15.716,255.0,179.0,90.2225,16.3255,137.0,59.0,0.5144
293,JKBR2.1e_5_Scan1.qptiff - resolution #1_Region 2.ome.tif,Positive,Positive,Arcuate hypothalamic nucleus,Polygon,728.58,5530.6,65.75,36.0916,0.6343,13.692,8.0466,0.7516,254.8881,68310.0,0.3159,255.0,254.0,1.0,123.3022,33045.0,14.8524,155.0,79.0,76.0,140.25,46.5886,0.812,17.5758,11.624,0.7532,254.8658,0.3411,255.0,254.0,104.2057,25.1163,155.0,54.0,254.8454,0.3622,255.0,254.0,86.6186,19.0608,130.0,54.0,0.4748
294,JKBR2.1e_5_Scan1.qptiff - resolution #1_Region 2.ome.tif,Positive,Positive,Arcuate hypothalamic nucleus,Polygon,792.17,6152.7,48.25,27.6775,0.7915,10.0304,6.4754,0.7559,254.8643,50718.0,0.3433,255.0,254.0,1.0,124.3719,24750.0,19.677,168.0,88.0,80.0,108.75,38.6595,0.9144,13.6516,10.2525,0.6263,254.9014,0.2985,255.0,254.0,103.4037,24.7378,168.0,58.0,254.9325,0.2514,255.0,254.0,85.7975,11.0051,115.0,58.0,0.4467
295,JKBR2.1e_5_Scan1.qptiff - resolution #1_Region 2.ome.tif,Positive,Positive,Arcuate hypothalamic nucleus,Polygon,753.22,6172.4,77.25,34.6045,0.8107,11.5955,9.9504,0.4097,254.8599,80026.0,0.3477,255.0,254.0,1.0,144.6051,45406.0,26.4494,203.0,93.0,110.0,149.0,45.1777,0.9174,15.1375,13.4273,0.2732,250.9833,14.5285,255.0,165.0,118.4264,34.8608,203.0,57.0,246.6972,20.2493,255.0,165.0,89.4824,13.7415,125.0,57.0,0.5239
296,JKBR2.1e_5_Scan1.qptiff - resolution #1_Region 3.ome.tif,Positive,Positive,Arcuate hypothalamic nucleus,Polygon,1212.1,4814.4,60.75,31.5355,0.7676,12.4664,6.5832,0.861,253.5813,62381.0,5.4495,255.0,217.0,38.0,200.313,49277.0,49.4649,255.0,88.0,167.0,126.0,42.6197,0.8717,16.0732,10.0798,0.787,252.1386,8.0352,255.0,213.0,142.3881,68.3158,255.0,53.0,250.7683,9.6982,255.0,213.0,87.3707,23.5725,156.0,53.0,0.4847
297,JKBR2.1e_5_Scan1.qptiff - resolution #1_Region 3.ome.tif,Positive,Positive,Arcuate hypothalamic nucleus,Polygon,1057.5,5260.8,58.5,33.4027,0.6589,11.6298,8.2972,0.665,254.9748,60684.0,0.1571,255.0,254.0,1.0,154.6345,36803.0,36.7826,226.0,79.0,147.0,131.25,44.1382,0.8466,15.2709,11.9399,0.66,254.4218,3.91,255.0,210.0,116.8473,44.068,226.0,57.0,253.9615,5.2504,255.0,210.0,85.4021,15.9359,131.0,57.0,0.4556
298,JKBR2.1e_5_Scan1.qptiff - resolution #1_Region 3.ome.tif,Positive,Positive,Arcuate hypothalamic nucleus,Polygon,961.87,5411.9,41.25,29.8766,0.5807,12.6703,5.5,0.883,254.8639,43072.0,0.3439,255.0,254.0,1.0,236.5799,39982.0,19.94,255.0,187.0,68.0,97.0,39.721,0.7726,16.3894,7.5,0.8857,251.6607,8.9315,255.0,205.0,219.0488,37.1486,255.0,131.0,249.2,11.28,255.0,205.0,205.5818,41.48,255.0,131.0,0.4204
299,JKBR2.1e_5_Scan1.qptiff - resolution #1_Region 4.ome.tif,Positive,Positive,Arcuate hypothalamic nucleus,Polygon,820.99,6190.2,85.5,40.2733,0.6624,15.6051,9.0708,0.826,254.8295,89700.0,0.3766,255.0,254.0,1.0,136.6591,48104.0,20.874,196.0,91.0,105.0,169.5,50.632,0.8309,19.2567,12.5,0.7754,254.8746,0.3314,255.0,254.0,116.649,26.5731,196.0,76.0,254.9233,0.2665,255.0,254.0,95.0429,9.9205,122.0,76.0,0.5127
