,BrainRegion,Class,Num_cells,id,channel
0,Accessory supraoptic group,negative,0,BRAC5872.1f,cfos
1,Accessory supraoptic group,positive,14,BRAC5872.1f,cfos
2,"Agranular insular area, dorsal part, layer 1",negative,4,BRAC5872.1f,cfos
3,"Agranular insular area, dorsal part, layer 1",positive,69,BRAC5872.1f,cfos
4,"Agranular insular area, dorsal part, layer 2/3",negative,1,BRAC5872.1f,cfos
5,"Agranular insular area, dorsal part, layer 2/3",positive,434,BRAC5872.1f,cfos
6,"Agranular insular area, dorsal part, layer 5",negative,7,BRAC5872.1f,cfos
7,"Agranular insular area, dorsal part, layer 5",positive,941,BRAC5872.1f,cfos
8,"Agranular insular area, dorsal part, layer 6a",negative,10,BRAC5872.1f,cfos
9,"Agranular insular area, dorsal part, layer 6a",positive,827,BRAC5872.1f,cfos
10,"Agranular insular area, dorsal part, layer 6b",negative,2,BRAC5872.1f,cfos
11,"Agranular insular area, dorsal part, layer 6b",positive,34,BRAC5872.1f,cfos
12,"Agranular insular area, posterior part, layer 1",negative,16,BRAC5872.1f,cfos
13,"Agranular insular area, posterior part, layer 1",positive,477,BRAC5872.1f,cfos
14,"Agranular insular area, posterior part, layer 2/3",negative,50,BRAC5872.1f,cfos
15,"Agranular insular area, posterior part, layer 2/3",positive,2254,BRAC5872.1f,cfos
16,"Agranular insular area, posterior part, layer 5",negative,71,BRAC5872.1f,cfos
17,"Agranular insular area, posterior part, layer 5",positive,2272,BRAC5872.1f,cfos
18,"Agranular insular area, posterior part, layer 6a",negative,91,BRAC5872.1f,cfos
19,"Agranular insular area, posterior part, layer 6a",positive,1704,BRAC5872.1f,cfos
20,"Agranular insular area, posterior part, layer 6b",negative,5,BRAC5872.1f,cfos
21,"Agranular insular area, posterior part, layer 6b",positive,72,BRAC5872.1f,cfos
22,"Agranular insular area, ventral part, layer 1",negative,2,BRAC5872.1f,cfos
23,"Agranular insular area, ventral part, layer 1",positive,54,BRAC5872.1f,cfos
24,"Agranular insular area, ventral part, layer 2/3",negative,0,BRAC5872.1f,cfos
25,"Agranular insular area, ventral part, layer 2/3",positive,488,BRAC5872.1f,cfos
26,"Agranular insular area, ventral part, layer 5",negative,10,BRAC5872.1f,cfos
27,"Agranular insular area, ventral part, layer 5",positive,510,BRAC5872.1f,cfos
28,"Agranular insular area, ventral part, layer 6a",negative,6,BRAC5872.1f,cfos
29,"Agranular insular area, ventral part, layer 6a",positive,306,BRAC5872.1f,cfos
30,Anterior amygdalar area,negative,15,BRAC5872.1f,cfos
31,Anterior amygdalar area,positive,1657,BRAC5872.1f,cfos
32,"Anterior area, layer 1",negative,9,BRAC5872.1f,cfos
33,"Anterior area, layer 1",positive,542,BRAC5872.1f,cfos
34,"Anterior area, layer 2/3",negative,2,BRAC5872.1f,cfos
35,"Anterior area, layer 2/3",positive,1639,BRAC5872.1f,cfos
36,"Anterior area, layer 4",negative,3,BRAC5872.1f,cfos
37,"Anterior area, layer 4",positive,718,BRAC5872.1f,cfos
38,"Anterior area, layer 5",negative,8,BRAC5872.1f,cfos
39,"Anterior area, layer 5",positive,1296,BRAC5872.1f,cfos
40,"Anterior area, layer 6a",negative,3,BRAC5872.1f,cfos
41,"Anterior area, layer 6a",positive,640,BRAC5872.1f,cfos
42,"Anterior area, layer 6b",negative,1,BRAC5872.1f,cfos
43,"Anterior area, layer 6b",positive,94,BRAC5872.1f,cfos
44,"Anterior cingulate area, dorsal part, layer 1",negative,11,BRAC5872.1f,cfos
45,"Anterior cingulate area, dorsal part, layer 1",positive,604,BRAC5872.1f,cfos
46,"Anterior cingulate area, dorsal part, layer 2/3",negative,10,BRAC5872.1f,cfos
47,"Anterior cingulate area, dorsal part, layer 2/3",positive,2149,BRAC5872.1f,cfos
48,"Anterior cingulate area, dorsal part, layer 5",negative,5,BRAC5872.1f,cfos
49,"Anterior cingulate area, dorsal part, layer 5",positive,4547,BRAC5872.1f,cfos
50,"Anterior cingulate area, dorsal part, layer 6a",negative,7,BRAC5872.1f,cfos
51,"Anterior cingulate area, dorsal part, layer 6a",positive,1890,BRAC5872.1f,cfos
52,"Anterior cingulate area, dorsal part, layer 6b",negative,3,BRAC5872.1f,cfos
53,"Anterior cingulate area, dorsal part, layer 6b",positive,65,BRAC5872.1f,cfos
54,"Anterior cingulate area, ventral part, 6a",negative,3,BRAC5872.1f,cfos
55,"Anterior cingulate area, ventral part, 6a",positive,1305,BRAC5872.1f,cfos
56,"Anterior cingulate area, ventral part, 6b",negative,2,BRAC5872.1f,cfos
57,"Anterior cingulate area, ventral part, 6b",positive,193,BRAC5872.1f,cfos
58,"Anterior cingulate area, ventral part, layer 1",negative,13,BRAC5872.1f,cfos
59,"Anterior cingulate area, ventral part, layer 1",positive,614,BRAC5872.1f,cfos
60,"Anterior cingulate area, ventral part, layer 2/3",negative,21,BRAC5872.1f,cfos
61,"Anterior cingulate area, ventral part, layer 2/3",positive,2041,BRAC5872.1f,cfos
62,"Anterior cingulate area, ventral part, layer 5",negative,18,BRAC5872.1f,cfos
63,"Anterior cingulate area, ventral part, layer 5",positive,4509,BRAC5872.1f,cfos
64,Anterior hypothalamic nucleus,negative,83,BRAC5872.1f,cfos
65,Anterior hypothalamic nucleus,positive,1963,BRAC5872.1f,cfos
66,Anterior pretectal nucleus,negative,10,BRAC5872.1f,cfos
67,Anterior pretectal nucleus,positive,3196,BRAC5872.1f,cfos
68,Anterodorsal nucleus,negative,4,BRAC5872.1f,cfos
69,Anterodorsal nucleus,positive,1274,BRAC5872.1f,cfos
70,Anterodorsal preoptic nucleus,negative,0,BRAC5872.1f,cfos
71,Anterodorsal preoptic nucleus,positive,458,BRAC5872.1f,cfos
72,"Anterolateral visual area, layer 1",negative,12,BRAC5872.1f,cfos
73,"Anterolateral visual area, layer 1",positive,252,BRAC5872.1f,cfos
74,"Anterolateral visual area, layer 2/3",negative,6,BRAC5872.1f,cfos
75,"Anterolateral visual area, layer 2/3",positive,517,BRAC5872.1f,cfos
76,"Anterolateral visual area, layer 4",negative,0,BRAC5872.1f,cfos
77,"Anterolateral visual area, layer 4",positive,410,BRAC5872.1f,cfos
78,"Anterolateral visual area, layer 5",negative,9,BRAC5872.1f,cfos
79,"Anterolateral visual area, layer 5",positive,859,BRAC5872.1f,cfos
80,"Anterolateral visual area, layer 6a",negative,6,BRAC5872.1f,cfos
81,"Anterolateral visual area, layer 6a",positive,309,BRAC5872.1f,cfos
82,"Anterolateral visual area, layer 6b",negative,3,BRAC5872.1f,cfos
83,"Anterolateral visual area, layer 6b",positive,64,BRAC5872.1f,cfos
84,"Anteromedial nucleus, dorsal part",negative,1,BRAC5872.1f,cfos
85,"Anteromedial nucleus, dorsal part",positive,972,BRAC5872.1f,cfos
86,"Anteromedial nucleus, ventral part",negative,0,BRAC5872.1f,cfos
87,"Anteromedial nucleus, ventral part",positive,547,BRAC5872.1f,cfos
88,"Anteromedial visual area, layer 1",negative,1,BRAC5872.1f,cfos
89,"Anteromedial visual area, layer 1",positive,397,BRAC5872.1f,cfos
90,"Anteromedial visual area, layer 2/3",negative,6,BRAC5872.1f,cfos
91,"Anteromedial visual area, layer 2/3",positive,754,BRAC5872.1f,cfos
92,"Anteromedial visual area, layer 4",negative,3,BRAC5872.1f,cfos
93,"Anteromedial visual area, layer 4",positive,284,BRAC5872.1f,cfos
94,"Anteromedial visual area, layer 5",negative,2,BRAC5872.1f,cfos
95,"Anteromedial visual area, layer 5",positive,749,BRAC5872.1f,cfos
96,"Anteromedial visual area, layer 6a",negative,0,BRAC5872.1f,cfos
97,"Anteromedial visual area, layer 6a",positive,325,BRAC5872.1f,cfos
98,"Anteromedial visual area, layer 6b",negative,0,BRAC5872.1f,cfos
99,"Anteromedial visual area, layer 6b",positive,56,BRAC5872.1f,cfos
100,Anteroventral nucleus of thalamus,negative,5,BRAC5872.1f,cfos
101,Anteroventral nucleus of thalamus,positive,1910,BRAC5872.1f,cfos
102,Anteroventral periventricular nucleus,negative,13,BRAC5872.1f,cfos
103,Anteroventral periventricular nucleus,positive,561,BRAC5872.1f,cfos
104,Anteroventral preoptic nucleus,negative,0,BRAC5872.1f,cfos
105,Anteroventral preoptic nucleus,positive,175,BRAC5872.1f,cfos
106,Arcuate hypothalamic nucleus,negative,374,BRAC5872.1f,cfos
107,Arcuate hypothalamic nucleus,positive,1361,BRAC5872.1f,cfos
108,"Basolateral amygdalar nucleus, anterior part",negative,28,BRAC5872.1f,cfos
109,"Basolateral amygdalar nucleus, anterior part",positive,2881,BRAC5872.1f,cfos
110,"Basolateral amygdalar nucleus, posterior part",negative,65,BRAC5872.1f,cfos
111,"Basolateral amygdalar nucleus, posterior part",positive,2131,BRAC5872.1f,cfos
112,"Basolateral amygdalar nucleus, ventral part",negative,30,BRAC5872.1f,cfos
113,"Basolateral amygdalar nucleus, ventral part",positive,1405,BRAC5872.1f,cfos
114,"Basomedial amygdalar nucleus, anterior part",negative,129,BRAC5872.1f,cfos
115,"Basomedial amygdalar nucleus, anterior part",positive,3579,BRAC5872.1f,cfos
116,"Basomedial amygdalar nucleus, posterior part",negative,47,BRAC5872.1f,cfos
117,"Basomedial amygdalar nucleus, posterior part",positive,2711,BRAC5872.1f,cfos
118,Bed nuclei of the stria terminalis,negative,70,BRAC5872.1f,cfos
119,Bed nuclei of the stria terminalis,positive,5285,BRAC5872.1f,cfos
120,Bed nucleus of the accessory olfactory tract,negative,23,BRAC5872.1f,cfos
121,Bed nucleus of the accessory olfactory tract,positive,83,BRAC5872.1f,cfos
122,Bed nucleus of the anterior commissure,negative,0,BRAC5872.1f,cfos
123,Bed nucleus of the anterior commissure,positive,50,BRAC5872.1f,cfos
124,Caudoputamen,negative,722,BRAC5872.1f,cfos
125,Caudoputamen,positive,65858,BRAC5872.1f,cfos
126,"Central amygdalar nucleus, capsular part",negative,4,BRAC5872.1f,cfos
127,"Central amygdalar nucleus, capsular part",positive,952,BRAC5872.1f,cfos
128,"Central amygdalar nucleus, lateral part",negative,20,BRAC5872.1f,cfos
129,"Central amygdalar nucleus, lateral part",positive,965,BRAC5872.1f,cfos
130,"Central amygdalar nucleus, medial part",negative,33,BRAC5872.1f,cfos
131,"Central amygdalar nucleus, medial part",positive,3173,BRAC5872.1f,cfos
132,Central lateral nucleus of the thalamus,negative,2,BRAC5872.1f,cfos
133,Central lateral nucleus of the thalamus,positive,1685,BRAC5872.1f,cfos
134,Central medial nucleus of the thalamus,negative,1,BRAC5872.1f,cfos
135,Central medial nucleus of the thalamus,positive,1375,BRAC5872.1f,cfos
136,Claustrum,negative,33,BRAC5872.1f,cfos
137,Claustrum,positive,1606,BRAC5872.1f,cfos
138,"Cortical amygdalar area, anterior part",negative,225,BRAC5872.1f,cfos
139,"Cortical amygdalar area, anterior part",positive,3418,BRAC5872.1f,cfos
140,"Cortical amygdalar area, posterior part, lateral zone",negative,96,BRAC5872.1f,cfos
141,"Cortical amygdalar area, posterior part, lateral zone",positive,2888,BRAC5872.1f,cfos
142,"Cortical amygdalar area, posterior part, medial zone",negative,58,BRAC5872.1f,cfos
143,"Cortical amygdalar area, posterior part, medial zone",positive,3506,BRAC5872.1f,cfos
144,Cortical subplate,negative,27,BRAC5872.1f,cfos
145,Cortical subplate,positive,1139,BRAC5872.1f,cfos
146,"Dentate gyrus, granule cell layer",negative,42,BRAC5872.1f,cfos
147,"Dentate gyrus, granule cell layer",positive,2733,BRAC5872.1f,cfos
148,"Dentate gyrus, molecular layer",negative,162,BRAC5872.1f,cfos
149,"Dentate gyrus, molecular layer",positive,3365,BRAC5872.1f,cfos
150,"Dentate gyrus, polymorph layer",negative,23,BRAC5872.1f,cfos
151,"Dentate gyrus, polymorph layer",positive,880,BRAC5872.1f,cfos
152,Diagonal band nucleus,negative,16,BRAC5872.1f,cfos
153,Diagonal band nucleus,positive,2215,BRAC5872.1f,cfos
154,"Dorsal auditory area, layer 1",negative,12,BRAC5872.1f,cfos
155,"Dorsal auditory area, layer 1",positive,280,BRAC5872.1f,cfos
156,"Dorsal auditory area, layer 2/3",negative,7,BRAC5872.1f,cfos
157,"Dorsal auditory area, layer 2/3",positive,985,BRAC5872.1f,cfos
158,"Dorsal auditory area, layer 4",negative,4,BRAC5872.1f,cfos
159,"Dorsal auditory area, layer 4",positive,505,BRAC5872.1f,cfos
160,"Dorsal auditory area, layer 5",negative,7,BRAC5872.1f,cfos
161,"Dorsal auditory area, layer 5",positive,1106,BRAC5872.1f,cfos
162,"Dorsal auditory area, layer 6a",negative,3,BRAC5872.1f,cfos
163,"Dorsal auditory area, layer 6a",positive,467,BRAC5872.1f,cfos
164,"Dorsal auditory area, layer 6b",negative,2,BRAC5872.1f,cfos
165,"Dorsal auditory area, layer 6b",positive,75,BRAC5872.1f,cfos
166,"Dorsal part of the lateral geniculate complex, core",negative,5,BRAC5872.1f,cfos
167,"Dorsal part of the lateral geniculate complex, core",positive,747,BRAC5872.1f,cfos
168,"Dorsal part of the lateral geniculate complex, ipsilateral zone",negative,0,BRAC5872.1f,cfos
169,"Dorsal part of the lateral geniculate complex, ipsilateral zone",positive,153,BRAC5872.1f,cfos
170,"Dorsal part of the lateral geniculate complex, shell",negative,11,BRAC5872.1f,cfos
171,"Dorsal part of the lateral geniculate complex, shell",positive,289,BRAC5872.1f,cfos
172,Dorsal premammillary nucleus,negative,10,BRAC5872.1f,cfos
173,Dorsal premammillary nucleus,positive,352,BRAC5872.1f,cfos
174,Dorsomedial nucleus of the hypothalamus,negative,55,BRAC5872.1f,cfos
175,Dorsomedial nucleus of the hypothalamus,positive,2354,BRAC5872.1f,cfos
176,Ectorhinal area/Layer 1,negative,23,BRAC5872.1f,cfos
177,Ectorhinal area/Layer 1,positive,249,BRAC5872.1f,cfos
178,Ectorhinal area/Layer 2/3,negative,52,BRAC5872.1f,cfos
179,Ectorhinal area/Layer 2/3,positive,1373,BRAC5872.1f,cfos
180,Ectorhinal area/Layer 5,negative,34,BRAC5872.1f,cfos
181,Ectorhinal area/Layer 5,positive,1640,BRAC5872.1f,cfos
182,Ectorhinal area/Layer 6a,negative,23,BRAC5872.1f,cfos
183,Ectorhinal area/Layer 6a,positive,1159,BRAC5872.1f,cfos
184,Ectorhinal area/Layer 6b,negative,4,BRAC5872.1f,cfos
185,Ectorhinal area/Layer 6b,positive,125,BRAC5872.1f,cfos
186,Edinger-Westphal nucleus,negative,0,BRAC5872.1f,cfos
187,Edinger-Westphal nucleus,positive,25,BRAC5872.1f,cfos
188,"Endopiriform nucleus, dorsal part",negative,246,BRAC5872.1f,cfos
189,"Endopiriform nucleus, dorsal part",positive,5253,BRAC5872.1f,cfos
190,"Endopiriform nucleus, ventral part",negative,146,BRAC5872.1f,cfos
191,"Endopiriform nucleus, ventral part",positive,2592,BRAC5872.1f,cfos
192,"Entorhinal area, lateral part, layer 1",negative,8,BRAC5872.1f,cfos
193,"Entorhinal area, lateral part, layer 1",positive,589,BRAC5872.1f,cfos
194,"Entorhinal area, lateral part, layer 2",negative,20,BRAC5872.1f,cfos
195,"Entorhinal area, lateral part, layer 2",positive,1877,BRAC5872.1f,cfos
196,"Entorhinal area, lateral part, layer 3",negative,25,BRAC5872.1f,cfos
197,"Entorhinal area, lateral part, layer 3",positive,1201,BRAC5872.1f,cfos
198,"Entorhinal area, lateral part, layer 5",negative,24,BRAC5872.1f,cfos
199,"Entorhinal area, lateral part, layer 5",positive,1020,BRAC5872.1f,cfos
200,"Entorhinal area, lateral part, layer 6a",negative,9,BRAC5872.1f,cfos
201,"Entorhinal area, lateral part, layer 6a",positive,468,BRAC5872.1f,cfos
202,Ethmoid nucleus of the thalamus,negative,2,BRAC5872.1f,cfos
203,Ethmoid nucleus of the thalamus,positive,652,BRAC5872.1f,cfos
204,Fasciola cinerea,negative,6,BRAC5872.1f,cfos
205,Fasciola cinerea,positive,172,BRAC5872.1f,cfos
206,Field CA1,negative,162,BRAC5872.1f,cfos
207,Field CA1,positive,14403,BRAC5872.1f,cfos
208,Field CA2,negative,11,BRAC5872.1f,cfos
209,Field CA2,positive,993,BRAC5872.1f,cfos
210,Field CA3,negative,140,BRAC5872.1f,cfos
211,Field CA3,positive,10605,BRAC5872.1f,cfos
212,Fields of Forel,negative,3,BRAC5872.1f,cfos
213,Fields of Forel,positive,798,BRAC5872.1f,cfos
214,Fundus of striatum,negative,13,BRAC5872.1f,cfos
215,Fundus of striatum,positive,1325,BRAC5872.1f,cfos
216,"Globus pallidus, external segment",negative,14,BRAC5872.1f,cfos
217,"Globus pallidus, external segment",positive,3326,BRAC5872.1f,cfos
218,"Globus pallidus, internal segment",negative,3,BRAC5872.1f,cfos
219,"Globus pallidus, internal segment",positive,674,BRAC5872.1f,cfos
220,"Gustatory areas, layer 1",negative,4,BRAC5872.1f,cfos
221,"Gustatory areas, layer 1",positive,195,BRAC5872.1f,cfos
222,"Gustatory areas, layer 2/3",negative,5,BRAC5872.1f,cfos
223,"Gustatory areas, layer 2/3",positive,1034,BRAC5872.1f,cfos
224,"Gustatory areas, layer 4",negative,0,BRAC5872.1f,cfos
225,"Gustatory areas, layer 4",positive,612,BRAC5872.1f,cfos
226,"Gustatory areas, layer 5",negative,3,BRAC5872.1f,cfos
227,"Gustatory areas, layer 5",positive,1581,BRAC5872.1f,cfos
228,"Gustatory areas, layer 6a",negative,13,BRAC5872.1f,cfos
229,"Gustatory areas, layer 6a",positive,1547,BRAC5872.1f,cfos
230,"Gustatory areas, layer 6b",negative,1,BRAC5872.1f,cfos
231,"Gustatory areas, layer 6b",positive,101,BRAC5872.1f,cfos
232,Hippocampal formation,negative,17,BRAC5872.1f,cfos
233,Hippocampal formation,positive,399,BRAC5872.1f,cfos
234,Hippocampo-amygdalar transition area,negative,7,BRAC5872.1f,cfos
235,Hippocampo-amygdalar transition area,positive,65,BRAC5872.1f,cfos
236,Hypothalamus,negative,361,BRAC5872.1f,cfos
237,Hypothalamus,positive,9105,BRAC5872.1f,cfos
238,Induseum griseum,negative,6,BRAC5872.1f,cfos
239,Induseum griseum,positive,226,BRAC5872.1f,cfos
240,Interanterodorsal nucleus of the thalamus,negative,1,BRAC5872.1f,cfos
241,Interanterodorsal nucleus of the thalamus,positive,577,BRAC5872.1f,cfos
242,Interanteromedial nucleus of the thalamus,negative,0,BRAC5872.1f,cfos
243,Interanteromedial nucleus of the thalamus,positive,183,BRAC5872.1f,cfos
244,Intercalated amygdalar nucleus,negative,18,BRAC5872.1f,cfos
245,Intercalated amygdalar nucleus,positive,951,BRAC5872.1f,cfos
246,Interfascicular nucleus raphe,negative,1,BRAC5872.1f,cfos
247,Interfascicular nucleus raphe,positive,112,BRAC5872.1f,cfos
248,Intergeniculate leaflet of the lateral geniculate complex,negative,6,BRAC5872.1f,cfos
249,Intergeniculate leaflet of the lateral geniculate complex,positive,155,BRAC5872.1f,cfos
250,Intermediate geniculate nucleus,negative,0,BRAC5872.1f,cfos
251,Intermediate geniculate nucleus,positive,47,BRAC5872.1f,cfos
252,Intermediodorsal nucleus of the thalamus,negative,0,BRAC5872.1f,cfos
253,Intermediodorsal nucleus of the thalamus,positive,1273,BRAC5872.1f,cfos
254,"Interpeduncular nucleus, rostral",negative,0,BRAC5872.1f,cfos
255,"Interpeduncular nucleus, rostral",positive,66,BRAC5872.1f,cfos
256,"Interpeduncular nucleus, rostrolateral",negative,0,BRAC5872.1f,cfos
257,"Interpeduncular nucleus, rostrolateral",positive,13,BRAC5872.1f,cfos
258,Interstitial nucleus of Cajal,negative,0,BRAC5872.1f,cfos
259,Interstitial nucleus of Cajal,positive,195,BRAC5872.1f,cfos
260,Lateral amygdalar nucleus,negative,100,BRAC5872.1f,cfos
261,Lateral amygdalar nucleus,positive,2002,BRAC5872.1f,cfos
262,Lateral dorsal nucleus of thalamus,negative,4,BRAC5872.1f,cfos
263,Lateral dorsal nucleus of thalamus,positive,2585,BRAC5872.1f,cfos
264,Lateral habenula,negative,15,BRAC5872.1f,cfos
265,Lateral habenula,positive,1397,BRAC5872.1f,cfos
266,Lateral hypothalamic area,negative,86,BRAC5872.1f,cfos
267,Lateral hypothalamic area,positive,5718,BRAC5872.1f,cfos
268,Lateral mammillary nucleus,negative,19,BRAC5872.1f,cfos
269,Lateral mammillary nucleus,positive,138,BRAC5872.1f,cfos
270,Lateral posterior nucleus of the thalamus,negative,27,BRAC5872.1f,cfos
271,Lateral posterior nucleus of the thalamus,positive,3091,BRAC5872.1f,cfos
272,Lateral preoptic area,negative,3,BRAC5872.1f,cfos
273,Lateral preoptic area,positive,1096,BRAC5872.1f,cfos
274,"Lateral septal nucleus, caudal (caudodorsal) part",negative,81,BRAC5872.1f,cfos
275,"Lateral septal nucleus, caudal (caudodorsal) part",positive,608,BRAC5872.1f,cfos
276,"Lateral septal nucleus, rostral (rostroventral) part",negative,159,BRAC5872.1f,cfos
277,"Lateral septal nucleus, rostral (rostroventral) part",positive,5045,BRAC5872.1f,cfos
278,"Lateral septal nucleus, ventral part",negative,67,BRAC5872.1f,cfos
279,"Lateral septal nucleus, ventral part",positive,3223,BRAC5872.1f,cfos
280,Lateral terminal nucleus of the accessory optic tract,negative,3,BRAC5872.1f,cfos
281,Lateral terminal nucleus of the accessory optic tract,positive,70,BRAC5872.1f,cfos
282,"Lateral visual area, layer 4",negative,0,BRAC5872.1f,cfos
283,"Lateral visual area, layer 4",positive,2,BRAC5872.1f,cfos
284,"Lateral visual area, layer 5",negative,0,BRAC5872.1f,cfos
285,"Lateral visual area, layer 5",positive,8,BRAC5872.1f,cfos
286,"Lateral visual area, layer 6a",negative,0,BRAC5872.1f,cfos
287,"Lateral visual area, layer 6a",positive,26,BRAC5872.1f,cfos
288,"Lateral visual area, layer 6b",negative,0,BRAC5872.1f,cfos
289,"Lateral visual area, layer 6b",positive,4,BRAC5872.1f,cfos
290,Magnocellular nucleus,negative,5,BRAC5872.1f,cfos
291,Magnocellular nucleus,positive,1158,BRAC5872.1f,cfos
292,Medial accesory oculomotor nucleus,negative,0,BRAC5872.1f,cfos
293,Medial accesory oculomotor nucleus,positive,35,BRAC5872.1f,cfos
294,Medial amygdalar nucleus,negative,274,BRAC5872.1f,cfos
295,Medial amygdalar nucleus,positive,10113,BRAC5872.1f,cfos
296,"Medial geniculate complex, dorsal part",negative,1,BRAC5872.1f,cfos
297,"Medial geniculate complex, dorsal part",positive,76,BRAC5872.1f,cfos
298,"Medial geniculate complex, medial part",negative,1,BRAC5872.1f,cfos
299,"Medial geniculate complex, medial part",positive,554,BRAC5872.1f,cfos
300,"Medial geniculate complex, ventral part",negative,1,BRAC5872.1f,cfos
301,"Medial geniculate complex, ventral part",positive,486,BRAC5872.1f,cfos
302,Medial habenula,negative,19,BRAC5872.1f,cfos
303,Medial habenula,positive,922,BRAC5872.1f,cfos
304,"Medial mammillary nucleus, dorsal part",negative,4,BRAC5872.1f,cfos
305,"Medial mammillary nucleus, dorsal part",positive,165,BRAC5872.1f,cfos
306,"Medial mammillary nucleus, lateral part",negative,1,BRAC5872.1f,cfos
307,"Medial mammillary nucleus, lateral part",positive,384,BRAC5872.1f,cfos
308,"Medial mammillary nucleus, medial part",negative,1,BRAC5872.1f,cfos
309,"Medial mammillary nucleus, medial part",positive,282,BRAC5872.1f,cfos
310,"Medial mammillary nucleus, median part",negative,2,BRAC5872.1f,cfos
311,"Medial mammillary nucleus, median part",positive,179,BRAC5872.1f,cfos
312,"Medial mammillary nucleus, posterior part",negative,0,BRAC5872.1f,cfos
313,"Medial mammillary nucleus, posterior part",positive,17,BRAC5872.1f,cfos
314,Medial preoptic area,negative,11,BRAC5872.1f,cfos
315,Medial preoptic area,positive,1554,BRAC5872.1f,cfos
316,Medial preoptic nucleus,negative,43,BRAC5872.1f,cfos
317,Medial preoptic nucleus,positive,1971,BRAC5872.1f,cfos
318,Medial pretectal area,negative,0,BRAC5872.1f,cfos
319,Medial pretectal area,positive,75,BRAC5872.1f,cfos
320,Medial septal nucleus,negative,4,BRAC5872.1f,cfos
321,Medial septal nucleus,positive,1671,BRAC5872.1f,cfos
322,Medial terminal nucleus of the accessory optic tract,negative,0,BRAC5872.1f,cfos
323,Medial terminal nucleus of the accessory optic tract,positive,50,BRAC5872.1f,cfos
324,Median eminence,negative,34,BRAC5872.1f,cfos
325,Median eminence,positive,80,BRAC5872.1f,cfos
326,Median preoptic nucleus,negative,0,BRAC5872.1f,cfos
327,Median preoptic nucleus,positive,131,BRAC5872.1f,cfos
328,Mediodorsal nucleus of thalamus,negative,31,BRAC5872.1f,cfos
329,Mediodorsal nucleus of thalamus,positive,5588,BRAC5872.1f,cfos
330,Midbrain,negative,46,BRAC5872.1f,cfos
331,Midbrain,positive,8077,BRAC5872.1f,cfos
332,Midbrain reticular nucleus,negative,2,BRAC5872.1f,cfos
333,Midbrain reticular nucleus,positive,3075,BRAC5872.1f,cfos
334,Nucleus accumbens,negative,144,BRAC5872.1f,cfos
335,Nucleus accumbens,positive,10406,BRAC5872.1f,cfos
336,Nucleus of Darkschewitsch,negative,0,BRAC5872.1f,cfos
337,Nucleus of Darkschewitsch,positive,307,BRAC5872.1f,cfos
338,Nucleus of reuniens,negative,6,BRAC5872.1f,cfos
339,Nucleus of reuniens,positive,2334,BRAC5872.1f,cfos
340,"Nucleus of the lateral olfactory tract, layer 3",negative,7,BRAC5872.1f,cfos
341,"Nucleus of the lateral olfactory tract, layer 3",positive,156,BRAC5872.1f,cfos
342,"Nucleus of the lateral olfactory tract, molecular layer",negative,27,BRAC5872.1f,cfos
343,"Nucleus of the lateral olfactory tract, molecular layer",positive,203,BRAC5872.1f,cfos
344,"Nucleus of the lateral olfactory tract, pyramidal layer",negative,49,BRAC5872.1f,cfos
345,"Nucleus of the lateral olfactory tract, pyramidal layer",positive,364,BRAC5872.1f,cfos
346,Nucleus of the optic tract,negative,4,BRAC5872.1f,cfos
347,Nucleus of the optic tract,positive,344,BRAC5872.1f,cfos
348,Nucleus of the posterior commissure,negative,21,BRAC5872.1f,cfos
349,Nucleus of the posterior commissure,positive,1261,BRAC5872.1f,cfos
350,Olfactory areas,negative,61,BRAC5872.1f,cfos
351,Olfactory areas,positive,2168,BRAC5872.1f,cfos
352,Olfactory tubercle,negative,165,BRAC5872.1f,cfos
353,Olfactory tubercle,positive,10531,BRAC5872.1f,cfos
354,Olivary pretectal nucleus,negative,0,BRAC5872.1f,cfos
355,Olivary pretectal nucleus,positive,129,BRAC5872.1f,cfos
356,Pallidum,negative,30,BRAC5872.1f,cfos
357,Pallidum,positive,2565,BRAC5872.1f,cfos
358,Paracentral nucleus,negative,0,BRAC5872.1f,cfos
359,Paracentral nucleus,positive,656,BRAC5872.1f,cfos
360,Parafascicular nucleus,negative,3,BRAC5872.1f,cfos
361,Parafascicular nucleus,positive,2195,BRAC5872.1f,cfos
362,Parastrial nucleus,negative,0,BRAC5872.1f,cfos
363,Parastrial nucleus,positive,292,BRAC5872.1f,cfos
364,Parasubthalamic nucleus,negative,1,BRAC5872.1f,cfos
365,Parasubthalamic nucleus,positive,695,BRAC5872.1f,cfos
366,Parataenial nucleus,negative,4,BRAC5872.1f,cfos
367,Parataenial nucleus,positive,1659,BRAC5872.1f,cfos
368,Paraventricular hypothalamic nucleus,negative,46,BRAC5872.1f,cfos
369,Paraventricular hypothalamic nucleus,positive,967,BRAC5872.1f,cfos
370,"Paraventricular hypothalamic nucleus, descending division",negative,6,BRAC5872.1f,cfos
371,"Paraventricular hypothalamic nucleus, descending division",positive,595,BRAC5872.1f,cfos
372,Paraventricular nucleus of the thalamus,negative,6,BRAC5872.1f,cfos
373,Paraventricular nucleus of the thalamus,positive,4220,BRAC5872.1f,cfos
374,Periaqueductal gray,negative,26,BRAC5872.1f,cfos
375,Periaqueductal gray,positive,1988,BRAC5872.1f,cfos
376,Perifornical nucleus,negative,23,BRAC5872.1f,cfos
377,Perifornical nucleus,positive,591,BRAC5872.1f,cfos
378,Peripeduncular nucleus,negative,0,BRAC5872.1f,cfos
379,Peripeduncular nucleus,positive,33,BRAC5872.1f,cfos
380,Perireunensis nucleus,negative,10,BRAC5872.1f,cfos
381,Perireunensis nucleus,positive,655,BRAC5872.1f,cfos
382,"Perirhinal area, layer 1",negative,14,BRAC5872.1f,cfos
383,"Perirhinal area, layer 1",positive,129,BRAC5872.1f,cfos
384,"Perirhinal area, layer 2/3",negative,38,BRAC5872.1f,cfos
385,"Perirhinal area, layer 2/3",positive,800,BRAC5872.1f,cfos
386,"Perirhinal area, layer 5",negative,8,BRAC5872.1f,cfos
387,"Perirhinal area, layer 5",positive,251,BRAC5872.1f,cfos
388,"Perirhinal area, layer 6a",negative,2,BRAC5872.1f,cfos
389,"Perirhinal area, layer 6a",positive,25,BRAC5872.1f,cfos
390,"Perirhinal area, layer 6b",negative,0,BRAC5872.1f,cfos
391,"Perirhinal area, layer 6b",positive,4,BRAC5872.1f,cfos
392,"Periventricular hypothalamic nucleus, anterior part",negative,45,BRAC5872.1f,cfos
393,"Periventricular hypothalamic nucleus, anterior part",positive,123,BRAC5872.1f,cfos
394,"Periventricular hypothalamic nucleus, intermediate part",negative,63,BRAC5872.1f,cfos
395,"Periventricular hypothalamic nucleus, intermediate part",positive,638,BRAC5872.1f,cfos
396,"Periventricular hypothalamic nucleus, posterior part",negative,133,BRAC5872.1f,cfos
397,"Periventricular hypothalamic nucleus, posterior part",positive,132,BRAC5872.1f,cfos
398,"Periventricular hypothalamic nucleus, preoptic part",negative,66,BRAC5872.1f,cfos
399,"Periventricular hypothalamic nucleus, preoptic part",positive,955,BRAC5872.1f,cfos
400,Piriform area,negative,814,BRAC5872.1f,cfos
401,Piriform area,positive,38173,BRAC5872.1f,cfos
402,Piriform-amygdalar area,negative,141,BRAC5872.1f,cfos
403,Piriform-amygdalar area,positive,4038,BRAC5872.1f,cfos
404,Posterior amygdalar nucleus,negative,54,BRAC5872.1f,cfos
405,Posterior amygdalar nucleus,positive,2267,BRAC5872.1f,cfos
406,"Posterior auditory area, layer 1",negative,0,BRAC5872.1f,cfos
407,"Posterior auditory area, layer 1",positive,116,BRAC5872.1f,cfos
408,"Posterior auditory area, layer 2/3",negative,0,BRAC5872.1f,cfos
409,"Posterior auditory area, layer 2/3",positive,301,BRAC5872.1f,cfos
410,"Posterior auditory area, layer 4",negative,2,BRAC5872.1f,cfos
411,"Posterior auditory area, layer 4",positive,233,BRAC5872.1f,cfos
412,"Posterior auditory area, layer 5",negative,11,BRAC5872.1f,cfos
413,"Posterior auditory area, layer 5",positive,557,BRAC5872.1f,cfos
414,"Posterior auditory area, layer 6a",negative,6,BRAC5872.1f,cfos
415,"Posterior auditory area, layer 6a",positive,168,BRAC5872.1f,cfos
416,"Posterior auditory area, layer 6b",negative,2,BRAC5872.1f,cfos
417,"Posterior auditory area, layer 6b",positive,33,BRAC5872.1f,cfos
418,Posterior complex of the thalamus,negative,6,BRAC5872.1f,cfos
419,Posterior complex of the thalamus,positive,4572,BRAC5872.1f,cfos
420,Posterior hypothalamic nucleus,negative,12,BRAC5872.1f,cfos
421,Posterior hypothalamic nucleus,positive,3399,BRAC5872.1f,cfos
422,Posterior intralaminar thalamic nucleus,negative,0,BRAC5872.1f,cfos
423,Posterior intralaminar thalamic nucleus,positive,188,BRAC5872.1f,cfos
424,Posterior limiting nucleus of the thalamus,negative,4,BRAC5872.1f,cfos
425,Posterior limiting nucleus of the thalamus,positive,415,BRAC5872.1f,cfos
426,Posterior pretectal nucleus,negative,0,BRAC5872.1f,cfos
427,Posterior pretectal nucleus,positive,407,BRAC5872.1f,cfos
428,Posterior triangular thalamic nucleus,negative,1,BRAC5872.1f,cfos
429,Posterior triangular thalamic nucleus,positive,900,BRAC5872.1f,cfos
430,Posterodorsal preoptic nucleus,negative,0,BRAC5872.1f,cfos
431,Posterodorsal preoptic nucleus,positive,76,BRAC5872.1f,cfos
432,Postpiriform transition area,negative,15,BRAC5872.1f,cfos
433,Postpiriform transition area,positive,815,BRAC5872.1f,cfos
434,Postsubiculum,negative,0,BRAC5872.1f,cfos
435,Postsubiculum,positive,65,BRAC5872.1f,cfos
436,Precommissural nucleus,negative,18,BRAC5872.1f,cfos
437,Precommissural nucleus,positive,817,BRAC5872.1f,cfos
438,Preparasubthalamic nucleus,negative,0,BRAC5872.1f,cfos
439,Preparasubthalamic nucleus,positive,43,BRAC5872.1f,cfos
440,"Primary auditory area, layer 1",negative,19,BRAC5872.1f,cfos
441,"Primary auditory area, layer 1",positive,516,BRAC5872.1f,cfos
442,"Primary auditory area, layer 2/3",negative,13,BRAC5872.1f,cfos
443,"Primary auditory area, layer 2/3",positive,1533,BRAC5872.1f,cfos
444,"Primary auditory area, layer 4",negative,3,BRAC5872.1f,cfos
445,"Primary auditory area, layer 4",positive,1205,BRAC5872.1f,cfos
446,"Primary auditory area, layer 5",negative,7,BRAC5872.1f,cfos
447,"Primary auditory area, layer 5",positive,2500,BRAC5872.1f,cfos
448,"Primary auditory area, layer 6a",negative,2,BRAC5872.1f,cfos
449,"Primary auditory area, layer 6a",positive,932,BRAC5872.1f,cfos
450,"Primary auditory area, layer 6b",negative,1,BRAC5872.1f,cfos
451,"Primary auditory area, layer 6b",positive,156,BRAC5872.1f,cfos
452,"Primary motor area, Layer 1",negative,27,BRAC5872.1f,cfos
453,"Primary motor area, Layer 1",positive,1028,BRAC5872.1f,cfos
454,"Primary motor area, Layer 2/3",negative,14,BRAC5872.1f,cfos
455,"Primary motor area, Layer 2/3",positive,5035,BRAC5872.1f,cfos
456,"Primary motor area, Layer 5",negative,14,BRAC5872.1f,cfos
457,"Primary motor area, Layer 5",positive,5939,BRAC5872.1f,cfos
458,"Primary motor area, Layer 6a",negative,52,BRAC5872.1f,cfos
459,"Primary motor area, Layer 6a",positive,4839,BRAC5872.1f,cfos
460,"Primary motor area, Layer 6b",negative,5,BRAC5872.1f,cfos
461,"Primary motor area, Layer 6b",positive,277,BRAC5872.1f,cfos
462,"Primary somatosensory area, barrel field, layer 1",negative,57,BRAC5872.1f,cfos
463,"Primary somatosensory area, barrel field, layer 1",positive,1871,BRAC5872.1f,cfos
464,"Primary somatosensory area, barrel field, layer 2/3",negative,33,BRAC5872.1f,cfos
465,"Primary somatosensory area, barrel field, layer 2/3",positive,5553,BRAC5872.1f,cfos
466,"Primary somatosensory area, barrel field, layer 4",negative,10,BRAC5872.1f,cfos
467,"Primary somatosensory area, barrel field, layer 4",positive,6192,BRAC5872.1f,cfos
468,"Primary somatosensory area, barrel field, layer 5",negative,13,BRAC5872.1f,cfos
469,"Primary somatosensory area, barrel field, layer 5",positive,4931,BRAC5872.1f,cfos
470,"Primary somatosensory area, barrel field, layer 6a",negative,42,BRAC5872.1f,cfos
471,"Primary somatosensory area, barrel field, layer 6a",positive,3542,BRAC5872.1f,cfos
472,"Primary somatosensory area, barrel field, layer 6b",negative,3,BRAC5872.1f,cfos
473,"Primary somatosensory area, barrel field, layer 6b",positive,227,BRAC5872.1f,cfos
474,"Primary somatosensory area, lower limb, layer 1",negative,10,BRAC5872.1f,cfos
475,"Primary somatosensory area, lower limb, layer 1",positive,654,BRAC5872.1f,cfos
476,"Primary somatosensory area, lower limb, layer 2/3",negative,1,BRAC5872.1f,cfos
477,"Primary somatosensory area, lower limb, layer 2/3",positive,2363,BRAC5872.1f,cfos
478,"Primary somatosensory area, lower limb, layer 4",negative,0,BRAC5872.1f,cfos
479,"Primary somatosensory area, lower limb, layer 4",positive,1028,BRAC5872.1f,cfos
480,"Primary somatosensory area, lower limb, layer 5",negative,3,BRAC5872.1f,cfos
481,"Primary somatosensory area, lower limb, layer 5",positive,2813,BRAC5872.1f,cfos
482,"Primary somatosensory area, lower limb, layer 6a",negative,26,BRAC5872.1f,cfos
483,"Primary somatosensory area, lower limb, layer 6a",positive,1116,BRAC5872.1f,cfos
484,"Primary somatosensory area, lower limb, layer 6b",negative,7,BRAC5872.1f,cfos
485,"Primary somatosensory area, lower limb, layer 6b",positive,98,BRAC5872.1f,cfos
486,"Primary somatosensory area, mouth, layer 1",negative,7,BRAC5872.1f,cfos
487,"Primary somatosensory area, mouth, layer 1",positive,894,BRAC5872.1f,cfos
488,"Primary somatosensory area, mouth, layer 2/3",negative,1,BRAC5872.1f,cfos
489,"Primary somatosensory area, mouth, layer 2/3",positive,3441,BRAC5872.1f,cfos
490,"Primary somatosensory area, mouth, layer 4",negative,0,BRAC5872.1f,cfos
491,"Primary somatosensory area, mouth, layer 4",positive,3823,BRAC5872.1f,cfos
492,"Primary somatosensory area, mouth, layer 5",negative,3,BRAC5872.1f,cfos
493,"Primary somatosensory area, mouth, layer 5",positive,4278,BRAC5872.1f,cfos
494,"Primary somatosensory area, mouth, layer 6a",negative,14,BRAC5872.1f,cfos
495,"Primary somatosensory area, mouth, layer 6a",positive,5961,BRAC5872.1f,cfos
496,"Primary somatosensory area, mouth, layer 6b",negative,3,BRAC5872.1f,cfos
497,"Primary somatosensory area, mouth, layer 6b",positive,210,BRAC5872.1f,cfos
498,"Primary somatosensory area, nose, layer 1",negative,13,BRAC5872.1f,cfos
499,"Primary somatosensory area, nose, layer 1",positive,1122,BRAC5872.1f,cfos
500,"Primary somatosensory area, nose, layer 2/3",negative,0,BRAC5872.1f,cfos
501,"Primary somatosensory area, nose, layer 2/3",positive,2718,BRAC5872.1f,cfos
502,"Primary somatosensory area, nose, layer 4",negative,0,BRAC5872.1f,cfos
503,"Primary somatosensory area, nose, layer 4",positive,3717,BRAC5872.1f,cfos
504,"Primary somatosensory area, nose, layer 5",negative,3,BRAC5872.1f,cfos
505,"Primary somatosensory area, nose, layer 5",positive,2860,BRAC5872.1f,cfos
506,"Primary somatosensory area, nose, layer 6a",negative,4,BRAC5872.1f,cfos
507,"Primary somatosensory area, nose, layer 6a",positive,4296,BRAC5872.1f,cfos
508,"Primary somatosensory area, nose, layer 6b",negative,2,BRAC5872.1f,cfos
509,"Primary somatosensory area, nose, layer 6b",positive,168,BRAC5872.1f,cfos
510,"Primary somatosensory area, trunk, layer 1",negative,4,BRAC5872.1f,cfos
511,"Primary somatosensory area, trunk, layer 1",positive,383,BRAC5872.1f,cfos
512,"Primary somatosensory area, trunk, layer 2/3",negative,4,BRAC5872.1f,cfos
513,"Primary somatosensory area, trunk, layer 2/3",positive,927,BRAC5872.1f,cfos
514,"Primary somatosensory area, trunk, layer 4",negative,0,BRAC5872.1f,cfos
515,"Primary somatosensory area, trunk, layer 4",positive,433,BRAC5872.1f,cfos
516,"Primary somatosensory area, trunk, layer 5",negative,5,BRAC5872.1f,cfos
517,"Primary somatosensory area, trunk, layer 5",positive,1246,BRAC5872.1f,cfos
518,"Primary somatosensory area, trunk, layer 6a",negative,12,BRAC5872.1f,cfos
519,"Primary somatosensory area, trunk, layer 6a",positive,448,BRAC5872.1f,cfos
520,"Primary somatosensory area, trunk, layer 6b",negative,0,BRAC5872.1f,cfos
521,"Primary somatosensory area, trunk, layer 6b",positive,59,BRAC5872.1f,cfos
522,"Primary somatosensory area, unassigned, layer 1",negative,4,BRAC5872.1f,cfos
523,"Primary somatosensory area, unassigned, layer 1",positive,471,BRAC5872.1f,cfos
524,"Primary somatosensory area, unassigned, layer 2/3",negative,0,BRAC5872.1f,cfos
525,"Primary somatosensory area, unassigned, layer 2/3",positive,1381,BRAC5872.1f,cfos
526,"Primary somatosensory area, unassigned, layer 4",negative,0,BRAC5872.1f,cfos
527,"Primary somatosensory area, unassigned, layer 4",positive,1084,BRAC5872.1f,cfos
528,"Primary somatosensory area, unassigned, layer 5",negative,1,BRAC5872.1f,cfos
529,"Primary somatosensory area, unassigned, layer 5",positive,1387,BRAC5872.1f,cfos
530,"Primary somatosensory area, unassigned, layer 6a",negative,10,BRAC5872.1f,cfos
531,"Primary somatosensory area, unassigned, layer 6a",positive,1048,BRAC5872.1f,cfos
532,"Primary somatosensory area, unassigned, layer 6b",negative,2,BRAC5872.1f,cfos
533,"Primary somatosensory area, unassigned, layer 6b",positive,71,BRAC5872.1f,cfos
534,"Primary somatosensory area, upper limb, layer 1",negative,11,BRAC5872.1f,cfos
535,"Primary somatosensory area, upper limb, layer 1",positive,980,BRAC5872.1f,cfos
536,"Primary somatosensory area, upper limb, layer 2/3",negative,10,BRAC5872.1f,cfos
537,"Primary somatosensory area, upper limb, layer 2/3",positive,3538,BRAC5872.1f,cfos
538,"Primary somatosensory area, upper limb, layer 4",negative,2,BRAC5872.1f,cfos
539,"Primary somatosensory area, upper limb, layer 4",positive,1956,BRAC5872.1f,cfos
540,"Primary somatosensory area, upper limb, layer 5",negative,3,BRAC5872.1f,cfos
541,"Primary somatosensory area, upper limb, layer 5",positive,3487,BRAC5872.1f,cfos
542,"Primary somatosensory area, upper limb, layer 6a",negative,34,BRAC5872.1f,cfos
543,"Primary somatosensory area, upper limb, layer 6a",positive,2588,BRAC5872.1f,cfos
544,"Primary somatosensory area, upper limb, layer 6b",negative,1,BRAC5872.1f,cfos
545,"Primary somatosensory area, upper limb, layer 6b",positive,163,BRAC5872.1f,cfos
546,"Primary visual area, layer 1",negative,8,BRAC5872.1f,cfos
547,"Primary visual area, layer 1",positive,648,BRAC5872.1f,cfos
548,"Primary visual area, layer 2/3",negative,3,BRAC5872.1f,cfos
549,"Primary visual area, layer 2/3",positive,1420,BRAC5872.1f,cfos
550,"Primary visual area, layer 4",negative,1,BRAC5872.1f,cfos
551,"Primary visual area, layer 4",positive,1413,BRAC5872.1f,cfos
552,"Primary visual area, layer 5",negative,2,BRAC5872.1f,cfos
553,"Primary visual area, layer 5",positive,1516,BRAC5872.1f,cfos
554,"Primary visual area, layer 6a",negative,3,BRAC5872.1f,cfos
555,"Primary visual area, layer 6a",positive,733,BRAC5872.1f,cfos
556,"Primary visual area, layer 6b",negative,0,BRAC5872.1f,cfos
557,"Primary visual area, layer 6b",positive,145,BRAC5872.1f,cfos
558,Prosubiculum,negative,2,BRAC5872.1f,cfos
559,Prosubiculum,positive,228,BRAC5872.1f,cfos
560,Red nucleus,negative,0,BRAC5872.1f,cfos
561,Red nucleus,positive,223,BRAC5872.1f,cfos
562,Reticular nucleus of the thalamus,negative,12,BRAC5872.1f,cfos
563,Reticular nucleus of the thalamus,positive,3923,BRAC5872.1f,cfos
564,Retrochiasmatic area,negative,87,BRAC5872.1f,cfos
565,Retrochiasmatic area,positive,49,BRAC5872.1f,cfos
566,Retroparafascicular nucleus,negative,0,BRAC5872.1f,cfos
567,Retroparafascicular nucleus,positive,298,BRAC5872.1f,cfos
568,"Retrosplenial area, dorsal part, layer 1",negative,15,BRAC5872.1f,cfos
569,"Retrosplenial area, dorsal part, layer 1",positive,948,BRAC5872.1f,cfos
570,"Retrosplenial area, dorsal part, layer 2/3",negative,16,BRAC5872.1f,cfos
571,"Retrosplenial area, dorsal part, layer 2/3",positive,3095,BRAC5872.1f,cfos
572,"Retrosplenial area, dorsal part, layer 5",negative,2,BRAC5872.1f,cfos
573,"Retrosplenial area, dorsal part, layer 5",positive,3792,BRAC5872.1f,cfos
574,"Retrosplenial area, dorsal part, layer 6a",negative,16,BRAC5872.1f,cfos
575,"Retrosplenial area, dorsal part, layer 6a",positive,1121,BRAC5872.1f,cfos
576,"Retrosplenial area, dorsal part, layer 6b",negative,3,BRAC5872.1f,cfos
577,"Retrosplenial area, dorsal part, layer 6b",positive,34,BRAC5872.1f,cfos
578,"Retrosplenial area, lateral agranular part, layer 1",negative,2,BRAC5872.1f,cfos
579,"Retrosplenial area, lateral agranular part, layer 1",positive,453,BRAC5872.1f,cfos
580,"Retrosplenial area, lateral agranular part, layer 2/3",negative,41,BRAC5872.1f,cfos
581,"Retrosplenial area, lateral agranular part, layer 2/3",positive,1521,BRAC5872.1f,cfos
582,"Retrosplenial area, lateral agranular part, layer 5",negative,9,BRAC5872.1f,cfos
583,"Retrosplenial area, lateral agranular part, layer 5",positive,1957,BRAC5872.1f,cfos
584,"Retrosplenial area, lateral agranular part, layer 6a",negative,20,BRAC5872.1f,cfos
585,"Retrosplenial area, lateral agranular part, layer 6a",positive,646,BRAC5872.1f,cfos
586,"Retrosplenial area, lateral agranular part, layer 6b",negative,1,BRAC5872.1f,cfos
587,"Retrosplenial area, lateral agranular part, layer 6b",positive,68,BRAC5872.1f,cfos
588,"Retrosplenial area, ventral part, layer 1",negative,32,BRAC5872.1f,cfos
589,"Retrosplenial area, ventral part, layer 1",positive,1668,BRAC5872.1f,cfos
590,"Retrosplenial area, ventral part, layer 2/3",negative,19,BRAC5872.1f,cfos
591,"Retrosplenial area, ventral part, layer 2/3",positive,4961,BRAC5872.1f,cfos
592,"Retrosplenial area, ventral part, layer 5",negative,25,BRAC5872.1f,cfos
593,"Retrosplenial area, ventral part, layer 5",positive,9341,BRAC5872.1f,cfos
594,"Retrosplenial area, ventral part, layer 6a",negative,2,BRAC5872.1f,cfos
595,"Retrosplenial area, ventral part, layer 6a",positive,1614,BRAC5872.1f,cfos
596,"Retrosplenial area, ventral part, layer 6b",negative,0,BRAC5872.1f,cfos
597,"Retrosplenial area, ventral part, layer 6b",positive,77,BRAC5872.1f,cfos
598,Rhomboid nucleus,negative,2,BRAC5872.1f,cfos
599,Rhomboid nucleus,positive,575,BRAC5872.1f,cfos
600,Rostral linear nucleus raphe,negative,0,BRAC5872.1f,cfos
601,Rostral linear nucleus raphe,positive,68,BRAC5872.1f,cfos
602,"Rostrolateral area, layer 1",negative,12,BRAC5872.1f,cfos
603,"Rostrolateral area, layer 1",positive,359,BRAC5872.1f,cfos
604,"Rostrolateral area, layer 2/3",negative,3,BRAC5872.1f,cfos
605,"Rostrolateral area, layer 2/3",positive,818,BRAC5872.1f,cfos
606,"Rostrolateral area, layer 4",negative,2,BRAC5872.1f,cfos
607,"Rostrolateral area, layer 4",positive,642,BRAC5872.1f,cfos
608,"Rostrolateral area, layer 5",negative,2,BRAC5872.1f,cfos
609,"Rostrolateral area, layer 5",positive,879,BRAC5872.1f,cfos
610,"Rostrolateral area, layer 6a",negative,3,BRAC5872.1f,cfos
611,"Rostrolateral area, layer 6a",positive,337,BRAC5872.1f,cfos
612,"Rostrolateral area, layer 6b",negative,1,BRAC5872.1f,cfos
613,"Rostrolateral area, layer 6b",positive,65,BRAC5872.1f,cfos
614,"Secondary motor area, layer 1",negative,10,BRAC5872.1f,cfos
615,"Secondary motor area, layer 1",positive,1015,BRAC5872.1f,cfos
616,"Secondary motor area, layer 2/3",negative,7,BRAC5872.1f,cfos
617,"Secondary motor area, layer 2/3",positive,3809,BRAC5872.1f,cfos
618,"Secondary motor area, layer 5",negative,5,BRAC5872.1f,cfos
619,"Secondary motor area, layer 5",positive,5406,BRAC5872.1f,cfos
620,"Secondary motor area, layer 6a",negative,25,BRAC5872.1f,cfos
621,"Secondary motor area, layer 6a",positive,2894,BRAC5872.1f,cfos
622,"Secondary motor area, layer 6b",negative,0,BRAC5872.1f,cfos
623,"Secondary motor area, layer 6b",positive,108,BRAC5872.1f,cfos
624,Septofimbrial nucleus,negative,18,BRAC5872.1f,cfos
625,Septofimbrial nucleus,positive,863,BRAC5872.1f,cfos
626,Septohippocampal nucleus,negative,0,BRAC5872.1f,cfos
627,Septohippocampal nucleus,positive,50,BRAC5872.1f,cfos
628,Striatum,negative,207,BRAC5872.1f,cfos
629,Striatum,positive,7648,BRAC5872.1f,cfos
630,Subcommissural organ,negative,4,BRAC5872.1f,cfos
631,Subcommissural organ,positive,35,BRAC5872.1f,cfos
632,Subfornical organ,negative,1,BRAC5872.1f,cfos
633,Subfornical organ,positive,191,BRAC5872.1f,cfos
634,Subgeniculate nucleus,negative,0,BRAC5872.1f,cfos
635,Subgeniculate nucleus,positive,115,BRAC5872.1f,cfos
636,Subiculum,negative,20,BRAC5872.1f,cfos
637,Subiculum,positive,1493,BRAC5872.1f,cfos
638,Submedial nucleus of the thalamus,negative,0,BRAC5872.1f,cfos
639,Submedial nucleus of the thalamus,positive,795,BRAC5872.1f,cfos
640,Subparafascicular area,negative,32,BRAC5872.1f,cfos
641,Subparafascicular area,positive,666,BRAC5872.1f,cfos
642,"Subparafascicular nucleus, magnocellular part",negative,1,BRAC5872.1f,cfos
643,"Subparafascicular nucleus, magnocellular part",positive,313,BRAC5872.1f,cfos
644,"Subparafascicular nucleus, parvicellular part",negative,1,BRAC5872.1f,cfos
645,"Subparafascicular nucleus, parvicellular part",positive,591,BRAC5872.1f,cfos
646,Subparaventricular zone,negative,48,BRAC5872.1f,cfos
647,Subparaventricular zone,positive,443,BRAC5872.1f,cfos
648,Substantia innominata,negative,46,BRAC5872.1f,cfos
649,Substantia innominata,positive,6591,BRAC5872.1f,cfos
650,"Substantia nigra, compact part",negative,2,BRAC5872.1f,cfos
651,"Substantia nigra, compact part",positive,292,BRAC5872.1f,cfos
652,"Substantia nigra, reticular part",negative,5,BRAC5872.1f,cfos
653,"Substantia nigra, reticular part",positive,1147,BRAC5872.1f,cfos
654,Subthalamic nucleus,negative,3,BRAC5872.1f,cfos
655,Subthalamic nucleus,positive,664,BRAC5872.1f,cfos
656,"Superior colliculus, motor related, deep gray layer",negative,0,BRAC5872.1f,cfos
657,"Superior colliculus, motor related, deep gray layer",positive,79,BRAC5872.1f,cfos
658,"Superior colliculus, motor related, deep white layer",negative,0,BRAC5872.1f,cfos
659,"Superior colliculus, motor related, deep white layer",positive,43,BRAC5872.1f,cfos
660,"Superior colliculus, motor related, intermediate gray layer",negative,0,BRAC5872.1f,cfos
661,"Superior colliculus, motor related, intermediate gray layer",positive,695,BRAC5872.1f,cfos
662,"Superior colliculus, motor related, intermediate white layer",negative,2,BRAC5872.1f,cfos
663,"Superior colliculus, motor related, intermediate white layer",positive,368,BRAC5872.1f,cfos
664,"Superior colliculus, optic layer",negative,0,BRAC5872.1f,cfos
665,"Superior colliculus, optic layer",positive,138,BRAC5872.1f,cfos
666,"Superior colliculus, superficial gray layer",negative,2,BRAC5872.1f,cfos
667,"Superior colliculus, superficial gray layer",positive,110,BRAC5872.1f,cfos
668,"Superior colliculus, zonal layer",negative,0,BRAC5872.1f,cfos
669,"Superior colliculus, zonal layer",positive,103,BRAC5872.1f,cfos
670,"Supplemental somatosensory area, layer 1",negative,58,BRAC5872.1f,cfos
671,"Supplemental somatosensory area, layer 1",positive,2284,BRAC5872.1f,cfos
672,"Supplemental somatosensory area, layer 2/3",negative,33,BRAC5872.1f,cfos
673,"Supplemental somatosensory area, layer 2/3",positive,5629,BRAC5872.1f,cfos
674,"Supplemental somatosensory area, layer 4",negative,3,BRAC5872.1f,cfos
675,"Supplemental somatosensory area, layer 4",positive,5588,BRAC5872.1f,cfos
676,"Supplemental somatosensory area, layer 5",negative,18,BRAC5872.1f,cfos
677,"Supplemental somatosensory area, layer 5",positive,7321,BRAC5872.1f,cfos
678,"Supplemental somatosensory area, layer 6a",negative,47,BRAC5872.1f,cfos
679,"Supplemental somatosensory area, layer 6a",positive,7651,BRAC5872.1f,cfos
680,"Supplemental somatosensory area, layer 6b",negative,7,BRAC5872.1f,cfos
681,"Supplemental somatosensory area, layer 6b",positive,613,BRAC5872.1f,cfos
682,Suprachiasmatic nucleus,negative,115,BRAC5872.1f,cfos
683,Suprachiasmatic nucleus,positive,111,BRAC5872.1f,cfos
684,Suprageniculate nucleus,negative,0,BRAC5872.1f,cfos
685,Suprageniculate nucleus,positive,251,BRAC5872.1f,cfos
686,Supramammillary nucleus,negative,33,BRAC5872.1f,cfos
687,Supramammillary nucleus,positive,946,BRAC5872.1f,cfos
688,Supraoptic nucleus,negative,8,BRAC5872.1f,cfos
689,Supraoptic nucleus,positive,108,BRAC5872.1f,cfos
690,"Taenia tecta, dorsal part",negative,0,BRAC5872.1f,cfos
691,"Taenia tecta, dorsal part",positive,88,BRAC5872.1f,cfos
692,"Temporal association areas, layer 1",negative,14,BRAC5872.1f,cfos
693,"Temporal association areas, layer 1",positive,388,BRAC5872.1f,cfos
694,"Temporal association areas, layer 2/3",negative,23,BRAC5872.1f,cfos
695,"Temporal association areas, layer 2/3",positive,1346,BRAC5872.1f,cfos
696,"Temporal association areas, layer 4",negative,9,BRAC5872.1f,cfos
697,"Temporal association areas, layer 4",positive,522,BRAC5872.1f,cfos
698,"Temporal association areas, layer 5",negative,29,BRAC5872.1f,cfos
699,"Temporal association areas, layer 5",positive,1710,BRAC5872.1f,cfos
700,"Temporal association areas, layer 6a",negative,20,BRAC5872.1f,cfos
701,"Temporal association areas, layer 6a",positive,1230,BRAC5872.1f,cfos
702,"Temporal association areas, layer 6b",negative,1,BRAC5872.1f,cfos
703,"Temporal association areas, layer 6b",positive,128,BRAC5872.1f,cfos
704,Thalamus,negative,12,BRAC5872.1f,cfos
705,Thalamus,positive,2928,BRAC5872.1f,cfos
706,Triangular nucleus of septum,negative,33,BRAC5872.1f,cfos
707,Triangular nucleus of septum,positive,712,BRAC5872.1f,cfos
708,Tuberal nucleus,negative,110,BRAC5872.1f,cfos
709,Tuberal nucleus,positive,857,BRAC5872.1f,cfos
710,"Tuberomammillary nucleus, dorsal part",negative,20,BRAC5872.1f,cfos
711,"Tuberomammillary nucleus, dorsal part",positive,129,BRAC5872.1f,cfos
712,"Tuberomammillary nucleus, ventral part",negative,15,BRAC5872.1f,cfos
713,"Tuberomammillary nucleus, ventral part",positive,189,BRAC5872.1f,cfos
714,Vascular organ of the lamina terminalis,negative,0,BRAC5872.1f,cfos
715,Vascular organ of the lamina terminalis,positive,11,BRAC5872.1f,cfos
716,Ventral anterior-lateral complex of the thalamus,negative,3,BRAC5872.1f,cfos
717,Ventral anterior-lateral complex of the thalamus,positive,3193,BRAC5872.1f,cfos
718,"Ventral auditory area, layer 1",negative,3,BRAC5872.1f,cfos
719,"Ventral auditory area, layer 1",positive,419,BRAC5872.1f,cfos
720,"Ventral auditory area, layer 2/3",negative,13,BRAC5872.1f,cfos
721,"Ventral auditory area, layer 2/3",positive,1132,BRAC5872.1f,cfos
722,"Ventral auditory area, layer 4",negative,0,BRAC5872.1f,cfos
723,"Ventral auditory area, layer 4",positive,842,BRAC5872.1f,cfos
724,"Ventral auditory area, layer 5",negative,7,BRAC5872.1f,cfos
725,"Ventral auditory area, layer 5",positive,1423,BRAC5872.1f,cfos
726,"Ventral auditory area, layer 6a",negative,3,BRAC5872.1f,cfos
727,"Ventral auditory area, layer 6a",positive,714,BRAC5872.1f,cfos
728,"Ventral auditory area, layer 6b",negative,1,BRAC5872.1f,cfos
729,"Ventral auditory area, layer 6b",positive,100,BRAC5872.1f,cfos
730,Ventral medial nucleus of the thalamus,negative,0,BRAC5872.1f,cfos
731,Ventral medial nucleus of the thalamus,positive,2634,BRAC5872.1f,cfos
732,Ventral part of the lateral geniculate complex,negative,10,BRAC5872.1f,cfos
733,Ventral part of the lateral geniculate complex,positive,1210,BRAC5872.1f,cfos
734,Ventral posterolateral nucleus of the thalamus,negative,5,BRAC5872.1f,cfos
735,Ventral posterolateral nucleus of the thalamus,positive,3228,BRAC5872.1f,cfos
736,"Ventral posterolateral nucleus of the thalamus, parvicellular part",negative,0,BRAC5872.1f,cfos
737,"Ventral posterolateral nucleus of the thalamus, parvicellular part",positive,378,BRAC5872.1f,cfos
738,Ventral posteromedial nucleus of the thalamus,negative,12,BRAC5872.1f,cfos
739,Ventral posteromedial nucleus of the thalamus,positive,9436,BRAC5872.1f,cfos
740,"Ventral posteromedial nucleus of the thalamus, parvicellular part",negative,2,BRAC5872.1f,cfos
741,"Ventral posteromedial nucleus of the thalamus, parvicellular part",positive,921,BRAC5872.1f,cfos
742,Ventral premammillary nucleus,negative,136,BRAC5872.1f,cfos
743,Ventral premammillary nucleus,positive,553,BRAC5872.1f,cfos
744,Ventral tegmental area,negative,2,BRAC5872.1f,cfos
745,Ventral tegmental area,positive,496,BRAC5872.1f,cfos
746,Ventrolateral preoptic nucleus,negative,2,BRAC5872.1f,cfos
747,Ventrolateral preoptic nucleus,positive,99,BRAC5872.1f,cfos
748,Ventromedial hypothalamic nucleus,negative,89,BRAC5872.1f,cfos
749,Ventromedial hypothalamic nucleus,positive,1422,BRAC5872.1f,cfos
750,Ventromedial preoptic nucleus,negative,6,BRAC5872.1f,cfos
751,Ventromedial preoptic nucleus,positive,201,BRAC5872.1f,cfos
752,"Visceral area, layer 1",negative,15,BRAC5872.1f,cfos
753,"Visceral area, layer 1",positive,490,BRAC5872.1f,cfos
754,"Visceral area, layer 2/3",negative,37,BRAC5872.1f,cfos
755,"Visceral area, layer 2/3",positive,1467,BRAC5872.1f,cfos
756,"Visceral area, layer 4",negative,8,BRAC5872.1f,cfos
757,"Visceral area, layer 4",positive,825,BRAC5872.1f,cfos
758,"Visceral area, layer 5",negative,57,BRAC5872.1f,cfos
759,"Visceral area, layer 5",positive,2422,BRAC5872.1f,cfos
760,"Visceral area, layer 6a",negative,46,BRAC5872.1f,cfos
761,"Visceral area, layer 6a",positive,1967,BRAC5872.1f,cfos
762,"Visceral area, layer 6b",negative,5,BRAC5872.1f,cfos
763,"Visceral area, layer 6b",positive,178,BRAC5872.1f,cfos
764,Xiphoid thalamic nucleus,negative,5,BRAC5872.1f,cfos
765,Xiphoid thalamic nucleus,positive,523,BRAC5872.1f,cfos
766,Zona incerta,negative,9,BRAC5872.1f,cfos
767,Zona incerta,positive,5097,BRAC5872.1f,cfos
768,alveus,negative,31,BRAC5872.1f,cfos
769,alveus,positive,2445,BRAC5872.1f,cfos
770,amygdalar capsule,negative,23,BRAC5872.1f,cfos
771,amygdalar capsule,positive,548,BRAC5872.1f,cfos
772,"anterior commissure, olfactory limb",negative,1,BRAC5872.1f,cfos
773,"anterior commissure, olfactory limb",positive,593,BRAC5872.1f,cfos
774,"anterior commissure, temporal limb",negative,2,BRAC5872.1f,cfos
775,"anterior commissure, temporal limb",positive,351,BRAC5872.1f,cfos
776,auditory radiation,negative,10,BRAC5872.1f,cfos
777,auditory radiation,positive,870,BRAC5872.1f,cfos
778,brachium of the superior colliculus,negative,18,BRAC5872.1f,cfos
779,brachium of the superior colliculus,positive,119,BRAC5872.1f,cfos
780,cerebal peduncle,negative,8,BRAC5872.1f,cfos
781,cerebal peduncle,positive,855,BRAC5872.1f,cfos
782,cerebral aqueduct,negative,0,BRAC5872.1f,cfos
783,cerebral aqueduct,positive,16,BRAC5872.1f,cfos
784,choroid plexus,negative,58,BRAC5872.1f,cfos
785,choroid plexus,positive,1203,BRAC5872.1f,cfos
786,cingulum bundle,negative,36,BRAC5872.1f,cfos
787,cingulum bundle,positive,2687,BRAC5872.1f,cfos
788,columns of the fornix,negative,16,BRAC5872.1f,cfos
789,columns of the fornix,positive,934,BRAC5872.1f,cfos
790,commissural branch of stria terminalis,negative,9,BRAC5872.1f,cfos
791,commissural branch of stria terminalis,positive,148,BRAC5872.1f,cfos
792,"corpus callosum, anterior forceps",negative,3,BRAC5872.1f,cfos
793,"corpus callosum, anterior forceps",positive,135,BRAC5872.1f,cfos
794,"corpus callosum, body",negative,116,BRAC5872.1f,cfos
795,"corpus callosum, body",positive,4492,BRAC5872.1f,cfos
796,"corpus callosum, extreme capsule",negative,15,BRAC5872.1f,cfos
797,"corpus callosum, extreme capsule",positive,341,BRAC5872.1f,cfos
798,"corpus callosum, posterior forceps",negative,29,BRAC5872.1f,cfos
799,"corpus callosum, posterior forceps",positive,1950,BRAC5872.1f,cfos
800,"corpus callosum, splenium",negative,18,BRAC5872.1f,cfos
801,"corpus callosum, splenium",positive,1208,BRAC5872.1f,cfos
802,dorsal fornix,negative,0,BRAC5872.1f,cfos
803,dorsal fornix,positive,69,BRAC5872.1f,cfos
804,dorsal hippocampal commissure,negative,35,BRAC5872.1f,cfos
805,dorsal hippocampal commissure,positive,1090,BRAC5872.1f,cfos
806,external capsule,negative,40,BRAC5872.1f,cfos
807,external capsule,positive,1593,BRAC5872.1f,cfos
808,external medullary lamina of the thalamus,negative,1,BRAC5872.1f,cfos
809,external medullary lamina of the thalamus,positive,275,BRAC5872.1f,cfos
810,fasciculus retroflexus,negative,1,BRAC5872.1f,cfos
811,fasciculus retroflexus,positive,683,BRAC5872.1f,cfos
812,fiber tracts,negative,143,BRAC5872.1f,cfos
813,fiber tracts,positive,2258,BRAC5872.1f,cfos
814,fimbria,negative,30,BRAC5872.1f,cfos
815,fimbria,positive,1475,BRAC5872.1f,cfos
816,genu of corpus callosum,negative,25,BRAC5872.1f,cfos
817,genu of corpus callosum,positive,582,BRAC5872.1f,cfos
818,habenular commissure,negative,10,BRAC5872.1f,cfos
819,habenular commissure,positive,43,BRAC5872.1f,cfos
820,internal capsule,negative,28,BRAC5872.1f,cfos
821,internal capsule,positive,2832,BRAC5872.1f,cfos
822,"lateral olfactory tract, body",negative,20,BRAC5872.1f,cfos
823,"lateral olfactory tract, body",positive,512,BRAC5872.1f,cfos
824,lateral ventricle,negative,141,BRAC5872.1f,cfos
825,lateral ventricle,positive,2097,BRAC5872.1f,cfos
826,mammillary peduncle,negative,0,BRAC5872.1f,cfos
827,mammillary peduncle,positive,7,BRAC5872.1f,cfos
828,mammillotegmental tract,negative,0,BRAC5872.1f,cfos
829,mammillotegmental tract,positive,61,BRAC5872.1f,cfos
830,mammillothalamic tract,negative,2,BRAC5872.1f,cfos
831,mammillothalamic tract,positive,591,BRAC5872.1f,cfos
832,medial corticohypothalamic tract,negative,0,BRAC5872.1f,cfos
833,medial corticohypothalamic tract,positive,27,BRAC5872.1f,cfos
834,medial forebrain bundle,negative,2,BRAC5872.1f,cfos
835,medial forebrain bundle,positive,127,BRAC5872.1f,cfos
836,medial lemniscus,negative,1,BRAC5872.1f,cfos
837,medial lemniscus,positive,557,BRAC5872.1f,cfos
838,nigrostriatal tract,negative,0,BRAC5872.1f,cfos
839,nigrostriatal tract,positive,399,BRAC5872.1f,cfos
840,optic chiasm,negative,17,BRAC5872.1f,cfos
841,optic chiasm,positive,81,BRAC5872.1f,cfos
842,optic nerve,negative,3,BRAC5872.1f,cfos
843,optic nerve,positive,0,BRAC5872.1f,cfos
844,optic radiation,negative,34,BRAC5872.1f,cfos
845,optic radiation,positive,3027,BRAC5872.1f,cfos
846,optic tract,negative,126,BRAC5872.1f,cfos
847,optic tract,positive,790,BRAC5872.1f,cfos
848,posterior commissure,negative,1,BRAC5872.1f,cfos
849,posterior commissure,positive,214,BRAC5872.1f,cfos
850,"posteromedial visual area, layer 1",negative,3,BRAC5872.1f,cfos
851,"posteromedial visual area, layer 1",positive,304,BRAC5872.1f,cfos
852,"posteromedial visual area, layer 2/3",negative,1,BRAC5872.1f,cfos
853,"posteromedial visual area, layer 2/3",positive,640,BRAC5872.1f,cfos
854,"posteromedial visual area, layer 4",negative,0,BRAC5872.1f,cfos
855,"posteromedial visual area, layer 4",positive,310,BRAC5872.1f,cfos
856,"posteromedial visual area, layer 5",negative,0,BRAC5872.1f,cfos
857,"posteromedial visual area, layer 5",positive,709,BRAC5872.1f,cfos
858,"posteromedial visual area, layer 6a",negative,5,BRAC5872.1f,cfos
859,"posteromedial visual area, layer 6a",positive,308,BRAC5872.1f,cfos
860,"posteromedial visual area, layer 6b",negative,0,BRAC5872.1f,cfos
861,"posteromedial visual area, layer 6b",positive,65,BRAC5872.1f,cfos
862,principal mammillary tract,negative,1,BRAC5872.1f,cfos
863,principal mammillary tract,positive,148,BRAC5872.1f,cfos
864,root,negative,237,BRAC5872.1f,cfos
865,root,positive,2203,BRAC5872.1f,cfos
866,stria medullaris,negative,3,BRAC5872.1f,cfos
867,stria medullaris,positive,1002,BRAC5872.1f,cfos
868,stria terminalis,negative,22,BRAC5872.1f,cfos
869,stria terminalis,positive,556,BRAC5872.1f,cfos
870,subependymal zone,negative,9,BRAC5872.1f,cfos
871,subependymal zone,positive,146,BRAC5872.1f,cfos
872,superior colliculus commissure,negative,0,BRAC5872.1f,cfos
873,superior colliculus commissure,positive,135,BRAC5872.1f,cfos
874,supra-callosal cerebral white matter,negative,13,BRAC5872.1f,cfos
875,supra-callosal cerebral white matter,positive,1749,BRAC5872.1f,cfos
876,supraoptic commissures,negative,2,BRAC5872.1f,cfos
877,supraoptic commissures,positive,55,BRAC5872.1f,cfos
878,third ventricle,negative,143,BRAC5872.1f,cfos
879,third ventricle,positive,1907,BRAC5872.1f,cfos
880,ventral hippocampal commissure,negative,2,BRAC5872.1f,cfos
881,ventral hippocampal commissure,positive,194,BRAC5872.1f,cfos
882,Accessory supraoptic group,negative,0,BRAC5872.1g,cfos
883,Accessory supraoptic group,positive,26,BRAC5872.1g,cfos
884,"Agranular insular area, dorsal part, layer 1",negative,4,BRAC5872.1g,cfos
885,"Agranular insular area, dorsal part, layer 1",positive,88,BRAC5872.1g,cfos
886,"Agranular insular area, dorsal part, layer 2/3",negative,11,BRAC5872.1g,cfos
887,"Agranular insular area, dorsal part, layer 2/3",positive,574,BRAC5872.1g,cfos
888,"Agranular insular area, dorsal part, layer 5",negative,24,BRAC5872.1g,cfos
889,"Agranular insular area, dorsal part, layer 5",positive,1103,BRAC5872.1g,cfos
890,"Agranular insular area, dorsal part, layer 6a",negative,18,BRAC5872.1g,cfos
891,"Agranular insular area, dorsal part, layer 6a",positive,1025,BRAC5872.1g,cfos
892,"Agranular insular area, dorsal part, layer 6b",negative,0,BRAC5872.1g,cfos
893,"Agranular insular area, dorsal part, layer 6b",positive,40,BRAC5872.1g,cfos
894,"Agranular insular area, posterior part, layer 1",negative,9,BRAC5872.1g,cfos
895,"Agranular insular area, posterior part, layer 1",positive,904,BRAC5872.1g,cfos
896,"Agranular insular area, posterior part, layer 2/3",negative,38,BRAC5872.1g,cfos
897,"Agranular insular area, posterior part, layer 2/3",positive,2378,BRAC5872.1g,cfos
898,"Agranular insular area, posterior part, layer 5",negative,31,BRAC5872.1g,cfos
899,"Agranular insular area, posterior part, layer 5",positive,2230,BRAC5872.1g,cfos
900,"Agranular insular area, posterior part, layer 6a",negative,36,BRAC5872.1g,cfos
901,"Agranular insular area, posterior part, layer 6a",positive,1610,BRAC5872.1g,cfos
902,"Agranular insular area, posterior part, layer 6b",negative,0,BRAC5872.1g,cfos
903,"Agranular insular area, posterior part, layer 6b",positive,67,BRAC5872.1g,cfos
904,"Agranular insular area, ventral part, layer 1",negative,0,BRAC5872.1g,cfos
905,"Agranular insular area, ventral part, layer 1",positive,81,BRAC5872.1g,cfos
906,"Agranular insular area, ventral part, layer 2/3",negative,15,BRAC5872.1g,cfos
907,"Agranular insular area, ventral part, layer 2/3",positive,534,BRAC5872.1g,cfos
908,"Agranular insular area, ventral part, layer 5",negative,11,BRAC5872.1g,cfos
909,"Agranular insular area, ventral part, layer 5",positive,656,BRAC5872.1g,cfos
910,"Agranular insular area, ventral part, layer 6a",negative,3,BRAC5872.1g,cfos
911,"Agranular insular area, ventral part, layer 6a",positive,457,BRAC5872.1g,cfos
912,Anterior amygdalar area,negative,1,BRAC5872.1g,cfos
913,Anterior amygdalar area,positive,1299,BRAC5872.1g,cfos
914,"Anterior area, layer 1",negative,5,BRAC5872.1g,cfos
915,"Anterior area, layer 1",positive,706,BRAC5872.1g,cfos
916,"Anterior area, layer 2/3",negative,0,BRAC5872.1g,cfos
917,"Anterior area, layer 2/3",positive,2016,BRAC5872.1g,cfos
918,"Anterior area, layer 4",negative,0,BRAC5872.1g,cfos
919,"Anterior area, layer 4",positive,637,BRAC5872.1g,cfos
920,"Anterior area, layer 5",negative,5,BRAC5872.1g,cfos
921,"Anterior area, layer 5",positive,1439,BRAC5872.1g,cfos
922,"Anterior area, layer 6a",negative,9,BRAC5872.1g,cfos
923,"Anterior area, layer 6a",positive,554,BRAC5872.1g,cfos
924,"Anterior area, layer 6b",negative,1,BRAC5872.1g,cfos
925,"Anterior area, layer 6b",positive,100,BRAC5872.1g,cfos
926,"Anterior cingulate area, dorsal part, layer 1",negative,8,BRAC5872.1g,cfos
927,"Anterior cingulate area, dorsal part, layer 1",positive,509,BRAC5872.1g,cfos
928,"Anterior cingulate area, dorsal part, layer 2/3",negative,4,BRAC5872.1g,cfos
929,"Anterior cingulate area, dorsal part, layer 2/3",positive,1851,BRAC5872.1g,cfos
930,"Anterior cingulate area, dorsal part, layer 5",negative,8,BRAC5872.1g,cfos
931,"Anterior cingulate area, dorsal part, layer 5",positive,3075,BRAC5872.1g,cfos
932,"Anterior cingulate area, dorsal part, layer 6a",negative,4,BRAC5872.1g,cfos
933,"Anterior cingulate area, dorsal part, layer 6a",positive,1164,BRAC5872.1g,cfos
934,"Anterior cingulate area, dorsal part, layer 6b",negative,0,BRAC5872.1g,cfos
935,"Anterior cingulate area, dorsal part, layer 6b",positive,65,BRAC5872.1g,cfos
936,"Anterior cingulate area, ventral part, 6a",negative,0,BRAC5872.1g,cfos
937,"Anterior cingulate area, ventral part, 6a",positive,994,BRAC5872.1g,cfos
938,"Anterior cingulate area, ventral part, 6b",negative,0,BRAC5872.1g,cfos
939,"Anterior cingulate area, ventral part, 6b",positive,139,BRAC5872.1g,cfos
940,"Anterior cingulate area, ventral part, layer 1",negative,13,BRAC5872.1g,cfos
941,"Anterior cingulate area, ventral part, layer 1",positive,513,BRAC5872.1g,cfos
942,"Anterior cingulate area, ventral part, layer 2/3",negative,6,BRAC5872.1g,cfos
943,"Anterior cingulate area, ventral part, layer 2/3",positive,2277,BRAC5872.1g,cfos
944,"Anterior cingulate area, ventral part, layer 5",negative,10,BRAC5872.1g,cfos
945,"Anterior cingulate area, ventral part, layer 5",positive,4371,BRAC5872.1g,cfos
946,Anterior hypothalamic nucleus,negative,1,BRAC5872.1g,cfos
947,Anterior hypothalamic nucleus,positive,1900,BRAC5872.1g,cfos
948,Anterior pretectal nucleus,negative,1,BRAC5872.1g,cfos
949,Anterior pretectal nucleus,positive,233,BRAC5872.1g,cfos
950,Anterodorsal nucleus,negative,1,BRAC5872.1g,cfos
951,Anterodorsal nucleus,positive,675,BRAC5872.1g,cfos
952,Anterodorsal preoptic nucleus,negative,0,BRAC5872.1g,cfos
953,Anterodorsal preoptic nucleus,positive,420,BRAC5872.1g,cfos
954,"Anterolateral visual area, layer 2/3",negative,0,BRAC5872.1g,cfos
955,"Anterolateral visual area, layer 2/3",positive,34,BRAC5872.1g,cfos
956,"Anterolateral visual area, layer 4",negative,1,BRAC5872.1g,cfos
957,"Anterolateral visual area, layer 4",positive,39,BRAC5872.1g,cfos
958,"Anterolateral visual area, layer 5",negative,0,BRAC5872.1g,cfos
959,"Anterolateral visual area, layer 5",positive,18,BRAC5872.1g,cfos
960,"Anterolateral visual area, layer 6a",negative,0,BRAC5872.1g,cfos
961,"Anterolateral visual area, layer 6a",positive,1,BRAC5872.1g,cfos
962,"Anteromedial nucleus, dorsal part",negative,4,BRAC5872.1g,cfos
963,"Anteromedial nucleus, dorsal part",positive,1083,BRAC5872.1g,cfos
964,"Anteromedial nucleus, ventral part",negative,2,BRAC5872.1g,cfos
965,"Anteromedial nucleus, ventral part",positive,448,BRAC5872.1g,cfos
966,"Anteromedial visual area, layer 1",negative,5,BRAC5872.1g,cfos
967,"Anteromedial visual area, layer 1",positive,363,BRAC5872.1g,cfos
968,"Anteromedial visual area, layer 2/3",negative,9,BRAC5872.1g,cfos
969,"Anteromedial visual area, layer 2/3",positive,769,BRAC5872.1g,cfos
970,"Anteromedial visual area, layer 4",negative,3,BRAC5872.1g,cfos
971,"Anteromedial visual area, layer 4",positive,167,BRAC5872.1g,cfos
972,"Anteromedial visual area, layer 5",negative,24,BRAC5872.1g,cfos
973,"Anteromedial visual area, layer 5",positive,602,BRAC5872.1g,cfos
974,"Anteromedial visual area, layer 6a",negative,14,BRAC5872.1g,cfos
975,"Anteromedial visual area, layer 6a",positive,292,BRAC5872.1g,cfos
976,"Anteromedial visual area, layer 6b",negative,2,BRAC5872.1g,cfos
977,"Anteromedial visual area, layer 6b",positive,45,BRAC5872.1g,cfos
978,Anteroventral nucleus of thalamus,negative,13,BRAC5872.1g,cfos
979,Anteroventral nucleus of thalamus,positive,1102,BRAC5872.1g,cfos
980,Anteroventral periventricular nucleus,negative,5,BRAC5872.1g,cfos
981,Anteroventral periventricular nucleus,positive,440,BRAC5872.1g,cfos
982,Anteroventral preoptic nucleus,negative,2,BRAC5872.1g,cfos
983,Anteroventral preoptic nucleus,positive,204,BRAC5872.1g,cfos
984,Arcuate hypothalamic nucleus,negative,15,BRAC5872.1g,cfos
985,Arcuate hypothalamic nucleus,positive,786,BRAC5872.1g,cfos
986,"Basolateral amygdalar nucleus, anterior part",negative,4,BRAC5872.1g,cfos
987,"Basolateral amygdalar nucleus, anterior part",positive,2650,BRAC5872.1g,cfos
988,"Basolateral amygdalar nucleus, posterior part",negative,4,BRAC5872.1g,cfos
989,"Basolateral amygdalar nucleus, posterior part",positive,933,BRAC5872.1g,cfos
990,"Basolateral amygdalar nucleus, ventral part",negative,0,BRAC5872.1g,cfos
991,"Basolateral amygdalar nucleus, ventral part",positive,1033,BRAC5872.1g,cfos
992,"Basomedial amygdalar nucleus, anterior part",negative,1,BRAC5872.1g,cfos
993,"Basomedial amygdalar nucleus, anterior part",positive,2889,BRAC5872.1g,cfos
994,"Basomedial amygdalar nucleus, posterior part",negative,20,BRAC5872.1g,cfos
995,"Basomedial amygdalar nucleus, posterior part",positive,1486,BRAC5872.1g,cfos
996,Bed nuclei of the stria terminalis,negative,18,BRAC5872.1g,cfos
997,Bed nuclei of the stria terminalis,positive,5682,BRAC5872.1g,cfos
998,Bed nucleus of the accessory olfactory tract,negative,0,BRAC5872.1g,cfos
999,Bed nucleus of the accessory olfactory tract,positive,65,BRAC5872.1g,cfos
1000,Caudoputamen,negative,540,BRAC5872.1g,cfos
1001,Caudoputamen,positive,64838,BRAC5872.1g,cfos
1002,"Central amygdalar nucleus, capsular part",negative,0,BRAC5872.1g,cfos
1003,"Central amygdalar nucleus, capsular part",positive,927,BRAC5872.1g,cfos
1004,"Central amygdalar nucleus, lateral part",negative,1,BRAC5872.1g,cfos
1005,"Central amygdalar nucleus, lateral part",positive,1068,BRAC5872.1g,cfos
1006,"Central amygdalar nucleus, medial part",negative,6,BRAC5872.1g,cfos
1007,"Central amygdalar nucleus, medial part",positive,2025,BRAC5872.1g,cfos
1008,Central lateral nucleus of the thalamus,negative,3,BRAC5872.1g,cfos
1009,Central lateral nucleus of the thalamus,positive,1791,BRAC5872.1g,cfos
1010,Central medial nucleus of the thalamus,negative,3,BRAC5872.1g,cfos
1011,Central medial nucleus of the thalamus,positive,1090,BRAC5872.1g,cfos
1012,Claustrum,negative,15,BRAC5872.1g,cfos
1013,Claustrum,positive,1589,BRAC5872.1g,cfos
1014,"Cortical amygdalar area, anterior part",negative,11,BRAC5872.1g,cfos
1015,"Cortical amygdalar area, anterior part",positive,3500,BRAC5872.1g,cfos
1016,"Cortical amygdalar area, posterior part, lateral zone",negative,2,BRAC5872.1g,cfos
1017,"Cortical amygdalar area, posterior part, lateral zone",positive,1407,BRAC5872.1g,cfos
1018,"Cortical amygdalar area, posterior part, medial zone",negative,2,BRAC5872.1g,cfos
1019,"Cortical amygdalar area, posterior part, medial zone",positive,946,BRAC5872.1g,cfos
1020,Cortical subplate,negative,6,BRAC5872.1g,cfos
1021,Cortical subplate,positive,937,BRAC5872.1g,cfos
1022,"Dentate gyrus, granule cell layer",negative,12,BRAC5872.1g,cfos
1023,"Dentate gyrus, granule cell layer",positive,1714,BRAC5872.1g,cfos
1024,"Dentate gyrus, molecular layer",negative,23,BRAC5872.1g,cfos
1025,"Dentate gyrus, molecular layer",positive,3561,BRAC5872.1g,cfos
1026,"Dentate gyrus, polymorph layer",negative,3,BRAC5872.1g,cfos
1027,"Dentate gyrus, polymorph layer",positive,620,BRAC5872.1g,cfos
1028,Diagonal band nucleus,negative,56,BRAC5872.1g,cfos
1029,Diagonal band nucleus,positive,1995,BRAC5872.1g,cfos
1030,"Dorsal auditory area, layer 1",negative,8,BRAC5872.1g,cfos
1031,"Dorsal auditory area, layer 1",positive,361,BRAC5872.1g,cfos
1032,"Dorsal auditory area, layer 2/3",negative,19,BRAC5872.1g,cfos
1033,"Dorsal auditory area, layer 2/3",positive,1146,BRAC5872.1g,cfos
1034,"Dorsal auditory area, layer 4",negative,10,BRAC5872.1g,cfos
1035,"Dorsal auditory area, layer 4",positive,485,BRAC5872.1g,cfos
1036,"Dorsal auditory area, layer 5",negative,8,BRAC5872.1g,cfos
1037,"Dorsal auditory area, layer 5",positive,663,BRAC5872.1g,cfos
1038,"Dorsal auditory area, layer 6a",negative,1,BRAC5872.1g,cfos
1039,"Dorsal auditory area, layer 6a",positive,219,BRAC5872.1g,cfos
1040,"Dorsal auditory area, layer 6b",negative,0,BRAC5872.1g,cfos
1041,"Dorsal auditory area, layer 6b",positive,25,BRAC5872.1g,cfos
1042,"Dorsal part of the lateral geniculate complex, core",negative,1,BRAC5872.1g,cfos
1043,"Dorsal part of the lateral geniculate complex, core",positive,613,BRAC5872.1g,cfos
1044,"Dorsal part of the lateral geniculate complex, ipsilateral zone",negative,0,BRAC5872.1g,cfos
1045,"Dorsal part of the lateral geniculate complex, ipsilateral zone",positive,115,BRAC5872.1g,cfos
1046,"Dorsal part of the lateral geniculate complex, shell",negative,1,BRAC5872.1g,cfos
1047,"Dorsal part of the lateral geniculate complex, shell",positive,275,BRAC5872.1g,cfos
1048,Dorsal premammillary nucleus,negative,1,BRAC5872.1g,cfos
1049,Dorsal premammillary nucleus,positive,53,BRAC5872.1g,cfos
1050,Dorsomedial nucleus of the hypothalamus,negative,0,BRAC5872.1g,cfos
1051,Dorsomedial nucleus of the hypothalamus,positive,2100,BRAC5872.1g,cfos
1052,Ectorhinal area/Layer 1,negative,1,BRAC5872.1g,cfos
1053,Ectorhinal area/Layer 1,positive,177,BRAC5872.1g,cfos
1054,Ectorhinal area/Layer 2/3,negative,0,BRAC5872.1g,cfos
1055,Ectorhinal area/Layer 2/3,positive,496,BRAC5872.1g,cfos
1056,Ectorhinal area/Layer 5,negative,2,BRAC5872.1g,cfos
1057,Ectorhinal area/Layer 5,positive,637,BRAC5872.1g,cfos
1058,Ectorhinal area/Layer 6a,negative,1,BRAC5872.1g,cfos
1059,Ectorhinal area/Layer 6a,positive,463,BRAC5872.1g,cfos
1060,Ectorhinal area/Layer 6b,negative,0,BRAC5872.1g,cfos
1061,Ectorhinal area/Layer 6b,positive,35,BRAC5872.1g,cfos
1062,"Endopiriform nucleus, dorsal part",negative,23,BRAC5872.1g,cfos
1063,"Endopiriform nucleus, dorsal part",positive,4525,BRAC5872.1g,cfos
1064,"Endopiriform nucleus, ventral part",negative,13,BRAC5872.1g,cfos
1065,"Endopiriform nucleus, ventral part",positive,1791,BRAC5872.1g,cfos
1066,"Entorhinal area, lateral part, layer 1",negative,0,BRAC5872.1g,cfos
1067,"Entorhinal area, lateral part, layer 1",positive,188,BRAC5872.1g,cfos
1068,"Entorhinal area, lateral part, layer 2",negative,0,BRAC5872.1g,cfos
1069,"Entorhinal area, lateral part, layer 2",positive,273,BRAC5872.1g,cfos
1070,"Entorhinal area, lateral part, layer 3",negative,0,BRAC5872.1g,cfos
1071,"Entorhinal area, lateral part, layer 3",positive,314,BRAC5872.1g,cfos
1072,"Entorhinal area, lateral part, layer 5",negative,2,BRAC5872.1g,cfos
1073,"Entorhinal area, lateral part, layer 5",positive,250,BRAC5872.1g,cfos
1074,"Entorhinal area, lateral part, layer 6a",negative,1,BRAC5872.1g,cfos
1075,"Entorhinal area, lateral part, layer 6a",positive,61,BRAC5872.1g,cfos
1076,Ethmoid nucleus of the thalamus,negative,0,BRAC5872.1g,cfos
1077,Ethmoid nucleus of the thalamus,positive,412,BRAC5872.1g,cfos
1078,Fasciola cinerea,negative,2,BRAC5872.1g,cfos
1079,Fasciola cinerea,positive,172,BRAC5872.1g,cfos
1080,Field CA1,negative,116,BRAC5872.1g,cfos
1081,Field CA1,positive,6721,BRAC5872.1g,cfos
1082,Field CA2,negative,5,BRAC5872.1g,cfos
1083,Field CA2,positive,436,BRAC5872.1g,cfos
1084,Field CA3,negative,11,BRAC5872.1g,cfos
1085,Field CA3,positive,5391,BRAC5872.1g,cfos
1086,Fields of Forel,negative,0,BRAC5872.1g,cfos
1087,Fields of Forel,positive,157,BRAC5872.1g,cfos
1088,Fundus of striatum,negative,1,BRAC5872.1g,cfos
1089,Fundus of striatum,positive,1234,BRAC5872.1g,cfos
1090,"Globus pallidus, external segment",negative,15,BRAC5872.1g,cfos
1091,"Globus pallidus, external segment",positive,2488,BRAC5872.1g,cfos
1092,"Globus pallidus, internal segment",negative,4,BRAC5872.1g,cfos
1093,"Globus pallidus, internal segment",positive,585,BRAC5872.1g,cfos
1094,"Gustatory areas, layer 1",negative,2,BRAC5872.1g,cfos
1095,"Gustatory areas, layer 1",positive,354,BRAC5872.1g,cfos
1096,"Gustatory areas, layer 2/3",negative,6,BRAC5872.1g,cfos
1097,"Gustatory areas, layer 2/3",positive,1606,BRAC5872.1g,cfos
1098,"Gustatory areas, layer 4",negative,2,BRAC5872.1g,cfos
1099,"Gustatory areas, layer 4",positive,750,BRAC5872.1g,cfos
1100,"Gustatory areas, layer 5",negative,12,BRAC5872.1g,cfos
1101,"Gustatory areas, layer 5",positive,1564,BRAC5872.1g,cfos
1102,"Gustatory areas, layer 6a",negative,29,BRAC5872.1g,cfos
1103,"Gustatory areas, layer 6a",positive,1616,BRAC5872.1g,cfos
1104,"Gustatory areas, layer 6b",negative,2,BRAC5872.1g,cfos
1105,"Gustatory areas, layer 6b",positive,86,BRAC5872.1g,cfos
1106,Hippocampal formation,negative,2,BRAC5872.1g,cfos
1107,Hippocampal formation,positive,65,BRAC5872.1g,cfos
1108,Hypothalamus,negative,13,BRAC5872.1g,cfos
1109,Hypothalamus,positive,8245,BRAC5872.1g,cfos
1110,Induseum griseum,negative,5,BRAC5872.1g,cfos
1111,Induseum griseum,positive,222,BRAC5872.1g,cfos
1112,Interanterodorsal nucleus of the thalamus,negative,0,BRAC5872.1g,cfos
1113,Interanterodorsal nucleus of the thalamus,positive,498,BRAC5872.1g,cfos
1114,Interanteromedial nucleus of the thalamus,negative,0,BRAC5872.1g,cfos
1115,Interanteromedial nucleus of the thalamus,positive,238,BRAC5872.1g,cfos
1116,Intercalated amygdalar nucleus,negative,4,BRAC5872.1g,cfos
1117,Intercalated amygdalar nucleus,positive,802,BRAC5872.1g,cfos
1118,Intergeniculate leaflet of the lateral geniculate complex,negative,0,BRAC5872.1g,cfos
1119,Intergeniculate leaflet of the lateral geniculate complex,positive,77,BRAC5872.1g,cfos
1120,Intermediodorsal nucleus of the thalamus,negative,0,BRAC5872.1g,cfos
1121,Intermediodorsal nucleus of the thalamus,positive,1092,BRAC5872.1g,cfos
1122,Lateral amygdalar nucleus,negative,0,BRAC5872.1g,cfos
1123,Lateral amygdalar nucleus,positive,1834,BRAC5872.1g,cfos
1124,Lateral dorsal nucleus of thalamus,negative,6,BRAC5872.1g,cfos
1125,Lateral dorsal nucleus of thalamus,positive,2433,BRAC5872.1g,cfos
1126,Lateral habenula,negative,0,BRAC5872.1g,cfos
1127,Lateral habenula,positive,1364,BRAC5872.1g,cfos
1128,Lateral hypothalamic area,negative,8,BRAC5872.1g,cfos
1129,Lateral hypothalamic area,positive,5218,BRAC5872.1g,cfos
1130,Lateral posterior nucleus of the thalamus,negative,2,BRAC5872.1g,cfos
1131,Lateral posterior nucleus of the thalamus,positive,1750,BRAC5872.1g,cfos
1132,Lateral preoptic area,negative,9,BRAC5872.1g,cfos
1133,Lateral preoptic area,positive,941,BRAC5872.1g,cfos
1134,"Lateral septal nucleus, caudal (caudodorsal) part",negative,10,BRAC5872.1g,cfos
1135,"Lateral septal nucleus, caudal (caudodorsal) part",positive,787,BRAC5872.1g,cfos
1136,"Lateral septal nucleus, rostral (rostroventral) part",negative,89,BRAC5872.1g,cfos
1137,"Lateral septal nucleus, rostral (rostroventral) part",positive,6325,BRAC5872.1g,cfos
1138,"Lateral septal nucleus, ventral part",negative,12,BRAC5872.1g,cfos
1139,"Lateral septal nucleus, ventral part",positive,3977,BRAC5872.1g,cfos
1140,Magnocellular nucleus,negative,3,BRAC5872.1g,cfos
1141,Magnocellular nucleus,positive,1025,BRAC5872.1g,cfos
1142,Medial amygdalar nucleus,negative,9,BRAC5872.1g,cfos
1143,Medial amygdalar nucleus,positive,7755,BRAC5872.1g,cfos
1144,"Medial geniculate complex, medial part",negative,1,BRAC5872.1g,cfos
1145,"Medial geniculate complex, medial part",positive,126,BRAC5872.1g,cfos
1146,Medial habenula,negative,5,BRAC5872.1g,cfos
1147,Medial habenula,positive,846,BRAC5872.1g,cfos
1148,Medial preoptic area,negative,4,BRAC5872.1g,cfos
1149,Medial preoptic area,positive,1208,BRAC5872.1g,cfos
1150,Medial preoptic nucleus,negative,6,BRAC5872.1g,cfos
1151,Medial preoptic nucleus,positive,1178,BRAC5872.1g,cfos
1152,Medial septal nucleus,negative,6,BRAC5872.1g,cfos
1153,Medial septal nucleus,positive,1531,BRAC5872.1g,cfos
1154,Median eminence,negative,3,BRAC5872.1g,cfos
1155,Median eminence,positive,168,BRAC5872.1g,cfos
1156,Median preoptic nucleus,negative,0,BRAC5872.1g,cfos
1157,Median preoptic nucleus,positive,93,BRAC5872.1g,cfos
1158,Mediodorsal nucleus of thalamus,negative,8,BRAC5872.1g,cfos
1159,Mediodorsal nucleus of thalamus,positive,5061,BRAC5872.1g,cfos
1160,Midbrain,negative,4,BRAC5872.1g,cfos
1161,Midbrain,positive,1594,BRAC5872.1g,cfos
1162,Midbrain reticular nucleus,negative,0,BRAC5872.1g,cfos
1163,Midbrain reticular nucleus,positive,1,BRAC5872.1g,cfos
1164,Nucleus accumbens,negative,134,BRAC5872.1g,cfos
1165,Nucleus accumbens,positive,11720,BRAC5872.1g,cfos
1166,Nucleus of reuniens,negative,1,BRAC5872.1g,cfos
1167,Nucleus of reuniens,positive,1820,BRAC5872.1g,cfos
1168,"Nucleus of the lateral olfactory tract, layer 3",negative,0,BRAC5872.1g,cfos
1169,"Nucleus of the lateral olfactory tract, layer 3",positive,179,BRAC5872.1g,cfos
1170,"Nucleus of the lateral olfactory tract, molecular layer",negative,1,BRAC5872.1g,cfos
1171,"Nucleus of the lateral olfactory tract, molecular layer",positive,212,BRAC5872.1g,cfos
1172,"Nucleus of the lateral olfactory tract, pyramidal layer",negative,0,BRAC5872.1g,cfos
1173,"Nucleus of the lateral olfactory tract, pyramidal layer",positive,523,BRAC5872.1g,cfos
1174,Nucleus of the posterior commissure,negative,0,BRAC5872.1g,cfos
1175,Nucleus of the posterior commissure,positive,35,BRAC5872.1g,cfos
1176,Olfactory areas,negative,16,BRAC5872.1g,cfos
1177,Olfactory areas,positive,2158,BRAC5872.1g,cfos
1178,Olfactory tubercle,negative,98,BRAC5872.1g,cfos
1179,Olfactory tubercle,positive,10298,BRAC5872.1g,cfos
1180,Olivary pretectal nucleus,negative,0,BRAC5872.1g,cfos
1181,Olivary pretectal nucleus,positive,14,BRAC5872.1g,cfos
1182,Pallidum,negative,13,BRAC5872.1g,cfos
1183,Pallidum,positive,2492,BRAC5872.1g,cfos
1184,Paracentral nucleus,negative,2,BRAC5872.1g,cfos
1185,Paracentral nucleus,positive,597,BRAC5872.1g,cfos
1186,Parafascicular nucleus,negative,3,BRAC5872.1g,cfos
1187,Parafascicular nucleus,positive,1965,BRAC5872.1g,cfos
1188,Parastrial nucleus,negative,1,BRAC5872.1g,cfos
1189,Parastrial nucleus,positive,293,BRAC5872.1g,cfos
1190,Parasubthalamic nucleus,negative,0,BRAC5872.1g,cfos
1191,Parasubthalamic nucleus,positive,507,BRAC5872.1g,cfos
1192,Parataenial nucleus,negative,0,BRAC5872.1g,cfos
1193,Parataenial nucleus,positive,1802,BRAC5872.1g,cfos
1194,Paraventricular hypothalamic nucleus,negative,5,BRAC5872.1g,cfos
1195,Paraventricular hypothalamic nucleus,positive,1040,BRAC5872.1g,cfos
1196,"Paraventricular hypothalamic nucleus, descending division",negative,1,BRAC5872.1g,cfos
1197,"Paraventricular hypothalamic nucleus, descending division",positive,514,BRAC5872.1g,cfos
1198,Paraventricular nucleus of the thalamus,negative,19,BRAC5872.1g,cfos
1199,Paraventricular nucleus of the thalamus,positive,3488,BRAC5872.1g,cfos
1200,Periaqueductal gray,negative,0,BRAC5872.1g,cfos
1201,Periaqueductal gray,positive,61,BRAC5872.1g,cfos
1202,Perifornical nucleus,negative,0,BRAC5872.1g,cfos
1203,Perifornical nucleus,positive,650,BRAC5872.1g,cfos
1204,Perireunensis nucleus,negative,0,BRAC5872.1g,cfos
1205,Perireunensis nucleus,positive,516,BRAC5872.1g,cfos
1206,"Perirhinal area, layer 1",negative,0,BRAC5872.1g,cfos
1207,"Perirhinal area, layer 1",positive,119,BRAC5872.1g,cfos
1208,"Perirhinal area, layer 2/3",negative,0,BRAC5872.1g,cfos
1209,"Perirhinal area, layer 2/3",positive,308,BRAC5872.1g,cfos
1210,"Perirhinal area, layer 5",negative,0,BRAC5872.1g,cfos
1211,"Perirhinal area, layer 5",positive,103,BRAC5872.1g,cfos
1212,"Perirhinal area, layer 6a",negative,0,BRAC5872.1g,cfos
1213,"Perirhinal area, layer 6a",positive,6,BRAC5872.1g,cfos
1214,"Periventricular hypothalamic nucleus, anterior part",negative,2,BRAC5872.1g,cfos
1215,"Periventricular hypothalamic nucleus, anterior part",positive,199,BRAC5872.1g,cfos
1216,"Periventricular hypothalamic nucleus, intermediate part",negative,5,BRAC5872.1g,cfos
1217,"Periventricular hypothalamic nucleus, intermediate part",positive,527,BRAC5872.1g,cfos
1218,"Periventricular hypothalamic nucleus, posterior part",negative,0,BRAC5872.1g,cfos
1219,"Periventricular hypothalamic nucleus, posterior part",positive,268,BRAC5872.1g,cfos
1220,"Periventricular hypothalamic nucleus, preoptic part",negative,0,BRAC5872.1g,cfos
1221,"Periventricular hypothalamic nucleus, preoptic part",positive,508,BRAC5872.1g,cfos
1222,Piriform area,negative,94,BRAC5872.1g,cfos
1223,Piriform area,positive,35311,BRAC5872.1g,cfos
1224,Piriform-amygdalar area,negative,9,BRAC5872.1g,cfos
1225,Piriform-amygdalar area,positive,3760,BRAC5872.1g,cfos
1226,Posterior amygdalar nucleus,negative,17,BRAC5872.1g,cfos
1227,Posterior amygdalar nucleus,positive,788,BRAC5872.1g,cfos
1228,Posterior complex of the thalamus,negative,5,BRAC5872.1g,cfos
1229,Posterior complex of the thalamus,positive,3178,BRAC5872.1g,cfos
1230,Posterior hypothalamic nucleus,negative,5,BRAC5872.1g,cfos
1231,Posterior hypothalamic nucleus,positive,2458,BRAC5872.1g,cfos
1232,Posterior limiting nucleus of the thalamus,negative,0,BRAC5872.1g,cfos
1233,Posterior limiting nucleus of the thalamus,positive,41,BRAC5872.1g,cfos
1234,Posterior triangular thalamic nucleus,negative,0,BRAC5872.1g,cfos
1235,Posterior triangular thalamic nucleus,positive,19,BRAC5872.1g,cfos
1236,Posterodorsal preoptic nucleus,negative,0,BRAC5872.1g,cfos
1237,Posterodorsal preoptic nucleus,positive,44,BRAC5872.1g,cfos
1238,Precommissural nucleus,negative,0,BRAC5872.1g,cfos
1239,Precommissural nucleus,positive,429,BRAC5872.1g,cfos
1240,Preparasubthalamic nucleus,negative,0,BRAC5872.1g,cfos
1241,Preparasubthalamic nucleus,positive,32,BRAC5872.1g,cfos
1242,"Primary auditory area, layer 1",negative,1,BRAC5872.1g,cfos
1243,"Primary auditory area, layer 1",positive,174,BRAC5872.1g,cfos
1244,"Primary auditory area, layer 2/3",negative,1,BRAC5872.1g,cfos
1245,"Primary auditory area, layer 2/3",positive,688,BRAC5872.1g,cfos
1246,"Primary auditory area, layer 4",negative,1,BRAC5872.1g,cfos
1247,"Primary auditory area, layer 4",positive,408,BRAC5872.1g,cfos
1248,"Primary auditory area, layer 5",negative,5,BRAC5872.1g,cfos
1249,"Primary auditory area, layer 5",positive,766,BRAC5872.1g,cfos
1250,"Primary auditory area, layer 6a",negative,0,BRAC5872.1g,cfos
1251,"Primary auditory area, layer 6a",positive,233,BRAC5872.1g,cfos
1252,"Primary auditory area, layer 6b",negative,0,BRAC5872.1g,cfos
1253,"Primary auditory area, layer 6b",positive,23,BRAC5872.1g,cfos
1254,"Primary motor area, Layer 1",negative,7,BRAC5872.1g,cfos
1255,"Primary motor area, Layer 1",positive,1359,BRAC5872.1g,cfos
1256,"Primary motor area, Layer 2/3",negative,6,BRAC5872.1g,cfos
1257,"Primary motor area, Layer 2/3",positive,6639,BRAC5872.1g,cfos
1258,"Primary motor area, Layer 5",negative,7,BRAC5872.1g,cfos
1259,"Primary motor area, Layer 5",positive,7218,BRAC5872.1g,cfos
1260,"Primary motor area, Layer 6a",negative,12,BRAC5872.1g,cfos
1261,"Primary motor area, Layer 6a",positive,4951,BRAC5872.1g,cfos
1262,"Primary motor area, Layer 6b",negative,1,BRAC5872.1g,cfos
1263,"Primary motor area, Layer 6b",positive,267,BRAC5872.1g,cfos
1264,"Primary somatosensory area, barrel field, layer 1",negative,5,BRAC5872.1g,cfos
1265,"Primary somatosensory area, barrel field, layer 1",positive,2878,BRAC5872.1g,cfos
1266,"Primary somatosensory area, barrel field, layer 2/3",negative,27,BRAC5872.1g,cfos
1267,"Primary somatosensory area, barrel field, layer 2/3",positive,7615,BRAC5872.1g,cfos
1268,"Primary somatosensory area, barrel field, layer 4",negative,31,BRAC5872.1g,cfos
1269,"Primary somatosensory area, barrel field, layer 4",positive,5936,BRAC5872.1g,cfos
1270,"Primary somatosensory area, barrel field, layer 5",negative,58,BRAC5872.1g,cfos
1271,"Primary somatosensory area, barrel field, layer 5",positive,4610,BRAC5872.1g,cfos
1272,"Primary somatosensory area, barrel field, layer 6a",negative,42,BRAC5872.1g,cfos
1273,"Primary somatosensory area, barrel field, layer 6a",positive,2671,BRAC5872.1g,cfos
1274,"Primary somatosensory area, barrel field, layer 6b",negative,4,BRAC5872.1g,cfos
1275,"Primary somatosensory area, barrel field, layer 6b",positive,254,BRAC5872.1g,cfos
1276,"Primary somatosensory area, lower limb, layer 1",negative,2,BRAC5872.1g,cfos
1277,"Primary somatosensory area, lower limb, layer 1",positive,851,BRAC5872.1g,cfos
1278,"Primary somatosensory area, lower limb, layer 2/3",negative,3,BRAC5872.1g,cfos
1279,"Primary somatosensory area, lower limb, layer 2/3",positive,2393,BRAC5872.1g,cfos
1280,"Primary somatosensory area, lower limb, layer 4",negative,0,BRAC5872.1g,cfos
1281,"Primary somatosensory area, lower limb, layer 4",positive,722,BRAC5872.1g,cfos
1282,"Primary somatosensory area, lower limb, layer 5",negative,1,BRAC5872.1g,cfos
1283,"Primary somatosensory area, lower limb, layer 5",positive,1813,BRAC5872.1g,cfos
1284,"Primary somatosensory area, lower limb, layer 6a",negative,2,BRAC5872.1g,cfos
1285,"Primary somatosensory area, lower limb, layer 6a",positive,812,BRAC5872.1g,cfos
1286,"Primary somatosensory area, lower limb, layer 6b",negative,0,BRAC5872.1g,cfos
1287,"Primary somatosensory area, lower limb, layer 6b",positive,62,BRAC5872.1g,cfos
1288,"Primary somatosensory area, mouth, layer 1",negative,14,BRAC5872.1g,cfos
1289,"Primary somatosensory area, mouth, layer 1",positive,1409,BRAC5872.1g,cfos
1290,"Primary somatosensory area, mouth, layer 2/3",negative,0,BRAC5872.1g,cfos
1291,"Primary somatosensory area, mouth, layer 2/3",positive,5235,BRAC5872.1g,cfos
1292,"Primary somatosensory area, mouth, layer 4",negative,1,BRAC5872.1g,cfos
1293,"Primary somatosensory area, mouth, layer 4",positive,6081,BRAC5872.1g,cfos
1294,"Primary somatosensory area, mouth, layer 5",negative,3,BRAC5872.1g,cfos
1295,"Primary somatosensory area, mouth, layer 5",positive,4801,BRAC5872.1g,cfos
1296,"Primary somatosensory area, mouth, layer 6a",negative,5,BRAC5872.1g,cfos
1297,"Primary somatosensory area, mouth, layer 6a",positive,7309,BRAC5872.1g,cfos
1298,"Primary somatosensory area, mouth, layer 6b",negative,1,BRAC5872.1g,cfos
1299,"Primary somatosensory area, mouth, layer 6b",positive,298,BRAC5872.1g,cfos
1300,"Primary somatosensory area, nose, layer 1",negative,7,BRAC5872.1g,cfos
1301,"Primary somatosensory area, nose, layer 1",positive,1273,BRAC5872.1g,cfos
1302,"Primary somatosensory area, nose, layer 2/3",negative,10,BRAC5872.1g,cfos
1303,"Primary somatosensory area, nose, layer 2/3",positive,3107,BRAC5872.1g,cfos
1304,"Primary somatosensory area, nose, layer 4",negative,6,BRAC5872.1g,cfos
1305,"Primary somatosensory area, nose, layer 4",positive,3844,BRAC5872.1g,cfos
1306,"Primary somatosensory area, nose, layer 5",negative,5,BRAC5872.1g,cfos
1307,"Primary somatosensory area, nose, layer 5",positive,2167,BRAC5872.1g,cfos
1308,"Primary somatosensory area, nose, layer 6a",negative,4,BRAC5872.1g,cfos
1309,"Primary somatosensory area, nose, layer 6a",positive,2872,BRAC5872.1g,cfos
1310,"Primary somatosensory area, nose, layer 6b",negative,0,BRAC5872.1g,cfos
1311,"Primary somatosensory area, nose, layer 6b",positive,101,BRAC5872.1g,cfos
1312,"Primary somatosensory area, trunk, layer 1",negative,3,BRAC5872.1g,cfos
1313,"Primary somatosensory area, trunk, layer 1",positive,663,BRAC5872.1g,cfos
1314,"Primary somatosensory area, trunk, layer 2/3",negative,0,BRAC5872.1g,cfos
1315,"Primary somatosensory area, trunk, layer 2/3",positive,2028,BRAC5872.1g,cfos
1316,"Primary somatosensory area, trunk, layer 4",negative,2,BRAC5872.1g,cfos
1317,"Primary somatosensory area, trunk, layer 4",positive,620,BRAC5872.1g,cfos
1318,"Primary somatosensory area, trunk, layer 5",negative,7,BRAC5872.1g,cfos
1319,"Primary somatosensory area, trunk, layer 5",positive,1199,BRAC5872.1g,cfos
1320,"Primary somatosensory area, trunk, layer 6a",negative,0,BRAC5872.1g,cfos
1321,"Primary somatosensory area, trunk, layer 6a",positive,509,BRAC5872.1g,cfos
1322,"Primary somatosensory area, trunk, layer 6b",negative,0,BRAC5872.1g,cfos
1323,"Primary somatosensory area, trunk, layer 6b",positive,101,BRAC5872.1g,cfos
1324,"Primary somatosensory area, unassigned, layer 1",negative,0,BRAC5872.1g,cfos
1325,"Primary somatosensory area, unassigned, layer 1",positive,579,BRAC5872.1g,cfos
1326,"Primary somatosensory area, unassigned, layer 2/3",negative,1,BRAC5872.1g,cfos
1327,"Primary somatosensory area, unassigned, layer 2/3",positive,1639,BRAC5872.1g,cfos
1328,"Primary somatosensory area, unassigned, layer 4",negative,0,BRAC5872.1g,cfos
1329,"Primary somatosensory area, unassigned, layer 4",positive,927,BRAC5872.1g,cfos
1330,"Primary somatosensory area, unassigned, layer 5",negative,7,BRAC5872.1g,cfos
1331,"Primary somatosensory area, unassigned, layer 5",positive,1074,BRAC5872.1g,cfos
1332,"Primary somatosensory area, unassigned, layer 6a",negative,5,BRAC5872.1g,cfos
1333,"Primary somatosensory area, unassigned, layer 6a",positive,806,BRAC5872.1g,cfos
1334,"Primary somatosensory area, unassigned, layer 6b",negative,1,BRAC5872.1g,cfos
1335,"Primary somatosensory area, unassigned, layer 6b",positive,48,BRAC5872.1g,cfos
1336,"Primary somatosensory area, upper limb, layer 1",negative,3,BRAC5872.1g,cfos
1337,"Primary somatosensory area, upper limb, layer 1",positive,1406,BRAC5872.1g,cfos
1338,"Primary somatosensory area, upper limb, layer 2/3",negative,3,BRAC5872.1g,cfos
1339,"Primary somatosensory area, upper limb, layer 2/3",positive,4273,BRAC5872.1g,cfos
1340,"Primary somatosensory area, upper limb, layer 4",negative,1,BRAC5872.1g,cfos
1341,"Primary somatosensory area, upper limb, layer 4",positive,2313,BRAC5872.1g,cfos
1342,"Primary somatosensory area, upper limb, layer 5",negative,3,BRAC5872.1g,cfos
1343,"Primary somatosensory area, upper limb, layer 5",positive,2875,BRAC5872.1g,cfos
1344,"Primary somatosensory area, upper limb, layer 6a",negative,6,BRAC5872.1g,cfos
1345,"Primary somatosensory area, upper limb, layer 6a",positive,2084,BRAC5872.1g,cfos
1346,"Primary somatosensory area, upper limb, layer 6b",negative,0,BRAC5872.1g,cfos
1347,"Primary somatosensory area, upper limb, layer 6b",positive,103,BRAC5872.1g,cfos
1348,"Primary visual area, layer 1",negative,0,BRAC5872.1g,cfos
1349,"Primary visual area, layer 1",positive,67,BRAC5872.1g,cfos
1350,"Primary visual area, layer 2/3",negative,0,BRAC5872.1g,cfos
1351,"Primary visual area, layer 2/3",positive,106,BRAC5872.1g,cfos
1352,"Primary visual area, layer 4",negative,0,BRAC5872.1g,cfos
1353,"Primary visual area, layer 4",positive,90,BRAC5872.1g,cfos
1354,"Primary visual area, layer 5",negative,7,BRAC5872.1g,cfos
1355,"Primary visual area, layer 5",positive,97,BRAC5872.1g,cfos
1356,"Primary visual area, layer 6a",negative,3,BRAC5872.1g,cfos
1357,"Primary visual area, layer 6a",positive,64,BRAC5872.1g,cfos
1358,"Primary visual area, layer 6b",negative,0,BRAC5872.1g,cfos
1359,"Primary visual area, layer 6b",positive,4,BRAC5872.1g,cfos
1360,Prosubiculum,negative,0,BRAC5872.1g,cfos
1361,Prosubiculum,positive,55,BRAC5872.1g,cfos
1362,Reticular nucleus of the thalamus,negative,14,BRAC5872.1g,cfos
1363,Reticular nucleus of the thalamus,positive,3570,BRAC5872.1g,cfos
1364,Retrochiasmatic area,negative,5,BRAC5872.1g,cfos
1365,Retrochiasmatic area,positive,221,BRAC5872.1g,cfos
1366,Retroparafascicular nucleus,negative,0,BRAC5872.1g,cfos
1367,Retroparafascicular nucleus,positive,7,BRAC5872.1g,cfos
1368,"Retrosplenial area, dorsal part, layer 1",negative,4,BRAC5872.1g,cfos
1369,"Retrosplenial area, dorsal part, layer 1",positive,1178,BRAC5872.1g,cfos
1370,"Retrosplenial area, dorsal part, layer 2/3",negative,1,BRAC5872.1g,cfos
1371,"Retrosplenial area, dorsal part, layer 2/3",positive,3800,BRAC5872.1g,cfos
1372,"Retrosplenial area, dorsal part, layer 5",negative,12,BRAC5872.1g,cfos
1373,"Retrosplenial area, dorsal part, layer 5",positive,3514,BRAC5872.1g,cfos
1374,"Retrosplenial area, dorsal part, layer 6a",negative,1,BRAC5872.1g,cfos
1375,"Retrosplenial area, dorsal part, layer 6a",positive,1075,BRAC5872.1g,cfos
1376,"Retrosplenial area, dorsal part, layer 6b",negative,1,BRAC5872.1g,cfos
1377,"Retrosplenial area, dorsal part, layer 6b",positive,45,BRAC5872.1g,cfos
1378,"Retrosplenial area, lateral agranular part, layer 1",negative,3,BRAC5872.1g,cfos
1379,"Retrosplenial area, lateral agranular part, layer 1",positive,809,BRAC5872.1g,cfos
1380,"Retrosplenial area, lateral agranular part, layer 2/3",negative,2,BRAC5872.1g,cfos
1381,"Retrosplenial area, lateral agranular part, layer 2/3",positive,1718,BRAC5872.1g,cfos
1382,"Retrosplenial area, lateral agranular part, layer 5",negative,7,BRAC5872.1g,cfos
1383,"Retrosplenial area, lateral agranular part, layer 5",positive,1472,BRAC5872.1g,cfos
1384,"Retrosplenial area, lateral agranular part, layer 6a",negative,1,BRAC5872.1g,cfos
1385,"Retrosplenial area, lateral agranular part, layer 6a",positive,470,BRAC5872.1g,cfos
1386,"Retrosplenial area, lateral agranular part, layer 6b",negative,0,BRAC5872.1g,cfos
1387,"Retrosplenial area, lateral agranular part, layer 6b",positive,56,BRAC5872.1g,cfos
1388,"Retrosplenial area, ventral part, layer 1",negative,5,BRAC5872.1g,cfos
1389,"Retrosplenial area, ventral part, layer 1",positive,837,BRAC5872.1g,cfos
1390,"Retrosplenial area, ventral part, layer 2/3",negative,5,BRAC5872.1g,cfos
1391,"Retrosplenial area, ventral part, layer 2/3",positive,3029,BRAC5872.1g,cfos
1392,"Retrosplenial area, ventral part, layer 5",negative,3,BRAC5872.1g,cfos
1393,"Retrosplenial area, ventral part, layer 5",positive,5527,BRAC5872.1g,cfos
1394,"Retrosplenial area, ventral part, layer 6a",negative,2,BRAC5872.1g,cfos
1395,"Retrosplenial area, ventral part, layer 6a",positive,1175,BRAC5872.1g,cfos
1396,"Retrosplenial area, ventral part, layer 6b",negative,0,BRAC5872.1g,cfos
1397,"Retrosplenial area, ventral part, layer 6b",positive,132,BRAC5872.1g,cfos
1398,Rhomboid nucleus,negative,0,BRAC5872.1g,cfos
1399,Rhomboid nucleus,positive,484,BRAC5872.1g,cfos
1400,"Rostrolateral area, layer 1",negative,0,BRAC5872.1g,cfos
1401,"Rostrolateral area, layer 1",positive,238,BRAC5872.1g,cfos
1402,"Rostrolateral area, layer 2/3",negative,3,BRAC5872.1g,cfos
1403,"Rostrolateral area, layer 2/3",positive,631,BRAC5872.1g,cfos
1404,"Rostrolateral area, layer 4",negative,1,BRAC5872.1g,cfos
1405,"Rostrolateral area, layer 4",positive,425,BRAC5872.1g,cfos
1406,"Rostrolateral area, layer 5",negative,1,BRAC5872.1g,cfos
1407,"Rostrolateral area, layer 5",positive,491,BRAC5872.1g,cfos
1408,"Rostrolateral area, layer 6a",negative,2,BRAC5872.1g,cfos
1409,"Rostrolateral area, layer 6a",positive,248,BRAC5872.1g,cfos
1410,"Rostrolateral area, layer 6b",negative,3,BRAC5872.1g,cfos
1411,"Rostrolateral area, layer 6b",positive,23,BRAC5872.1g,cfos
1412,"Secondary motor area, layer 1",negative,10,BRAC5872.1g,cfos
1413,"Secondary motor area, layer 1",positive,1011,BRAC5872.1g,cfos
1414,"Secondary motor area, layer 2/3",negative,4,BRAC5872.1g,cfos
1415,"Secondary motor area, layer 2/3",positive,4188,BRAC5872.1g,cfos
1416,"Secondary motor area, layer 5",negative,3,BRAC5872.1g,cfos
1417,"Secondary motor area, layer 5",positive,4732,BRAC5872.1g,cfos
1418,"Secondary motor area, layer 6a",negative,16,BRAC5872.1g,cfos
1419,"Secondary motor area, layer 6a",positive,2143,BRAC5872.1g,cfos
1420,"Secondary motor area, layer 6b",negative,0,BRAC5872.1g,cfos
1421,"Secondary motor area, layer 6b",positive,88,BRAC5872.1g,cfos
1422,Septofimbrial nucleus,negative,1,BRAC5872.1g,cfos
1423,Septofimbrial nucleus,positive,917,BRAC5872.1g,cfos
1424,Septohippocampal nucleus,negative,1,BRAC5872.1g,cfos
1425,Septohippocampal nucleus,positive,29,BRAC5872.1g,cfos
1426,Striatum,negative,73,BRAC5872.1g,cfos
1427,Striatum,positive,7306,BRAC5872.1g,cfos
1428,Subcommissural organ,negative,1,BRAC5872.1g,cfos
1429,Subcommissural organ,positive,3,BRAC5872.1g,cfos
1430,Subfornical organ,negative,0,BRAC5872.1g,cfos
1431,Subfornical organ,positive,63,BRAC5872.1g,cfos
1432,Subgeniculate nucleus,negative,0,BRAC5872.1g,cfos
1433,Subgeniculate nucleus,positive,98,BRAC5872.1g,cfos
1434,Subiculum,negative,4,BRAC5872.1g,cfos
1435,Subiculum,positive,78,BRAC5872.1g,cfos
1436,Submedial nucleus of the thalamus,negative,0,BRAC5872.1g,cfos
1437,Submedial nucleus of the thalamus,positive,824,BRAC5872.1g,cfos
1438,Subparafascicular area,negative,0,BRAC5872.1g,cfos
1439,Subparafascicular area,positive,340,BRAC5872.1g,cfos
1440,"Subparafascicular nucleus, magnocellular part",negative,0,BRAC5872.1g,cfos
1441,"Subparafascicular nucleus, magnocellular part",positive,274,BRAC5872.1g,cfos
1442,"Subparafascicular nucleus, parvicellular part",negative,0,BRAC5872.1g,cfos
1443,"Subparafascicular nucleus, parvicellular part",positive,30,BRAC5872.1g,cfos
1444,Subparaventricular zone,negative,1,BRAC5872.1g,cfos
1445,Subparaventricular zone,positive,733,BRAC5872.1g,cfos
1446,Substantia innominata,negative,127,BRAC5872.1g,cfos
1447,Substantia innominata,positive,6603,BRAC5872.1g,cfos
1448,Subthalamic nucleus,negative,3,BRAC5872.1g,cfos
1449,Subthalamic nucleus,positive,804,BRAC5872.1g,cfos
1450,"Supplemental somatosensory area, layer 1",negative,57,BRAC5872.1g,cfos
1451,"Supplemental somatosensory area, layer 1",positive,2578,BRAC5872.1g,cfos
1452,"Supplemental somatosensory area, layer 2/3",negative,82,BRAC5872.1g,cfos
1453,"Supplemental somatosensory area, layer 2/3",positive,6806,BRAC5872.1g,cfos
1454,"Supplemental somatosensory area, layer 4",negative,54,BRAC5872.1g,cfos
1455,"Supplemental somatosensory area, layer 4",positive,5560,BRAC5872.1g,cfos
1456,"Supplemental somatosensory area, layer 5",negative,93,BRAC5872.1g,cfos
1457,"Supplemental somatosensory area, layer 5",positive,6514,BRAC5872.1g,cfos
1458,"Supplemental somatosensory area, layer 6a",negative,93,BRAC5872.1g,cfos
1459,"Supplemental somatosensory area, layer 6a",positive,5717,BRAC5872.1g,cfos
1460,"Supplemental somatosensory area, layer 6b",negative,7,BRAC5872.1g,cfos
1461,"Supplemental somatosensory area, layer 6b",positive,410,BRAC5872.1g,cfos
1462,Suprachiasmatic nucleus,negative,3,BRAC5872.1g,cfos
1463,Suprachiasmatic nucleus,positive,397,BRAC5872.1g,cfos
1464,Supramammillary nucleus,negative,0,BRAC5872.1g,cfos
1465,Supramammillary nucleus,positive,27,BRAC5872.1g,cfos
1466,Supraoptic nucleus,negative,0,BRAC5872.1g,cfos
1467,Supraoptic nucleus,positive,126,BRAC5872.1g,cfos
1468,"Temporal association areas, layer 1",negative,4,BRAC5872.1g,cfos
1469,"Temporal association areas, layer 1",positive,193,BRAC5872.1g,cfos
1470,"Temporal association areas, layer 2/3",negative,2,BRAC5872.1g,cfos
1471,"Temporal association areas, layer 2/3",positive,626,BRAC5872.1g,cfos
1472,"Temporal association areas, layer 4",negative,0,BRAC5872.1g,cfos
1473,"Temporal association areas, layer 4",positive,236,BRAC5872.1g,cfos
1474,"Temporal association areas, layer 5",negative,0,BRAC5872.1g,cfos
1475,"Temporal association areas, layer 5",positive,757,BRAC5872.1g,cfos
1476,"Temporal association areas, layer 6a",negative,0,BRAC5872.1g,cfos
1477,"Temporal association areas, layer 6a",positive,620,BRAC5872.1g,cfos
1478,"Temporal association areas, layer 6b",negative,0,BRAC5872.1g,cfos
1479,"Temporal association areas, layer 6b",positive,63,BRAC5872.1g,cfos
1480,Thalamus,negative,7,BRAC5872.1g,cfos
1481,Thalamus,positive,1965,BRAC5872.1g,cfos
1482,Triangular nucleus of septum,negative,2,BRAC5872.1g,cfos
1483,Triangular nucleus of septum,positive,364,BRAC5872.1g,cfos
1484,Tuberal nucleus,negative,3,BRAC5872.1g,cfos
1485,Tuberal nucleus,positive,777,BRAC5872.1g,cfos
1486,"Tuberomammillary nucleus, dorsal part",negative,0,BRAC5872.1g,cfos
1487,"Tuberomammillary nucleus, dorsal part",positive,122,BRAC5872.1g,cfos
1488,"Tuberomammillary nucleus, ventral part",negative,2,BRAC5872.1g,cfos
1489,"Tuberomammillary nucleus, ventral part",positive,113,BRAC5872.1g,cfos
1490,Vascular organ of the lamina terminalis,negative,0,BRAC5872.1g,cfos
1491,Vascular organ of the lamina terminalis,positive,8,BRAC5872.1g,cfos
1492,Ventral anterior-lateral complex of the thalamus,negative,9,BRAC5872.1g,cfos
1493,Ventral anterior-lateral complex of the thalamus,positive,2738,BRAC5872.1g,cfos
1494,"Ventral auditory area, layer 1",negative,3,BRAC5872.1g,cfos
1495,"Ventral auditory area, layer 1",positive,155,BRAC5872.1g,cfos
1496,"Ventral auditory area, layer 2/3",negative,2,BRAC5872.1g,cfos
1497,"Ventral auditory area, layer 2/3",positive,874,BRAC5872.1g,cfos
1498,"Ventral auditory area, layer 4",negative,1,BRAC5872.1g,cfos
1499,"Ventral auditory area, layer 4",positive,521,BRAC5872.1g,cfos
1500,"Ventral auditory area, layer 5",negative,2,BRAC5872.1g,cfos
1501,"Ventral auditory area, layer 5",positive,814,BRAC5872.1g,cfos
1502,"Ventral auditory area, layer 6a",negative,1,BRAC5872.1g,cfos
1503,"Ventral auditory area, layer 6a",positive,352,BRAC5872.1g,cfos
1504,"Ventral auditory area, layer 6b",negative,0,BRAC5872.1g,cfos
1505,"Ventral auditory area, layer 6b",positive,30,BRAC5872.1g,cfos
1506,Ventral medial nucleus of the thalamus,negative,6,BRAC5872.1g,cfos
1507,Ventral medial nucleus of the thalamus,positive,2360,BRAC5872.1g,cfos
1508,Ventral part of the lateral geniculate complex,negative,1,BRAC5872.1g,cfos
1509,Ventral part of the lateral geniculate complex,positive,752,BRAC5872.1g,cfos
1510,Ventral posterolateral nucleus of the thalamus,negative,5,BRAC5872.1g,cfos
1511,Ventral posterolateral nucleus of the thalamus,positive,3441,BRAC5872.1g,cfos
1512,"Ventral posterolateral nucleus of the thalamus, parvicellular part",negative,0,BRAC5872.1g,cfos
1513,"Ventral posterolateral nucleus of the thalamus, parvicellular part",positive,221,BRAC5872.1g,cfos
1514,Ventral posteromedial nucleus of the thalamus,negative,10,BRAC5872.1g,cfos
1515,Ventral posteromedial nucleus of the thalamus,positive,7274,BRAC5872.1g,cfos
1516,"Ventral posteromedial nucleus of the thalamus, parvicellular part",negative,1,BRAC5872.1g,cfos
1517,"Ventral posteromedial nucleus of the thalamus, parvicellular part",positive,880,BRAC5872.1g,cfos
1518,Ventral premammillary nucleus,negative,0,BRAC5872.1g,cfos
1519,Ventral premammillary nucleus,positive,228,BRAC5872.1g,cfos
1520,Ventrolateral preoptic nucleus,negative,2,BRAC5872.1g,cfos
1521,Ventrolateral preoptic nucleus,positive,106,BRAC5872.1g,cfos
1522,Ventromedial hypothalamic nucleus,negative,1,BRAC5872.1g,cfos
1523,Ventromedial hypothalamic nucleus,positive,1210,BRAC5872.1g,cfos
1524,Ventromedial preoptic nucleus,negative,1,BRAC5872.1g,cfos
1525,Ventromedial preoptic nucleus,positive,175,BRAC5872.1g,cfos
1526,"Visceral area, layer 1",negative,13,BRAC5872.1g,cfos
1527,"Visceral area, layer 1",positive,422,BRAC5872.1g,cfos
1528,"Visceral area, layer 2/3",negative,17,BRAC5872.1g,cfos
1529,"Visceral area, layer 2/3",positive,1478,BRAC5872.1g,cfos
1530,"Visceral area, layer 4",negative,12,BRAC5872.1g,cfos
1531,"Visceral area, layer 4",positive,707,BRAC5872.1g,cfos
1532,"Visceral area, layer 5",negative,17,BRAC5872.1g,cfos
1533,"Visceral area, layer 5",positive,1881,BRAC5872.1g,cfos
1534,"Visceral area, layer 6a",negative,31,BRAC5872.1g,cfos
1535,"Visceral area, layer 6a",positive,1653,BRAC5872.1g,cfos
1536,"Visceral area, layer 6b",negative,1,BRAC5872.1g,cfos
1537,"Visceral area, layer 6b",positive,162,BRAC5872.1g,cfos
1538,Xiphoid thalamic nucleus,negative,0,BRAC5872.1g,cfos
1539,Xiphoid thalamic nucleus,positive,346,BRAC5872.1g,cfos
1540,Zona incerta,negative,6,BRAC5872.1g,cfos
1541,Zona incerta,positive,3472,BRAC5872.1g,cfos
1542,alveus,negative,14,BRAC5872.1g,cfos
1543,alveus,positive,1708,BRAC5872.1g,cfos
1544,amygdalar capsule,negative,1,BRAC5872.1g,cfos
1545,amygdalar capsule,positive,393,BRAC5872.1g,cfos
1546,"anterior commissure, olfactory limb",negative,5,BRAC5872.1g,cfos
1547,"anterior commissure, olfactory limb",positive,940,BRAC5872.1g,cfos
1548,"anterior commissure, temporal limb",negative,2,BRAC5872.1g,cfos
1549,"anterior commissure, temporal limb",positive,466,BRAC5872.1g,cfos
1550,auditory radiation,negative,4,BRAC5872.1g,cfos
1551,auditory radiation,positive,668,BRAC5872.1g,cfos
1552,brachium of the superior colliculus,negative,1,BRAC5872.1g,cfos
1553,brachium of the superior colliculus,positive,52,BRAC5872.1g,cfos
1554,choroid plexus,negative,8,BRAC5872.1g,cfos
1555,choroid plexus,positive,1358,BRAC5872.1g,cfos
1556,cingulum bundle,negative,11,BRAC5872.1g,cfos
1557,cingulum bundle,positive,2210,BRAC5872.1g,cfos
1558,columns of the fornix,negative,0,BRAC5872.1g,cfos
1559,columns of the fornix,positive,708,BRAC5872.1g,cfos
1560,commissural branch of stria terminalis,negative,1,BRAC5872.1g,cfos
1561,commissural branch of stria terminalis,positive,108,BRAC5872.1g,cfos
1562,"corpus callosum, anterior forceps",negative,0,BRAC5872.1g,cfos
1563,"corpus callosum, anterior forceps",positive,65,BRAC5872.1g,cfos
1564,"corpus callosum, body",negative,39,BRAC5872.1g,cfos
1565,"corpus callosum, body",positive,4851,BRAC5872.1g,cfos
1566,"corpus callosum, extreme capsule",negative,0,BRAC5872.1g,cfos
1567,"corpus callosum, extreme capsule",positive,326,BRAC5872.1g,cfos
1568,"corpus callosum, posterior forceps",negative,13,BRAC5872.1g,cfos
1569,"corpus callosum, posterior forceps",positive,482,BRAC5872.1g,cfos
1570,"corpus callosum, splenium",negative,21,BRAC5872.1g,cfos
1571,"corpus callosum, splenium",positive,1950,BRAC5872.1g,cfos
1572,dorsal fornix,negative,0,BRAC5872.1g,cfos
1573,dorsal fornix,positive,71,BRAC5872.1g,cfos
1574,dorsal hippocampal commissure,negative,9,BRAC5872.1g,cfos
1575,dorsal hippocampal commissure,positive,758,BRAC5872.1g,cfos
1576,external capsule,negative,10,BRAC5872.1g,cfos
1577,external capsule,positive,1057,BRAC5872.1g,cfos
1578,external medullary lamina of the thalamus,negative,2,BRAC5872.1g,cfos
1579,external medullary lamina of the thalamus,positive,296,BRAC5872.1g,cfos
1580,fasciculus retroflexus,negative,0,BRAC5872.1g,cfos
1581,fasciculus retroflexus,positive,425,BRAC5872.1g,cfos
1582,fiber tracts,negative,15,BRAC5872.1g,cfos
1583,fiber tracts,positive,2185,BRAC5872.1g,cfos
1584,fimbria,negative,8,BRAC5872.1g,cfos
1585,fimbria,positive,2952,BRAC5872.1g,cfos
1586,genu of corpus callosum,negative,12,BRAC5872.1g,cfos
1587,genu of corpus callosum,positive,849,BRAC5872.1g,cfos
1588,habenular commissure,negative,0,BRAC5872.1g,cfos
1589,habenular commissure,positive,58,BRAC5872.1g,cfos
1590,internal capsule,negative,22,BRAC5872.1g,cfos
1591,internal capsule,positive,2878,BRAC5872.1g,cfos
1592,"lateral olfactory tract, body",negative,10,BRAC5872.1g,cfos
1593,"lateral olfactory tract, body",positive,402,BRAC5872.1g,cfos
1594,lateral ventricle,negative,19,BRAC5872.1g,cfos
1595,lateral ventricle,positive,2159,BRAC5872.1g,cfos
1596,mammillotegmental tract,negative,0,BRAC5872.1g,cfos
1597,mammillotegmental tract,positive,2,BRAC5872.1g,cfos
1598,mammillothalamic tract,negative,0,BRAC5872.1g,cfos
1599,mammillothalamic tract,positive,400,BRAC5872.1g,cfos
1600,medial corticohypothalamic tract,negative,0,BRAC5872.1g,cfos
1601,medial corticohypothalamic tract,positive,58,BRAC5872.1g,cfos
1602,medial forebrain bundle,negative,0,BRAC5872.1g,cfos
1603,medial forebrain bundle,positive,6,BRAC5872.1g,cfos
1604,medial lemniscus,negative,0,BRAC5872.1g,cfos
1605,medial lemniscus,positive,102,BRAC5872.1g,cfos
1606,nigrostriatal tract,negative,0,BRAC5872.1g,cfos
1607,nigrostriatal tract,positive,258,BRAC5872.1g,cfos
1608,optic chiasm,negative,3,BRAC5872.1g,cfos
1609,optic chiasm,positive,182,BRAC5872.1g,cfos
1610,optic nerve,negative,5,BRAC5872.1g,cfos
1611,optic nerve,positive,1,BRAC5872.1g,cfos
1612,optic radiation,negative,25,BRAC5872.1g,cfos
1613,optic radiation,positive,2203,BRAC5872.1g,cfos
1614,optic tract,negative,18,BRAC5872.1g,cfos
1615,optic tract,positive,1323,BRAC5872.1g,cfos
1616,posterior commissure,negative,1,BRAC5872.1g,cfos
1617,posterior commissure,positive,2,BRAC5872.1g,cfos
1618,"posteromedial visual area, layer 1",negative,0,BRAC5872.1g,cfos
1619,"posteromedial visual area, layer 1",positive,37,BRAC5872.1g,cfos
1620,"posteromedial visual area, layer 2/3",negative,1,BRAC5872.1g,cfos
1621,"posteromedial visual area, layer 2/3",positive,27,BRAC5872.1g,cfos
1622,"posteromedial visual area, layer 4",negative,0,BRAC5872.1g,cfos
1623,"posteromedial visual area, layer 4",positive,6,BRAC5872.1g,cfos
1624,"posteromedial visual area, layer 5",negative,0,BRAC5872.1g,cfos
1625,"posteromedial visual area, layer 5",positive,30,BRAC5872.1g,cfos
1626,"posteromedial visual area, layer 6a",negative,1,BRAC5872.1g,cfos
1627,"posteromedial visual area, layer 6a",positive,32,BRAC5872.1g,cfos
1628,"posteromedial visual area, layer 6b",negative,0,BRAC5872.1g,cfos
1629,"posteromedial visual area, layer 6b",positive,6,BRAC5872.1g,cfos
1630,principal mammillary tract,negative,0,BRAC5872.1g,cfos
1631,principal mammillary tract,positive,28,BRAC5872.1g,cfos
1632,root,negative,16,BRAC5872.1g,cfos
1633,root,positive,2322,BRAC5872.1g,cfos
1634,stria medullaris,negative,2,BRAC5872.1g,cfos
1635,stria medullaris,positive,1205,BRAC5872.1g,cfos
1636,stria terminalis,negative,7,BRAC5872.1g,cfos
1637,stria terminalis,positive,491,BRAC5872.1g,cfos
1638,subependymal zone,negative,14,BRAC5872.1g,cfos
1639,subependymal zone,positive,66,BRAC5872.1g,cfos
1640,supra-callosal cerebral white matter,negative,8,BRAC5872.1g,cfos
1641,supra-callosal cerebral white matter,positive,1585,BRAC5872.1g,cfos
1642,supraoptic commissures,negative,0,BRAC5872.1g,cfos
1643,supraoptic commissures,positive,34,BRAC5872.1g,cfos
1644,third ventricle,negative,21,BRAC5872.1g,cfos
1645,third ventricle,positive,2124,BRAC5872.1g,cfos
1646,ventral hippocampal commissure,negative,0,BRAC5872.1g,cfos
1647,ventral hippocampal commissure,positive,155,BRAC5872.1g,cfos
1648,Accessory supraoptic group,negative,3,BRAC5487.3i,cfos
1649,Accessory supraoptic group,positive,32,BRAC5487.3i,cfos
1650,"Agranular insular area, dorsal part, layer 1",negative,10,BRAC5487.3i,cfos
1651,"Agranular insular area, dorsal part, layer 1",positive,98,BRAC5487.3i,cfos
1652,"Agranular insular area, dorsal part, layer 2/3",negative,74,BRAC5487.3i,cfos
1653,"Agranular insular area, dorsal part, layer 2/3",positive,380,BRAC5487.3i,cfos
1654,"Agranular insular area, dorsal part, layer 5",negative,82,BRAC5487.3i,cfos
1655,"Agranular insular area, dorsal part, layer 5",positive,1052,BRAC5487.3i,cfos
1656,"Agranular insular area, dorsal part, layer 6a",negative,59,BRAC5487.3i,cfos
1657,"Agranular insular area, dorsal part, layer 6a",positive,787,BRAC5487.3i,cfos
1658,"Agranular insular area, dorsal part, layer 6b",negative,2,BRAC5487.3i,cfos
1659,"Agranular insular area, dorsal part, layer 6b",positive,23,BRAC5487.3i,cfos
1660,"Agranular insular area, posterior part, layer 1",negative,35,BRAC5487.3i,cfos
1661,"Agranular insular area, posterior part, layer 1",positive,868,BRAC5487.3i,cfos
1662,"Agranular insular area, posterior part, layer 2/3",negative,140,BRAC5487.3i,cfos
1663,"Agranular insular area, posterior part, layer 2/3",positive,2709,BRAC5487.3i,cfos
1664,"Agranular insular area, posterior part, layer 5",negative,242,BRAC5487.3i,cfos
1665,"Agranular insular area, posterior part, layer 5",positive,2760,BRAC5487.3i,cfos
1666,"Agranular insular area, posterior part, layer 6a",negative,161,BRAC5487.3i,cfos
1667,"Agranular insular area, posterior part, layer 6a",positive,1538,BRAC5487.3i,cfos
1668,"Agranular insular area, posterior part, layer 6b",negative,5,BRAC5487.3i,cfos
1669,"Agranular insular area, posterior part, layer 6b",positive,104,BRAC5487.3i,cfos
1670,"Agranular insular area, ventral part, layer 1",negative,4,BRAC5487.3i,cfos
1671,"Agranular insular area, ventral part, layer 1",positive,87,BRAC5487.3i,cfos
1672,"Agranular insular area, ventral part, layer 2/3",negative,80,BRAC5487.3i,cfos
1673,"Agranular insular area, ventral part, layer 2/3",positive,574,BRAC5487.3i,cfos
1674,"Agranular insular area, ventral part, layer 5",negative,67,BRAC5487.3i,cfos
1675,"Agranular insular area, ventral part, layer 5",positive,756,BRAC5487.3i,cfos
1676,"Agranular insular area, ventral part, layer 6a",negative,36,BRAC5487.3i,cfos
1677,"Agranular insular area, ventral part, layer 6a",positive,391,BRAC5487.3i,cfos
1678,Anterior amygdalar area,negative,12,BRAC5487.3i,cfos
1679,Anterior amygdalar area,positive,1489,BRAC5487.3i,cfos
1680,"Anterior area, layer 1",negative,28,BRAC5487.3i,cfos
1681,"Anterior area, layer 1",positive,1232,BRAC5487.3i,cfos
1682,"Anterior area, layer 2/3",negative,74,BRAC5487.3i,cfos
1683,"Anterior area, layer 2/3",positive,2977,BRAC5487.3i,cfos
1684,"Anterior area, layer 4",negative,27,BRAC5487.3i,cfos
1685,"Anterior area, layer 4",positive,1210,BRAC5487.3i,cfos
1686,"Anterior area, layer 5",negative,86,BRAC5487.3i,cfos
1687,"Anterior area, layer 5",positive,2519,BRAC5487.3i,cfos
1688,"Anterior area, layer 6a",negative,70,BRAC5487.3i,cfos
1689,"Anterior area, layer 6a",positive,1139,BRAC5487.3i,cfos
1690,"Anterior area, layer 6b",negative,11,BRAC5487.3i,cfos
1691,"Anterior area, layer 6b",positive,146,BRAC5487.3i,cfos
1692,"Anterior cingulate area, dorsal part, layer 1",negative,28,BRAC5487.3i,cfos
1693,"Anterior cingulate area, dorsal part, layer 1",positive,1237,BRAC5487.3i,cfos
1694,"Anterior cingulate area, dorsal part, layer 2/3",negative,11,BRAC5487.3i,cfos
1695,"Anterior cingulate area, dorsal part, layer 2/3",positive,1796,BRAC5487.3i,cfos
1696,"Anterior cingulate area, dorsal part, layer 5",negative,18,BRAC5487.3i,cfos
1697,"Anterior cingulate area, dorsal part, layer 5",positive,4060,BRAC5487.3i,cfos
1698,"Anterior cingulate area, dorsal part, layer 6a",negative,10,BRAC5487.3i,cfos
1699,"Anterior cingulate area, dorsal part, layer 6a",positive,2478,BRAC5487.3i,cfos
1700,"Anterior cingulate area, dorsal part, layer 6b",negative,0,BRAC5487.3i,cfos
1701,"Anterior cingulate area, dorsal part, layer 6b",positive,108,BRAC5487.3i,cfos
1702,"Anterior cingulate area, ventral part, 6a",negative,34,BRAC5487.3i,cfos
1703,"Anterior cingulate area, ventral part, 6a",positive,1553,BRAC5487.3i,cfos
1704,"Anterior cingulate area, ventral part, 6b",negative,12,BRAC5487.3i,cfos
1705,"Anterior cingulate area, ventral part, 6b",positive,282,BRAC5487.3i,cfos
1706,"Anterior cingulate area, ventral part, layer 1",negative,48,BRAC5487.3i,cfos
1707,"Anterior cingulate area, ventral part, layer 1",positive,1285,BRAC5487.3i,cfos
1708,"Anterior cingulate area, ventral part, layer 2/3",negative,22,BRAC5487.3i,cfos
1709,"Anterior cingulate area, ventral part, layer 2/3",positive,1746,BRAC5487.3i,cfos
1710,"Anterior cingulate area, ventral part, layer 5",negative,60,BRAC5487.3i,cfos
1711,"Anterior cingulate area, ventral part, layer 5",positive,4263,BRAC5487.3i,cfos
1712,Anterior hypothalamic nucleus,negative,152,BRAC5487.3i,cfos
1713,Anterior hypothalamic nucleus,positive,2081,BRAC5487.3i,cfos
1714,Anterior pretectal nucleus,negative,845,BRAC5487.3i,cfos
1715,Anterior pretectal nucleus,positive,2326,BRAC5487.3i,cfos
1716,Anterodorsal nucleus,negative,4,BRAC5487.3i,cfos
1717,Anterodorsal nucleus,positive,1245,BRAC5487.3i,cfos
1718,Anterodorsal preoptic nucleus,negative,11,BRAC5487.3i,cfos
1719,Anterodorsal preoptic nucleus,positive,305,BRAC5487.3i,cfos
1720,"Anterolateral visual area, layer 1",negative,30,BRAC5487.3i,cfos
1721,"Anterolateral visual area, layer 1",positive,257,BRAC5487.3i,cfos
1722,"Anterolateral visual area, layer 2/3",negative,129,BRAC5487.3i,cfos
1723,"Anterolateral visual area, layer 2/3",positive,738,BRAC5487.3i,cfos
1724,"Anterolateral visual area, layer 4",negative,103,BRAC5487.3i,cfos
1725,"Anterolateral visual area, layer 4",positive,491,BRAC5487.3i,cfos
1726,"Anterolateral visual area, layer 5",negative,124,BRAC5487.3i,cfos
1727,"Anterolateral visual area, layer 5",positive,943,BRAC5487.3i,cfos
1728,"Anterolateral visual area, layer 6a",negative,43,BRAC5487.3i,cfos
1729,"Anterolateral visual area, layer 6a",positive,341,BRAC5487.3i,cfos
1730,"Anterolateral visual area, layer 6b",negative,3,BRAC5487.3i,cfos
1731,"Anterolateral visual area, layer 6b",positive,63,BRAC5487.3i,cfos
1732,"Anteromedial nucleus, dorsal part",negative,3,BRAC5487.3i,cfos
1733,"Anteromedial nucleus, dorsal part",positive,751,BRAC5487.3i,cfos
1734,"Anteromedial nucleus, ventral part",negative,1,BRAC5487.3i,cfos
1735,"Anteromedial nucleus, ventral part",positive,388,BRAC5487.3i,cfos
1736,"Anteromedial visual area, layer 1",negative,118,BRAC5487.3i,cfos
1737,"Anteromedial visual area, layer 1",positive,593,BRAC5487.3i,cfos
1738,"Anteromedial visual area, layer 2/3",negative,341,BRAC5487.3i,cfos
1739,"Anteromedial visual area, layer 2/3",positive,1503,BRAC5487.3i,cfos
1740,"Anteromedial visual area, layer 4",negative,128,BRAC5487.3i,cfos
1741,"Anteromedial visual area, layer 4",positive,507,BRAC5487.3i,cfos
1742,"Anteromedial visual area, layer 5",negative,538,BRAC5487.3i,cfos
1743,"Anteromedial visual area, layer 5",positive,1470,BRAC5487.3i,cfos
1744,"Anteromedial visual area, layer 6a",negative,309,BRAC5487.3i,cfos
1745,"Anteromedial visual area, layer 6a",positive,663,BRAC5487.3i,cfos
1746,"Anteromedial visual area, layer 6b",negative,79,BRAC5487.3i,cfos
1747,"Anteromedial visual area, layer 6b",positive,124,BRAC5487.3i,cfos
1748,Anteroventral nucleus of thalamus,negative,9,BRAC5487.3i,cfos
1749,Anteroventral nucleus of thalamus,positive,1683,BRAC5487.3i,cfos
1750,Anteroventral periventricular nucleus,negative,43,BRAC5487.3i,cfos
1751,Anteroventral periventricular nucleus,positive,756,BRAC5487.3i,cfos
1752,Anteroventral preoptic nucleus,negative,0,BRAC5487.3i,cfos
1753,Anteroventral preoptic nucleus,positive,351,BRAC5487.3i,cfos
1754,Arcuate hypothalamic nucleus,negative,457,BRAC5487.3i,cfos
1755,Arcuate hypothalamic nucleus,positive,1235,BRAC5487.3i,cfos
1756,"Basolateral amygdalar nucleus, anterior part",negative,528,BRAC5487.3i,cfos
1757,"Basolateral amygdalar nucleus, anterior part",positive,2902,BRAC5487.3i,cfos
1758,"Basolateral amygdalar nucleus, posterior part",negative,606,BRAC5487.3i,cfos
1759,"Basolateral amygdalar nucleus, posterior part",positive,1655,BRAC5487.3i,cfos
1760,"Basolateral amygdalar nucleus, ventral part",negative,602,BRAC5487.3i,cfos
1761,"Basolateral amygdalar nucleus, ventral part",positive,998,BRAC5487.3i,cfos
1762,"Basomedial amygdalar nucleus, anterior part",negative,483,BRAC5487.3i,cfos
1763,"Basomedial amygdalar nucleus, anterior part",positive,3248,BRAC5487.3i,cfos
1764,"Basomedial amygdalar nucleus, posterior part",negative,453,BRAC5487.3i,cfos
1765,"Basomedial amygdalar nucleus, posterior part",positive,1440,BRAC5487.3i,cfos
1766,Bed nuclei of the stria terminalis,negative,296,BRAC5487.3i,cfos
1767,Bed nuclei of the stria terminalis,positive,4128,BRAC5487.3i,cfos
1768,Bed nucleus of the accessory olfactory tract,negative,6,BRAC5487.3i,cfos
1769,Bed nucleus of the accessory olfactory tract,positive,67,BRAC5487.3i,cfos
1770,Bed nucleus of the anterior commissure,negative,0,BRAC5487.3i,cfos
1771,Bed nucleus of the anterior commissure,positive,32,BRAC5487.3i,cfos
1772,Caudoputamen,negative,1497,BRAC5487.3i,cfos
1773,Caudoputamen,positive,70013,BRAC5487.3i,cfos
1774,"Central amygdalar nucleus, capsular part",negative,108,BRAC5487.3i,cfos
1775,"Central amygdalar nucleus, capsular part",positive,766,BRAC5487.3i,cfos
1776,"Central amygdalar nucleus, lateral part",negative,137,BRAC5487.3i,cfos
1777,"Central amygdalar nucleus, lateral part",positive,799,BRAC5487.3i,cfos
1778,"Central amygdalar nucleus, medial part",negative,342,BRAC5487.3i,cfos
1779,"Central amygdalar nucleus, medial part",positive,3223,BRAC5487.3i,cfos
1780,Central lateral nucleus of the thalamus,negative,138,BRAC5487.3i,cfos
1781,Central lateral nucleus of the thalamus,positive,1948,BRAC5487.3i,cfos
1782,Central medial nucleus of the thalamus,negative,92,BRAC5487.3i,cfos
1783,Central medial nucleus of the thalamus,positive,1519,BRAC5487.3i,cfos
1784,Claustrum,negative,116,BRAC5487.3i,cfos
1785,Claustrum,positive,1368,BRAC5487.3i,cfos
1786,"Cortical amygdalar area, anterior part",negative,323,BRAC5487.3i,cfos
1787,"Cortical amygdalar area, anterior part",positive,3623,BRAC5487.3i,cfos
1788,"Cortical amygdalar area, posterior part, lateral zone",negative,345,BRAC5487.3i,cfos
1789,"Cortical amygdalar area, posterior part, lateral zone",positive,1303,BRAC5487.3i,cfos
1790,"Cortical amygdalar area, posterior part, medial zone",negative,161,BRAC5487.3i,cfos
1791,"Cortical amygdalar area, posterior part, medial zone",positive,1688,BRAC5487.3i,cfos
1792,Cortical subplate,negative,131,BRAC5487.3i,cfos
1793,Cortical subplate,positive,981,BRAC5487.3i,cfos
1794,"Dentate gyrus, granule cell layer",negative,281,BRAC5487.3i,cfos
1795,"Dentate gyrus, granule cell layer",positive,2909,BRAC5487.3i,cfos
1796,"Dentate gyrus, molecular layer",negative,635,BRAC5487.3i,cfos
1797,"Dentate gyrus, molecular layer",positive,5479,BRAC5487.3i,cfos
1798,"Dentate gyrus, polymorph layer",negative,141,BRAC5487.3i,cfos
1799,"Dentate gyrus, polymorph layer",positive,1004,BRAC5487.3i,cfos
1800,Diagonal band nucleus,negative,55,BRAC5487.3i,cfos
1801,Diagonal band nucleus,positive,3010,BRAC5487.3i,cfos
1802,"Dorsal auditory area, layer 1",negative,131,BRAC5487.3i,cfos
1803,"Dorsal auditory area, layer 1",positive,687,BRAC5487.3i,cfos
1804,"Dorsal auditory area, layer 2/3",negative,525,BRAC5487.3i,cfos
1805,"Dorsal auditory area, layer 2/3",positive,1411,BRAC5487.3i,cfos
1806,"Dorsal auditory area, layer 4",negative,287,BRAC5487.3i,cfos
1807,"Dorsal auditory area, layer 4",positive,645,BRAC5487.3i,cfos
1808,"Dorsal auditory area, layer 5",negative,835,BRAC5487.3i,cfos
1809,"Dorsal auditory area, layer 5",positive,1544,BRAC5487.3i,cfos
1810,"Dorsal auditory area, layer 6a",negative,386,BRAC5487.3i,cfos
1811,"Dorsal auditory area, layer 6a",positive,614,BRAC5487.3i,cfos
1812,"Dorsal auditory area, layer 6b",negative,56,BRAC5487.3i,cfos
1813,"Dorsal auditory area, layer 6b",positive,74,BRAC5487.3i,cfos
1814,"Dorsal part of the lateral geniculate complex, core",negative,561,BRAC5487.3i,cfos
1815,"Dorsal part of the lateral geniculate complex, core",positive,938,BRAC5487.3i,cfos
1816,"Dorsal part of the lateral geniculate complex, ipsilateral zone",negative,213,BRAC5487.3i,cfos
1817,"Dorsal part of the lateral geniculate complex, ipsilateral zone",positive,205,BRAC5487.3i,cfos
1818,"Dorsal part of the lateral geniculate complex, shell",negative,200,BRAC5487.3i,cfos
1819,"Dorsal part of the lateral geniculate complex, shell",positive,389,BRAC5487.3i,cfos
1820,Dorsal premammillary nucleus,negative,3,BRAC5487.3i,cfos
1821,Dorsal premammillary nucleus,positive,319,BRAC5487.3i,cfos
1822,Dorsal terminal nucleus of the accessory optic tract,negative,0,BRAC5487.3i,cfos
1823,Dorsal terminal nucleus of the accessory optic tract,positive,6,BRAC5487.3i,cfos
1824,Dorsomedial nucleus of the hypothalamus,negative,662,BRAC5487.3i,cfos
1825,Dorsomedial nucleus of the hypothalamus,positive,2125,BRAC5487.3i,cfos
1826,Ectorhinal area/Layer 1,negative,109,BRAC5487.3i,cfos
1827,Ectorhinal area/Layer 1,positive,394,BRAC5487.3i,cfos
1828,Ectorhinal area/Layer 2/3,negative,379,BRAC5487.3i,cfos
1829,Ectorhinal area/Layer 2/3,positive,1425,BRAC5487.3i,cfos
1830,Ectorhinal area/Layer 5,negative,491,BRAC5487.3i,cfos
1831,Ectorhinal area/Layer 5,positive,1675,BRAC5487.3i,cfos
1832,Ectorhinal area/Layer 6a,negative,297,BRAC5487.3i,cfos
1833,Ectorhinal area/Layer 6a,positive,1048,BRAC5487.3i,cfos
1834,Ectorhinal area/Layer 6b,negative,32,BRAC5487.3i,cfos
1835,Ectorhinal area/Layer 6b,positive,118,BRAC5487.3i,cfos
1836,Edinger-Westphal nucleus,negative,1,BRAC5487.3i,cfos
1837,Edinger-Westphal nucleus,positive,52,BRAC5487.3i,cfos
1838,"Endopiriform nucleus, dorsal part",negative,744,BRAC5487.3i,cfos
1839,"Endopiriform nucleus, dorsal part",positive,5157,BRAC5487.3i,cfos
1840,"Endopiriform nucleus, ventral part",negative,398,BRAC5487.3i,cfos
1841,"Endopiriform nucleus, ventral part",positive,2308,BRAC5487.3i,cfos
1842,"Entorhinal area, lateral part, layer 1",negative,52,BRAC5487.3i,cfos
1843,"Entorhinal area, lateral part, layer 1",positive,599,BRAC5487.3i,cfos
1844,"Entorhinal area, lateral part, layer 2",negative,154,BRAC5487.3i,cfos
1845,"Entorhinal area, lateral part, layer 2",positive,1654,BRAC5487.3i,cfos
1846,"Entorhinal area, lateral part, layer 3",negative,222,BRAC5487.3i,cfos
1847,"Entorhinal area, lateral part, layer 3",positive,1311,BRAC5487.3i,cfos
1848,"Entorhinal area, lateral part, layer 5",negative,224,BRAC5487.3i,cfos
1849,"Entorhinal area, lateral part, layer 5",positive,1023,BRAC5487.3i,cfos
1850,"Entorhinal area, lateral part, layer 6a",negative,32,BRAC5487.3i,cfos
1851,"Entorhinal area, lateral part, layer 6a",positive,356,BRAC5487.3i,cfos
1852,Ethmoid nucleus of the thalamus,negative,440,BRAC5487.3i,cfos
1853,Ethmoid nucleus of the thalamus,positive,615,BRAC5487.3i,cfos
1854,Fasciola cinerea,negative,18,BRAC5487.3i,cfos
1855,Fasciola cinerea,positive,212,BRAC5487.3i,cfos
1856,Field CA1,negative,2545,BRAC5487.3i,cfos
1857,Field CA1,positive,14747,BRAC5487.3i,cfos
1858,Field CA2,negative,111,BRAC5487.3i,cfos
1859,Field CA2,positive,1135,BRAC5487.3i,cfos
1860,Field CA3,negative,1636,BRAC5487.3i,cfos
1861,Field CA3,positive,12281,BRAC5487.3i,cfos
1862,Fields of Forel,negative,70,BRAC5487.3i,cfos
1863,Fields of Forel,positive,377,BRAC5487.3i,cfos
1864,Fundus of striatum,negative,28,BRAC5487.3i,cfos
1865,Fundus of striatum,positive,1121,BRAC5487.3i,cfos
1866,"Globus pallidus, external segment",negative,8,BRAC5487.3i,cfos
1867,"Globus pallidus, external segment",positive,3311,BRAC5487.3i,cfos
1868,"Globus pallidus, internal segment",negative,5,BRAC5487.3i,cfos
1869,"Globus pallidus, internal segment",positive,844,BRAC5487.3i,cfos
1870,"Gustatory areas, layer 1",negative,12,BRAC5487.3i,cfos
1871,"Gustatory areas, layer 1",positive,273,BRAC5487.3i,cfos
1872,"Gustatory areas, layer 2/3",negative,24,BRAC5487.3i,cfos
1873,"Gustatory areas, layer 2/3",positive,935,BRAC5487.3i,cfos
1874,"Gustatory areas, layer 4",negative,4,BRAC5487.3i,cfos
1875,"Gustatory areas, layer 4",positive,446,BRAC5487.3i,cfos
1876,"Gustatory areas, layer 5",negative,49,BRAC5487.3i,cfos
1877,"Gustatory areas, layer 5",positive,1612,BRAC5487.3i,cfos
1878,"Gustatory areas, layer 6a",negative,73,BRAC5487.3i,cfos
1879,"Gustatory areas, layer 6a",positive,1185,BRAC5487.3i,cfos
1880,"Gustatory areas, layer 6b",negative,5,BRAC5487.3i,cfos
1881,"Gustatory areas, layer 6b",positive,54,BRAC5487.3i,cfos
1882,Hippocampal formation,negative,77,BRAC5487.3i,cfos
1883,Hippocampal formation,positive,297,BRAC5487.3i,cfos
1884,Hippocampo-amygdalar transition area,negative,0,BRAC5487.3i,cfos
1885,Hippocampo-amygdalar transition area,positive,8,BRAC5487.3i,cfos
1886,Hypothalamus,negative,1225,BRAC5487.3i,cfos
1887,Hypothalamus,positive,8901,BRAC5487.3i,cfos
1888,Induseum griseum,negative,15,BRAC5487.3i,cfos
1889,Induseum griseum,positive,247,BRAC5487.3i,cfos
1890,Interanterodorsal nucleus of the thalamus,negative,1,BRAC5487.3i,cfos
1891,Interanterodorsal nucleus of the thalamus,positive,396,BRAC5487.3i,cfos
1892,Interanteromedial nucleus of the thalamus,negative,1,BRAC5487.3i,cfos
1893,Interanteromedial nucleus of the thalamus,positive,244,BRAC5487.3i,cfos
1894,Intercalated amygdalar nucleus,negative,77,BRAC5487.3i,cfos
1895,Intercalated amygdalar nucleus,positive,787,BRAC5487.3i,cfos
1896,Interfascicular nucleus raphe,negative,0,BRAC5487.3i,cfos
1897,Interfascicular nucleus raphe,positive,94,BRAC5487.3i,cfos
1898,Intergeniculate leaflet of the lateral geniculate complex,negative,81,BRAC5487.3i,cfos
1899,Intergeniculate leaflet of the lateral geniculate complex,positive,199,BRAC5487.3i,cfos
1900,Intermediate geniculate nucleus,negative,3,BRAC5487.3i,cfos
1901,Intermediate geniculate nucleus,positive,71,BRAC5487.3i,cfos
1902,Intermediodorsal nucleus of the thalamus,negative,227,BRAC5487.3i,cfos
1903,Intermediodorsal nucleus of the thalamus,positive,1128,BRAC5487.3i,cfos
1904,"Interpeduncular nucleus, rostral",negative,0,BRAC5487.3i,cfos
1905,"Interpeduncular nucleus, rostral",positive,27,BRAC5487.3i,cfos
1906,"Interpeduncular nucleus, rostrolateral",negative,0,BRAC5487.3i,cfos
1907,"Interpeduncular nucleus, rostrolateral",positive,23,BRAC5487.3i,cfos
1908,Interstitial nucleus of Cajal,negative,1,BRAC5487.3i,cfos
1909,Interstitial nucleus of Cajal,positive,85,BRAC5487.3i,cfos
1910,Lateral amygdalar nucleus,negative,755,BRAC5487.3i,cfos
1911,Lateral amygdalar nucleus,positive,1550,BRAC5487.3i,cfos
1912,Lateral dorsal nucleus of thalamus,negative,26,BRAC5487.3i,cfos
1913,Lateral dorsal nucleus of thalamus,positive,3947,BRAC5487.3i,cfos
1914,Lateral habenula,negative,115,BRAC5487.3i,cfos
1915,Lateral habenula,positive,1828,BRAC5487.3i,cfos
1916,Lateral hypothalamic area,negative,940,BRAC5487.3i,cfos
1917,Lateral hypothalamic area,positive,5765,BRAC5487.3i,cfos
1918,Lateral mammillary nucleus,negative,0,BRAC5487.3i,cfos
1919,Lateral mammillary nucleus,positive,118,BRAC5487.3i,cfos
1920,Lateral posterior nucleus of the thalamus,negative,1177,BRAC5487.3i,cfos
1921,Lateral posterior nucleus of the thalamus,positive,3590,BRAC5487.3i,cfos
1922,Lateral preoptic area,negative,16,BRAC5487.3i,cfos
1923,Lateral preoptic area,positive,1342,BRAC5487.3i,cfos
1924,"Lateral septal nucleus, caudal (caudodorsal) part",negative,239,BRAC5487.3i,cfos
1925,"Lateral septal nucleus, caudal (caudodorsal) part",positive,542,BRAC5487.3i,cfos
1926,"Lateral septal nucleus, rostral (rostroventral) part",negative,800,BRAC5487.3i,cfos
1927,"Lateral septal nucleus, rostral (rostroventral) part",positive,3250,BRAC5487.3i,cfos
1928,"Lateral septal nucleus, ventral part",negative,241,BRAC5487.3i,cfos
1929,"Lateral septal nucleus, ventral part",positive,1980,BRAC5487.3i,cfos
1930,Lateral terminal nucleus of the accessory optic tract,negative,0,BRAC5487.3i,cfos
1931,Lateral terminal nucleus of the accessory optic tract,positive,31,BRAC5487.3i,cfos
1932,"Lateral visual area, layer 1",negative,1,BRAC5487.3i,cfos
1933,"Lateral visual area, layer 1",positive,58,BRAC5487.3i,cfos
1934,"Lateral visual area, layer 2/3",negative,2,BRAC5487.3i,cfos
1935,"Lateral visual area, layer 2/3",positive,289,BRAC5487.3i,cfos
1936,"Lateral visual area, layer 4",negative,1,BRAC5487.3i,cfos
1937,"Lateral visual area, layer 4",positive,254,BRAC5487.3i,cfos
1938,"Lateral visual area, layer 5",negative,7,BRAC5487.3i,cfos
1939,"Lateral visual area, layer 5",positive,522,BRAC5487.3i,cfos
1940,"Lateral visual area, layer 6a",negative,0,BRAC5487.3i,cfos
1941,"Lateral visual area, layer 6a",positive,226,BRAC5487.3i,cfos
1942,"Lateral visual area, layer 6b",negative,1,BRAC5487.3i,cfos
1943,"Lateral visual area, layer 6b",positive,70,BRAC5487.3i,cfos
1944,"Laterointermediate area, layer 1",negative,0,BRAC5487.3i,cfos
1945,"Laterointermediate area, layer 1",positive,20,BRAC5487.3i,cfos
1946,"Laterointermediate area, layer 2/3",negative,2,BRAC5487.3i,cfos
1947,"Laterointermediate area, layer 2/3",positive,79,BRAC5487.3i,cfos
1948,"Laterointermediate area, layer 4",negative,0,BRAC5487.3i,cfos
1949,"Laterointermediate area, layer 4",positive,76,BRAC5487.3i,cfos
1950,"Laterointermediate area, layer 5",negative,1,BRAC5487.3i,cfos
1951,"Laterointermediate area, layer 5",positive,222,BRAC5487.3i,cfos
1952,"Laterointermediate area, layer 6a",negative,0,BRAC5487.3i,cfos
1953,"Laterointermediate area, layer 6a",positive,91,BRAC5487.3i,cfos
1954,"Laterointermediate area, layer 6b",negative,0,BRAC5487.3i,cfos
1955,"Laterointermediate area, layer 6b",positive,27,BRAC5487.3i,cfos
1956,Magnocellular nucleus,negative,4,BRAC5487.3i,cfos
1957,Magnocellular nucleus,positive,1262,BRAC5487.3i,cfos
1958,Medial accesory oculomotor nucleus,negative,0,BRAC5487.3i,cfos
1959,Medial accesory oculomotor nucleus,positive,38,BRAC5487.3i,cfos
1960,Medial amygdalar nucleus,negative,2225,BRAC5487.3i,cfos
1961,Medial amygdalar nucleus,positive,9330,BRAC5487.3i,cfos
1962,"Medial geniculate complex, dorsal part",negative,0,BRAC5487.3i,cfos
1963,"Medial geniculate complex, dorsal part",positive,141,BRAC5487.3i,cfos
1964,"Medial geniculate complex, medial part",negative,9,BRAC5487.3i,cfos
1965,"Medial geniculate complex, medial part",positive,393,BRAC5487.3i,cfos
1966,"Medial geniculate complex, ventral part",negative,3,BRAC5487.3i,cfos
1967,"Medial geniculate complex, ventral part",positive,403,BRAC5487.3i,cfos
1968,Medial habenula,negative,86,BRAC5487.3i,cfos
1969,Medial habenula,positive,1505,BRAC5487.3i,cfos
1970,"Medial mammillary nucleus, dorsal part",negative,0,BRAC5487.3i,cfos
1971,"Medial mammillary nucleus, dorsal part",positive,27,BRAC5487.3i,cfos
1972,"Medial mammillary nucleus, lateral part",negative,1,BRAC5487.3i,cfos
1973,"Medial mammillary nucleus, lateral part",positive,110,BRAC5487.3i,cfos
1974,"Medial mammillary nucleus, medial part",negative,0,BRAC5487.3i,cfos
1975,"Medial mammillary nucleus, medial part",positive,135,BRAC5487.3i,cfos
1976,"Medial mammillary nucleus, median part",negative,0,BRAC5487.3i,cfos
1977,"Medial mammillary nucleus, median part",positive,130,BRAC5487.3i,cfos
1978,Medial preoptic area,negative,53,BRAC5487.3i,cfos
1979,Medial preoptic area,positive,1931,BRAC5487.3i,cfos
1980,Medial preoptic nucleus,negative,114,BRAC5487.3i,cfos
1981,Medial preoptic nucleus,positive,1624,BRAC5487.3i,cfos
1982,Medial pretectal area,negative,4,BRAC5487.3i,cfos
1983,Medial pretectal area,positive,99,BRAC5487.3i,cfos
1984,Medial septal nucleus,negative,27,BRAC5487.3i,cfos
1985,Medial septal nucleus,positive,1709,BRAC5487.3i,cfos
1986,Medial terminal nucleus of the accessory optic tract,negative,9,BRAC5487.3i,cfos
1987,Medial terminal nucleus of the accessory optic tract,positive,36,BRAC5487.3i,cfos
1988,Median eminence,negative,39,BRAC5487.3i,cfos
1989,Median eminence,positive,214,BRAC5487.3i,cfos
1990,Median preoptic nucleus,negative,8,BRAC5487.3i,cfos
1991,Median preoptic nucleus,positive,119,BRAC5487.3i,cfos
1992,Mediodorsal nucleus of thalamus,negative,516,BRAC5487.3i,cfos
1993,Mediodorsal nucleus of thalamus,positive,6375,BRAC5487.3i,cfos
1994,Midbrain,negative,1175,BRAC5487.3i,cfos
1995,Midbrain,positive,5694,BRAC5487.3i,cfos
1996,Midbrain reticular nucleus,negative,9,BRAC5487.3i,cfos
1997,Midbrain reticular nucleus,positive,1917,BRAC5487.3i,cfos
1998,Nucleus accumbens,negative,285,BRAC5487.3i,cfos
1999,Nucleus accumbens,positive,13499,BRAC5487.3i,cfos
2000,Nucleus of Darkschewitsch,negative,0,BRAC5487.3i,cfos
2001,Nucleus of Darkschewitsch,positive,126,BRAC5487.3i,cfos
2002,Nucleus of reuniens,negative,47,BRAC5487.3i,cfos
2003,Nucleus of reuniens,positive,2031,BRAC5487.3i,cfos
2004,"Nucleus of the lateral olfactory tract, layer 3",negative,0,BRAC5487.3i,cfos
2005,"Nucleus of the lateral olfactory tract, layer 3",positive,279,BRAC5487.3i,cfos
2006,"Nucleus of the lateral olfactory tract, molecular layer",negative,27,BRAC5487.3i,cfos
2007,"Nucleus of the lateral olfactory tract, molecular layer",positive,339,BRAC5487.3i,cfos
2008,"Nucleus of the lateral olfactory tract, pyramidal layer",negative,16,BRAC5487.3i,cfos
2009,"Nucleus of the lateral olfactory tract, pyramidal layer",positive,863,BRAC5487.3i,cfos
2010,Nucleus of the optic tract,negative,50,BRAC5487.3i,cfos
2011,Nucleus of the optic tract,positive,313,BRAC5487.3i,cfos
2012,Nucleus of the posterior commissure,negative,235,BRAC5487.3i,cfos
2013,Nucleus of the posterior commissure,positive,1000,BRAC5487.3i,cfos
2014,Olfactory areas,negative,107,BRAC5487.3i,cfos
2015,Olfactory areas,positive,2083,BRAC5487.3i,cfos
2016,Olfactory tubercle,negative,199,BRAC5487.3i,cfos
2017,Olfactory tubercle,positive,12502,BRAC5487.3i,cfos
2018,Olivary pretectal nucleus,negative,101,BRAC5487.3i,cfos
2019,Olivary pretectal nucleus,positive,89,BRAC5487.3i,cfos
2020,Pallidum,negative,51,BRAC5487.3i,cfos
2021,Pallidum,positive,2774,BRAC5487.3i,cfos
2022,Paracentral nucleus,negative,103,BRAC5487.3i,cfos
2023,Paracentral nucleus,positive,1005,BRAC5487.3i,cfos
2024,Parafascicular nucleus,negative,1934,BRAC5487.3i,cfos
2025,Parafascicular nucleus,positive,1369,BRAC5487.3i,cfos
2026,Parastrial nucleus,negative,0,BRAC5487.3i,cfos
2027,Parastrial nucleus,positive,283,BRAC5487.3i,cfos
2028,Parasubthalamic nucleus,negative,196,BRAC5487.3i,cfos
2029,Parasubthalamic nucleus,positive,578,BRAC5487.3i,cfos
2030,Parataenial nucleus,negative,10,BRAC5487.3i,cfos
2031,Parataenial nucleus,positive,983,BRAC5487.3i,cfos
2032,Paraventricular hypothalamic nucleus,negative,40,BRAC5487.3i,cfos
2033,Paraventricular hypothalamic nucleus,positive,906,BRAC5487.3i,cfos
2034,"Paraventricular hypothalamic nucleus, descending division",negative,37,BRAC5487.3i,cfos
2035,"Paraventricular hypothalamic nucleus, descending division",positive,539,BRAC5487.3i,cfos
2036,Paraventricular nucleus of the thalamus,negative,161,BRAC5487.3i,cfos
2037,Paraventricular nucleus of the thalamus,positive,3250,BRAC5487.3i,cfos
2038,Periaqueductal gray,negative,35,BRAC5487.3i,cfos
2039,Periaqueductal gray,positive,1638,BRAC5487.3i,cfos
2040,Perifornical nucleus,negative,12,BRAC5487.3i,cfos
2041,Perifornical nucleus,positive,761,BRAC5487.3i,cfos
2042,Peripeduncular nucleus,negative,0,BRAC5487.3i,cfos
2043,Peripeduncular nucleus,positive,56,BRAC5487.3i,cfos
2044,Perireunensis nucleus,negative,16,BRAC5487.3i,cfos
2045,Perireunensis nucleus,positive,634,BRAC5487.3i,cfos
2046,"Perirhinal area, layer 1",negative,65,BRAC5487.3i,cfos
2047,"Perirhinal area, layer 1",positive,344,BRAC5487.3i,cfos
2048,"Perirhinal area, layer 2/3",negative,194,BRAC5487.3i,cfos
2049,"Perirhinal area, layer 2/3",positive,991,BRAC5487.3i,cfos
2050,"Perirhinal area, layer 5",negative,94,BRAC5487.3i,cfos
2051,"Perirhinal area, layer 5",positive,381,BRAC5487.3i,cfos
2052,"Perirhinal area, layer 6a",negative,7,BRAC5487.3i,cfos
2053,"Perirhinal area, layer 6a",positive,35,BRAC5487.3i,cfos
2054,"Perirhinal area, layer 6b",negative,0,BRAC5487.3i,cfos
2055,"Perirhinal area, layer 6b",positive,3,BRAC5487.3i,cfos
2056,"Periventricular hypothalamic nucleus, anterior part",negative,13,BRAC5487.3i,cfos
2057,"Periventricular hypothalamic nucleus, anterior part",positive,304,BRAC5487.3i,cfos
2058,"Periventricular hypothalamic nucleus, intermediate part",negative,263,BRAC5487.3i,cfos
2059,"Periventricular hypothalamic nucleus, intermediate part",positive,635,BRAC5487.3i,cfos
2060,"Periventricular hypothalamic nucleus, posterior part",negative,23,BRAC5487.3i,cfos
2061,"Periventricular hypothalamic nucleus, posterior part",positive,120,BRAC5487.3i,cfos
2062,"Periventricular hypothalamic nucleus, preoptic part",negative,36,BRAC5487.3i,cfos
2063,"Periventricular hypothalamic nucleus, preoptic part",positive,917,BRAC5487.3i,cfos
2064,Piriform area,negative,3347,BRAC5487.3i,cfos
2065,Piriform area,positive,38666,BRAC5487.3i,cfos
2066,Piriform-amygdalar area,negative,524,BRAC5487.3i,cfos
2067,Piriform-amygdalar area,positive,3611,BRAC5487.3i,cfos
2068,Posterior amygdalar nucleus,negative,120,BRAC5487.3i,cfos
2069,Posterior amygdalar nucleus,positive,1410,BRAC5487.3i,cfos
2070,"Posterior auditory area, layer 1",negative,16,BRAC5487.3i,cfos
2071,"Posterior auditory area, layer 1",positive,256,BRAC5487.3i,cfos
2072,"Posterior auditory area, layer 2/3",negative,20,BRAC5487.3i,cfos
2073,"Posterior auditory area, layer 2/3",positive,481,BRAC5487.3i,cfos
2074,"Posterior auditory area, layer 4",negative,13,BRAC5487.3i,cfos
2075,"Posterior auditory area, layer 4",positive,346,BRAC5487.3i,cfos
2076,"Posterior auditory area, layer 5",negative,33,BRAC5487.3i,cfos
2077,"Posterior auditory area, layer 5",positive,826,BRAC5487.3i,cfos
2078,"Posterior auditory area, layer 6a",negative,3,BRAC5487.3i,cfos
2079,"Posterior auditory area, layer 6a",positive,299,BRAC5487.3i,cfos
2080,"Posterior auditory area, layer 6b",negative,0,BRAC5487.3i,cfos
2081,"Posterior auditory area, layer 6b",positive,47,BRAC5487.3i,cfos
2082,Posterior complex of the thalamus,negative,1951,BRAC5487.3i,cfos
2083,Posterior complex of the thalamus,positive,6220,BRAC5487.3i,cfos
2084,Posterior hypothalamic nucleus,negative,905,BRAC5487.3i,cfos
2085,Posterior hypothalamic nucleus,positive,2270,BRAC5487.3i,cfos
2086,Posterior intralaminar thalamic nucleus,negative,1,BRAC5487.3i,cfos
2087,Posterior intralaminar thalamic nucleus,positive,197,BRAC5487.3i,cfos
2088,Posterior limiting nucleus of the thalamus,negative,85,BRAC5487.3i,cfos
2089,Posterior limiting nucleus of the thalamus,positive,297,BRAC5487.3i,cfos
2090,Posterior pretectal nucleus,negative,8,BRAC5487.3i,cfos
2091,Posterior pretectal nucleus,positive,267,BRAC5487.3i,cfos
2092,Posterior triangular thalamic nucleus,negative,17,BRAC5487.3i,cfos
2093,Posterior triangular thalamic nucleus,positive,541,BRAC5487.3i,cfos
2094,Posterodorsal preoptic nucleus,negative,1,BRAC5487.3i,cfos
2095,Posterodorsal preoptic nucleus,positive,60,BRAC5487.3i,cfos
2096,Postpiriform transition area,negative,8,BRAC5487.3i,cfos
2097,Postpiriform transition area,positive,94,BRAC5487.3i,cfos
2098,Postsubiculum,negative,5,BRAC5487.3i,cfos
2099,Postsubiculum,positive,299,BRAC5487.3i,cfos
2100,Precommissural nucleus,negative,449,BRAC5487.3i,cfos
2101,Precommissural nucleus,positive,559,BRAC5487.3i,cfos
2102,Preparasubthalamic nucleus,negative,36,BRAC5487.3i,cfos
2103,Preparasubthalamic nucleus,positive,71,BRAC5487.3i,cfos
2104,"Primary auditory area, layer 1",negative,228,BRAC5487.3i,cfos
2105,"Primary auditory area, layer 1",positive,915,BRAC5487.3i,cfos
2106,"Primary auditory area, layer 2/3",negative,640,BRAC5487.3i,cfos
2107,"Primary auditory area, layer 2/3",positive,2084,BRAC5487.3i,cfos
2108,"Primary auditory area, layer 4",negative,382,BRAC5487.3i,cfos
2109,"Primary auditory area, layer 4",positive,1175,BRAC5487.3i,cfos
2110,"Primary auditory area, layer 5",negative,1089,BRAC5487.3i,cfos
2111,"Primary auditory area, layer 5",positive,2892,BRAC5487.3i,cfos
2112,"Primary auditory area, layer 6a",negative,373,BRAC5487.3i,cfos
2113,"Primary auditory area, layer 6a",positive,901,BRAC5487.3i,cfos
2114,"Primary auditory area, layer 6b",negative,52,BRAC5487.3i,cfos
2115,"Primary auditory area, layer 6b",positive,155,BRAC5487.3i,cfos
2116,"Primary motor area, Layer 1",negative,20,BRAC5487.3i,cfos
2117,"Primary motor area, Layer 1",positive,1663,BRAC5487.3i,cfos
2118,"Primary motor area, Layer 2/3",negative,68,BRAC5487.3i,cfos
2119,"Primary motor area, Layer 2/3",positive,7828,BRAC5487.3i,cfos
2120,"Primary motor area, Layer 5",negative,61,BRAC5487.3i,cfos
2121,"Primary motor area, Layer 5",positive,8969,BRAC5487.3i,cfos
2122,"Primary motor area, Layer 6a",negative,92,BRAC5487.3i,cfos
2123,"Primary motor area, Layer 6a",positive,8221,BRAC5487.3i,cfos
2124,"Primary motor area, Layer 6b",negative,10,BRAC5487.3i,cfos
2125,"Primary motor area, Layer 6b",positive,531,BRAC5487.3i,cfos
2126,"Primary somatosensory area, barrel field, layer 1",negative,97,BRAC5487.3i,cfos
2127,"Primary somatosensory area, barrel field, layer 1",positive,4039,BRAC5487.3i,cfos
2128,"Primary somatosensory area, barrel field, layer 2/3",negative,269,BRAC5487.3i,cfos
2129,"Primary somatosensory area, barrel field, layer 2/3",positive,9968,BRAC5487.3i,cfos
2130,"Primary somatosensory area, barrel field, layer 4",negative,290,BRAC5487.3i,cfos
2131,"Primary somatosensory area, barrel field, layer 4",positive,8601,BRAC5487.3i,cfos
2132,"Primary somatosensory area, barrel field, layer 5",negative,417,BRAC5487.3i,cfos
2133,"Primary somatosensory area, barrel field, layer 5",positive,7314,BRAC5487.3i,cfos
2134,"Primary somatosensory area, barrel field, layer 6a",negative,316,BRAC5487.3i,cfos
2135,"Primary somatosensory area, barrel field, layer 6a",positive,5138,BRAC5487.3i,cfos
2136,"Primary somatosensory area, barrel field, layer 6b",negative,44,BRAC5487.3i,cfos
2137,"Primary somatosensory area, barrel field, layer 6b",positive,351,BRAC5487.3i,cfos
2138,"Primary somatosensory area, lower limb, layer 1",negative,15,BRAC5487.3i,cfos
2139,"Primary somatosensory area, lower limb, layer 1",positive,1529,BRAC5487.3i,cfos
2140,"Primary somatosensory area, lower limb, layer 2/3",negative,22,BRAC5487.3i,cfos
2141,"Primary somatosensory area, lower limb, layer 2/3",positive,4602,BRAC5487.3i,cfos
2142,"Primary somatosensory area, lower limb, layer 4",negative,5,BRAC5487.3i,cfos
2143,"Primary somatosensory area, lower limb, layer 4",positive,1922,BRAC5487.3i,cfos
2144,"Primary somatosensory area, lower limb, layer 5",negative,16,BRAC5487.3i,cfos
2145,"Primary somatosensory area, lower limb, layer 5",positive,3966,BRAC5487.3i,cfos
2146,"Primary somatosensory area, lower limb, layer 6a",negative,16,BRAC5487.3i,cfos
2147,"Primary somatosensory area, lower limb, layer 6a",positive,1904,BRAC5487.3i,cfos
2148,"Primary somatosensory area, lower limb, layer 6b",negative,0,BRAC5487.3i,cfos
2149,"Primary somatosensory area, lower limb, layer 6b",positive,119,BRAC5487.3i,cfos
2150,"Primary somatosensory area, mouth, layer 1",negative,27,BRAC5487.3i,cfos
2151,"Primary somatosensory area, mouth, layer 1",positive,1267,BRAC5487.3i,cfos
2152,"Primary somatosensory area, mouth, layer 2/3",negative,25,BRAC5487.3i,cfos
2153,"Primary somatosensory area, mouth, layer 2/3",positive,4039,BRAC5487.3i,cfos
2154,"Primary somatosensory area, mouth, layer 4",negative,13,BRAC5487.3i,cfos
2155,"Primary somatosensory area, mouth, layer 4",positive,3596,BRAC5487.3i,cfos
2156,"Primary somatosensory area, mouth, layer 5",negative,25,BRAC5487.3i,cfos
2157,"Primary somatosensory area, mouth, layer 5",positive,5190,BRAC5487.3i,cfos
2158,"Primary somatosensory area, mouth, layer 6a",negative,66,BRAC5487.3i,cfos
2159,"Primary somatosensory area, mouth, layer 6a",positive,6061,BRAC5487.3i,cfos
2160,"Primary somatosensory area, mouth, layer 6b",negative,7,BRAC5487.3i,cfos
2161,"Primary somatosensory area, mouth, layer 6b",positive,291,BRAC5487.3i,cfos
2162,"Primary somatosensory area, nose, layer 1",negative,20,BRAC5487.3i,cfos
2163,"Primary somatosensory area, nose, layer 1",positive,1714,BRAC5487.3i,cfos
2164,"Primary somatosensory area, nose, layer 2/3",negative,21,BRAC5487.3i,cfos
2165,"Primary somatosensory area, nose, layer 2/3",positive,3915,BRAC5487.3i,cfos
2166,"Primary somatosensory area, nose, layer 4",negative,14,BRAC5487.3i,cfos
2167,"Primary somatosensory area, nose, layer 4",positive,3123,BRAC5487.3i,cfos
2168,"Primary somatosensory area, nose, layer 5",negative,21,BRAC5487.3i,cfos
2169,"Primary somatosensory area, nose, layer 5",positive,3433,BRAC5487.3i,cfos
2170,"Primary somatosensory area, nose, layer 6a",negative,25,BRAC5487.3i,cfos
2171,"Primary somatosensory area, nose, layer 6a",positive,3220,BRAC5487.3i,cfos
2172,"Primary somatosensory area, nose, layer 6b",negative,0,BRAC5487.3i,cfos
2173,"Primary somatosensory area, nose, layer 6b",positive,147,BRAC5487.3i,cfos
2174,"Primary somatosensory area, trunk, layer 1",negative,14,BRAC5487.3i,cfos
2175,"Primary somatosensory area, trunk, layer 1",positive,938,BRAC5487.3i,cfos
2176,"Primary somatosensory area, trunk, layer 2/3",negative,15,BRAC5487.3i,cfos
2177,"Primary somatosensory area, trunk, layer 2/3",positive,2532,BRAC5487.3i,cfos
2178,"Primary somatosensory area, trunk, layer 4",negative,3,BRAC5487.3i,cfos
2179,"Primary somatosensory area, trunk, layer 4",positive,799,BRAC5487.3i,cfos
2180,"Primary somatosensory area, trunk, layer 5",negative,8,BRAC5487.3i,cfos
2181,"Primary somatosensory area, trunk, layer 5",positive,2023,BRAC5487.3i,cfos
2182,"Primary somatosensory area, trunk, layer 6a",negative,5,BRAC5487.3i,cfos
2183,"Primary somatosensory area, trunk, layer 6a",positive,664,BRAC5487.3i,cfos
2184,"Primary somatosensory area, trunk, layer 6b",negative,1,BRAC5487.3i,cfos
2185,"Primary somatosensory area, trunk, layer 6b",positive,81,BRAC5487.3i,cfos
2186,"Primary somatosensory area, unassigned, layer 1",negative,12,BRAC5487.3i,cfos
2187,"Primary somatosensory area, unassigned, layer 1",positive,854,BRAC5487.3i,cfos
2188,"Primary somatosensory area, unassigned, layer 2/3",negative,8,BRAC5487.3i,cfos
2189,"Primary somatosensory area, unassigned, layer 2/3",positive,2277,BRAC5487.3i,cfos
2190,"Primary somatosensory area, unassigned, layer 4",negative,7,BRAC5487.3i,cfos
2191,"Primary somatosensory area, unassigned, layer 4",positive,1303,BRAC5487.3i,cfos
2192,"Primary somatosensory area, unassigned, layer 5",negative,6,BRAC5487.3i,cfos
2193,"Primary somatosensory area, unassigned, layer 5",positive,1785,BRAC5487.3i,cfos
2194,"Primary somatosensory area, unassigned, layer 6a",negative,12,BRAC5487.3i,cfos
2195,"Primary somatosensory area, unassigned, layer 6a",positive,1223,BRAC5487.3i,cfos
2196,"Primary somatosensory area, unassigned, layer 6b",negative,3,BRAC5487.3i,cfos
2197,"Primary somatosensory area, unassigned, layer 6b",positive,74,BRAC5487.3i,cfos
2198,"Primary somatosensory area, upper limb, layer 1",negative,27,BRAC5487.3i,cfos
2199,"Primary somatosensory area, upper limb, layer 1",positive,2281,BRAC5487.3i,cfos
2200,"Primary somatosensory area, upper limb, layer 2/3",negative,47,BRAC5487.3i,cfos
2201,"Primary somatosensory area, upper limb, layer 2/3",positive,6855,BRAC5487.3i,cfos
2202,"Primary somatosensory area, upper limb, layer 4",negative,13,BRAC5487.3i,cfos
2203,"Primary somatosensory area, upper limb, layer 4",positive,3309,BRAC5487.3i,cfos
2204,"Primary somatosensory area, upper limb, layer 5",negative,23,BRAC5487.3i,cfos
2205,"Primary somatosensory area, upper limb, layer 5",positive,5375,BRAC5487.3i,cfos
2206,"Primary somatosensory area, upper limb, layer 6a",negative,37,BRAC5487.3i,cfos
2207,"Primary somatosensory area, upper limb, layer 6a",positive,4005,BRAC5487.3i,cfos
2208,"Primary somatosensory area, upper limb, layer 6b",negative,8,BRAC5487.3i,cfos
2209,"Primary somatosensory area, upper limb, layer 6b",positive,199,BRAC5487.3i,cfos
2210,"Primary visual area, layer 1",negative,323,BRAC5487.3i,cfos
2211,"Primary visual area, layer 1",positive,1424,BRAC5487.3i,cfos
2212,"Primary visual area, layer 2/3",negative,554,BRAC5487.3i,cfos
2213,"Primary visual area, layer 2/3",positive,3177,BRAC5487.3i,cfos
2214,"Primary visual area, layer 4",negative,320,BRAC5487.3i,cfos
2215,"Primary visual area, layer 4",positive,2070,BRAC5487.3i,cfos
2216,"Primary visual area, layer 5",negative,475,BRAC5487.3i,cfos
2217,"Primary visual area, layer 5",positive,2836,BRAC5487.3i,cfos
2218,"Primary visual area, layer 6a",negative,213,BRAC5487.3i,cfos
2219,"Primary visual area, layer 6a",positive,1520,BRAC5487.3i,cfos
2220,"Primary visual area, layer 6b",negative,49,BRAC5487.3i,cfos
2221,"Primary visual area, layer 6b",positive,275,BRAC5487.3i,cfos
2222,Prosubiculum,negative,150,BRAC5487.3i,cfos
2223,Prosubiculum,positive,570,BRAC5487.3i,cfos
2224,Red nucleus,negative,2,BRAC5487.3i,cfos
2225,Red nucleus,positive,493,BRAC5487.3i,cfos
2226,Reticular nucleus of the thalamus,negative,244,BRAC5487.3i,cfos
2227,Reticular nucleus of the thalamus,positive,4236,BRAC5487.3i,cfos
2228,Retrochiasmatic area,negative,41,BRAC5487.3i,cfos
2229,Retrochiasmatic area,positive,299,BRAC5487.3i,cfos
2230,Retroparafascicular nucleus,negative,2,BRAC5487.3i,cfos
2231,Retroparafascicular nucleus,positive,68,BRAC5487.3i,cfos
2232,"Retrosplenial area, dorsal part, layer 1",negative,186,BRAC5487.3i,cfos
2233,"Retrosplenial area, dorsal part, layer 1",positive,1464,BRAC5487.3i,cfos
2234,"Retrosplenial area, dorsal part, layer 2/3",negative,482,BRAC5487.3i,cfos
2235,"Retrosplenial area, dorsal part, layer 2/3",positive,4470,BRAC5487.3i,cfos
2236,"Retrosplenial area, dorsal part, layer 5",negative,629,BRAC5487.3i,cfos
2237,"Retrosplenial area, dorsal part, layer 5",positive,5599,BRAC5487.3i,cfos
2238,"Retrosplenial area, dorsal part, layer 6a",negative,336,BRAC5487.3i,cfos
2239,"Retrosplenial area, dorsal part, layer 6a",positive,2413,BRAC5487.3i,cfos
2240,"Retrosplenial area, dorsal part, layer 6b",negative,11,BRAC5487.3i,cfos
2241,"Retrosplenial area, dorsal part, layer 6b",positive,84,BRAC5487.3i,cfos
2242,"Retrosplenial area, lateral agranular part, layer 1",negative,114,BRAC5487.3i,cfos
2243,"Retrosplenial area, lateral agranular part, layer 1",positive,985,BRAC5487.3i,cfos
2244,"Retrosplenial area, lateral agranular part, layer 2/3",negative,262,BRAC5487.3i,cfos
2245,"Retrosplenial area, lateral agranular part, layer 2/3",positive,2442,BRAC5487.3i,cfos
2246,"Retrosplenial area, lateral agranular part, layer 5",negative,391,BRAC5487.3i,cfos
2247,"Retrosplenial area, lateral agranular part, layer 5",positive,3220,BRAC5487.3i,cfos
2248,"Retrosplenial area, lateral agranular part, layer 6a",negative,147,BRAC5487.3i,cfos
2249,"Retrosplenial area, lateral agranular part, layer 6a",positive,1036,BRAC5487.3i,cfos
2250,"Retrosplenial area, lateral agranular part, layer 6b",negative,23,BRAC5487.3i,cfos
2251,"Retrosplenial area, lateral agranular part, layer 6b",positive,92,BRAC5487.3i,cfos
2252,"Retrosplenial area, ventral part, layer 1",negative,400,BRAC5487.3i,cfos
2253,"Retrosplenial area, ventral part, layer 1",positive,2120,BRAC5487.3i,cfos
2254,"Retrosplenial area, ventral part, layer 2/3",negative,766,BRAC5487.3i,cfos
2255,"Retrosplenial area, ventral part, layer 2/3",positive,4392,BRAC5487.3i,cfos
2256,"Retrosplenial area, ventral part, layer 5",negative,1702,BRAC5487.3i,cfos
2257,"Retrosplenial area, ventral part, layer 5",positive,9135,BRAC5487.3i,cfos
2258,"Retrosplenial area, ventral part, layer 6a",negative,559,BRAC5487.3i,cfos
2259,"Retrosplenial area, ventral part, layer 6a",positive,2279,BRAC5487.3i,cfos
2260,"Retrosplenial area, ventral part, layer 6b",negative,18,BRAC5487.3i,cfos
2261,"Retrosplenial area, ventral part, layer 6b",positive,147,BRAC5487.3i,cfos
2262,Rhomboid nucleus,negative,0,BRAC5487.3i,cfos
2263,Rhomboid nucleus,positive,587,BRAC5487.3i,cfos
2264,Rostral linear nucleus raphe,negative,0,BRAC5487.3i,cfos
2265,Rostral linear nucleus raphe,positive,68,BRAC5487.3i,cfos
2266,"Rostrolateral area, layer 1",negative,208,BRAC5487.3i,cfos
2267,"Rostrolateral area, layer 1",positive,726,BRAC5487.3i,cfos
2268,"Rostrolateral area, layer 2/3",negative,578,BRAC5487.3i,cfos
2269,"Rostrolateral area, layer 2/3",positive,1454,BRAC5487.3i,cfos
2270,"Rostrolateral area, layer 4",negative,382,BRAC5487.3i,cfos
2271,"Rostrolateral area, layer 4",positive,793,BRAC5487.3i,cfos
2272,"Rostrolateral area, layer 5",negative,699,BRAC5487.3i,cfos
2273,"Rostrolateral area, layer 5",positive,1112,BRAC5487.3i,cfos
2274,"Rostrolateral area, layer 6a",negative,333,BRAC5487.3i,cfos
2275,"Rostrolateral area, layer 6a",positive,491,BRAC5487.3i,cfos
2276,"Rostrolateral area, layer 6b",negative,50,BRAC5487.3i,cfos
2277,"Rostrolateral area, layer 6b",positive,86,BRAC5487.3i,cfos
2278,"Secondary motor area, layer 1",negative,26,BRAC5487.3i,cfos
2279,"Secondary motor area, layer 1",positive,1198,BRAC5487.3i,cfos
2280,"Secondary motor area, layer 2/3",negative,30,BRAC5487.3i,cfos
2281,"Secondary motor area, layer 2/3",positive,3871,BRAC5487.3i,cfos
2282,"Secondary motor area, layer 5",negative,34,BRAC5487.3i,cfos
2283,"Secondary motor area, layer 5",positive,6648,BRAC5487.3i,cfos
2284,"Secondary motor area, layer 6a",negative,60,BRAC5487.3i,cfos
2285,"Secondary motor area, layer 6a",positive,4018,BRAC5487.3i,cfos
2286,"Secondary motor area, layer 6b",negative,2,BRAC5487.3i,cfos
2287,"Secondary motor area, layer 6b",positive,151,BRAC5487.3i,cfos
2288,Septofimbrial nucleus,negative,40,BRAC5487.3i,cfos
2289,Septofimbrial nucleus,positive,606,BRAC5487.3i,cfos
2290,Septohippocampal nucleus,negative,7,BRAC5487.3i,cfos
2291,Septohippocampal nucleus,positive,62,BRAC5487.3i,cfos
2292,Striatum,negative,735,BRAC5487.3i,cfos
2293,Striatum,positive,6179,BRAC5487.3i,cfos
2294,Subcommissural organ,negative,34,BRAC5487.3i,cfos
2295,Subcommissural organ,positive,39,BRAC5487.3i,cfos
2296,Subfornical organ,negative,4,BRAC5487.3i,cfos
2297,Subfornical organ,positive,39,BRAC5487.3i,cfos
2298,Subgeniculate nucleus,negative,33,BRAC5487.3i,cfos
2299,Subgeniculate nucleus,positive,44,BRAC5487.3i,cfos
2300,Subiculum,negative,691,BRAC5487.3i,cfos
2301,Subiculum,positive,1627,BRAC5487.3i,cfos
2302,Submedial nucleus of the thalamus,negative,7,BRAC5487.3i,cfos
2303,Submedial nucleus of the thalamus,positive,1273,BRAC5487.3i,cfos
2304,Subparafascicular area,negative,394,BRAC5487.3i,cfos
2305,Subparafascicular area,positive,320,BRAC5487.3i,cfos
2306,"Subparafascicular nucleus, magnocellular part",negative,139,BRAC5487.3i,cfos
2307,"Subparafascicular nucleus, magnocellular part",positive,174,BRAC5487.3i,cfos
2308,"Subparafascicular nucleus, parvicellular part",negative,2,BRAC5487.3i,cfos
2309,"Subparafascicular nucleus, parvicellular part",positive,285,BRAC5487.3i,cfos
2310,Subparaventricular zone,negative,55,BRAC5487.3i,cfos
2311,Subparaventricular zone,positive,683,BRAC5487.3i,cfos
2312,Substantia innominata,negative,150,BRAC5487.3i,cfos
2313,Substantia innominata,positive,8981,BRAC5487.3i,cfos
2314,"Substantia nigra, compact part",negative,0,BRAC5487.3i,cfos
2315,"Substantia nigra, compact part",positive,244,BRAC5487.3i,cfos
2316,"Substantia nigra, reticular part",negative,18,BRAC5487.3i,cfos
2317,"Substantia nigra, reticular part",positive,758,BRAC5487.3i,cfos
2318,Subthalamic nucleus,negative,666,BRAC5487.3i,cfos
2319,Subthalamic nucleus,positive,773,BRAC5487.3i,cfos
2320,"Superior colliculus, motor related, deep gray layer",negative,1,BRAC5487.3i,cfos
2321,"Superior colliculus, motor related, deep gray layer",positive,380,BRAC5487.3i,cfos
2322,"Superior colliculus, motor related, deep white layer",negative,2,BRAC5487.3i,cfos
2323,"Superior colliculus, motor related, deep white layer",positive,179,BRAC5487.3i,cfos
2324,"Superior colliculus, motor related, intermediate gray layer",negative,18,BRAC5487.3i,cfos
2325,"Superior colliculus, motor related, intermediate gray layer",positive,2212,BRAC5487.3i,cfos
2326,"Superior colliculus, motor related, intermediate white layer",negative,10,BRAC5487.3i,cfos
2327,"Superior colliculus, motor related, intermediate white layer",positive,1429,BRAC5487.3i,cfos
2328,"Superior colliculus, optic layer",negative,8,BRAC5487.3i,cfos
2329,"Superior colliculus, optic layer",positive,766,BRAC5487.3i,cfos
2330,"Superior colliculus, superficial gray layer",negative,7,BRAC5487.3i,cfos
2331,"Superior colliculus, superficial gray layer",positive,968,BRAC5487.3i,cfos
2332,"Superior colliculus, zonal layer",negative,2,BRAC5487.3i,cfos
2333,"Superior colliculus, zonal layer",positive,297,BRAC5487.3i,cfos
2334,"Supplemental somatosensory area, layer 1",negative,133,BRAC5487.3i,cfos
2335,"Supplemental somatosensory area, layer 1",positive,3729,BRAC5487.3i,cfos
2336,"Supplemental somatosensory area, layer 2/3",negative,244,BRAC5487.3i,cfos
2337,"Supplemental somatosensory area, layer 2/3",positive,9256,BRAC5487.3i,cfos
2338,"Supplemental somatosensory area, layer 4",negative,196,BRAC5487.3i,cfos
2339,"Supplemental somatosensory area, layer 4",positive,5622,BRAC5487.3i,cfos
2340,"Supplemental somatosensory area, layer 5",negative,411,BRAC5487.3i,cfos
2341,"Supplemental somatosensory area, layer 5",positive,10179,BRAC5487.3i,cfos
2342,"Supplemental somatosensory area, layer 6a",negative,313,BRAC5487.3i,cfos
2343,"Supplemental somatosensory area, layer 6a",positive,7270,BRAC5487.3i,cfos
2344,"Supplemental somatosensory area, layer 6b",negative,69,BRAC5487.3i,cfos
2345,"Supplemental somatosensory area, layer 6b",positive,617,BRAC5487.3i,cfos
2346,Suprachiasmatic nucleus,negative,37,BRAC5487.3i,cfos
2347,Suprachiasmatic nucleus,positive,459,BRAC5487.3i,cfos
2348,Suprageniculate nucleus,negative,1,BRAC5487.3i,cfos
2349,Suprageniculate nucleus,positive,237,BRAC5487.3i,cfos
2350,Supramammillary nucleus,negative,5,BRAC5487.3i,cfos
2351,Supramammillary nucleus,positive,521,BRAC5487.3i,cfos
2352,Supraoptic nucleus,negative,8,BRAC5487.3i,cfos
2353,Supraoptic nucleus,positive,108,BRAC5487.3i,cfos
2354,"Temporal association areas, layer 1",negative,127,BRAC5487.3i,cfos
2355,"Temporal association areas, layer 1",positive,427,BRAC5487.3i,cfos
2356,"Temporal association areas, layer 2/3",negative,390,BRAC5487.3i,cfos
2357,"Temporal association areas, layer 2/3",positive,1265,BRAC5487.3i,cfos
2358,"Temporal association areas, layer 4",negative,196,BRAC5487.3i,cfos
2359,"Temporal association areas, layer 4",positive,715,BRAC5487.3i,cfos
2360,"Temporal association areas, layer 5",negative,785,BRAC5487.3i,cfos
2361,"Temporal association areas, layer 5",positive,2580,BRAC5487.3i,cfos
2362,"Temporal association areas, layer 6a",negative,474,BRAC5487.3i,cfos
2363,"Temporal association areas, layer 6a",positive,1348,BRAC5487.3i,cfos
2364,"Temporal association areas, layer 6b",negative,55,BRAC5487.3i,cfos
2365,"Temporal association areas, layer 6b",positive,163,BRAC5487.3i,cfos
2366,Thalamus,negative,734,BRAC5487.3i,cfos
2367,Thalamus,positive,2384,BRAC5487.3i,cfos
2368,Triangular nucleus of septum,negative,34,BRAC5487.3i,cfos
2369,Triangular nucleus of septum,positive,578,BRAC5487.3i,cfos
2370,Tuberal nucleus,negative,776,BRAC5487.3i,cfos
2371,Tuberal nucleus,positive,1105,BRAC5487.3i,cfos
2372,"Tuberomammillary nucleus, dorsal part",negative,0,BRAC5487.3i,cfos
2373,"Tuberomammillary nucleus, dorsal part",positive,83,BRAC5487.3i,cfos
2374,"Tuberomammillary nucleus, ventral part",negative,3,BRAC5487.3i,cfos
2375,"Tuberomammillary nucleus, ventral part",positive,286,BRAC5487.3i,cfos
2376,Vascular organ of the lamina terminalis,negative,8,BRAC5487.3i,cfos
2377,Vascular organ of the lamina terminalis,positive,16,BRAC5487.3i,cfos
2378,Ventral anterior-lateral complex of the thalamus,negative,12,BRAC5487.3i,cfos
2379,Ventral anterior-lateral complex of the thalamus,positive,3635,BRAC5487.3i,cfos
2380,"Ventral auditory area, layer 1",negative,114,BRAC5487.3i,cfos
2381,"Ventral auditory area, layer 1",positive,569,BRAC5487.3i,cfos
2382,"Ventral auditory area, layer 2/3",negative,253,BRAC5487.3i,cfos
2383,"Ventral auditory area, layer 2/3",positive,1464,BRAC5487.3i,cfos
2384,"Ventral auditory area, layer 4",negative,246,BRAC5487.3i,cfos
2385,"Ventral auditory area, layer 4",positive,994,BRAC5487.3i,cfos
2386,"Ventral auditory area, layer 5",negative,656,BRAC5487.3i,cfos
2387,"Ventral auditory area, layer 5",positive,2494,BRAC5487.3i,cfos
2388,"Ventral auditory area, layer 6a",negative,356,BRAC5487.3i,cfos
2389,"Ventral auditory area, layer 6a",positive,871,BRAC5487.3i,cfos
2390,"Ventral auditory area, layer 6b",negative,46,BRAC5487.3i,cfos
2391,"Ventral auditory area, layer 6b",positive,146,BRAC5487.3i,cfos
2392,Ventral medial nucleus of the thalamus,negative,674,BRAC5487.3i,cfos
2393,Ventral medial nucleus of the thalamus,positive,3441,BRAC5487.3i,cfos
2394,Ventral part of the lateral geniculate complex,negative,456,BRAC5487.3i,cfos
2395,Ventral part of the lateral geniculate complex,positive,1277,BRAC5487.3i,cfos
2396,Ventral posterolateral nucleus of the thalamus,negative,473,BRAC5487.3i,cfos
2397,Ventral posterolateral nucleus of the thalamus,positive,3460,BRAC5487.3i,cfos
2398,"Ventral posterolateral nucleus of the thalamus, parvicellular part",negative,136,BRAC5487.3i,cfos
2399,"Ventral posterolateral nucleus of the thalamus, parvicellular part",positive,141,BRAC5487.3i,cfos
2400,Ventral posteromedial nucleus of the thalamus,negative,1979,BRAC5487.3i,cfos
2401,Ventral posteromedial nucleus of the thalamus,positive,9750,BRAC5487.3i,cfos
2402,"Ventral posteromedial nucleus of the thalamus, parvicellular part",negative,455,BRAC5487.3i,cfos
2403,"Ventral posteromedial nucleus of the thalamus, parvicellular part",positive,581,BRAC5487.3i,cfos
2404,Ventral premammillary nucleus,negative,4,BRAC5487.3i,cfos
2405,Ventral premammillary nucleus,positive,526,BRAC5487.3i,cfos
2406,Ventral tegmental area,negative,1,BRAC5487.3i,cfos
2407,Ventral tegmental area,positive,383,BRAC5487.3i,cfos
2408,Ventrolateral preoptic nucleus,negative,9,BRAC5487.3i,cfos
2409,Ventrolateral preoptic nucleus,positive,179,BRAC5487.3i,cfos
2410,Ventromedial hypothalamic nucleus,negative,688,BRAC5487.3i,cfos
2411,Ventromedial hypothalamic nucleus,positive,2033,BRAC5487.3i,cfos
2412,Ventromedial preoptic nucleus,negative,30,BRAC5487.3i,cfos
2413,Ventromedial preoptic nucleus,positive,265,BRAC5487.3i,cfos
2414,"Visceral area, layer 1",negative,29,BRAC5487.3i,cfos
2415,"Visceral area, layer 1",positive,991,BRAC5487.3i,cfos
2416,"Visceral area, layer 2/3",negative,46,BRAC5487.3i,cfos
2417,"Visceral area, layer 2/3",positive,2652,BRAC5487.3i,cfos
2418,"Visceral area, layer 4",negative,6,BRAC5487.3i,cfos
2419,"Visceral area, layer 4",positive,888,BRAC5487.3i,cfos
2420,"Visceral area, layer 5",negative,62,BRAC5487.3i,cfos
2421,"Visceral area, layer 5",positive,3351,BRAC5487.3i,cfos
2422,"Visceral area, layer 6a",negative,73,BRAC5487.3i,cfos
2423,"Visceral area, layer 6a",positive,2187,BRAC5487.3i,cfos
2424,"Visceral area, layer 6b",negative,10,BRAC5487.3i,cfos
2425,"Visceral area, layer 6b",positive,233,BRAC5487.3i,cfos
2426,Xiphoid thalamic nucleus,negative,5,BRAC5487.3i,cfos
2427,Xiphoid thalamic nucleus,positive,469,BRAC5487.3i,cfos
2428,Zona incerta,negative,1385,BRAC5487.3i,cfos
2429,Zona incerta,positive,3883,BRAC5487.3i,cfos
2430,alveus,negative,324,BRAC5487.3i,cfos
2431,alveus,positive,2454,BRAC5487.3i,cfos
2432,amygdalar capsule,negative,200,BRAC5487.3i,cfos
2433,amygdalar capsule,positive,462,BRAC5487.3i,cfos
2434,"anterior commissure, olfactory limb",negative,5,BRAC5487.3i,cfos
2435,"anterior commissure, olfactory limb",positive,624,BRAC5487.3i,cfos
2436,"anterior commissure, temporal limb",negative,8,BRAC5487.3i,cfos
2437,"anterior commissure, temporal limb",positive,268,BRAC5487.3i,cfos
2438,auditory radiation,negative,362,BRAC5487.3i,cfos
2439,auditory radiation,positive,741,BRAC5487.3i,cfos
2440,brachium of the superior colliculus,negative,59,BRAC5487.3i,cfos
2441,brachium of the superior colliculus,positive,252,BRAC5487.3i,cfos
2442,cerebal peduncle,negative,21,BRAC5487.3i,cfos
2443,cerebal peduncle,positive,621,BRAC5487.3i,cfos
2444,cerebral aqueduct,negative,2,BRAC5487.3i,cfos
2445,cerebral aqueduct,positive,25,BRAC5487.3i,cfos
2446,choroid plexus,negative,127,BRAC5487.3i,cfos
2447,choroid plexus,positive,1020,BRAC5487.3i,cfos
2448,cingulum bundle,negative,450,BRAC5487.3i,cfos
2449,cingulum bundle,positive,3774,BRAC5487.3i,cfos
2450,columns of the fornix,negative,35,BRAC5487.3i,cfos
2451,columns of the fornix,positive,637,BRAC5487.3i,cfos
2452,commissural branch of stria terminalis,negative,6,BRAC5487.3i,cfos
2453,commissural branch of stria terminalis,positive,150,BRAC5487.3i,cfos
2454,"corpus callosum, anterior forceps",negative,1,BRAC5487.3i,cfos
2455,"corpus callosum, anterior forceps",positive,36,BRAC5487.3i,cfos
2456,"corpus callosum, body",negative,207,BRAC5487.3i,cfos
2457,"corpus callosum, body",positive,5180,BRAC5487.3i,cfos
2458,"corpus callosum, extreme capsule",negative,66,BRAC5487.3i,cfos
2459,"corpus callosum, extreme capsule",positive,297,BRAC5487.3i,cfos
2460,"corpus callosum, posterior forceps",negative,839,BRAC5487.3i,cfos
2461,"corpus callosum, posterior forceps",positive,2165,BRAC5487.3i,cfos
2462,"corpus callosum, splenium",negative,337,BRAC5487.3i,cfos
2463,"corpus callosum, splenium",positive,1439,BRAC5487.3i,cfos
2464,dorsal fornix,negative,0,BRAC5487.3i,cfos
2465,dorsal fornix,positive,35,BRAC5487.3i,cfos
2466,dorsal hippocampal commissure,negative,245,BRAC5487.3i,cfos
2467,dorsal hippocampal commissure,positive,1268,BRAC5487.3i,cfos
2468,external capsule,negative,112,BRAC5487.3i,cfos
2469,external capsule,positive,1391,BRAC5487.3i,cfos
2470,external medullary lamina of the thalamus,negative,7,BRAC5487.3i,cfos
2471,external medullary lamina of the thalamus,positive,316,BRAC5487.3i,cfos
2472,fasciculus retroflexus,negative,103,BRAC5487.3i,cfos
2473,fasciculus retroflexus,positive,484,BRAC5487.3i,cfos
2474,fiber tracts,negative,647,BRAC5487.3i,cfos
2475,fiber tracts,positive,2203,BRAC5487.3i,cfos
2476,fimbria,negative,174,BRAC5487.3i,cfos
2477,fimbria,positive,1797,BRAC5487.3i,cfos
2478,genu of corpus callosum,negative,112,BRAC5487.3i,cfos
2479,genu of corpus callosum,positive,422,BRAC5487.3i,cfos
2480,habenular commissure,negative,27,BRAC5487.3i,cfos
2481,habenular commissure,positive,104,BRAC5487.3i,cfos
2482,internal capsule,negative,249,BRAC5487.3i,cfos
2483,internal capsule,positive,2400,BRAC5487.3i,cfos
2484,"lateral olfactory tract, body",negative,17,BRAC5487.3i,cfos
2485,"lateral olfactory tract, body",positive,505,BRAC5487.3i,cfos
2486,lateral ventricle,negative,534,BRAC5487.3i,cfos
2487,lateral ventricle,positive,2017,BRAC5487.3i,cfos
2488,mammillary peduncle,negative,6,BRAC5487.3i,cfos
2489,mammillary peduncle,positive,23,BRAC5487.3i,cfos
2490,mammillotegmental tract,negative,0,BRAC5487.3i,cfos
2491,mammillotegmental tract,positive,61,BRAC5487.3i,cfos
2492,mammillothalamic tract,negative,89,BRAC5487.3i,cfos
2493,mammillothalamic tract,positive,399,BRAC5487.3i,cfos
2494,medial corticohypothalamic tract,negative,3,BRAC5487.3i,cfos
2495,medial corticohypothalamic tract,positive,4,BRAC5487.3i,cfos
2496,medial forebrain bundle,negative,0,BRAC5487.3i,cfos
2497,medial forebrain bundle,positive,113,BRAC5487.3i,cfos
2498,medial lemniscus,negative,66,BRAC5487.3i,cfos
2499,medial lemniscus,positive,292,BRAC5487.3i,cfos
2500,nigrostriatal tract,negative,211,BRAC5487.3i,cfos
2501,nigrostriatal tract,positive,348,BRAC5487.3i,cfos
2502,optic chiasm,negative,41,BRAC5487.3i,cfos
2503,optic chiasm,positive,133,BRAC5487.3i,cfos
2504,optic radiation,negative,825,BRAC5487.3i,cfos
2505,optic radiation,positive,3233,BRAC5487.3i,cfos
2506,optic tract,negative,310,BRAC5487.3i,cfos
2507,optic tract,positive,737,BRAC5487.3i,cfos
2508,posterior commissure,negative,25,BRAC5487.3i,cfos
2509,posterior commissure,positive,177,BRAC5487.3i,cfos
2510,"posteromedial visual area, layer 1",negative,185,BRAC5487.3i,cfos
2511,"posteromedial visual area, layer 1",positive,485,BRAC5487.3i,cfos
2512,"posteromedial visual area, layer 2/3",negative,361,BRAC5487.3i,cfos
2513,"posteromedial visual area, layer 2/3",positive,1067,BRAC5487.3i,cfos
2514,"posteromedial visual area, layer 4",negative,144,BRAC5487.3i,cfos
2515,"posteromedial visual area, layer 4",positive,455,BRAC5487.3i,cfos
2516,"posteromedial visual area, layer 5",negative,349,BRAC5487.3i,cfos
2517,"posteromedial visual area, layer 5",positive,1043,BRAC5487.3i,cfos
2518,"posteromedial visual area, layer 6a",negative,168,BRAC5487.3i,cfos
2519,"posteromedial visual area, layer 6a",positive,405,BRAC5487.3i,cfos
2520,"posteromedial visual area, layer 6b",negative,26,BRAC5487.3i,cfos
2521,"posteromedial visual area, layer 6b",positive,65,BRAC5487.3i,cfos
2522,principal mammillary tract,negative,0,BRAC5487.3i,cfos
2523,principal mammillary tract,positive,98,BRAC5487.3i,cfos
2524,root,negative,802,BRAC5487.3i,cfos
2525,root,positive,2787,BRAC5487.3i,cfos
2526,stria medullaris,negative,6,BRAC5487.3i,cfos
2527,stria medullaris,positive,1083,BRAC5487.3i,cfos
2528,stria terminalis,negative,112,BRAC5487.3i,cfos
2529,stria terminalis,positive,373,BRAC5487.3i,cfos
2530,subependymal zone,negative,48,BRAC5487.3i,cfos
2531,subependymal zone,positive,117,BRAC5487.3i,cfos
2532,superior colliculus commissure,negative,1,BRAC5487.3i,cfos
2533,superior colliculus commissure,positive,67,BRAC5487.3i,cfos
2534,supra-callosal cerebral white matter,negative,87,BRAC5487.3i,cfos
2535,supra-callosal cerebral white matter,positive,2119,BRAC5487.3i,cfos
2536,supraoptic commissures,negative,6,BRAC5487.3i,cfos
2537,supraoptic commissures,positive,32,BRAC5487.3i,cfos
2538,third ventricle,negative,238,BRAC5487.3i,cfos
2539,third ventricle,positive,1255,BRAC5487.3i,cfos
2540,ventral hippocampal commissure,negative,3,BRAC5487.3i,cfos
2541,ventral hippocampal commissure,positive,66,BRAC5487.3i,cfos
2542,Accessory supraoptic group,negative,0,BRAC5603.3e,cfos
2543,Accessory supraoptic group,positive,69,BRAC5603.3e,cfos
2544,"Agranular insular area, dorsal part, layer 1",negative,2,BRAC5603.3e,cfos
2545,"Agranular insular area, dorsal part, layer 1",positive,50,BRAC5603.3e,cfos
2546,"Agranular insular area, dorsal part, layer 2/3",negative,2,BRAC5603.3e,cfos
2547,"Agranular insular area, dorsal part, layer 2/3",positive,537,BRAC5603.3e,cfos
2548,"Agranular insular area, dorsal part, layer 5",negative,8,BRAC5603.3e,cfos
2549,"Agranular insular area, dorsal part, layer 5",positive,1062,BRAC5603.3e,cfos
2550,"Agranular insular area, dorsal part, layer 6a",negative,16,BRAC5603.3e,cfos
2551,"Agranular insular area, dorsal part, layer 6a",positive,793,BRAC5603.3e,cfos
2552,"Agranular insular area, dorsal part, layer 6b",negative,0,BRAC5603.3e,cfos
2553,"Agranular insular area, dorsal part, layer 6b",positive,26,BRAC5603.3e,cfos
2554,"Agranular insular area, posterior part, layer 1",negative,4,BRAC5603.3e,cfos
2555,"Agranular insular area, posterior part, layer 1",positive,323,BRAC5603.3e,cfos
2556,"Agranular insular area, posterior part, layer 2/3",negative,3,BRAC5603.3e,cfos
2557,"Agranular insular area, posterior part, layer 2/3",positive,1319,BRAC5603.3e,cfos
2558,"Agranular insular area, posterior part, layer 5",negative,6,BRAC5603.3e,cfos
2559,"Agranular insular area, posterior part, layer 5",positive,981,BRAC5603.3e,cfos
2560,"Agranular insular area, posterior part, layer 6a",negative,4,BRAC5603.3e,cfos
2561,"Agranular insular area, posterior part, layer 6a",positive,720,BRAC5603.3e,cfos
2562,"Agranular insular area, posterior part, layer 6b",negative,1,BRAC5603.3e,cfos
2563,"Agranular insular area, posterior part, layer 6b",positive,43,BRAC5603.3e,cfos
2564,"Agranular insular area, ventral part, layer 1",negative,0,BRAC5603.3e,cfos
2565,"Agranular insular area, ventral part, layer 1",positive,37,BRAC5603.3e,cfos
2566,"Agranular insular area, ventral part, layer 2/3",negative,4,BRAC5603.3e,cfos
2567,"Agranular insular area, ventral part, layer 2/3",positive,633,BRAC5603.3e,cfos
2568,"Agranular insular area, ventral part, layer 5",negative,5,BRAC5603.3e,cfos
2569,"Agranular insular area, ventral part, layer 5",positive,604,BRAC5603.3e,cfos
2570,"Agranular insular area, ventral part, layer 6a",negative,3,BRAC5603.3e,cfos
2571,"Agranular insular area, ventral part, layer 6a",positive,308,BRAC5603.3e,cfos
2572,Anterior amygdalar area,negative,25,BRAC5603.3e,cfos
2573,Anterior amygdalar area,positive,855,BRAC5603.3e,cfos
2574,"Anterior area, layer 1",negative,1,BRAC5603.3e,cfos
2575,"Anterior area, layer 1",positive,718,BRAC5603.3e,cfos
2576,"Anterior area, layer 2/3",negative,2,BRAC5603.3e,cfos
2577,"Anterior area, layer 2/3",positive,2841,BRAC5603.3e,cfos
2578,"Anterior area, layer 4",negative,0,BRAC5603.3e,cfos
2579,"Anterior area, layer 4",positive,991,BRAC5603.3e,cfos
2580,"Anterior area, layer 5",negative,1,BRAC5603.3e,cfos
2581,"Anterior area, layer 5",positive,1502,BRAC5603.3e,cfos
2582,"Anterior area, layer 6a",negative,5,BRAC5603.3e,cfos
2583,"Anterior area, layer 6a",positive,907,BRAC5603.3e,cfos
2584,"Anterior area, layer 6b",negative,0,BRAC5603.3e,cfos
2585,"Anterior area, layer 6b",positive,132,BRAC5603.3e,cfos
2586,"Anterior cingulate area, dorsal part, layer 1",negative,14,BRAC5603.3e,cfos
2587,"Anterior cingulate area, dorsal part, layer 1",positive,959,BRAC5603.3e,cfos
2588,"Anterior cingulate area, dorsal part, layer 2/3",negative,4,BRAC5603.3e,cfos
2589,"Anterior cingulate area, dorsal part, layer 2/3",positive,2783,BRAC5603.3e,cfos
2590,"Anterior cingulate area, dorsal part, layer 5",negative,47,BRAC5603.3e,cfos
2591,"Anterior cingulate area, dorsal part, layer 5",positive,4293,BRAC5603.3e,cfos
2592,"Anterior cingulate area, dorsal part, layer 6a",negative,63,BRAC5603.3e,cfos
2593,"Anterior cingulate area, dorsal part, layer 6a",positive,2237,BRAC5603.3e,cfos
2594,"Anterior cingulate area, dorsal part, layer 6b",negative,1,BRAC5603.3e,cfos
2595,"Anterior cingulate area, dorsal part, layer 6b",positive,49,BRAC5603.3e,cfos
2596,"Anterior cingulate area, ventral part, 6a",negative,17,BRAC5603.3e,cfos
2597,"Anterior cingulate area, ventral part, 6a",positive,1059,BRAC5603.3e,cfos
2598,"Anterior cingulate area, ventral part, 6b",negative,0,BRAC5603.3e,cfos
2599,"Anterior cingulate area, ventral part, 6b",positive,100,BRAC5603.3e,cfos
2600,"Anterior cingulate area, ventral part, layer 1",negative,12,BRAC5603.3e,cfos
2601,"Anterior cingulate area, ventral part, layer 1",positive,786,BRAC5603.3e,cfos
2602,"Anterior cingulate area, ventral part, layer 2/3",negative,5,BRAC5603.3e,cfos
2603,"Anterior cingulate area, ventral part, layer 2/3",positive,2253,BRAC5603.3e,cfos
2604,"Anterior cingulate area, ventral part, layer 5",negative,5,BRAC5603.3e,cfos
2605,"Anterior cingulate area, ventral part, layer 5",positive,3669,BRAC5603.3e,cfos
2606,Anterior hypothalamic nucleus,negative,25,BRAC5603.3e,cfos
2607,Anterior hypothalamic nucleus,positive,3200,BRAC5603.3e,cfos
2608,Anterior pretectal nucleus,negative,3,BRAC5603.3e,cfos
2609,Anterior pretectal nucleus,positive,3915,BRAC5603.3e,cfos
2610,Anterodorsal nucleus,negative,1,BRAC5603.3e,cfos
2611,Anterodorsal nucleus,positive,593,BRAC5603.3e,cfos
2612,Anterodorsal preoptic nucleus,negative,1,BRAC5603.3e,cfos
2613,Anterodorsal preoptic nucleus,positive,391,BRAC5603.3e,cfos
2614,"Anterolateral visual area, layer 1",negative,0,BRAC5603.3e,cfos
2615,"Anterolateral visual area, layer 1",positive,154,BRAC5603.3e,cfos
2616,"Anterolateral visual area, layer 2/3",negative,0,BRAC5603.3e,cfos
2617,"Anterolateral visual area, layer 2/3",positive,982,BRAC5603.3e,cfos
2618,"Anterolateral visual area, layer 4",negative,0,BRAC5603.3e,cfos
2619,"Anterolateral visual area, layer 4",positive,805,BRAC5603.3e,cfos
2620,"Anterolateral visual area, layer 5",negative,0,BRAC5603.3e,cfos
2621,"Anterolateral visual area, layer 5",positive,1122,BRAC5603.3e,cfos
2622,"Anterolateral visual area, layer 6a",negative,0,BRAC5603.3e,cfos
2623,"Anterolateral visual area, layer 6a",positive,482,BRAC5603.3e,cfos
2624,"Anterolateral visual area, layer 6b",negative,0,BRAC5603.3e,cfos
2625,"Anterolateral visual area, layer 6b",positive,103,BRAC5603.3e,cfos
2626,"Anteromedial nucleus, dorsal part",negative,0,BRAC5603.3e,cfos
2627,"Anteromedial nucleus, dorsal part",positive,1253,BRAC5603.3e,cfos
2628,"Anteromedial nucleus, ventral part",negative,0,BRAC5603.3e,cfos
2629,"Anteromedial nucleus, ventral part",positive,742,BRAC5603.3e,cfos
2630,"Anteromedial visual area, layer 1",negative,0,BRAC5603.3e,cfos
2631,"Anteromedial visual area, layer 1",positive,630,BRAC5603.3e,cfos
2632,"Anteromedial visual area, layer 2/3",negative,1,BRAC5603.3e,cfos
2633,"Anteromedial visual area, layer 2/3",positive,1737,BRAC5603.3e,cfos
2634,"Anteromedial visual area, layer 4",negative,0,BRAC5603.3e,cfos
2635,"Anteromedial visual area, layer 4",positive,535,BRAC5603.3e,cfos
2636,"Anteromedial visual area, layer 5",negative,0,BRAC5603.3e,cfos
2637,"Anteromedial visual area, layer 5",positive,1161,BRAC5603.3e,cfos
2638,"Anteromedial visual area, layer 6a",negative,0,BRAC5603.3e,cfos
2639,"Anteromedial visual area, layer 6a",positive,621,BRAC5603.3e,cfos
2640,"Anteromedial visual area, layer 6b",negative,0,BRAC5603.3e,cfos
2641,"Anteromedial visual area, layer 6b",positive,128,BRAC5603.3e,cfos
2642,Anteroventral nucleus of thalamus,negative,1,BRAC5603.3e,cfos
2643,Anteroventral nucleus of thalamus,positive,2080,BRAC5603.3e,cfos
2644,Anteroventral periventricular nucleus,negative,2,BRAC5603.3e,cfos
2645,Anteroventral periventricular nucleus,positive,486,BRAC5603.3e,cfos
2646,Anteroventral preoptic nucleus,negative,0,BRAC5603.3e,cfos
2647,Anteroventral preoptic nucleus,positive,260,BRAC5603.3e,cfos
2648,Arcuate hypothalamic nucleus,negative,22,BRAC5603.3e,cfos
2649,Arcuate hypothalamic nucleus,positive,1721,BRAC5603.3e,cfos
2650,"Basolateral amygdalar nucleus, anterior part",negative,19,BRAC5603.3e,cfos
2651,"Basolateral amygdalar nucleus, anterior part",positive,1846,BRAC5603.3e,cfos
2652,"Basolateral amygdalar nucleus, posterior part",negative,11,BRAC5603.3e,cfos
2653,"Basolateral amygdalar nucleus, posterior part",positive,1431,BRAC5603.3e,cfos
2654,"Basolateral amygdalar nucleus, ventral part",negative,19,BRAC5603.3e,cfos
2655,"Basolateral amygdalar nucleus, ventral part",positive,687,BRAC5603.3e,cfos
2656,"Basomedial amygdalar nucleus, anterior part",negative,7,BRAC5603.3e,cfos
2657,"Basomedial amygdalar nucleus, anterior part",positive,2500,BRAC5603.3e,cfos
2658,"Basomedial amygdalar nucleus, posterior part",negative,12,BRAC5603.3e,cfos
2659,"Basomedial amygdalar nucleus, posterior part",positive,1728,BRAC5603.3e,cfos
2660,Bed nuclei of the stria terminalis,negative,43,BRAC5603.3e,cfos
2661,Bed nuclei of the stria terminalis,positive,3126,BRAC5603.3e,cfos
2662,Bed nucleus of the accessory olfactory tract,negative,2,BRAC5603.3e,cfos
2663,Bed nucleus of the accessory olfactory tract,positive,184,BRAC5603.3e,cfos
2664,Bed nucleus of the anterior commissure,negative,0,BRAC5603.3e,cfos
2665,Bed nucleus of the anterior commissure,positive,41,BRAC5603.3e,cfos
2666,Caudoputamen,negative,110,BRAC5603.3e,cfos
2667,Caudoputamen,positive,36138,BRAC5603.3e,cfos
2668,"Central amygdalar nucleus, capsular part",negative,4,BRAC5603.3e,cfos
2669,"Central amygdalar nucleus, capsular part",positive,475,BRAC5603.3e,cfos
2670,"Central amygdalar nucleus, lateral part",negative,1,BRAC5603.3e,cfos
2671,"Central amygdalar nucleus, lateral part",positive,430,BRAC5603.3e,cfos
2672,"Central amygdalar nucleus, medial part",negative,12,BRAC5603.3e,cfos
2673,"Central amygdalar nucleus, medial part",positive,1620,BRAC5603.3e,cfos
2674,Central lateral nucleus of the thalamus,negative,1,BRAC5603.3e,cfos
2675,Central lateral nucleus of the thalamus,positive,1128,BRAC5603.3e,cfos
2676,Central medial nucleus of the thalamus,negative,0,BRAC5603.3e,cfos
2677,Central medial nucleus of the thalamus,positive,988,BRAC5603.3e,cfos
2678,Claustrum,negative,6,BRAC5603.3e,cfos
2679,Claustrum,positive,1204,BRAC5603.3e,cfos
2680,"Cortical amygdalar area, anterior part",negative,13,BRAC5603.3e,cfos
2681,"Cortical amygdalar area, anterior part",positive,3707,BRAC5603.3e,cfos
2682,"Cortical amygdalar area, posterior part, lateral zone",negative,67,BRAC5603.3e,cfos
2683,"Cortical amygdalar area, posterior part, lateral zone",positive,2468,BRAC5603.3e,cfos
2684,"Cortical amygdalar area, posterior part, medial zone",negative,56,BRAC5603.3e,cfos
2685,"Cortical amygdalar area, posterior part, medial zone",positive,3371,BRAC5603.3e,cfos
2686,Cortical subplate,negative,13,BRAC5603.3e,cfos
2687,Cortical subplate,positive,808,BRAC5603.3e,cfos
2688,"Dentate gyrus, granule cell layer",negative,10,BRAC5603.3e,cfos
2689,"Dentate gyrus, granule cell layer",positive,1513,BRAC5603.3e,cfos
2690,"Dentate gyrus, molecular layer",negative,16,BRAC5603.3e,cfos
2691,"Dentate gyrus, molecular layer",positive,3359,BRAC5603.3e,cfos
2692,"Dentate gyrus, polymorph layer",negative,2,BRAC5603.3e,cfos
2693,"Dentate gyrus, polymorph layer",positive,387,BRAC5603.3e,cfos
2694,Diagonal band nucleus,negative,20,BRAC5603.3e,cfos
2695,Diagonal band nucleus,positive,1848,BRAC5603.3e,cfos
2696,"Dorsal auditory area, layer 1",negative,0,BRAC5603.3e,cfos
2697,"Dorsal auditory area, layer 1",positive,411,BRAC5603.3e,cfos
2698,"Dorsal auditory area, layer 2/3",negative,0,BRAC5603.3e,cfos
2699,"Dorsal auditory area, layer 2/3",positive,1960,BRAC5603.3e,cfos
2700,"Dorsal auditory area, layer 4",negative,0,BRAC5603.3e,cfos
2701,"Dorsal auditory area, layer 4",positive,987,BRAC5603.3e,cfos
2702,"Dorsal auditory area, layer 5",negative,0,BRAC5603.3e,cfos
2703,"Dorsal auditory area, layer 5",positive,1470,BRAC5603.3e,cfos
2704,"Dorsal auditory area, layer 6a",negative,0,BRAC5603.3e,cfos
2705,"Dorsal auditory area, layer 6a",positive,703,BRAC5603.3e,cfos
2706,"Dorsal auditory area, layer 6b",negative,0,BRAC5603.3e,cfos
2707,"Dorsal auditory area, layer 6b",positive,49,BRAC5603.3e,cfos
2708,"Dorsal part of the lateral geniculate complex, core",negative,0,BRAC5603.3e,cfos
2709,"Dorsal part of the lateral geniculate complex, core",positive,955,BRAC5603.3e,cfos
2710,"Dorsal part of the lateral geniculate complex, ipsilateral zone",negative,0,BRAC5603.3e,cfos
2711,"Dorsal part of the lateral geniculate complex, ipsilateral zone",positive,185,BRAC5603.3e,cfos
2712,"Dorsal part of the lateral geniculate complex, shell",negative,1,BRAC5603.3e,cfos
2713,"Dorsal part of the lateral geniculate complex, shell",positive,311,BRAC5603.3e,cfos
2714,Dorsal premammillary nucleus,negative,0,BRAC5603.3e,cfos
2715,Dorsal premammillary nucleus,positive,333,BRAC5603.3e,cfos
2716,Dorsomedial nucleus of the hypothalamus,negative,22,BRAC5603.3e,cfos
2717,Dorsomedial nucleus of the hypothalamus,positive,2522,BRAC5603.3e,cfos
2718,Ectorhinal area/Layer 1,negative,0,BRAC5603.3e,cfos
2719,Ectorhinal area/Layer 1,positive,264,BRAC5603.3e,cfos
2720,Ectorhinal area/Layer 2/3,negative,10,BRAC5603.3e,cfos
2721,Ectorhinal area/Layer 2/3,positive,1474,BRAC5603.3e,cfos
2722,Ectorhinal area/Layer 5,negative,1,BRAC5603.3e,cfos
2723,Ectorhinal area/Layer 5,positive,1703,BRAC5603.3e,cfos
2724,Ectorhinal area/Layer 6a,negative,4,BRAC5603.3e,cfos
2725,Ectorhinal area/Layer 6a,positive,1014,BRAC5603.3e,cfos
2726,Ectorhinal area/Layer 6b,negative,1,BRAC5603.3e,cfos
2727,Ectorhinal area/Layer 6b,positive,86,BRAC5603.3e,cfos
2728,Edinger-Westphal nucleus,negative,0,BRAC5603.3e,cfos
2729,Edinger-Westphal nucleus,positive,21,BRAC5603.3e,cfos
2730,"Endopiriform nucleus, dorsal part",negative,43,BRAC5603.3e,cfos
2731,"Endopiriform nucleus, dorsal part",positive,3131,BRAC5603.3e,cfos
2732,"Endopiriform nucleus, ventral part",negative,39,BRAC5603.3e,cfos
2733,"Endopiriform nucleus, ventral part",positive,1635,BRAC5603.3e,cfos
2734,"Entorhinal area, lateral part, layer 1",negative,4,BRAC5603.3e,cfos
2735,"Entorhinal area, lateral part, layer 1",positive,760,BRAC5603.3e,cfos
2736,"Entorhinal area, lateral part, layer 2",negative,4,BRAC5603.3e,cfos
2737,"Entorhinal area, lateral part, layer 2",positive,1957,BRAC5603.3e,cfos
2738,"Entorhinal area, lateral part, layer 3",negative,3,BRAC5603.3e,cfos
2739,"Entorhinal area, lateral part, layer 3",positive,1145,BRAC5603.3e,cfos
2740,"Entorhinal area, lateral part, layer 5",negative,10,BRAC5603.3e,cfos
2741,"Entorhinal area, lateral part, layer 5",positive,795,BRAC5603.3e,cfos
2742,"Entorhinal area, lateral part, layer 6a",negative,2,BRAC5603.3e,cfos
2743,"Entorhinal area, lateral part, layer 6a",positive,332,BRAC5603.3e,cfos
2744,Ethmoid nucleus of the thalamus,negative,0,BRAC5603.3e,cfos
2745,Ethmoid nucleus of the thalamus,positive,408,BRAC5603.3e,cfos
2746,Fasciola cinerea,negative,5,BRAC5603.3e,cfos
2747,Fasciola cinerea,positive,27,BRAC5603.3e,cfos
2748,Field CA1,negative,23,BRAC5603.3e,cfos
2749,Field CA1,positive,9949,BRAC5603.3e,cfos
2750,Field CA2,negative,0,BRAC5603.3e,cfos
2751,Field CA2,positive,647,BRAC5603.3e,cfos
2752,Field CA3,negative,5,BRAC5603.3e,cfos
2753,Field CA3,positive,6824,BRAC5603.3e,cfos
2754,Fields of Forel,negative,0,BRAC5603.3e,cfos
2755,Fields of Forel,positive,587,BRAC5603.3e,cfos
2756,Fundus of striatum,negative,4,BRAC5603.3e,cfos
2757,Fundus of striatum,positive,630,BRAC5603.3e,cfos
2758,"Globus pallidus, external segment",negative,1,BRAC5603.3e,cfos
2759,"Globus pallidus, external segment",positive,1433,BRAC5603.3e,cfos
2760,"Globus pallidus, internal segment",negative,3,BRAC5603.3e,cfos
2761,"Globus pallidus, internal segment",positive,276,BRAC5603.3e,cfos
2762,"Gustatory areas, layer 1",negative,1,BRAC5603.3e,cfos
2763,"Gustatory areas, layer 1",positive,146,BRAC5603.3e,cfos
2764,"Gustatory areas, layer 2/3",negative,0,BRAC5603.3e,cfos
2765,"Gustatory areas, layer 2/3",positive,983,BRAC5603.3e,cfos
2766,"Gustatory areas, layer 4",negative,0,BRAC5603.3e,cfos
2767,"Gustatory areas, layer 4",positive,446,BRAC5603.3e,cfos
2768,"Gustatory areas, layer 5",negative,3,BRAC5603.3e,cfos
2769,"Gustatory areas, layer 5",positive,998,BRAC5603.3e,cfos
2770,"Gustatory areas, layer 6a",negative,12,BRAC5603.3e,cfos
2771,"Gustatory areas, layer 6a",positive,601,BRAC5603.3e,cfos
2772,"Gustatory areas, layer 6b",negative,0,BRAC5603.3e,cfos
2773,"Gustatory areas, layer 6b",positive,22,BRAC5603.3e,cfos
2774,Hippocampal formation,negative,0,BRAC5603.3e,cfos
2775,Hippocampal formation,positive,336,BRAC5603.3e,cfos
2776,Hippocampo-amygdalar transition area,negative,0,BRAC5603.3e,cfos
2777,Hippocampo-amygdalar transition area,positive,183,BRAC5603.3e,cfos
2778,Hypothalamus,negative,116,BRAC5603.3e,cfos
2779,Hypothalamus,positive,9026,BRAC5603.3e,cfos
2780,Induseum griseum,negative,2,BRAC5603.3e,cfos
2781,Induseum griseum,positive,148,BRAC5603.3e,cfos
2782,Interanterodorsal nucleus of the thalamus,negative,0,BRAC5603.3e,cfos
2783,Interanterodorsal nucleus of the thalamus,positive,850,BRAC5603.3e,cfos
2784,Interanteromedial nucleus of the thalamus,negative,0,BRAC5603.3e,cfos
2785,Interanteromedial nucleus of the thalamus,positive,274,BRAC5603.3e,cfos
2786,Intercalated amygdalar nucleus,negative,1,BRAC5603.3e,cfos
2787,Intercalated amygdalar nucleus,positive,658,BRAC5603.3e,cfos
2788,Interfascicular nucleus raphe,negative,1,BRAC5603.3e,cfos
2789,Interfascicular nucleus raphe,positive,123,BRAC5603.3e,cfos
2790,Intergeniculate leaflet of the lateral geniculate complex,negative,2,BRAC5603.3e,cfos
2791,Intergeniculate leaflet of the lateral geniculate complex,positive,354,BRAC5603.3e,cfos
2792,Intermediate geniculate nucleus,negative,0,BRAC5603.3e,cfos
2793,Intermediate geniculate nucleus,positive,45,BRAC5603.3e,cfos
2794,Intermediodorsal nucleus of the thalamus,negative,1,BRAC5603.3e,cfos
2795,Intermediodorsal nucleus of the thalamus,positive,765,BRAC5603.3e,cfos
2796,"Interpeduncular nucleus, rostral",negative,0,BRAC5603.3e,cfos
2797,"Interpeduncular nucleus, rostral",positive,61,BRAC5603.3e,cfos
2798,"Interpeduncular nucleus, rostrolateral",negative,0,BRAC5603.3e,cfos
2799,"Interpeduncular nucleus, rostrolateral",positive,52,BRAC5603.3e,cfos
2800,Interstitial nucleus of Cajal,negative,0,BRAC5603.3e,cfos
2801,Interstitial nucleus of Cajal,positive,59,BRAC5603.3e,cfos
2802,Lateral amygdalar nucleus,negative,28,BRAC5603.3e,cfos
2803,Lateral amygdalar nucleus,positive,1038,BRAC5603.3e,cfos
2804,Lateral dorsal nucleus of thalamus,negative,1,BRAC5603.3e,cfos
2805,Lateral dorsal nucleus of thalamus,positive,1537,BRAC5603.3e,cfos
2806,Lateral habenula,negative,0,BRAC5603.3e,cfos
2807,Lateral habenula,positive,1636,BRAC5603.3e,cfos
2808,Lateral hypothalamic area,negative,38,BRAC5603.3e,cfos
2809,Lateral hypothalamic area,positive,5732,BRAC5603.3e,cfos
2810,Lateral mammillary nucleus,negative,5,BRAC5603.3e,cfos
2811,Lateral mammillary nucleus,positive,154,BRAC5603.3e,cfos
2812,Lateral posterior nucleus of the thalamus,negative,4,BRAC5603.3e,cfos
2813,Lateral posterior nucleus of the thalamus,positive,1783,BRAC5603.3e,cfos
2814,Lateral preoptic area,negative,7,BRAC5603.3e,cfos
2815,Lateral preoptic area,positive,814,BRAC5603.3e,cfos
2816,"Lateral septal nucleus, caudal (caudodorsal) part",negative,9,BRAC5603.3e,cfos
2817,"Lateral septal nucleus, caudal (caudodorsal) part",positive,182,BRAC5603.3e,cfos
2818,"Lateral septal nucleus, rostral (rostroventral) part",negative,57,BRAC5603.3e,cfos
2819,"Lateral septal nucleus, rostral (rostroventral) part",positive,4589,BRAC5603.3e,cfos
2820,"Lateral septal nucleus, ventral part",negative,10,BRAC5603.3e,cfos
2821,"Lateral septal nucleus, ventral part",positive,2920,BRAC5603.3e,cfos
2822,Lateral terminal nucleus of the accessory optic tract,negative,0,BRAC5603.3e,cfos
2823,Lateral terminal nucleus of the accessory optic tract,positive,27,BRAC5603.3e,cfos
2824,Magnocellular nucleus,negative,2,BRAC5603.3e,cfos
2825,Magnocellular nucleus,positive,545,BRAC5603.3e,cfos
2826,Medial accesory oculomotor nucleus,negative,0,BRAC5603.3e,cfos
2827,Medial accesory oculomotor nucleus,positive,12,BRAC5603.3e,cfos
2828,Medial amygdalar nucleus,negative,100,BRAC5603.3e,cfos
2829,Medial amygdalar nucleus,positive,8831,BRAC5603.3e,cfos
2830,"Medial geniculate complex, dorsal part",negative,1,BRAC5603.3e,cfos
2831,"Medial geniculate complex, dorsal part",positive,81,BRAC5603.3e,cfos
2832,"Medial geniculate complex, medial part",negative,0,BRAC5603.3e,cfos
2833,"Medial geniculate complex, medial part",positive,497,BRAC5603.3e,cfos
2834,"Medial geniculate complex, ventral part",negative,2,BRAC5603.3e,cfos
2835,"Medial geniculate complex, ventral part",positive,206,BRAC5603.3e,cfos
2836,Medial habenula,negative,1,BRAC5603.3e,cfos
2837,Medial habenula,positive,659,BRAC5603.3e,cfos
2838,"Medial mammillary nucleus, dorsal part",negative,1,BRAC5603.3e,cfos
2839,"Medial mammillary nucleus, dorsal part",positive,105,BRAC5603.3e,cfos
2840,"Medial mammillary nucleus, lateral part",negative,6,BRAC5603.3e,cfos
2841,"Medial mammillary nucleus, lateral part",positive,447,BRAC5603.3e,cfos
2842,"Medial mammillary nucleus, medial part",negative,1,BRAC5603.3e,cfos
2843,"Medial mammillary nucleus, medial part",positive,355,BRAC5603.3e,cfos
2844,"Medial mammillary nucleus, median part",negative,1,BRAC5603.3e,cfos
2845,"Medial mammillary nucleus, median part",positive,173,BRAC5603.3e,cfos
2846,"Medial mammillary nucleus, posterior part",negative,0,BRAC5603.3e,cfos
2847,"Medial mammillary nucleus, posterior part",positive,30,BRAC5603.3e,cfos
2848,Medial preoptic area,negative,9,BRAC5603.3e,cfos
2849,Medial preoptic area,positive,1377,BRAC5603.3e,cfos
2850,Medial preoptic nucleus,negative,12,BRAC5603.3e,cfos
2851,Medial preoptic nucleus,positive,1486,BRAC5603.3e,cfos
2852,Medial pretectal area,negative,0,BRAC5603.3e,cfos
2853,Medial pretectal area,positive,390,BRAC5603.3e,cfos
2854,Medial septal nucleus,negative,1,BRAC5603.3e,cfos
2855,Medial septal nucleus,positive,1226,BRAC5603.3e,cfos
2856,Medial terminal nucleus of the accessory optic tract,negative,0,BRAC5603.3e,cfos
2857,Medial terminal nucleus of the accessory optic tract,positive,33,BRAC5603.3e,cfos
2858,Median eminence,negative,1,BRAC5603.3e,cfos
2859,Median eminence,positive,54,BRAC5603.3e,cfos
2860,Median preoptic nucleus,negative,0,BRAC5603.3e,cfos
2861,Median preoptic nucleus,positive,46,BRAC5603.3e,cfos
2862,Mediodorsal nucleus of thalamus,negative,2,BRAC5603.3e,cfos
2863,Mediodorsal nucleus of thalamus,positive,3826,BRAC5603.3e,cfos
2864,Midbrain,negative,19,BRAC5603.3e,cfos
2865,Midbrain,positive,7418,BRAC5603.3e,cfos
2866,Midbrain reticular nucleus,negative,0,BRAC5603.3e,cfos
2867,Midbrain reticular nucleus,positive,1936,BRAC5603.3e,cfos
2868,Nucleus accumbens,negative,23,BRAC5603.3e,cfos
2869,Nucleus accumbens,positive,10304,BRAC5603.3e,cfos
2870,Nucleus of Darkschewitsch,negative,0,BRAC5603.3e,cfos
2871,Nucleus of Darkschewitsch,positive,80,BRAC5603.3e,cfos
2872,Nucleus of reuniens,negative,2,BRAC5603.3e,cfos
2873,Nucleus of reuniens,positive,2085,BRAC5603.3e,cfos
2874,"Nucleus of the lateral olfactory tract, layer 3",negative,0,BRAC5603.3e,cfos
2875,"Nucleus of the lateral olfactory tract, layer 3",positive,279,BRAC5603.3e,cfos
2876,"Nucleus of the lateral olfactory tract, molecular layer",negative,3,BRAC5603.3e,cfos
2877,"Nucleus of the lateral olfactory tract, molecular layer",positive,439,BRAC5603.3e,cfos
2878,"Nucleus of the lateral olfactory tract, pyramidal layer",negative,0,BRAC5603.3e,cfos
2879,"Nucleus of the lateral olfactory tract, pyramidal layer",positive,919,BRAC5603.3e,cfos
2880,Nucleus of the optic tract,negative,0,BRAC5603.3e,cfos
2881,Nucleus of the optic tract,positive,731,BRAC5603.3e,cfos
2882,Nucleus of the posterior commissure,negative,0,BRAC5603.3e,cfos
2883,Nucleus of the posterior commissure,positive,1942,BRAC5603.3e,cfos
2884,Olfactory areas,negative,15,BRAC5603.3e,cfos
2885,Olfactory areas,positive,1344,BRAC5603.3e,cfos
2886,Olfactory tubercle,negative,12,BRAC5603.3e,cfos
2887,Olfactory tubercle,positive,7420,BRAC5603.3e,cfos
2888,Olivary pretectal nucleus,negative,0,BRAC5603.3e,cfos
2889,Olivary pretectal nucleus,positive,296,BRAC5603.3e,cfos
2890,Pallidum,negative,16,BRAC5603.3e,cfos
2891,Pallidum,positive,1582,BRAC5603.3e,cfos
2892,Paracentral nucleus,negative,1,BRAC5603.3e,cfos
2893,Paracentral nucleus,positive,203,BRAC5603.3e,cfos
2894,Parafascicular nucleus,negative,0,BRAC5603.3e,cfos
2895,Parafascicular nucleus,positive,1013,BRAC5603.3e,cfos
2896,Parastrial nucleus,negative,0,BRAC5603.3e,cfos
2897,Parastrial nucleus,positive,303,BRAC5603.3e,cfos
2898,Parasubthalamic nucleus,negative,2,BRAC5603.3e,cfos
2899,Parasubthalamic nucleus,positive,597,BRAC5603.3e,cfos
2900,Parataenial nucleus,negative,0,BRAC5603.3e,cfos
2901,Parataenial nucleus,positive,1479,BRAC5603.3e,cfos
2902,Paraventricular hypothalamic nucleus,negative,12,BRAC5603.3e,cfos
2903,Paraventricular hypothalamic nucleus,positive,1780,BRAC5603.3e,cfos
2904,"Paraventricular hypothalamic nucleus, descending division",negative,1,BRAC5603.3e,cfos
2905,"Paraventricular hypothalamic nucleus, descending division",positive,596,BRAC5603.3e,cfos
2906,Paraventricular nucleus of the thalamus,negative,9,BRAC5603.3e,cfos
2907,Paraventricular nucleus of the thalamus,positive,3862,BRAC5603.3e,cfos
2908,Periaqueductal gray,negative,1,BRAC5603.3e,cfos
2909,Periaqueductal gray,positive,1753,BRAC5603.3e,cfos
2910,Perifornical nucleus,negative,1,BRAC5603.3e,cfos
2911,Perifornical nucleus,positive,722,BRAC5603.3e,cfos
2912,Peripeduncular nucleus,negative,0,BRAC5603.3e,cfos
2913,Peripeduncular nucleus,positive,11,BRAC5603.3e,cfos
2914,Perireunensis nucleus,negative,1,BRAC5603.3e,cfos
2915,Perireunensis nucleus,positive,562,BRAC5603.3e,cfos
2916,"Perirhinal area, layer 1",negative,4,BRAC5603.3e,cfos
2917,"Perirhinal area, layer 1",positive,323,BRAC5603.3e,cfos
2918,"Perirhinal area, layer 2/3",negative,2,BRAC5603.3e,cfos
2919,"Perirhinal area, layer 2/3",positive,843,BRAC5603.3e,cfos
2920,"Perirhinal area, layer 5",negative,1,BRAC5603.3e,cfos
2921,"Perirhinal area, layer 5",positive,271,BRAC5603.3e,cfos
2922,"Perirhinal area, layer 6a",negative,0,BRAC5603.3e,cfos
2923,"Perirhinal area, layer 6a",positive,21,BRAC5603.3e,cfos
2924,"Perirhinal area, layer 6b",negative,0,BRAC5603.3e,cfos
2925,"Perirhinal area, layer 6b",positive,2,BRAC5603.3e,cfos
2926,"Periventricular hypothalamic nucleus, anterior part",negative,0,BRAC5603.3e,cfos
2927,"Periventricular hypothalamic nucleus, anterior part",positive,436,BRAC5603.3e,cfos
2928,"Periventricular hypothalamic nucleus, intermediate part",negative,29,BRAC5603.3e,cfos
2929,"Periventricular hypothalamic nucleus, intermediate part",positive,580,BRAC5603.3e,cfos
2930,"Periventricular hypothalamic nucleus, posterior part",negative,23,BRAC5603.3e,cfos
2931,"Periventricular hypothalamic nucleus, posterior part",positive,207,BRAC5603.3e,cfos
2932,"Periventricular hypothalamic nucleus, preoptic part",negative,13,BRAC5603.3e,cfos
2933,"Periventricular hypothalamic nucleus, preoptic part",positive,313,BRAC5603.3e,cfos
2934,Piriform area,negative,160,BRAC5603.3e,cfos
2935,Piriform area,positive,27899,BRAC5603.3e,cfos
2936,Piriform-amygdalar area,negative,56,BRAC5603.3e,cfos
2937,Piriform-amygdalar area,positive,3229,BRAC5603.3e,cfos
2938,Posterior amygdalar nucleus,negative,7,BRAC5603.3e,cfos
2939,Posterior amygdalar nucleus,positive,2330,BRAC5603.3e,cfos
2940,"Posterior auditory area, layer 1",negative,0,BRAC5603.3e,cfos
2941,"Posterior auditory area, layer 1",positive,106,BRAC5603.3e,cfos
2942,"Posterior auditory area, layer 2/3",negative,0,BRAC5603.3e,cfos
2943,"Posterior auditory area, layer 2/3",positive,447,BRAC5603.3e,cfos
2944,"Posterior auditory area, layer 4",negative,0,BRAC5603.3e,cfos
2945,"Posterior auditory area, layer 4",positive,255,BRAC5603.3e,cfos
2946,"Posterior auditory area, layer 5",negative,0,BRAC5603.3e,cfos
2947,"Posterior auditory area, layer 5",positive,470,BRAC5603.3e,cfos
2948,"Posterior auditory area, layer 6a",negative,0,BRAC5603.3e,cfos
2949,"Posterior auditory area, layer 6a",positive,170,BRAC5603.3e,cfos
2950,"Posterior auditory area, layer 6b",negative,0,BRAC5603.3e,cfos
2951,"Posterior auditory area, layer 6b",positive,47,BRAC5603.3e,cfos
2952,Posterior complex of the thalamus,negative,2,BRAC5603.3e,cfos
2953,Posterior complex of the thalamus,positive,1652,BRAC5603.3e,cfos
2954,Posterior hypothalamic nucleus,negative,12,BRAC5603.3e,cfos
2955,Posterior hypothalamic nucleus,positive,3415,BRAC5603.3e,cfos
2956,Posterior intralaminar thalamic nucleus,negative,2,BRAC5603.3e,cfos
2957,Posterior intralaminar thalamic nucleus,positive,80,BRAC5603.3e,cfos
2958,Posterior limiting nucleus of the thalamus,negative,1,BRAC5603.3e,cfos
2959,Posterior limiting nucleus of the thalamus,positive,402,BRAC5603.3e,cfos
2960,Posterior pretectal nucleus,negative,0,BRAC5603.3e,cfos
2961,Posterior pretectal nucleus,positive,1110,BRAC5603.3e,cfos
2962,Posterior triangular thalamic nucleus,negative,1,BRAC5603.3e,cfos
2963,Posterior triangular thalamic nucleus,positive,706,BRAC5603.3e,cfos
2964,Posterodorsal preoptic nucleus,negative,0,BRAC5603.3e,cfos
2965,Posterodorsal preoptic nucleus,positive,68,BRAC5603.3e,cfos
2966,Postpiriform transition area,negative,12,BRAC5603.3e,cfos
2967,Postpiriform transition area,positive,669,BRAC5603.3e,cfos
2968,Precommissural nucleus,negative,1,BRAC5603.3e,cfos
2969,Precommissural nucleus,positive,447,BRAC5603.3e,cfos
2970,Preparasubthalamic nucleus,negative,0,BRAC5603.3e,cfos
2971,Preparasubthalamic nucleus,positive,38,BRAC5603.3e,cfos
2972,"Primary auditory area, layer 1",negative,3,BRAC5603.3e,cfos
2973,"Primary auditory area, layer 1",positive,670,BRAC5603.3e,cfos
2974,"Primary auditory area, layer 2/3",negative,0,BRAC5603.3e,cfos
2975,"Primary auditory area, layer 2/3",positive,2502,BRAC5603.3e,cfos
2976,"Primary auditory area, layer 4",negative,0,BRAC5603.3e,cfos
2977,"Primary auditory area, layer 4",positive,1578,BRAC5603.3e,cfos
2978,"Primary auditory area, layer 5",negative,0,BRAC5603.3e,cfos
2979,"Primary auditory area, layer 5",positive,2690,BRAC5603.3e,cfos
2980,"Primary auditory area, layer 6a",negative,0,BRAC5603.3e,cfos
2981,"Primary auditory area, layer 6a",positive,969,BRAC5603.3e,cfos
2982,"Primary auditory area, layer 6b",negative,0,BRAC5603.3e,cfos
2983,"Primary auditory area, layer 6b",positive,93,BRAC5603.3e,cfos
2984,"Primary motor area, Layer 1",negative,13,BRAC5603.3e,cfos
2985,"Primary motor area, Layer 1",positive,1099,BRAC5603.3e,cfos
2986,"Primary motor area, Layer 2/3",negative,9,BRAC5603.3e,cfos
2987,"Primary motor area, Layer 2/3",positive,9343,BRAC5603.3e,cfos
2988,"Primary motor area, Layer 5",negative,33,BRAC5603.3e,cfos
2989,"Primary motor area, Layer 5",positive,6116,BRAC5603.3e,cfos
2990,"Primary motor area, Layer 6a",negative,55,BRAC5603.3e,cfos
2991,"Primary motor area, Layer 6a",positive,4229,BRAC5603.3e,cfos
2992,"Primary motor area, Layer 6b",negative,7,BRAC5603.3e,cfos
2993,"Primary motor area, Layer 6b",positive,170,BRAC5603.3e,cfos
2994,"Primary somatosensory area, barrel field, layer 1",negative,13,BRAC5603.3e,cfos
2995,"Primary somatosensory area, barrel field, layer 1",positive,2443,BRAC5603.3e,cfos
2996,"Primary somatosensory area, barrel field, layer 2/3",negative,3,BRAC5603.3e,cfos
2997,"Primary somatosensory area, barrel field, layer 2/3",positive,9958,BRAC5603.3e,cfos
2998,"Primary somatosensory area, barrel field, layer 4",negative,3,BRAC5603.3e,cfos
2999,"Primary somatosensory area, barrel field, layer 4",positive,9521,BRAC5603.3e,cfos
3000,"Primary somatosensory area, barrel field, layer 5",negative,11,BRAC5603.3e,cfos
3001,"Primary somatosensory area, barrel field, layer 5",positive,6093,BRAC5603.3e,cfos
3002,"Primary somatosensory area, barrel field, layer 6a",negative,16,BRAC5603.3e,cfos
3003,"Primary somatosensory area, barrel field, layer 6a",positive,5060,BRAC5603.3e,cfos
3004,"Primary somatosensory area, barrel field, layer 6b",negative,0,BRAC5603.3e,cfos
3005,"Primary somatosensory area, barrel field, layer 6b",positive,177,BRAC5603.3e,cfos
3006,"Primary somatosensory area, lower limb, layer 1",negative,0,BRAC5603.3e,cfos
3007,"Primary somatosensory area, lower limb, layer 1",positive,608,BRAC5603.3e,cfos
3008,"Primary somatosensory area, lower limb, layer 2/3",negative,2,BRAC5603.3e,cfos
3009,"Primary somatosensory area, lower limb, layer 2/3",positive,3586,BRAC5603.3e,cfos
3010,"Primary somatosensory area, lower limb, layer 4",negative,0,BRAC5603.3e,cfos
3011,"Primary somatosensory area, lower limb, layer 4",positive,1344,BRAC5603.3e,cfos
3012,"Primary somatosensory area, lower limb, layer 5",negative,2,BRAC5603.3e,cfos
3013,"Primary somatosensory area, lower limb, layer 5",positive,2392,BRAC5603.3e,cfos
3014,"Primary somatosensory area, lower limb, layer 6a",negative,6,BRAC5603.3e,cfos
3015,"Primary somatosensory area, lower limb, layer 6a",positive,1375,BRAC5603.3e,cfos
3016,"Primary somatosensory area, lower limb, layer 6b",negative,0,BRAC5603.3e,cfos
3017,"Primary somatosensory area, lower limb, layer 6b",positive,37,BRAC5603.3e,cfos
3018,"Primary somatosensory area, mouth, layer 1",negative,13,BRAC5603.3e,cfos
3019,"Primary somatosensory area, mouth, layer 1",positive,680,BRAC5603.3e,cfos
3020,"Primary somatosensory area, mouth, layer 2/3",negative,11,BRAC5603.3e,cfos
3021,"Primary somatosensory area, mouth, layer 2/3",positive,3169,BRAC5603.3e,cfos
3022,"Primary somatosensory area, mouth, layer 4",negative,2,BRAC5603.3e,cfos
3023,"Primary somatosensory area, mouth, layer 4",positive,2382,BRAC5603.3e,cfos
3024,"Primary somatosensory area, mouth, layer 5",negative,2,BRAC5603.3e,cfos
3025,"Primary somatosensory area, mouth, layer 5",positive,1799,BRAC5603.3e,cfos
3026,"Primary somatosensory area, mouth, layer 6a",negative,29,BRAC5603.3e,cfos
3027,"Primary somatosensory area, mouth, layer 6a",positive,2876,BRAC5603.3e,cfos
3028,"Primary somatosensory area, mouth, layer 6b",negative,1,BRAC5603.3e,cfos
3029,"Primary somatosensory area, mouth, layer 6b",positive,61,BRAC5603.3e,cfos
3030,"Primary somatosensory area, nose, layer 1",negative,4,BRAC5603.3e,cfos
3031,"Primary somatosensory area, nose, layer 1",positive,493,BRAC5603.3e,cfos
3032,"Primary somatosensory area, nose, layer 2/3",negative,1,BRAC5603.3e,cfos
3033,"Primary somatosensory area, nose, layer 2/3",positive,1935,BRAC5603.3e,cfos
3034,"Primary somatosensory area, nose, layer 4",negative,2,BRAC5603.3e,cfos
3035,"Primary somatosensory area, nose, layer 4",positive,4025,BRAC5603.3e,cfos
3036,"Primary somatosensory area, nose, layer 5",negative,4,BRAC5603.3e,cfos
3037,"Primary somatosensory area, nose, layer 5",positive,2371,BRAC5603.3e,cfos
3038,"Primary somatosensory area, nose, layer 6a",negative,1,BRAC5603.3e,cfos
3039,"Primary somatosensory area, nose, layer 6a",positive,4134,BRAC5603.3e,cfos
3040,"Primary somatosensory area, nose, layer 6b",negative,1,BRAC5603.3e,cfos
3041,"Primary somatosensory area, nose, layer 6b",positive,160,BRAC5603.3e,cfos
3042,"Primary somatosensory area, trunk, layer 1",negative,1,BRAC5603.3e,cfos
3043,"Primary somatosensory area, trunk, layer 1",positive,362,BRAC5603.3e,cfos
3044,"Primary somatosensory area, trunk, layer 2/3",negative,1,BRAC5603.3e,cfos
3045,"Primary somatosensory area, trunk, layer 2/3",positive,1316,BRAC5603.3e,cfos
3046,"Primary somatosensory area, trunk, layer 4",negative,0,BRAC5603.3e,cfos
3047,"Primary somatosensory area, trunk, layer 4",positive,413,BRAC5603.3e,cfos
3048,"Primary somatosensory area, trunk, layer 5",negative,2,BRAC5603.3e,cfos
3049,"Primary somatosensory area, trunk, layer 5",positive,835,BRAC5603.3e,cfos
3050,"Primary somatosensory area, trunk, layer 6a",negative,5,BRAC5603.3e,cfos
3051,"Primary somatosensory area, trunk, layer 6a",positive,341,BRAC5603.3e,cfos
3052,"Primary somatosensory area, trunk, layer 6b",negative,0,BRAC5603.3e,cfos
3053,"Primary somatosensory area, trunk, layer 6b",positive,8,BRAC5603.3e,cfos
3054,"Primary somatosensory area, unassigned, layer 1",negative,0,BRAC5603.3e,cfos
3055,"Primary somatosensory area, unassigned, layer 1",positive,463,BRAC5603.3e,cfos
3056,"Primary somatosensory area, unassigned, layer 2/3",negative,0,BRAC5603.3e,cfos
3057,"Primary somatosensory area, unassigned, layer 2/3",positive,2052,BRAC5603.3e,cfos
3058,"Primary somatosensory area, unassigned, layer 4",negative,0,BRAC5603.3e,cfos
3059,"Primary somatosensory area, unassigned, layer 4",positive,1404,BRAC5603.3e,cfos
3060,"Primary somatosensory area, unassigned, layer 5",negative,0,BRAC5603.3e,cfos
3061,"Primary somatosensory area, unassigned, layer 5",positive,1551,BRAC5603.3e,cfos
3062,"Primary somatosensory area, unassigned, layer 6a",negative,0,BRAC5603.3e,cfos
3063,"Primary somatosensory area, unassigned, layer 6a",positive,1576,BRAC5603.3e,cfos
3064,"Primary somatosensory area, unassigned, layer 6b",negative,0,BRAC5603.3e,cfos
3065,"Primary somatosensory area, unassigned, layer 6b",positive,49,BRAC5603.3e,cfos
3066,"Primary somatosensory area, upper limb, layer 1",negative,0,BRAC5603.3e,cfos
3067,"Primary somatosensory area, upper limb, layer 1",positive,989,BRAC5603.3e,cfos
3068,"Primary somatosensory area, upper limb, layer 2/3",negative,1,BRAC5603.3e,cfos
3069,"Primary somatosensory area, upper limb, layer 2/3",positive,4037,BRAC5603.3e,cfos
3070,"Primary somatosensory area, upper limb, layer 4",negative,2,BRAC5603.3e,cfos
3071,"Primary somatosensory area, upper limb, layer 4",positive,1862,BRAC5603.3e,cfos
3072,"Primary somatosensory area, upper limb, layer 5",negative,19,BRAC5603.3e,cfos
3073,"Primary somatosensory area, upper limb, layer 5",positive,2939,BRAC5603.3e,cfos
3074,"Primary somatosensory area, upper limb, layer 6a",negative,5,BRAC5603.3e,cfos
3075,"Primary somatosensory area, upper limb, layer 6a",positive,2743,BRAC5603.3e,cfos
3076,"Primary somatosensory area, upper limb, layer 6b",negative,1,BRAC5603.3e,cfos
3077,"Primary somatosensory area, upper limb, layer 6b",positive,94,BRAC5603.3e,cfos
3078,"Primary visual area, layer 1",negative,1,BRAC5603.3e,cfos
3079,"Primary visual area, layer 1",positive,731,BRAC5603.3e,cfos
3080,"Primary visual area, layer 2/3",negative,0,BRAC5603.3e,cfos
3081,"Primary visual area, layer 2/3",positive,2509,BRAC5603.3e,cfos
3082,"Primary visual area, layer 4",negative,0,BRAC5603.3e,cfos
3083,"Primary visual area, layer 4",positive,1830,BRAC5603.3e,cfos
3084,"Primary visual area, layer 5",negative,0,BRAC5603.3e,cfos
3085,"Primary visual area, layer 5",positive,2038,BRAC5603.3e,cfos
3086,"Primary visual area, layer 6a",negative,0,BRAC5603.3e,cfos
3087,"Primary visual area, layer 6a",positive,1039,BRAC5603.3e,cfos
3088,"Primary visual area, layer 6b",negative,0,BRAC5603.3e,cfos
3089,"Primary visual area, layer 6b",positive,221,BRAC5603.3e,cfos
3090,Prosubiculum,negative,6,BRAC5603.3e,cfos
3091,Prosubiculum,positive,179,BRAC5603.3e,cfos
3092,Red nucleus,negative,0,BRAC5603.3e,cfos
3093,Red nucleus,positive,70,BRAC5603.3e,cfos
3094,Reticular nucleus of the thalamus,negative,2,BRAC5603.3e,cfos
3095,Reticular nucleus of the thalamus,positive,1861,BRAC5603.3e,cfos
3096,Retrochiasmatic area,negative,5,BRAC5603.3e,cfos
3097,Retrochiasmatic area,positive,267,BRAC5603.3e,cfos
3098,Retroparafascicular nucleus,negative,0,BRAC5603.3e,cfos
3099,Retroparafascicular nucleus,positive,157,BRAC5603.3e,cfos
3100,"Retrosplenial area, dorsal part, layer 1",negative,6,BRAC5603.3e,cfos
3101,"Retrosplenial area, dorsal part, layer 1",positive,1571,BRAC5603.3e,cfos
3102,"Retrosplenial area, dorsal part, layer 2/3",negative,1,BRAC5603.3e,cfos
3103,"Retrosplenial area, dorsal part, layer 2/3",positive,5317,BRAC5603.3e,cfos
3104,"Retrosplenial area, dorsal part, layer 5",negative,1,BRAC5603.3e,cfos
3105,"Retrosplenial area, dorsal part, layer 5",positive,4497,BRAC5603.3e,cfos
3106,"Retrosplenial area, dorsal part, layer 6a",negative,8,BRAC5603.3e,cfos
3107,"Retrosplenial area, dorsal part, layer 6a",positive,1670,BRAC5603.3e,cfos
3108,"Retrosplenial area, dorsal part, layer 6b",negative,0,BRAC5603.3e,cfos
3109,"Retrosplenial area, dorsal part, layer 6b",positive,69,BRAC5603.3e,cfos
3110,"Retrosplenial area, lateral agranular part, layer 1",negative,6,BRAC5603.3e,cfos
3111,"Retrosplenial area, lateral agranular part, layer 1",positive,764,BRAC5603.3e,cfos
3112,"Retrosplenial area, lateral agranular part, layer 2/3",negative,0,BRAC5603.3e,cfos
3113,"Retrosplenial area, lateral agranular part, layer 2/3",positive,2282,BRAC5603.3e,cfos
3114,"Retrosplenial area, lateral agranular part, layer 5",negative,6,BRAC5603.3e,cfos
3115,"Retrosplenial area, lateral agranular part, layer 5",positive,2040,BRAC5603.3e,cfos
3116,"Retrosplenial area, lateral agranular part, layer 6a",negative,13,BRAC5603.3e,cfos
3117,"Retrosplenial area, lateral agranular part, layer 6a",positive,786,BRAC5603.3e,cfos
3118,"Retrosplenial area, lateral agranular part, layer 6b",negative,0,BRAC5603.3e,cfos
3119,"Retrosplenial area, lateral agranular part, layer 6b",positive,72,BRAC5603.3e,cfos
3120,"Retrosplenial area, ventral part, layer 1",negative,15,BRAC5603.3e,cfos
3121,"Retrosplenial area, ventral part, layer 1",positive,1359,BRAC5603.3e,cfos
3122,"Retrosplenial area, ventral part, layer 2/3",negative,9,BRAC5603.3e,cfos
3123,"Retrosplenial area, ventral part, layer 2/3",positive,3882,BRAC5603.3e,cfos
3124,"Retrosplenial area, ventral part, layer 5",negative,9,BRAC5603.3e,cfos
3125,"Retrosplenial area, ventral part, layer 5",positive,8509,BRAC5603.3e,cfos
3126,"Retrosplenial area, ventral part, layer 6a",negative,0,BRAC5603.3e,cfos
3127,"Retrosplenial area, ventral part, layer 6a",positive,2171,BRAC5603.3e,cfos
3128,"Retrosplenial area, ventral part, layer 6b",negative,0,BRAC5603.3e,cfos
3129,"Retrosplenial area, ventral part, layer 6b",positive,109,BRAC5603.3e,cfos
3130,Rhomboid nucleus,negative,0,BRAC5603.3e,cfos
3131,Rhomboid nucleus,positive,443,BRAC5603.3e,cfos
3132,Rostral linear nucleus raphe,negative,0,BRAC5603.3e,cfos
3133,Rostral linear nucleus raphe,positive,21,BRAC5603.3e,cfos
3134,"Rostrolateral area, layer 1",negative,0,BRAC5603.3e,cfos
3135,"Rostrolateral area, layer 1",positive,795,BRAC5603.3e,cfos
3136,"Rostrolateral area, layer 2/3",negative,0,BRAC5603.3e,cfos
3137,"Rostrolateral area, layer 2/3",positive,2920,BRAC5603.3e,cfos
3138,"Rostrolateral area, layer 4",negative,0,BRAC5603.3e,cfos
3139,"Rostrolateral area, layer 4",positive,1575,BRAC5603.3e,cfos
3140,"Rostrolateral area, layer 5",negative,0,BRAC5603.3e,cfos
3141,"Rostrolateral area, layer 5",positive,1883,BRAC5603.3e,cfos
3142,"Rostrolateral area, layer 6a",negative,1,BRAC5603.3e,cfos
3143,"Rostrolateral area, layer 6a",positive,1175,BRAC5603.3e,cfos
3144,"Rostrolateral area, layer 6b",negative,0,BRAC5603.3e,cfos
3145,"Rostrolateral area, layer 6b",positive,175,BRAC5603.3e,cfos
3146,"Secondary motor area, layer 1",negative,18,BRAC5603.3e,cfos
3147,"Secondary motor area, layer 1",positive,1501,BRAC5603.3e,cfos
3148,"Secondary motor area, layer 2/3",negative,9,BRAC5603.3e,cfos
3149,"Secondary motor area, layer 2/3",positive,8266,BRAC5603.3e,cfos
3150,"Secondary motor area, layer 5",negative,21,BRAC5603.3e,cfos
3151,"Secondary motor area, layer 5",positive,8506,BRAC5603.3e,cfos
3152,"Secondary motor area, layer 6a",negative,55,BRAC5603.3e,cfos
3153,"Secondary motor area, layer 6a",positive,3648,BRAC5603.3e,cfos
3154,"Secondary motor area, layer 6b",negative,2,BRAC5603.3e,cfos
3155,"Secondary motor area, layer 6b",positive,67,BRAC5603.3e,cfos
3156,Septofimbrial nucleus,negative,10,BRAC5603.3e,cfos
3157,Septofimbrial nucleus,positive,349,BRAC5603.3e,cfos
3158,Septohippocampal nucleus,negative,0,BRAC5603.3e,cfos
3159,Septohippocampal nucleus,positive,31,BRAC5603.3e,cfos
3160,Striatum,negative,36,BRAC5603.3e,cfos
3161,Striatum,positive,4930,BRAC5603.3e,cfos
3162,Subcommissural organ,negative,1,BRAC5603.3e,cfos
3163,Subcommissural organ,positive,33,BRAC5603.3e,cfos
3164,Subfornical organ,negative,0,BRAC5603.3e,cfos
3165,Subfornical organ,positive,39,BRAC5603.3e,cfos
3166,Subgeniculate nucleus,negative,0,BRAC5603.3e,cfos
3167,Subgeniculate nucleus,positive,21,BRAC5603.3e,cfos
3168,Subiculum,negative,3,BRAC5603.3e,cfos
3169,Subiculum,positive,1092,BRAC5603.3e,cfos
3170,Submedial nucleus of the thalamus,negative,0,BRAC5603.3e,cfos
3171,Submedial nucleus of the thalamus,positive,597,BRAC5603.3e,cfos
3172,Subparafascicular area,negative,0,BRAC5603.3e,cfos
3173,Subparafascicular area,positive,337,BRAC5603.3e,cfos
3174,"Subparafascicular nucleus, magnocellular part",negative,0,BRAC5603.3e,cfos
3175,"Subparafascicular nucleus, magnocellular part",positive,346,BRAC5603.3e,cfos
3176,"Subparafascicular nucleus, parvicellular part",negative,1,BRAC5603.3e,cfos
3177,"Subparafascicular nucleus, parvicellular part",positive,441,BRAC5603.3e,cfos
3178,Subparaventricular zone,negative,5,BRAC5603.3e,cfos
3179,Subparaventricular zone,positive,1342,BRAC5603.3e,cfos
3180,Substantia innominata,negative,9,BRAC5603.3e,cfos
3181,Substantia innominata,positive,4053,BRAC5603.3e,cfos
3182,"Substantia nigra, compact part",negative,0,BRAC5603.3e,cfos
3183,"Substantia nigra, compact part",positive,107,BRAC5603.3e,cfos
3184,"Substantia nigra, reticular part",negative,0,BRAC5603.3e,cfos
3185,"Substantia nigra, reticular part",positive,510,BRAC5603.3e,cfos
3186,Subthalamic nucleus,negative,0,BRAC5603.3e,cfos
3187,Subthalamic nucleus,positive,547,BRAC5603.3e,cfos
3188,"Superior colliculus, motor related, intermediate gray layer",negative,0,BRAC5603.3e,cfos
3189,"Superior colliculus, motor related, intermediate gray layer",positive,348,BRAC5603.3e,cfos
3190,"Superior colliculus, motor related, intermediate white layer",negative,0,BRAC5603.3e,cfos
3191,"Superior colliculus, motor related, intermediate white layer",positive,140,BRAC5603.3e,cfos
3192,"Superior colliculus, optic layer",negative,0,BRAC5603.3e,cfos
3193,"Superior colliculus, optic layer",positive,115,BRAC5603.3e,cfos
3194,"Superior colliculus, zonal layer",negative,0,BRAC5603.3e,cfos
3195,"Superior colliculus, zonal layer",positive,4,BRAC5603.3e,cfos
3196,"Supplemental somatosensory area, layer 1",negative,7,BRAC5603.3e,cfos
3197,"Supplemental somatosensory area, layer 1",positive,1559,BRAC5603.3e,cfos
3198,"Supplemental somatosensory area, layer 2/3",negative,1,BRAC5603.3e,cfos
3199,"Supplemental somatosensory area, layer 2/3",positive,6210,BRAC5603.3e,cfos
3200,"Supplemental somatosensory area, layer 4",negative,1,BRAC5603.3e,cfos
3201,"Supplemental somatosensory area, layer 4",positive,5531,BRAC5603.3e,cfos
3202,"Supplemental somatosensory area, layer 5",negative,0,BRAC5603.3e,cfos
3203,"Supplemental somatosensory area, layer 5",positive,5990,BRAC5603.3e,cfos
3204,"Supplemental somatosensory area, layer 6a",negative,2,BRAC5603.3e,cfos
3205,"Supplemental somatosensory area, layer 6a",positive,5197,BRAC5603.3e,cfos
3206,"Supplemental somatosensory area, layer 6b",negative,3,BRAC5603.3e,cfos
3207,"Supplemental somatosensory area, layer 6b",positive,309,BRAC5603.3e,cfos
3208,Suprachiasmatic nucleus,negative,1,BRAC5603.3e,cfos
3209,Suprachiasmatic nucleus,positive,706,BRAC5603.3e,cfos
3210,Suprageniculate nucleus,negative,0,BRAC5603.3e,cfos
3211,Suprageniculate nucleus,positive,248,BRAC5603.3e,cfos
3212,Supramammillary nucleus,negative,11,BRAC5603.3e,cfos
3213,Supramammillary nucleus,positive,1045,BRAC5603.3e,cfos
3214,Supraoptic nucleus,negative,0,BRAC5603.3e,cfos
3215,Supraoptic nucleus,positive,199,BRAC5603.3e,cfos
3216,"Temporal association areas, layer 1",negative,15,BRAC5603.3e,cfos
3217,"Temporal association areas, layer 1",positive,302,BRAC5603.3e,cfos
3218,"Temporal association areas, layer 2/3",negative,0,BRAC5603.3e,cfos
3219,"Temporal association areas, layer 2/3",positive,1245,BRAC5603.3e,cfos
3220,"Temporal association areas, layer 4",negative,0,BRAC5603.3e,cfos
3221,"Temporal association areas, layer 4",positive,586,BRAC5603.3e,cfos
3222,"Temporal association areas, layer 5",negative,5,BRAC5603.3e,cfos
3223,"Temporal association areas, layer 5",positive,1813,BRAC5603.3e,cfos
3224,"Temporal association areas, layer 6a",negative,2,BRAC5603.3e,cfos
3225,"Temporal association areas, layer 6a",positive,1182,BRAC5603.3e,cfos
3226,"Temporal association areas, layer 6b",negative,0,BRAC5603.3e,cfos
3227,"Temporal association areas, layer 6b",positive,83,BRAC5603.3e,cfos
3228,Thalamus,negative,8,BRAC5603.3e,cfos
3229,Thalamus,positive,2588,BRAC5603.3e,cfos
3230,Triangular nucleus of septum,negative,3,BRAC5603.3e,cfos
3231,Triangular nucleus of septum,positive,299,BRAC5603.3e,cfos
3232,Tuberal nucleus,negative,19,BRAC5603.3e,cfos
3233,Tuberal nucleus,positive,884,BRAC5603.3e,cfos
3234,"Tuberomammillary nucleus, dorsal part",negative,1,BRAC5603.3e,cfos
3235,"Tuberomammillary nucleus, dorsal part",positive,152,BRAC5603.3e,cfos
3236,"Tuberomammillary nucleus, ventral part",negative,6,BRAC5603.3e,cfos
3237,"Tuberomammillary nucleus, ventral part",positive,142,BRAC5603.3e,cfos
3238,Vascular organ of the lamina terminalis,negative,0,BRAC5603.3e,cfos
3239,Vascular organ of the lamina terminalis,positive,17,BRAC5603.3e,cfos
3240,Ventral anterior-lateral complex of the thalamus,negative,0,BRAC5603.3e,cfos
3241,Ventral anterior-lateral complex of the thalamus,positive,1425,BRAC5603.3e,cfos
3242,"Ventral auditory area, layer 1",negative,4,BRAC5603.3e,cfos
3243,"Ventral auditory area, layer 1",positive,329,BRAC5603.3e,cfos
3244,"Ventral auditory area, layer 2/3",negative,0,BRAC5603.3e,cfos
3245,"Ventral auditory area, layer 2/3",positive,1164,BRAC5603.3e,cfos
3246,"Ventral auditory area, layer 4",negative,0,BRAC5603.3e,cfos
3247,"Ventral auditory area, layer 4",positive,912,BRAC5603.3e,cfos
3248,"Ventral auditory area, layer 5",negative,0,BRAC5603.3e,cfos
3249,"Ventral auditory area, layer 5",positive,1618,BRAC5603.3e,cfos
3250,"Ventral auditory area, layer 6a",negative,1,BRAC5603.3e,cfos
3251,"Ventral auditory area, layer 6a",positive,651,BRAC5603.3e,cfos
3252,"Ventral auditory area, layer 6b",negative,0,BRAC5603.3e,cfos
3253,"Ventral auditory area, layer 6b",positive,80,BRAC5603.3e,cfos
3254,Ventral medial nucleus of the thalamus,negative,0,BRAC5603.3e,cfos
3255,Ventral medial nucleus of the thalamus,positive,1687,BRAC5603.3e,cfos
3256,Ventral part of the lateral geniculate complex,negative,0,BRAC5603.3e,cfos
3257,Ventral part of the lateral geniculate complex,positive,1749,BRAC5603.3e,cfos
3258,Ventral posterolateral nucleus of the thalamus,negative,0,BRAC5603.3e,cfos
3259,Ventral posterolateral nucleus of the thalamus,positive,1371,BRAC5603.3e,cfos
3260,"Ventral posterolateral nucleus of the thalamus, parvicellular part",negative,0,BRAC5603.3e,cfos
3261,"Ventral posterolateral nucleus of the thalamus, parvicellular part",positive,205,BRAC5603.3e,cfos
3262,Ventral posteromedial nucleus of the thalamus,negative,1,BRAC5603.3e,cfos
3263,Ventral posteromedial nucleus of the thalamus,positive,4227,BRAC5603.3e,cfos
3264,"Ventral posteromedial nucleus of the thalamus, parvicellular part",negative,4,BRAC5603.3e,cfos
3265,"Ventral posteromedial nucleus of the thalamus, parvicellular part",positive,687,BRAC5603.3e,cfos
3266,Ventral premammillary nucleus,negative,4,BRAC5603.3e,cfos
3267,Ventral premammillary nucleus,positive,403,BRAC5603.3e,cfos
3268,Ventral tegmental area,negative,1,BRAC5603.3e,cfos
3269,Ventral tegmental area,positive,221,BRAC5603.3e,cfos
3270,Ventrolateral preoptic nucleus,negative,0,BRAC5603.3e,cfos
3271,Ventrolateral preoptic nucleus,positive,128,BRAC5603.3e,cfos
3272,Ventromedial hypothalamic nucleus,negative,11,BRAC5603.3e,cfos
3273,Ventromedial hypothalamic nucleus,positive,1130,BRAC5603.3e,cfos
3274,Ventromedial preoptic nucleus,negative,11,BRAC5603.3e,cfos
3275,Ventromedial preoptic nucleus,positive,116,BRAC5603.3e,cfos
3276,"Visceral area, layer 1",negative,11,BRAC5603.3e,cfos
3277,"Visceral area, layer 1",positive,331,BRAC5603.3e,cfos
3278,"Visceral area, layer 2/3",negative,3,BRAC5603.3e,cfos
3279,"Visceral area, layer 2/3",positive,1248,BRAC5603.3e,cfos
3280,"Visceral area, layer 4",negative,0,BRAC5603.3e,cfos
3281,"Visceral area, layer 4",positive,529,BRAC5603.3e,cfos
3282,"Visceral area, layer 5",negative,1,BRAC5603.3e,cfos
3283,"Visceral area, layer 5",positive,1375,BRAC5603.3e,cfos
3284,"Visceral area, layer 6a",negative,1,BRAC5603.3e,cfos
3285,"Visceral area, layer 6a",positive,900,BRAC5603.3e,cfos
3286,"Visceral area, layer 6b",negative,0,BRAC5603.3e,cfos
3287,"Visceral area, layer 6b",positive,81,BRAC5603.3e,cfos
3288,Xiphoid thalamic nucleus,negative,6,BRAC5603.3e,cfos
3289,Xiphoid thalamic nucleus,positive,508,BRAC5603.3e,cfos
3290,Zona incerta,negative,4,BRAC5603.3e,cfos
3291,Zona incerta,positive,4343,BRAC5603.3e,cfos
3292,alveus,negative,0,BRAC5603.3e,cfos
3293,alveus,positive,2610,BRAC5603.3e,cfos
3294,amygdalar capsule,negative,4,BRAC5603.3e,cfos
3295,amygdalar capsule,positive,225,BRAC5603.3e,cfos
3296,"anterior commissure, olfactory limb",negative,0,BRAC5603.3e,cfos
3297,"anterior commissure, olfactory limb",positive,173,BRAC5603.3e,cfos
3298,"anterior commissure, temporal limb",negative,1,BRAC5603.3e,cfos
3299,"anterior commissure, temporal limb",positive,166,BRAC5603.3e,cfos
3300,auditory radiation,negative,5,BRAC5603.3e,cfos
3301,auditory radiation,positive,457,BRAC5603.3e,cfos
3302,brachium of the superior colliculus,negative,1,BRAC5603.3e,cfos
3303,brachium of the superior colliculus,positive,102,BRAC5603.3e,cfos
3304,cerebal peduncle,negative,3,BRAC5603.3e,cfos
3305,cerebal peduncle,positive,373,BRAC5603.3e,cfos
3306,cerebral aqueduct,negative,0,BRAC5603.3e,cfos
3307,cerebral aqueduct,positive,9,BRAC5603.3e,cfos
3308,choroid plexus,negative,12,BRAC5603.3e,cfos
3309,choroid plexus,positive,300,BRAC5603.3e,cfos
3310,cingulum bundle,negative,3,BRAC5603.3e,cfos
3311,cingulum bundle,positive,1652,BRAC5603.3e,cfos
3312,columns of the fornix,negative,9,BRAC5603.3e,cfos
3313,columns of the fornix,positive,370,BRAC5603.3e,cfos
3314,commissural branch of stria terminalis,negative,0,BRAC5603.3e,cfos
3315,commissural branch of stria terminalis,positive,114,BRAC5603.3e,cfos
3316,"corpus callosum, anterior forceps",negative,5,BRAC5603.3e,cfos
3317,"corpus callosum, anterior forceps",positive,48,BRAC5603.3e,cfos
3318,"corpus callosum, body",negative,21,BRAC5603.3e,cfos
3319,"corpus callosum, body",positive,1829,BRAC5603.3e,cfos
3320,"corpus callosum, extreme capsule",negative,2,BRAC5603.3e,cfos
3321,"corpus callosum, extreme capsule",positive,238,BRAC5603.3e,cfos
3322,"corpus callosum, posterior forceps",negative,2,BRAC5603.3e,cfos
3323,"corpus callosum, posterior forceps",positive,2663,BRAC5603.3e,cfos
3324,"corpus callosum, splenium",negative,1,BRAC5603.3e,cfos
3325,"corpus callosum, splenium",positive,533,BRAC5603.3e,cfos
3326,dorsal fornix,negative,0,BRAC5603.3e,cfos
3327,dorsal fornix,positive,19,BRAC5603.3e,cfos
3328,dorsal hippocampal commissure,negative,3,BRAC5603.3e,cfos
3329,dorsal hippocampal commissure,positive,990,BRAC5603.3e,cfos
3330,external capsule,negative,8,BRAC5603.3e,cfos
3331,external capsule,positive,1001,BRAC5603.3e,cfos
3332,external medullary lamina of the thalamus,negative,0,BRAC5603.3e,cfos
3333,external medullary lamina of the thalamus,positive,119,BRAC5603.3e,cfos
3334,fasciculus retroflexus,negative,1,BRAC5603.3e,cfos
3335,fasciculus retroflexus,positive,489,BRAC5603.3e,cfos
3336,fiber tracts,negative,25,BRAC5603.3e,cfos
3337,fiber tracts,positive,1570,BRAC5603.3e,cfos
3338,fimbria,negative,1,BRAC5603.3e,cfos
3339,fimbria,positive,1107,BRAC5603.3e,cfos
3340,genu of corpus callosum,negative,21,BRAC5603.3e,cfos
3341,genu of corpus callosum,positive,295,BRAC5603.3e,cfos
3342,habenular commissure,negative,0,BRAC5603.3e,cfos
3343,habenular commissure,positive,108,BRAC5603.3e,cfos
3344,internal capsule,negative,13,BRAC5603.3e,cfos
3345,internal capsule,positive,1334,BRAC5603.3e,cfos
3346,"lateral olfactory tract, body",negative,5,BRAC5603.3e,cfos
3347,"lateral olfactory tract, body",positive,202,BRAC5603.3e,cfos
3348,lateral ventricle,negative,16,BRAC5603.3e,cfos
3349,lateral ventricle,positive,1581,BRAC5603.3e,cfos
3350,mammillary peduncle,negative,0,BRAC5603.3e,cfos
3351,mammillary peduncle,positive,24,BRAC5603.3e,cfos
3352,mammillotegmental tract,negative,0,BRAC5603.3e,cfos
3353,mammillotegmental tract,positive,68,BRAC5603.3e,cfos
3354,mammillothalamic tract,negative,0,BRAC5603.3e,cfos
3355,mammillothalamic tract,positive,292,BRAC5603.3e,cfos
3356,medial corticohypothalamic tract,negative,0,BRAC5603.3e,cfos
3357,medial corticohypothalamic tract,positive,67,BRAC5603.3e,cfos
3358,medial forebrain bundle,negative,0,BRAC5603.3e,cfos
3359,medial forebrain bundle,positive,207,BRAC5603.3e,cfos
3360,medial lemniscus,negative,0,BRAC5603.3e,cfos
3361,medial lemniscus,positive,392,BRAC5603.3e,cfos
3362,nigrostriatal tract,negative,0,BRAC5603.3e,cfos
3363,nigrostriatal tract,positive,313,BRAC5603.3e,cfos
3364,optic chiasm,negative,0,BRAC5603.3e,cfos
3365,optic chiasm,positive,168,BRAC5603.3e,cfos
3366,optic radiation,negative,3,BRAC5603.3e,cfos
3367,optic radiation,positive,1842,BRAC5603.3e,cfos
3368,optic tract,negative,23,BRAC5603.3e,cfos
3369,optic tract,positive,1003,BRAC5603.3e,cfos
3370,posterior commissure,negative,1,BRAC5603.3e,cfos
3371,posterior commissure,positive,246,BRAC5603.3e,cfos
3372,"posteromedial visual area, layer 1",negative,0,BRAC5603.3e,cfos
3373,"posteromedial visual area, layer 1",positive,318,BRAC5603.3e,cfos
3374,"posteromedial visual area, layer 2/3",negative,0,BRAC5603.3e,cfos
3375,"posteromedial visual area, layer 2/3",positive,1186,BRAC5603.3e,cfos
3376,"posteromedial visual area, layer 4",negative,0,BRAC5603.3e,cfos
3377,"posteromedial visual area, layer 4",positive,592,BRAC5603.3e,cfos
3378,"posteromedial visual area, layer 5",negative,0,BRAC5603.3e,cfos
3379,"posteromedial visual area, layer 5",positive,1506,BRAC5603.3e,cfos
3380,"posteromedial visual area, layer 6a",negative,1,BRAC5603.3e,cfos
3381,"posteromedial visual area, layer 6a",positive,676,BRAC5603.3e,cfos
3382,"posteromedial visual area, layer 6b",negative,0,BRAC5603.3e,cfos
3383,"posteromedial visual area, layer 6b",positive,106,BRAC5603.3e,cfos
3384,principal mammillary tract,negative,0,BRAC5603.3e,cfos
3385,principal mammillary tract,positive,75,BRAC5603.3e,cfos
3386,root,negative,34,BRAC5603.3e,cfos
3387,root,positive,2930,BRAC5603.3e,cfos
3388,stria medullaris,negative,0,BRAC5603.3e,cfos
3389,stria medullaris,positive,759,BRAC5603.3e,cfos
3390,stria terminalis,negative,4,BRAC5603.3e,cfos
3391,stria terminalis,positive,228,BRAC5603.3e,cfos
3392,subependymal zone,negative,6,BRAC5603.3e,cfos
3393,subependymal zone,positive,62,BRAC5603.3e,cfos
3394,supra-callosal cerebral white matter,negative,5,BRAC5603.3e,cfos
3395,supra-callosal cerebral white matter,positive,1215,BRAC5603.3e,cfos
3396,supraoptic commissures,negative,0,BRAC5603.3e,cfos
3397,supraoptic commissures,positive,12,BRAC5603.3e,cfos
3398,third ventricle,negative,23,BRAC5603.3e,cfos
3399,third ventricle,positive,1752,BRAC5603.3e,cfos
3400,ventral hippocampal commissure,negative,0,BRAC5603.3e,cfos
3401,ventral hippocampal commissure,positive,67,BRAC5603.3e,cfos
3402,Accessory supraoptic group,negative,0,BRAC5112.5g,cfos
3403,Accessory supraoptic group,positive,61,BRAC5112.5g,cfos
3404,"Agranular insular area, dorsal part, layer 1",negative,1,BRAC5112.5g,cfos
3405,"Agranular insular area, dorsal part, layer 1",positive,20,BRAC5112.5g,cfos
3406,"Agranular insular area, dorsal part, layer 2/3",negative,2,BRAC5112.5g,cfos
3407,"Agranular insular area, dorsal part, layer 2/3",positive,384,BRAC5112.5g,cfos
3408,"Agranular insular area, dorsal part, layer 5",negative,19,BRAC5112.5g,cfos
3409,"Agranular insular area, dorsal part, layer 5",positive,739,BRAC5112.5g,cfos
3410,"Agranular insular area, dorsal part, layer 6a",negative,21,BRAC5112.5g,cfos
3411,"Agranular insular area, dorsal part, layer 6a",positive,795,BRAC5112.5g,cfos
3412,"Agranular insular area, dorsal part, layer 6b",negative,1,BRAC5112.5g,cfos
3413,"Agranular insular area, dorsal part, layer 6b",positive,58,BRAC5112.5g,cfos
3414,"Agranular insular area, posterior part, layer 1",negative,10,BRAC5112.5g,cfos
3415,"Agranular insular area, posterior part, layer 1",positive,845,BRAC5112.5g,cfos
3416,"Agranular insular area, posterior part, layer 2/3",negative,19,BRAC5112.5g,cfos
3417,"Agranular insular area, posterior part, layer 2/3",positive,3662,BRAC5112.5g,cfos
3418,"Agranular insular area, posterior part, layer 5",negative,27,BRAC5112.5g,cfos
3419,"Agranular insular area, posterior part, layer 5",positive,3220,BRAC5112.5g,cfos
3420,"Agranular insular area, posterior part, layer 6a",negative,23,BRAC5112.5g,cfos
3421,"Agranular insular area, posterior part, layer 6a",positive,1398,BRAC5112.5g,cfos
3422,"Agranular insular area, posterior part, layer 6b",negative,0,BRAC5112.5g,cfos
3423,"Agranular insular area, posterior part, layer 6b",positive,73,BRAC5112.5g,cfos
3424,"Agranular insular area, ventral part, layer 1",negative,0,BRAC5112.5g,cfos
3425,"Agranular insular area, ventral part, layer 1",positive,63,BRAC5112.5g,cfos
3426,"Agranular insular area, ventral part, layer 2/3",negative,7,BRAC5112.5g,cfos
3427,"Agranular insular area, ventral part, layer 2/3",positive,550,BRAC5112.5g,cfos
3428,"Agranular insular area, ventral part, layer 5",negative,29,BRAC5112.5g,cfos
3429,"Agranular insular area, ventral part, layer 5",positive,662,BRAC5112.5g,cfos
3430,"Agranular insular area, ventral part, layer 6a",negative,11,BRAC5112.5g,cfos
3431,"Agranular insular area, ventral part, layer 6a",positive,429,BRAC5112.5g,cfos
3432,Anterior amygdalar area,negative,6,BRAC5112.5g,cfos
3433,Anterior amygdalar area,positive,1424,BRAC5112.5g,cfos
3434,"Anterior area, layer 1",negative,11,BRAC5112.5g,cfos
3435,"Anterior area, layer 1",positive,1305,BRAC5112.5g,cfos
3436,"Anterior area, layer 2/3",negative,7,BRAC5112.5g,cfos
3437,"Anterior area, layer 2/3",positive,5489,BRAC5112.5g,cfos
3438,"Anterior area, layer 4",negative,2,BRAC5112.5g,cfos
3439,"Anterior area, layer 4",positive,2238,BRAC5112.5g,cfos
3440,"Anterior area, layer 5",negative,5,BRAC5112.5g,cfos
3441,"Anterior area, layer 5",positive,3426,BRAC5112.5g,cfos
3442,"Anterior area, layer 6a",negative,7,BRAC5112.5g,cfos
3443,"Anterior area, layer 6a",positive,1757,BRAC5112.5g,cfos
3444,"Anterior area, layer 6b",negative,3,BRAC5112.5g,cfos
3445,"Anterior area, layer 6b",positive,247,BRAC5112.5g,cfos
3446,"Anterior cingulate area, dorsal part, layer 1",negative,21,BRAC5112.5g,cfos
3447,"Anterior cingulate area, dorsal part, layer 1",positive,676,BRAC5112.5g,cfos
3448,"Anterior cingulate area, dorsal part, layer 2/3",negative,18,BRAC5112.5g,cfos
3449,"Anterior cingulate area, dorsal part, layer 2/3",positive,2718,BRAC5112.5g,cfos
3450,"Anterior cingulate area, dorsal part, layer 5",negative,39,BRAC5112.5g,cfos
3451,"Anterior cingulate area, dorsal part, layer 5",positive,5620,BRAC5112.5g,cfos
3452,"Anterior cingulate area, dorsal part, layer 6a",negative,30,BRAC5112.5g,cfos
3453,"Anterior cingulate area, dorsal part, layer 6a",positive,3609,BRAC5112.5g,cfos
3454,"Anterior cingulate area, dorsal part, layer 6b",negative,0,BRAC5112.5g,cfos
3455,"Anterior cingulate area, dorsal part, layer 6b",positive,91,BRAC5112.5g,cfos
3456,"Anterior cingulate area, ventral part, 6a",negative,11,BRAC5112.5g,cfos
3457,"Anterior cingulate area, ventral part, 6a",positive,1918,BRAC5112.5g,cfos
3458,"Anterior cingulate area, ventral part, 6b",negative,1,BRAC5112.5g,cfos
3459,"Anterior cingulate area, ventral part, 6b",positive,218,BRAC5112.5g,cfos
3460,"Anterior cingulate area, ventral part, layer 1",negative,25,BRAC5112.5g,cfos
3461,"Anterior cingulate area, ventral part, layer 1",positive,898,BRAC5112.5g,cfos
3462,"Anterior cingulate area, ventral part, layer 2/3",negative,26,BRAC5112.5g,cfos
3463,"Anterior cingulate area, ventral part, layer 2/3",positive,4031,BRAC5112.5g,cfos
3464,"Anterior cingulate area, ventral part, layer 5",negative,10,BRAC5112.5g,cfos
3465,"Anterior cingulate area, ventral part, layer 5",positive,6380,BRAC5112.5g,cfos
3466,Anterior hypothalamic nucleus,negative,2,BRAC5112.5g,cfos
3467,Anterior hypothalamic nucleus,positive,2769,BRAC5112.5g,cfos
3468,Anterior pretectal nucleus,negative,6,BRAC5112.5g,cfos
3469,Anterior pretectal nucleus,positive,5048,BRAC5112.5g,cfos
3470,Anterodorsal nucleus,negative,4,BRAC5112.5g,cfos
3471,Anterodorsal nucleus,positive,1452,BRAC5112.5g,cfos
3472,Anterodorsal preoptic nucleus,negative,0,BRAC5112.5g,cfos
3473,Anterodorsal preoptic nucleus,positive,660,BRAC5112.5g,cfos
3474,"Anterolateral visual area, layer 1",negative,5,BRAC5112.5g,cfos
3475,"Anterolateral visual area, layer 1",positive,380,BRAC5112.5g,cfos
3476,"Anterolateral visual area, layer 2/3",negative,2,BRAC5112.5g,cfos
3477,"Anterolateral visual area, layer 2/3",positive,1518,BRAC5112.5g,cfos
3478,"Anterolateral visual area, layer 4",negative,1,BRAC5112.5g,cfos
3479,"Anterolateral visual area, layer 4",positive,1129,BRAC5112.5g,cfos
3480,"Anterolateral visual area, layer 5",negative,1,BRAC5112.5g,cfos
3481,"Anterolateral visual area, layer 5",positive,1806,BRAC5112.5g,cfos
3482,"Anterolateral visual area, layer 6a",negative,4,BRAC5112.5g,cfos
3483,"Anterolateral visual area, layer 6a",positive,727,BRAC5112.5g,cfos
3484,"Anterolateral visual area, layer 6b",negative,2,BRAC5112.5g,cfos
3485,"Anterolateral visual area, layer 6b",positive,115,BRAC5112.5g,cfos
3486,"Anteromedial nucleus, dorsal part",negative,4,BRAC5112.5g,cfos
3487,"Anteromedial nucleus, dorsal part",positive,1676,BRAC5112.5g,cfos
3488,"Anteromedial nucleus, ventral part",negative,3,BRAC5112.5g,cfos
3489,"Anteromedial nucleus, ventral part",positive,965,BRAC5112.5g,cfos
3490,"Anteromedial visual area, layer 1",negative,7,BRAC5112.5g,cfos
3491,"Anteromedial visual area, layer 1",positive,760,BRAC5112.5g,cfos
3492,"Anteromedial visual area, layer 2/3",negative,1,BRAC5112.5g,cfos
3493,"Anteromedial visual area, layer 2/3",positive,2585,BRAC5112.5g,cfos
3494,"Anteromedial visual area, layer 4",negative,0,BRAC5112.5g,cfos
3495,"Anteromedial visual area, layer 4",positive,850,BRAC5112.5g,cfos
3496,"Anteromedial visual area, layer 5",negative,5,BRAC5112.5g,cfos
3497,"Anteromedial visual area, layer 5",positive,2804,BRAC5112.5g,cfos
3498,"Anteromedial visual area, layer 6a",negative,5,BRAC5112.5g,cfos
3499,"Anteromedial visual area, layer 6a",positive,1323,BRAC5112.5g,cfos
3500,"Anteromedial visual area, layer 6b",negative,1,BRAC5112.5g,cfos
3501,"Anteromedial visual area, layer 6b",positive,242,BRAC5112.5g,cfos
3502,Anteroventral nucleus of thalamus,negative,13,BRAC5112.5g,cfos
3503,Anteroventral nucleus of thalamus,positive,2998,BRAC5112.5g,cfos
3504,Anteroventral periventricular nucleus,negative,0,BRAC5112.5g,cfos
3505,Anteroventral periventricular nucleus,positive,905,BRAC5112.5g,cfos
3506,Anteroventral preoptic nucleus,negative,0,BRAC5112.5g,cfos
3507,Anteroventral preoptic nucleus,positive,357,BRAC5112.5g,cfos
3508,Arcuate hypothalamic nucleus,negative,2,BRAC5112.5g,cfos
3509,Arcuate hypothalamic nucleus,positive,1602,BRAC5112.5g,cfos
3510,"Basolateral amygdalar nucleus, anterior part",negative,11,BRAC5112.5g,cfos
3511,"Basolateral amygdalar nucleus, anterior part",positive,2302,BRAC5112.5g,cfos
3512,"Basolateral amygdalar nucleus, posterior part",negative,2,BRAC5112.5g,cfos
3513,"Basolateral amygdalar nucleus, posterior part",positive,2187,BRAC5112.5g,cfos
3514,"Basolateral amygdalar nucleus, ventral part",negative,7,BRAC5112.5g,cfos
3515,"Basolateral amygdalar nucleus, ventral part",positive,1146,BRAC5112.5g,cfos
3516,"Basomedial amygdalar nucleus, anterior part",negative,15,BRAC5112.5g,cfos
3517,"Basomedial amygdalar nucleus, anterior part",positive,1866,BRAC5112.5g,cfos
3518,"Basomedial amygdalar nucleus, posterior part",negative,5,BRAC5112.5g,cfos
3519,"Basomedial amygdalar nucleus, posterior part",positive,2856,BRAC5112.5g,cfos
3520,Bed nuclei of the stria terminalis,negative,28,BRAC5112.5g,cfos
3521,Bed nuclei of the stria terminalis,positive,7283,BRAC5112.5g,cfos
3522,Bed nucleus of the accessory olfactory tract,negative,1,BRAC5112.5g,cfos
3523,Bed nucleus of the accessory olfactory tract,positive,33,BRAC5112.5g,cfos
3524,Bed nucleus of the anterior commissure,negative,0,BRAC5112.5g,cfos
3525,Bed nucleus of the anterior commissure,positive,31,BRAC5112.5g,cfos
3526,Caudoputamen,negative,496,BRAC5112.5g,cfos
3527,Caudoputamen,positive,88474,BRAC5112.5g,cfos
3528,"Central amygdalar nucleus, capsular part",negative,3,BRAC5112.5g,cfos
3529,"Central amygdalar nucleus, capsular part",positive,700,BRAC5112.5g,cfos
3530,"Central amygdalar nucleus, lateral part",negative,2,BRAC5112.5g,cfos
3531,"Central amygdalar nucleus, lateral part",positive,714,BRAC5112.5g,cfos
3532,"Central amygdalar nucleus, medial part",negative,1,BRAC5112.5g,cfos
3533,"Central amygdalar nucleus, medial part",positive,1573,BRAC5112.5g,cfos
3534,Central lateral nucleus of the thalamus,negative,8,BRAC5112.5g,cfos
3535,Central lateral nucleus of the thalamus,positive,1880,BRAC5112.5g,cfos
3536,Central medial nucleus of the thalamus,negative,3,BRAC5112.5g,cfos
3537,Central medial nucleus of the thalamus,positive,1127,BRAC5112.5g,cfos
3538,Claustrum,negative,22,BRAC5112.5g,cfos
3539,Claustrum,positive,1494,BRAC5112.5g,cfos
3540,"Cortical amygdalar area, anterior part",negative,2,BRAC5112.5g,cfos
3541,"Cortical amygdalar area, anterior part",positive,2888,BRAC5112.5g,cfos
3542,"Cortical amygdalar area, posterior part, lateral zone",negative,8,BRAC5112.5g,cfos
3543,"Cortical amygdalar area, posterior part, lateral zone",positive,3222,BRAC5112.5g,cfos
3544,"Cortical amygdalar area, posterior part, medial zone",negative,7,BRAC5112.5g,cfos
3545,"Cortical amygdalar area, posterior part, medial zone",positive,3355,BRAC5112.5g,cfos
3546,Cortical subplate,negative,8,BRAC5112.5g,cfos
3547,Cortical subplate,positive,988,BRAC5112.5g,cfos
3548,"Dentate gyrus, granule cell layer",negative,27,BRAC5112.5g,cfos
3549,"Dentate gyrus, granule cell layer",positive,2244,BRAC5112.5g,cfos
3550,"Dentate gyrus, molecular layer",negative,53,BRAC5112.5g,cfos
3551,"Dentate gyrus, molecular layer",positive,6100,BRAC5112.5g,cfos
3552,"Dentate gyrus, polymorph layer",negative,3,BRAC5112.5g,cfos
3553,"Dentate gyrus, polymorph layer",positive,583,BRAC5112.5g,cfos
3554,Diagonal band nucleus,negative,3,BRAC5112.5g,cfos
3555,Diagonal band nucleus,positive,3070,BRAC5112.5g,cfos
3556,"Dorsal auditory area, layer 1",negative,11,BRAC5112.5g,cfos
3557,"Dorsal auditory area, layer 1",positive,731,BRAC5112.5g,cfos
3558,"Dorsal auditory area, layer 2/3",negative,11,BRAC5112.5g,cfos
3559,"Dorsal auditory area, layer 2/3",positive,2789,BRAC5112.5g,cfos
3560,"Dorsal auditory area, layer 4",negative,4,BRAC5112.5g,cfos
3561,"Dorsal auditory area, layer 4",positive,1568,BRAC5112.5g,cfos
3562,"Dorsal auditory area, layer 5",negative,11,BRAC5112.5g,cfos
3563,"Dorsal auditory area, layer 5",positive,3003,BRAC5112.5g,cfos
3564,"Dorsal auditory area, layer 6a",negative,6,BRAC5112.5g,cfos
3565,"Dorsal auditory area, layer 6a",positive,1342,BRAC5112.5g,cfos
3566,"Dorsal auditory area, layer 6b",negative,1,BRAC5112.5g,cfos
3567,"Dorsal auditory area, layer 6b",positive,238,BRAC5112.5g,cfos
3568,"Dorsal part of the lateral geniculate complex, core",negative,3,BRAC5112.5g,cfos
3569,"Dorsal part of the lateral geniculate complex, core",positive,1156,BRAC5112.5g,cfos
3570,"Dorsal part of the lateral geniculate complex, ipsilateral zone",negative,1,BRAC5112.5g,cfos
3571,"Dorsal part of the lateral geniculate complex, ipsilateral zone",positive,229,BRAC5112.5g,cfos
3572,"Dorsal part of the lateral geniculate complex, shell",negative,4,BRAC5112.5g,cfos
3573,"Dorsal part of the lateral geniculate complex, shell",positive,561,BRAC5112.5g,cfos
3574,Dorsal premammillary nucleus,negative,0,BRAC5112.5g,cfos
3575,Dorsal premammillary nucleus,positive,856,BRAC5112.5g,cfos
3576,Dorsomedial nucleus of the hypothalamus,negative,1,BRAC5112.5g,cfos
3577,Dorsomedial nucleus of the hypothalamus,positive,3130,BRAC5112.5g,cfos
3578,Ectorhinal area/Layer 1,negative,7,BRAC5112.5g,cfos
3579,Ectorhinal area/Layer 1,positive,812,BRAC5112.5g,cfos
3580,Ectorhinal area/Layer 2/3,negative,10,BRAC5112.5g,cfos
3581,Ectorhinal area/Layer 2/3,positive,2413,BRAC5112.5g,cfos
3582,Ectorhinal area/Layer 5,negative,14,BRAC5112.5g,cfos
3583,Ectorhinal area/Layer 5,positive,2507,BRAC5112.5g,cfos
3584,Ectorhinal area/Layer 6a,negative,7,BRAC5112.5g,cfos
3585,Ectorhinal area/Layer 6a,positive,1619,BRAC5112.5g,cfos
3586,Ectorhinal area/Layer 6b,negative,1,BRAC5112.5g,cfos
3587,Ectorhinal area/Layer 6b,positive,181,BRAC5112.5g,cfos
3588,"Endopiriform nucleus, dorsal part",negative,45,BRAC5112.5g,cfos
3589,"Endopiriform nucleus, dorsal part",positive,4987,BRAC5112.5g,cfos
3590,"Endopiriform nucleus, ventral part",negative,13,BRAC5112.5g,cfos
3591,"Endopiriform nucleus, ventral part",positive,1968,BRAC5112.5g,cfos
3592,"Entorhinal area, lateral part, layer 1",negative,6,BRAC5112.5g,cfos
3593,"Entorhinal area, lateral part, layer 1",positive,1135,BRAC5112.5g,cfos
3594,"Entorhinal area, lateral part, layer 2",negative,3,BRAC5112.5g,cfos
3595,"Entorhinal area, lateral part, layer 2",positive,1920,BRAC5112.5g,cfos
3596,"Entorhinal area, lateral part, layer 3",negative,5,BRAC5112.5g,cfos
3597,"Entorhinal area, lateral part, layer 3",positive,1591,BRAC5112.5g,cfos
3598,"Entorhinal area, lateral part, layer 5",negative,8,BRAC5112.5g,cfos
3599,"Entorhinal area, lateral part, layer 5",positive,1337,BRAC5112.5g,cfos
3600,"Entorhinal area, lateral part, layer 6a",negative,3,BRAC5112.5g,cfos
3601,"Entorhinal area, lateral part, layer 6a",positive,470,BRAC5112.5g,cfos
3602,Ethmoid nucleus of the thalamus,negative,3,BRAC5112.5g,cfos
3603,Ethmoid nucleus of the thalamus,positive,985,BRAC5112.5g,cfos
3604,Fasciola cinerea,negative,1,BRAC5112.5g,cfos
3605,Fasciola cinerea,positive,117,BRAC5112.5g,cfos
3606,Field CA1,negative,154,BRAC5112.5g,cfos
3607,Field CA1,positive,19183,BRAC5112.5g,cfos
3608,Field CA2,negative,17,BRAC5112.5g,cfos
3609,Field CA2,positive,1022,BRAC5112.5g,cfos
3610,Field CA3,negative,128,BRAC5112.5g,cfos
3611,Field CA3,positive,12228,BRAC5112.5g,cfos
3612,Fields of Forel,negative,0,BRAC5112.5g,cfos
3613,Fields of Forel,positive,1108,BRAC5112.5g,cfos
3614,Fundus of striatum,negative,2,BRAC5112.5g,cfos
3615,Fundus of striatum,positive,1382,BRAC5112.5g,cfos
3616,"Globus pallidus, external segment",negative,3,BRAC5112.5g,cfos
3617,"Globus pallidus, external segment",positive,1912,BRAC5112.5g,cfos
3618,"Globus pallidus, internal segment",negative,0,BRAC5112.5g,cfos
3619,"Globus pallidus, internal segment",positive,327,BRAC5112.5g,cfos
3620,"Gustatory areas, layer 1",negative,5,BRAC5112.5g,cfos
3621,"Gustatory areas, layer 1",positive,226,BRAC5112.5g,cfos
3622,"Gustatory areas, layer 2/3",negative,3,BRAC5112.5g,cfos
3623,"Gustatory areas, layer 2/3",positive,1585,BRAC5112.5g,cfos
3624,"Gustatory areas, layer 4",negative,3,BRAC5112.5g,cfos
3625,"Gustatory areas, layer 4",positive,963,BRAC5112.5g,cfos
3626,"Gustatory areas, layer 5",negative,30,BRAC5112.5g,cfos
3627,"Gustatory areas, layer 5",positive,2160,BRAC5112.5g,cfos
3628,"Gustatory areas, layer 6a",negative,37,BRAC5112.5g,cfos
3629,"Gustatory areas, layer 6a",positive,1818,BRAC5112.5g,cfos
3630,"Gustatory areas, layer 6b",negative,9,BRAC5112.5g,cfos
3631,"Gustatory areas, layer 6b",positive,67,BRAC5112.5g,cfos
3632,Hippocampal formation,negative,3,BRAC5112.5g,cfos
3633,Hippocampal formation,positive,615,BRAC5112.5g,cfos
3634,Hippocampo-amygdalar transition area,negative,0,BRAC5112.5g,cfos
3635,Hippocampo-amygdalar transition area,positive,44,BRAC5112.5g,cfos
3636,Hypothalamus,negative,17,BRAC5112.5g,cfos
3637,Hypothalamus,positive,11484,BRAC5112.5g,cfos
3638,Induseum griseum,negative,19,BRAC5112.5g,cfos
3639,Induseum griseum,positive,233,BRAC5112.5g,cfos
3640,Interanterodorsal nucleus of the thalamus,negative,1,BRAC5112.5g,cfos
3641,Interanterodorsal nucleus of the thalamus,positive,788,BRAC5112.5g,cfos
3642,Interanteromedial nucleus of the thalamus,negative,1,BRAC5112.5g,cfos
3643,Interanteromedial nucleus of the thalamus,positive,346,BRAC5112.5g,cfos
3644,Intercalated amygdalar nucleus,negative,0,BRAC5112.5g,cfos
3645,Intercalated amygdalar nucleus,positive,707,BRAC5112.5g,cfos
3646,Interfascicular nucleus raphe,negative,0,BRAC5112.5g,cfos
3647,Interfascicular nucleus raphe,positive,47,BRAC5112.5g,cfos
3648,Intergeniculate leaflet of the lateral geniculate complex,negative,0,BRAC5112.5g,cfos
3649,Intergeniculate leaflet of the lateral geniculate complex,positive,326,BRAC5112.5g,cfos
3650,Intermediate geniculate nucleus,negative,0,BRAC5112.5g,cfos
3651,Intermediate geniculate nucleus,positive,46,BRAC5112.5g,cfos
3652,Intermediodorsal nucleus of the thalamus,negative,5,BRAC5112.5g,cfos
3653,Intermediodorsal nucleus of the thalamus,positive,911,BRAC5112.5g,cfos
3654,Interstitial nucleus of Cajal,negative,0,BRAC5112.5g,cfos
3655,Interstitial nucleus of Cajal,positive,97,BRAC5112.5g,cfos
3656,Lateral amygdalar nucleus,negative,18,BRAC5112.5g,cfos
3657,Lateral amygdalar nucleus,positive,2776,BRAC5112.5g,cfos
3658,Lateral dorsal nucleus of thalamus,negative,24,BRAC5112.5g,cfos
3659,Lateral dorsal nucleus of thalamus,positive,2887,BRAC5112.5g,cfos
3660,Lateral habenula,negative,7,BRAC5112.5g,cfos
3661,Lateral habenula,positive,1768,BRAC5112.5g,cfos
3662,Lateral hypothalamic area,negative,3,BRAC5112.5g,cfos
3663,Lateral hypothalamic area,positive,7276,BRAC5112.5g,cfos
3664,Lateral mammillary nucleus,negative,0,BRAC5112.5g,cfos
3665,Lateral mammillary nucleus,positive,172,BRAC5112.5g,cfos
3666,Lateral posterior nucleus of the thalamus,negative,32,BRAC5112.5g,cfos
3667,Lateral posterior nucleus of the thalamus,positive,3377,BRAC5112.5g,cfos
3668,Lateral preoptic area,negative,2,BRAC5112.5g,cfos
3669,Lateral preoptic area,positive,2344,BRAC5112.5g,cfos
3670,"Lateral septal nucleus, caudal (caudodorsal) part",negative,62,BRAC5112.5g,cfos
3671,"Lateral septal nucleus, caudal (caudodorsal) part",positive,774,BRAC5112.5g,cfos
3672,"Lateral septal nucleus, rostral (rostroventral) part",negative,151,BRAC5112.5g,cfos
3673,"Lateral septal nucleus, rostral (rostroventral) part",positive,8039,BRAC5112.5g,cfos
3674,"Lateral septal nucleus, ventral part",negative,25,BRAC5112.5g,cfos
3675,"Lateral septal nucleus, ventral part",positive,4821,BRAC5112.5g,cfos
3676,Lateral terminal nucleus of the accessory optic tract,negative,0,BRAC5112.5g,cfos
3677,Lateral terminal nucleus of the accessory optic tract,positive,24,BRAC5112.5g,cfos
3678,Magnocellular nucleus,negative,2,BRAC5112.5g,cfos
3679,Magnocellular nucleus,positive,1432,BRAC5112.5g,cfos
3680,Medial accesory oculomotor nucleus,negative,0,BRAC5112.5g,cfos
3681,Medial accesory oculomotor nucleus,positive,13,BRAC5112.5g,cfos
3682,Medial amygdalar nucleus,negative,15,BRAC5112.5g,cfos
3683,Medial amygdalar nucleus,positive,7893,BRAC5112.5g,cfos
3684,"Medial geniculate complex, dorsal part",negative,0,BRAC5112.5g,cfos
3685,"Medial geniculate complex, dorsal part",positive,139,BRAC5112.5g,cfos
3686,"Medial geniculate complex, medial part",negative,0,BRAC5112.5g,cfos
3687,"Medial geniculate complex, medial part",positive,617,BRAC5112.5g,cfos
3688,"Medial geniculate complex, ventral part",negative,0,BRAC5112.5g,cfos
3689,"Medial geniculate complex, ventral part",positive,254,BRAC5112.5g,cfos
3690,Medial habenula,negative,6,BRAC5112.5g,cfos
3691,Medial habenula,positive,1065,BRAC5112.5g,cfos
3692,"Medial mammillary nucleus, dorsal part",negative,1,BRAC5112.5g,cfos
3693,"Medial mammillary nucleus, dorsal part",positive,117,BRAC5112.5g,cfos
3694,"Medial mammillary nucleus, lateral part",negative,0,BRAC5112.5g,cfos
3695,"Medial mammillary nucleus, lateral part",positive,450,BRAC5112.5g,cfos
3696,"Medial mammillary nucleus, medial part",negative,0,BRAC5112.5g,cfos
3697,"Medial mammillary nucleus, medial part",positive,363,BRAC5112.5g,cfos
3698,"Medial mammillary nucleus, median part",negative,0,BRAC5112.5g,cfos
3699,"Medial mammillary nucleus, median part",positive,306,BRAC5112.5g,cfos
3700,Medial preoptic area,negative,1,BRAC5112.5g,cfos
3701,Medial preoptic area,positive,2975,BRAC5112.5g,cfos
3702,Medial preoptic nucleus,negative,0,BRAC5112.5g,cfos
3703,Medial preoptic nucleus,positive,2323,BRAC5112.5g,cfos
3704,Medial pretectal area,negative,0,BRAC5112.5g,cfos
3705,Medial pretectal area,positive,322,BRAC5112.5g,cfos
3706,Medial septal nucleus,negative,7,BRAC5112.5g,cfos
3707,Medial septal nucleus,positive,2035,BRAC5112.5g,cfos
3708,Medial terminal nucleus of the accessory optic tract,negative,0,BRAC5112.5g,cfos
3709,Medial terminal nucleus of the accessory optic tract,positive,14,BRAC5112.5g,cfos
3710,Median eminence,negative,0,BRAC5112.5g,cfos
3711,Median eminence,positive,118,BRAC5112.5g,cfos
3712,Median preoptic nucleus,negative,0,BRAC5112.5g,cfos
3713,Median preoptic nucleus,positive,180,BRAC5112.5g,cfos
3714,Mediodorsal nucleus of thalamus,negative,41,BRAC5112.5g,cfos
3715,Mediodorsal nucleus of thalamus,positive,6509,BRAC5112.5g,cfos
3716,Midbrain,negative,25,BRAC5112.5g,cfos
3717,Midbrain,positive,11342,BRAC5112.5g,cfos
3718,Midbrain reticular nucleus,negative,2,BRAC5112.5g,cfos
3719,Midbrain reticular nucleus,positive,2246,BRAC5112.5g,cfos
3720,Nucleus accumbens,negative,20,BRAC5112.5g,cfos
3721,Nucleus accumbens,positive,11904,BRAC5112.5g,cfos
3722,Nucleus of Darkschewitsch,negative,0,BRAC5112.5g,cfos
3723,Nucleus of Darkschewitsch,positive,106,BRAC5112.5g,cfos
3724,Nucleus of reuniens,negative,2,BRAC5112.5g,cfos
3725,Nucleus of reuniens,positive,2066,BRAC5112.5g,cfos
3726,"Nucleus of the lateral olfactory tract, layer 3",negative,0,BRAC5112.5g,cfos
3727,"Nucleus of the lateral olfactory tract, layer 3",positive,127,BRAC5112.5g,cfos
3728,"Nucleus of the lateral olfactory tract, molecular layer",negative,0,BRAC5112.5g,cfos
3729,"Nucleus of the lateral olfactory tract, molecular layer",positive,217,BRAC5112.5g,cfos
3730,"Nucleus of the lateral olfactory tract, pyramidal layer",negative,0,BRAC5112.5g,cfos
3731,"Nucleus of the lateral olfactory tract, pyramidal layer",positive,407,BRAC5112.5g,cfos
3732,Nucleus of the optic tract,negative,7,BRAC5112.5g,cfos
3733,Nucleus of the optic tract,positive,1068,BRAC5112.5g,cfos
3734,Nucleus of the posterior commissure,negative,6,BRAC5112.5g,cfos
3735,Nucleus of the posterior commissure,positive,1800,BRAC5112.5g,cfos
3736,Olfactory areas,negative,20,BRAC5112.5g,cfos
3737,Olfactory areas,positive,2003,BRAC5112.5g,cfos
3738,Olfactory tubercle,negative,17,BRAC5112.5g,cfos
3739,Olfactory tubercle,positive,11190,BRAC5112.5g,cfos
3740,Olivary pretectal nucleus,negative,0,BRAC5112.5g,cfos
3741,Olivary pretectal nucleus,positive,437,BRAC5112.5g,cfos
3742,Pallidum,negative,2,BRAC5112.5g,cfos
3743,Pallidum,positive,2792,BRAC5112.5g,cfos
3744,Paracentral nucleus,negative,10,BRAC5112.5g,cfos
3745,Paracentral nucleus,positive,812,BRAC5112.5g,cfos
3746,Parafascicular nucleus,negative,9,BRAC5112.5g,cfos
3747,Parafascicular nucleus,positive,2704,BRAC5112.5g,cfos
3748,Parastrial nucleus,negative,0,BRAC5112.5g,cfos
3749,Parastrial nucleus,positive,467,BRAC5112.5g,cfos
3750,Parasubthalamic nucleus,negative,0,BRAC5112.5g,cfos
3751,Parasubthalamic nucleus,positive,1255,BRAC5112.5g,cfos
3752,Parataenial nucleus,negative,3,BRAC5112.5g,cfos
3753,Parataenial nucleus,positive,2194,BRAC5112.5g,cfos
3754,Paraventricular hypothalamic nucleus,negative,2,BRAC5112.5g,cfos
3755,Paraventricular hypothalamic nucleus,positive,979,BRAC5112.5g,cfos
3756,"Paraventricular hypothalamic nucleus, descending division",negative,0,BRAC5112.5g,cfos
3757,"Paraventricular hypothalamic nucleus, descending division",positive,542,BRAC5112.5g,cfos
3758,Paraventricular nucleus of the thalamus,negative,17,BRAC5112.5g,cfos
3759,Paraventricular nucleus of the thalamus,positive,4468,BRAC5112.5g,cfos
3760,Periaqueductal gray,negative,5,BRAC5112.5g,cfos
3761,Periaqueductal gray,positive,1497,BRAC5112.5g,cfos
3762,Perifornical nucleus,negative,0,BRAC5112.5g,cfos
3763,Perifornical nucleus,positive,696,BRAC5112.5g,cfos
3764,Perireunensis nucleus,negative,0,BRAC5112.5g,cfos
3765,Perireunensis nucleus,positive,636,BRAC5112.5g,cfos
3766,"Perirhinal area, layer 1",negative,8,BRAC5112.5g,cfos
3767,"Perirhinal area, layer 1",positive,455,BRAC5112.5g,cfos
3768,"Perirhinal area, layer 2/3",negative,4,BRAC5112.5g,cfos
3769,"Perirhinal area, layer 2/3",positive,1220,BRAC5112.5g,cfos
3770,"Perirhinal area, layer 5",negative,3,BRAC5112.5g,cfos
3771,"Perirhinal area, layer 5",positive,437,BRAC5112.5g,cfos
3772,"Perirhinal area, layer 6a",negative,0,BRAC5112.5g,cfos
3773,"Perirhinal area, layer 6a",positive,21,BRAC5112.5g,cfos
3774,"Periventricular hypothalamic nucleus, anterior part",negative,3,BRAC5112.5g,cfos
3775,"Periventricular hypothalamic nucleus, anterior part",positive,134,BRAC5112.5g,cfos
3776,"Periventricular hypothalamic nucleus, intermediate part",negative,3,BRAC5112.5g,cfos
3777,"Periventricular hypothalamic nucleus, intermediate part",positive,680,BRAC5112.5g,cfos
3778,"Periventricular hypothalamic nucleus, posterior part",negative,0,BRAC5112.5g,cfos
3779,"Periventricular hypothalamic nucleus, posterior part",positive,679,BRAC5112.5g,cfos
3780,"Periventricular hypothalamic nucleus, preoptic part",negative,6,BRAC5112.5g,cfos
3781,"Periventricular hypothalamic nucleus, preoptic part",positive,693,BRAC5112.5g,cfos
3782,Piriform area,negative,174,BRAC5112.5g,cfos
3783,Piriform area,positive,37787,BRAC5112.5g,cfos
3784,Piriform-amygdalar area,negative,10,BRAC5112.5g,cfos
3785,Piriform-amygdalar area,positive,3454,BRAC5112.5g,cfos
3786,Posterior amygdalar nucleus,negative,7,BRAC5112.5g,cfos
3787,Posterior amygdalar nucleus,positive,2890,BRAC5112.5g,cfos
3788,"Posterior auditory area, layer 1",negative,0,BRAC5112.5g,cfos
3789,"Posterior auditory area, layer 1",positive,164,BRAC5112.5g,cfos
3790,"Posterior auditory area, layer 2/3",negative,3,BRAC5112.5g,cfos
3791,"Posterior auditory area, layer 2/3",positive,594,BRAC5112.5g,cfos
3792,"Posterior auditory area, layer 4",negative,0,BRAC5112.5g,cfos
3793,"Posterior auditory area, layer 4",positive,358,BRAC5112.5g,cfos
3794,"Posterior auditory area, layer 5",negative,3,BRAC5112.5g,cfos
3795,"Posterior auditory area, layer 5",positive,782,BRAC5112.5g,cfos
3796,"Posterior auditory area, layer 6a",negative,1,BRAC5112.5g,cfos
3797,"Posterior auditory area, layer 6a",positive,235,BRAC5112.5g,cfos
3798,"Posterior auditory area, layer 6b",negative,0,BRAC5112.5g,cfos
3799,"Posterior auditory area, layer 6b",positive,42,BRAC5112.5g,cfos
3800,Posterior complex of the thalamus,negative,34,BRAC5112.5g,cfos
3801,Posterior complex of the thalamus,positive,4588,BRAC5112.5g,cfos
3802,Posterior hypothalamic nucleus,negative,2,BRAC5112.5g,cfos
3803,Posterior hypothalamic nucleus,positive,5608,BRAC5112.5g,cfos
3804,Posterior intralaminar thalamic nucleus,negative,0,BRAC5112.5g,cfos
3805,Posterior intralaminar thalamic nucleus,positive,35,BRAC5112.5g,cfos
3806,Posterior limiting nucleus of the thalamus,negative,2,BRAC5112.5g,cfos
3807,Posterior limiting nucleus of the thalamus,positive,444,BRAC5112.5g,cfos
3808,Posterior pretectal nucleus,negative,1,BRAC5112.5g,cfos
3809,Posterior pretectal nucleus,positive,911,BRAC5112.5g,cfos
3810,Posterior triangular thalamic nucleus,negative,0,BRAC5112.5g,cfos
3811,Posterior triangular thalamic nucleus,positive,768,BRAC5112.5g,cfos
3812,Posterodorsal preoptic nucleus,negative,0,BRAC5112.5g,cfos
3813,Posterodorsal preoptic nucleus,positive,95,BRAC5112.5g,cfos
3814,Postpiriform transition area,negative,0,BRAC5112.5g,cfos
3815,Postpiriform transition area,positive,677,BRAC5112.5g,cfos
3816,Postsubiculum,negative,0,BRAC5112.5g,cfos
3817,Postsubiculum,positive,18,BRAC5112.5g,cfos
3818,Precommissural nucleus,negative,12,BRAC5112.5g,cfos
3819,Precommissural nucleus,positive,1482,BRAC5112.5g,cfos
3820,Preparasubthalamic nucleus,negative,0,BRAC5112.5g,cfos
3821,Preparasubthalamic nucleus,positive,14,BRAC5112.5g,cfos
3822,"Primary auditory area, layer 1",negative,8,BRAC5112.5g,cfos
3823,"Primary auditory area, layer 1",positive,1824,BRAC5112.5g,cfos
3824,"Primary auditory area, layer 2/3",negative,14,BRAC5112.5g,cfos
3825,"Primary auditory area, layer 2/3",positive,4753,BRAC5112.5g,cfos
3826,"Primary auditory area, layer 4",negative,3,BRAC5112.5g,cfos
3827,"Primary auditory area, layer 4",positive,2874,BRAC5112.5g,cfos
3828,"Primary auditory area, layer 5",negative,32,BRAC5112.5g,cfos
3829,"Primary auditory area, layer 5",positive,6057,BRAC5112.5g,cfos
3830,"Primary auditory area, layer 6a",negative,9,BRAC5112.5g,cfos
3831,"Primary auditory area, layer 6a",positive,2260,BRAC5112.5g,cfos
3832,"Primary auditory area, layer 6b",negative,1,BRAC5112.5g,cfos
3833,"Primary auditory area, layer 6b",positive,318,BRAC5112.5g,cfos
3834,"Primary motor area, Layer 1",negative,35,BRAC5112.5g,cfos
3835,"Primary motor area, Layer 1",positive,1673,BRAC5112.5g,cfos
3836,"Primary motor area, Layer 2/3",negative,34,BRAC5112.5g,cfos
3837,"Primary motor area, Layer 2/3",positive,11407,BRAC5112.5g,cfos
3838,"Primary motor area, Layer 5",negative,41,BRAC5112.5g,cfos
3839,"Primary motor area, Layer 5",positive,10175,BRAC5112.5g,cfos
3840,"Primary motor area, Layer 6a",negative,73,BRAC5112.5g,cfos
3841,"Primary motor area, Layer 6a",positive,9357,BRAC5112.5g,cfos
3842,"Primary motor area, Layer 6b",negative,7,BRAC5112.5g,cfos
3843,"Primary motor area, Layer 6b",positive,488,BRAC5112.5g,cfos
3844,"Primary somatosensory area, barrel field, layer 1",negative,22,BRAC5112.5g,cfos
3845,"Primary somatosensory area, barrel field, layer 1",positive,4146,BRAC5112.5g,cfos
3846,"Primary somatosensory area, barrel field, layer 2/3",negative,11,BRAC5112.5g,cfos
3847,"Primary somatosensory area, barrel field, layer 2/3",positive,15022,BRAC5112.5g,cfos
3848,"Primary somatosensory area, barrel field, layer 4",negative,26,BRAC5112.5g,cfos
3849,"Primary somatosensory area, barrel field, layer 4",positive,13983,BRAC5112.5g,cfos
3850,"Primary somatosensory area, barrel field, layer 5",negative,18,BRAC5112.5g,cfos
3851,"Primary somatosensory area, barrel field, layer 5",positive,9192,BRAC5112.5g,cfos
3852,"Primary somatosensory area, barrel field, layer 6a",negative,48,BRAC5112.5g,cfos
3853,"Primary somatosensory area, barrel field, layer 6a",positive,6414,BRAC5112.5g,cfos
3854,"Primary somatosensory area, barrel field, layer 6b",negative,3,BRAC5112.5g,cfos
3855,"Primary somatosensory area, barrel field, layer 6b",positive,525,BRAC5112.5g,cfos
3856,"Primary somatosensory area, lower limb, layer 1",negative,9,BRAC5112.5g,cfos
3857,"Primary somatosensory area, lower limb, layer 1",positive,1487,BRAC5112.5g,cfos
3858,"Primary somatosensory area, lower limb, layer 2/3",negative,4,BRAC5112.5g,cfos
3859,"Primary somatosensory area, lower limb, layer 2/3",positive,5494,BRAC5112.5g,cfos
3860,"Primary somatosensory area, lower limb, layer 4",negative,5,BRAC5112.5g,cfos
3861,"Primary somatosensory area, lower limb, layer 4",positive,2044,BRAC5112.5g,cfos
3862,"Primary somatosensory area, lower limb, layer 5",negative,5,BRAC5112.5g,cfos
3863,"Primary somatosensory area, lower limb, layer 5",positive,3198,BRAC5112.5g,cfos
3864,"Primary somatosensory area, lower limb, layer 6a",negative,16,BRAC5112.5g,cfos
3865,"Primary somatosensory area, lower limb, layer 6a",positive,2194,BRAC5112.5g,cfos
3866,"Primary somatosensory area, lower limb, layer 6b",negative,1,BRAC5112.5g,cfos
3867,"Primary somatosensory area, lower limb, layer 6b",positive,104,BRAC5112.5g,cfos
3868,"Primary somatosensory area, mouth, layer 1",negative,12,BRAC5112.5g,cfos
3869,"Primary somatosensory area, mouth, layer 1",positive,1136,BRAC5112.5g,cfos
3870,"Primary somatosensory area, mouth, layer 2/3",negative,10,BRAC5112.5g,cfos
3871,"Primary somatosensory area, mouth, layer 2/3",positive,5897,BRAC5112.5g,cfos
3872,"Primary somatosensory area, mouth, layer 4",negative,3,BRAC5112.5g,cfos
3873,"Primary somatosensory area, mouth, layer 4",positive,7149,BRAC5112.5g,cfos
3874,"Primary somatosensory area, mouth, layer 5",negative,16,BRAC5112.5g,cfos
3875,"Primary somatosensory area, mouth, layer 5",positive,5086,BRAC5112.5g,cfos
3876,"Primary somatosensory area, mouth, layer 6a",negative,53,BRAC5112.5g,cfos
3877,"Primary somatosensory area, mouth, layer 6a",positive,7301,BRAC5112.5g,cfos
3878,"Primary somatosensory area, mouth, layer 6b",negative,9,BRAC5112.5g,cfos
3879,"Primary somatosensory area, mouth, layer 6b",positive,316,BRAC5112.5g,cfos
3880,"Primary somatosensory area, nose, layer 1",negative,10,BRAC5112.5g,cfos
3881,"Primary somatosensory area, nose, layer 1",positive,1620,BRAC5112.5g,cfos
3882,"Primary somatosensory area, nose, layer 2/3",negative,2,BRAC5112.5g,cfos
3883,"Primary somatosensory area, nose, layer 2/3",positive,5602,BRAC5112.5g,cfos
3884,"Primary somatosensory area, nose, layer 4",negative,0,BRAC5112.5g,cfos
3885,"Primary somatosensory area, nose, layer 4",positive,5582,BRAC5112.5g,cfos
3886,"Primary somatosensory area, nose, layer 5",negative,2,BRAC5112.5g,cfos
3887,"Primary somatosensory area, nose, layer 5",positive,3665,BRAC5112.5g,cfos
3888,"Primary somatosensory area, nose, layer 6a",negative,6,BRAC5112.5g,cfos
3889,"Primary somatosensory area, nose, layer 6a",positive,4101,BRAC5112.5g,cfos
3890,"Primary somatosensory area, nose, layer 6b",negative,1,BRAC5112.5g,cfos
3891,"Primary somatosensory area, nose, layer 6b",positive,217,BRAC5112.5g,cfos
3892,"Primary somatosensory area, trunk, layer 1",negative,16,BRAC5112.5g,cfos
3893,"Primary somatosensory area, trunk, layer 1",positive,670,BRAC5112.5g,cfos
3894,"Primary somatosensory area, trunk, layer 2/3",negative,9,BRAC5112.5g,cfos
3895,"Primary somatosensory area, trunk, layer 2/3",positive,3132,BRAC5112.5g,cfos
3896,"Primary somatosensory area, trunk, layer 4",negative,2,BRAC5112.5g,cfos
3897,"Primary somatosensory area, trunk, layer 4",positive,1382,BRAC5112.5g,cfos
3898,"Primary somatosensory area, trunk, layer 5",negative,7,BRAC5112.5g,cfos
3899,"Primary somatosensory area, trunk, layer 5",positive,2452,BRAC5112.5g,cfos
3900,"Primary somatosensory area, trunk, layer 6a",negative,10,BRAC5112.5g,cfos
3901,"Primary somatosensory area, trunk, layer 6a",positive,1330,BRAC5112.5g,cfos
3902,"Primary somatosensory area, trunk, layer 6b",negative,0,BRAC5112.5g,cfos
3903,"Primary somatosensory area, trunk, layer 6b",positive,105,BRAC5112.5g,cfos
3904,"Primary somatosensory area, unassigned, layer 1",negative,11,BRAC5112.5g,cfos
3905,"Primary somatosensory area, unassigned, layer 1",positive,789,BRAC5112.5g,cfos
3906,"Primary somatosensory area, unassigned, layer 2/3",negative,3,BRAC5112.5g,cfos
3907,"Primary somatosensory area, unassigned, layer 2/3",positive,2816,BRAC5112.5g,cfos
3908,"Primary somatosensory area, unassigned, layer 4",negative,1,BRAC5112.5g,cfos
3909,"Primary somatosensory area, unassigned, layer 4",positive,1786,BRAC5112.5g,cfos
3910,"Primary somatosensory area, unassigned, layer 5",negative,3,BRAC5112.5g,cfos
3911,"Primary somatosensory area, unassigned, layer 5",positive,1711,BRAC5112.5g,cfos
3912,"Primary somatosensory area, unassigned, layer 6a",negative,10,BRAC5112.5g,cfos
3913,"Primary somatosensory area, unassigned, layer 6a",positive,1315,BRAC5112.5g,cfos
3914,"Primary somatosensory area, unassigned, layer 6b",negative,2,BRAC5112.5g,cfos
3915,"Primary somatosensory area, unassigned, layer 6b",positive,83,BRAC5112.5g,cfos
3916,"Primary somatosensory area, upper limb, layer 1",negative,29,BRAC5112.5g,cfos
3917,"Primary somatosensory area, upper limb, layer 1",positive,1840,BRAC5112.5g,cfos
3918,"Primary somatosensory area, upper limb, layer 2/3",negative,16,BRAC5112.5g,cfos
3919,"Primary somatosensory area, upper limb, layer 2/3",positive,8518,BRAC5112.5g,cfos
3920,"Primary somatosensory area, upper limb, layer 4",negative,6,BRAC5112.5g,cfos
3921,"Primary somatosensory area, upper limb, layer 4",positive,5250,BRAC5112.5g,cfos
3922,"Primary somatosensory area, upper limb, layer 5",negative,17,BRAC5112.5g,cfos
3923,"Primary somatosensory area, upper limb, layer 5",positive,5601,BRAC5112.5g,cfos
3924,"Primary somatosensory area, upper limb, layer 6a",negative,37,BRAC5112.5g,cfos
3925,"Primary somatosensory area, upper limb, layer 6a",positive,4543,BRAC5112.5g,cfos
3926,"Primary somatosensory area, upper limb, layer 6b",negative,3,BRAC5112.5g,cfos
3927,"Primary somatosensory area, upper limb, layer 6b",positive,192,BRAC5112.5g,cfos
3928,"Primary visual area, layer 1",negative,10,BRAC5112.5g,cfos
3929,"Primary visual area, layer 1",positive,1233,BRAC5112.5g,cfos
3930,"Primary visual area, layer 2/3",negative,6,BRAC5112.5g,cfos
3931,"Primary visual area, layer 2/3",positive,4168,BRAC5112.5g,cfos
3932,"Primary visual area, layer 4",negative,1,BRAC5112.5g,cfos
3933,"Primary visual area, layer 4",positive,2660,BRAC5112.5g,cfos
3934,"Primary visual area, layer 5",negative,8,BRAC5112.5g,cfos
3935,"Primary visual area, layer 5",positive,3619,BRAC5112.5g,cfos
3936,"Primary visual area, layer 6a",negative,4,BRAC5112.5g,cfos
3937,"Primary visual area, layer 6a",positive,1847,BRAC5112.5g,cfos
3938,"Primary visual area, layer 6b",negative,1,BRAC5112.5g,cfos
3939,"Primary visual area, layer 6b",positive,365,BRAC5112.5g,cfos
3940,Prosubiculum,negative,0,BRAC5112.5g,cfos
3941,Prosubiculum,positive,693,BRAC5112.5g,cfos
3942,Reticular nucleus of the thalamus,negative,6,BRAC5112.5g,cfos
3943,Reticular nucleus of the thalamus,positive,3416,BRAC5112.5g,cfos
3944,Retrochiasmatic area,negative,3,BRAC5112.5g,cfos
3945,Retrochiasmatic area,positive,94,BRAC5112.5g,cfos
3946,Retroparafascicular nucleus,negative,0,BRAC5112.5g,cfos
3947,Retroparafascicular nucleus,positive,368,BRAC5112.5g,cfos
3948,"Retrosplenial area, dorsal part, layer 1",negative,24,BRAC5112.5g,cfos
3949,"Retrosplenial area, dorsal part, layer 1",positive,2617,BRAC5112.5g,cfos
3950,"Retrosplenial area, dorsal part, layer 2/3",negative,12,BRAC5112.5g,cfos
3951,"Retrosplenial area, dorsal part, layer 2/3",positive,8150,BRAC5112.5g,cfos
3952,"Retrosplenial area, dorsal part, layer 5",negative,12,BRAC5112.5g,cfos
3953,"Retrosplenial area, dorsal part, layer 5",positive,7712,BRAC5112.5g,cfos
3954,"Retrosplenial area, dorsal part, layer 6a",negative,13,BRAC5112.5g,cfos
3955,"Retrosplenial area, dorsal part, layer 6a",positive,3773,BRAC5112.5g,cfos
3956,"Retrosplenial area, dorsal part, layer 6b",negative,1,BRAC5112.5g,cfos
3957,"Retrosplenial area, dorsal part, layer 6b",positive,231,BRAC5112.5g,cfos
3958,"Retrosplenial area, lateral agranular part, layer 1",negative,12,BRAC5112.5g,cfos
3959,"Retrosplenial area, lateral agranular part, layer 1",positive,1632,BRAC5112.5g,cfos
3960,"Retrosplenial area, lateral agranular part, layer 2/3",negative,2,BRAC5112.5g,cfos
3961,"Retrosplenial area, lateral agranular part, layer 2/3",positive,4583,BRAC5112.5g,cfos
3962,"Retrosplenial area, lateral agranular part, layer 5",negative,10,BRAC5112.5g,cfos
3963,"Retrosplenial area, lateral agranular part, layer 5",positive,4045,BRAC5112.5g,cfos
3964,"Retrosplenial area, lateral agranular part, layer 6a",negative,7,BRAC5112.5g,cfos
3965,"Retrosplenial area, lateral agranular part, layer 6a",positive,1965,BRAC5112.5g,cfos
3966,"Retrosplenial area, lateral agranular part, layer 6b",negative,3,BRAC5112.5g,cfos
3967,"Retrosplenial area, lateral agranular part, layer 6b",positive,222,BRAC5112.5g,cfos
3968,"Retrosplenial area, ventral part, layer 1",negative,23,BRAC5112.5g,cfos
3969,"Retrosplenial area, ventral part, layer 1",positive,1726,BRAC5112.5g,cfos
3970,"Retrosplenial area, ventral part, layer 2/3",negative,16,BRAC5112.5g,cfos
3971,"Retrosplenial area, ventral part, layer 2/3",positive,5662,BRAC5112.5g,cfos
3972,"Retrosplenial area, ventral part, layer 5",negative,20,BRAC5112.5g,cfos
3973,"Retrosplenial area, ventral part, layer 5",positive,12104,BRAC5112.5g,cfos
3974,"Retrosplenial area, ventral part, layer 6a",negative,8,BRAC5112.5g,cfos
3975,"Retrosplenial area, ventral part, layer 6a",positive,4777,BRAC5112.5g,cfos
3976,"Retrosplenial area, ventral part, layer 6b",negative,1,BRAC5112.5g,cfos
3977,"Retrosplenial area, ventral part, layer 6b",positive,255,BRAC5112.5g,cfos
3978,Rhomboid nucleus,negative,4,BRAC5112.5g,cfos
3979,Rhomboid nucleus,positive,458,BRAC5112.5g,cfos
3980,"Rostrolateral area, layer 1",negative,4,BRAC5112.5g,cfos
3981,"Rostrolateral area, layer 1",positive,1300,BRAC5112.5g,cfos
3982,"Rostrolateral area, layer 2/3",negative,3,BRAC5112.5g,cfos
3983,"Rostrolateral area, layer 2/3",positive,4386,BRAC5112.5g,cfos
3984,"Rostrolateral area, layer 4",negative,1,BRAC5112.5g,cfos
3985,"Rostrolateral area, layer 4",positive,2580,BRAC5112.5g,cfos
3986,"Rostrolateral area, layer 5",negative,3,BRAC5112.5g,cfos
3987,"Rostrolateral area, layer 5",positive,3350,BRAC5112.5g,cfos
3988,"Rostrolateral area, layer 6a",negative,5,BRAC5112.5g,cfos
3989,"Rostrolateral area, layer 6a",positive,1545,BRAC5112.5g,cfos
3990,"Rostrolateral area, layer 6b",negative,0,BRAC5112.5g,cfos
3991,"Rostrolateral area, layer 6b",positive,291,BRAC5112.5g,cfos
3992,"Secondary motor area, layer 1",negative,26,BRAC5112.5g,cfos
3993,"Secondary motor area, layer 1",positive,1490,BRAC5112.5g,cfos
3994,"Secondary motor area, layer 2/3",negative,14,BRAC5112.5g,cfos
3995,"Secondary motor area, layer 2/3",positive,7182,BRAC5112.5g,cfos
3996,"Secondary motor area, layer 5",negative,42,BRAC5112.5g,cfos
3997,"Secondary motor area, layer 5",positive,8239,BRAC5112.5g,cfos
3998,"Secondary motor area, layer 6a",negative,63,BRAC5112.5g,cfos
3999,"Secondary motor area, layer 6a",positive,5673,BRAC5112.5g,cfos
4000,"Secondary motor area, layer 6b",negative,1,BRAC5112.5g,cfos
4001,"Secondary motor area, layer 6b",positive,136,BRAC5112.5g,cfos
4002,Septofimbrial nucleus,negative,12,BRAC5112.5g,cfos
4003,Septofimbrial nucleus,positive,1281,BRAC5112.5g,cfos
4004,Septohippocampal nucleus,negative,1,BRAC5112.5g,cfos
4005,Septohippocampal nucleus,positive,96,BRAC5112.5g,cfos
4006,Striatum,negative,131,BRAC5112.5g,cfos
4007,Striatum,positive,8075,BRAC5112.5g,cfos
4008,Subcommissural organ,negative,2,BRAC5112.5g,cfos
4009,Subcommissural organ,positive,49,BRAC5112.5g,cfos
4010,Subfornical organ,negative,0,BRAC5112.5g,cfos
4011,Subfornical organ,positive,96,BRAC5112.5g,cfos
4012,Subgeniculate nucleus,negative,0,BRAC5112.5g,cfos
4013,Subgeniculate nucleus,positive,207,BRAC5112.5g,cfos
4014,Subiculum,negative,5,BRAC5112.5g,cfos
4015,Subiculum,positive,3621,BRAC5112.5g,cfos
4016,Submedial nucleus of the thalamus,negative,3,BRAC5112.5g,cfos
4017,Submedial nucleus of the thalamus,positive,832,BRAC5112.5g,cfos
4018,Subparafascicular area,negative,1,BRAC5112.5g,cfos
4019,Subparafascicular area,positive,782,BRAC5112.5g,cfos
4020,"Subparafascicular nucleus, magnocellular part",negative,2,BRAC5112.5g,cfos
4021,"Subparafascicular nucleus, magnocellular part",positive,549,BRAC5112.5g,cfos
4022,"Subparafascicular nucleus, parvicellular part",negative,1,BRAC5112.5g,cfos
4023,"Subparafascicular nucleus, parvicellular part",positive,440,BRAC5112.5g,cfos
4024,Subparaventricular zone,negative,0,BRAC5112.5g,cfos
4025,Subparaventricular zone,positive,791,BRAC5112.5g,cfos
4026,Substantia innominata,negative,5,BRAC5112.5g,cfos
4027,Substantia innominata,positive,8791,BRAC5112.5g,cfos
4028,"Substantia nigra, compact part",negative,0,BRAC5112.5g,cfos
4029,"Substantia nigra, compact part",positive,172,BRAC5112.5g,cfos
4030,"Substantia nigra, reticular part",negative,0,BRAC5112.5g,cfos
4031,"Substantia nigra, reticular part",positive,483,BRAC5112.5g,cfos
4032,Subthalamic nucleus,negative,0,BRAC5112.5g,cfos
4033,Subthalamic nucleus,positive,904,BRAC5112.5g,cfos
4034,"Superior colliculus, motor related, intermediate gray layer",negative,1,BRAC5112.5g,cfos
4035,"Superior colliculus, motor related, intermediate gray layer",positive,468,BRAC5112.5g,cfos
4036,"Superior colliculus, motor related, intermediate white layer",negative,1,BRAC5112.5g,cfos
4037,"Superior colliculus, motor related, intermediate white layer",positive,167,BRAC5112.5g,cfos
4038,"Superior colliculus, optic layer",negative,1,BRAC5112.5g,cfos
4039,"Superior colliculus, optic layer",positive,181,BRAC5112.5g,cfos
4040,"Superior colliculus, superficial gray layer",negative,0,BRAC5112.5g,cfos
4041,"Superior colliculus, superficial gray layer",positive,32,BRAC5112.5g,cfos
4042,"Superior colliculus, zonal layer",negative,0,BRAC5112.5g,cfos
4043,"Superior colliculus, zonal layer",positive,41,BRAC5112.5g,cfos
4044,"Supplemental somatosensory area, layer 1",negative,42,BRAC5112.5g,cfos
4045,"Supplemental somatosensory area, layer 1",positive,3318,BRAC5112.5g,cfos
4046,"Supplemental somatosensory area, layer 2/3",negative,27,BRAC5112.5g,cfos
4047,"Supplemental somatosensory area, layer 2/3",positive,13120,BRAC5112.5g,cfos
4048,"Supplemental somatosensory area, layer 4",negative,18,BRAC5112.5g,cfos
4049,"Supplemental somatosensory area, layer 4",positive,10065,BRAC5112.5g,cfos
4050,"Supplemental somatosensory area, layer 5",negative,30,BRAC5112.5g,cfos
4051,"Supplemental somatosensory area, layer 5",positive,13021,BRAC5112.5g,cfos
4052,"Supplemental somatosensory area, layer 6a",negative,36,BRAC5112.5g,cfos
4053,"Supplemental somatosensory area, layer 6a",positive,9512,BRAC5112.5g,cfos
4054,"Supplemental somatosensory area, layer 6b",negative,6,BRAC5112.5g,cfos
4055,"Supplemental somatosensory area, layer 6b",positive,713,BRAC5112.5g,cfos
4056,Suprachiasmatic nucleus,negative,1,BRAC5112.5g,cfos
4057,Suprachiasmatic nucleus,positive,347,BRAC5112.5g,cfos
4058,Suprageniculate nucleus,negative,0,BRAC5112.5g,cfos
4059,Suprageniculate nucleus,positive,285,BRAC5112.5g,cfos
4060,Supramammillary nucleus,negative,1,BRAC5112.5g,cfos
4061,Supramammillary nucleus,positive,1010,BRAC5112.5g,cfos
4062,Supraoptic nucleus,negative,0,BRAC5112.5g,cfos
4063,Supraoptic nucleus,positive,61,BRAC5112.5g,cfos
4064,"Temporal association areas, layer 1",negative,12,BRAC5112.5g,cfos
4065,"Temporal association areas, layer 1",positive,986,BRAC5112.5g,cfos
4066,"Temporal association areas, layer 2/3",negative,11,BRAC5112.5g,cfos
4067,"Temporal association areas, layer 2/3",positive,2239,BRAC5112.5g,cfos
4068,"Temporal association areas, layer 4",negative,6,BRAC5112.5g,cfos
4069,"Temporal association areas, layer 4",positive,927,BRAC5112.5g,cfos
4070,"Temporal association areas, layer 5",negative,19,BRAC5112.5g,cfos
4071,"Temporal association areas, layer 5",positive,2869,BRAC5112.5g,cfos
4072,"Temporal association areas, layer 6a",negative,4,BRAC5112.5g,cfos
4073,"Temporal association areas, layer 6a",positive,1661,BRAC5112.5g,cfos
4074,"Temporal association areas, layer 6b",negative,1,BRAC5112.5g,cfos
4075,"Temporal association areas, layer 6b",positive,166,BRAC5112.5g,cfos
4076,Thalamus,negative,10,BRAC5112.5g,cfos
4077,Thalamus,positive,3342,BRAC5112.5g,cfos
4078,Triangular nucleus of septum,negative,35,BRAC5112.5g,cfos
4079,Triangular nucleus of septum,positive,996,BRAC5112.5g,cfos
4080,Tuberal nucleus,negative,2,BRAC5112.5g,cfos
4081,Tuberal nucleus,positive,1178,BRAC5112.5g,cfos
4082,"Tuberomammillary nucleus, dorsal part",negative,0,BRAC5112.5g,cfos
4083,"Tuberomammillary nucleus, dorsal part",positive,630,BRAC5112.5g,cfos
4084,"Tuberomammillary nucleus, ventral part",negative,2,BRAC5112.5g,cfos
4085,"Tuberomammillary nucleus, ventral part",positive,625,BRAC5112.5g,cfos
4086,Vascular organ of the lamina terminalis,negative,0,BRAC5112.5g,cfos
4087,Vascular organ of the lamina terminalis,positive,28,BRAC5112.5g,cfos
4088,Ventral anterior-lateral complex of the thalamus,negative,13,BRAC5112.5g,cfos
4089,Ventral anterior-lateral complex of the thalamus,positive,2158,BRAC5112.5g,cfos
4090,"Ventral auditory area, layer 1",negative,10,BRAC5112.5g,cfos
4091,"Ventral auditory area, layer 1",positive,1196,BRAC5112.5g,cfos
4092,"Ventral auditory area, layer 2/3",negative,9,BRAC5112.5g,cfos
4093,"Ventral auditory area, layer 2/3",positive,2950,BRAC5112.5g,cfos
4094,"Ventral auditory area, layer 4",negative,3,BRAC5112.5g,cfos
4095,"Ventral auditory area, layer 4",positive,1819,BRAC5112.5g,cfos
4096,"Ventral auditory area, layer 5",negative,17,BRAC5112.5g,cfos
4097,"Ventral auditory area, layer 5",positive,3361,BRAC5112.5g,cfos
4098,"Ventral auditory area, layer 6a",negative,10,BRAC5112.5g,cfos
4099,"Ventral auditory area, layer 6a",positive,1297,BRAC5112.5g,cfos
4100,"Ventral auditory area, layer 6b",negative,3,BRAC5112.5g,cfos
4101,"Ventral auditory area, layer 6b",positive,152,BRAC5112.5g,cfos
4102,Ventral medial nucleus of the thalamus,negative,7,BRAC5112.5g,cfos
4103,Ventral medial nucleus of the thalamus,positive,2265,BRAC5112.5g,cfos
4104,Ventral part of the lateral geniculate complex,negative,5,BRAC5112.5g,cfos
4105,Ventral part of the lateral geniculate complex,positive,2423,BRAC5112.5g,cfos
4106,Ventral posterolateral nucleus of the thalamus,negative,5,BRAC5112.5g,cfos
4107,Ventral posterolateral nucleus of the thalamus,positive,1811,BRAC5112.5g,cfos
4108,"Ventral posterolateral nucleus of the thalamus, parvicellular part",negative,1,BRAC5112.5g,cfos
4109,"Ventral posterolateral nucleus of the thalamus, parvicellular part",positive,318,BRAC5112.5g,cfos
4110,Ventral posteromedial nucleus of the thalamus,negative,13,BRAC5112.5g,cfos
4111,Ventral posteromedial nucleus of the thalamus,positive,5195,BRAC5112.5g,cfos
4112,"Ventral posteromedial nucleus of the thalamus, parvicellular part",negative,4,BRAC5112.5g,cfos
4113,"Ventral posteromedial nucleus of the thalamus, parvicellular part",positive,624,BRAC5112.5g,cfos
4114,Ventral premammillary nucleus,negative,1,BRAC5112.5g,cfos
4115,Ventral premammillary nucleus,positive,1787,BRAC5112.5g,cfos
4116,Ventral tegmental area,negative,0,BRAC5112.5g,cfos
4117,Ventral tegmental area,positive,357,BRAC5112.5g,cfos
4118,Ventrolateral preoptic nucleus,negative,0,BRAC5112.5g,cfos
4119,Ventrolateral preoptic nucleus,positive,176,BRAC5112.5g,cfos
4120,Ventromedial hypothalamic nucleus,negative,0,BRAC5112.5g,cfos
4121,Ventromedial hypothalamic nucleus,positive,1773,BRAC5112.5g,cfos
4122,Ventromedial preoptic nucleus,negative,0,BRAC5112.5g,cfos
4123,Ventromedial preoptic nucleus,positive,298,BRAC5112.5g,cfos
4124,"Visceral area, layer 1",negative,5,BRAC5112.5g,cfos
4125,"Visceral area, layer 1",positive,678,BRAC5112.5g,cfos
4126,"Visceral area, layer 2/3",negative,5,BRAC5112.5g,cfos
4127,"Visceral area, layer 2/3",positive,2793,BRAC5112.5g,cfos
4128,"Visceral area, layer 4",negative,1,BRAC5112.5g,cfos
4129,"Visceral area, layer 4",positive,1166,BRAC5112.5g,cfos
4130,"Visceral area, layer 5",negative,9,BRAC5112.5g,cfos
4131,"Visceral area, layer 5",positive,3280,BRAC5112.5g,cfos
4132,"Visceral area, layer 6a",negative,13,BRAC5112.5g,cfos
4133,"Visceral area, layer 6a",positive,2203,BRAC5112.5g,cfos
4134,"Visceral area, layer 6b",negative,0,BRAC5112.5g,cfos
4135,"Visceral area, layer 6b",positive,149,BRAC5112.5g,cfos
4136,Xiphoid thalamic nucleus,negative,0,BRAC5112.5g,cfos
4137,Xiphoid thalamic nucleus,positive,394,BRAC5112.5g,cfos
4138,Zona incerta,negative,3,BRAC5112.5g,cfos
4139,Zona incerta,positive,5942,BRAC5112.5g,cfos
4140,alveus,negative,30,BRAC5112.5g,cfos
4141,alveus,positive,3402,BRAC5112.5g,cfos
4142,amygdalar capsule,negative,2,BRAC5112.5g,cfos
4143,amygdalar capsule,positive,508,BRAC5112.5g,cfos
4144,"anterior commissure, olfactory limb",negative,0,BRAC5112.5g,cfos
4145,"anterior commissure, olfactory limb",positive,506,BRAC5112.5g,cfos
4146,"anterior commissure, temporal limb",negative,4,BRAC5112.5g,cfos
4147,"anterior commissure, temporal limb",positive,456,BRAC5112.5g,cfos
4148,auditory radiation,negative,6,BRAC5112.5g,cfos
4149,auditory radiation,positive,1286,BRAC5112.5g,cfos
4150,brachium of the superior colliculus,negative,6,BRAC5112.5g,cfos
4151,brachium of the superior colliculus,positive,291,BRAC5112.5g,cfos
4152,cerebal peduncle,negative,2,BRAC5112.5g,cfos
4153,cerebal peduncle,positive,361,BRAC5112.5g,cfos
4154,cerebral aqueduct,negative,0,BRAC5112.5g,cfos
4155,cerebral aqueduct,positive,11,BRAC5112.5g,cfos
4156,choroid plexus,negative,18,BRAC5112.5g,cfos
4157,choroid plexus,positive,1065,BRAC5112.5g,cfos
4158,cingulum bundle,negative,25,BRAC5112.5g,cfos
4159,cingulum bundle,positive,4079,BRAC5112.5g,cfos
4160,columns of the fornix,negative,4,BRAC5112.5g,cfos
4161,columns of the fornix,positive,744,BRAC5112.5g,cfos
4162,commissural branch of stria terminalis,negative,0,BRAC5112.5g,cfos
4163,commissural branch of stria terminalis,positive,60,BRAC5112.5g,cfos
4164,"corpus callosum, anterior forceps",negative,1,BRAC5112.5g,cfos
4165,"corpus callosum, anterior forceps",positive,304,BRAC5112.5g,cfos
4166,"corpus callosum, body",negative,182,BRAC5112.5g,cfos
4167,"corpus callosum, body",positive,4648,BRAC5112.5g,cfos
4168,"corpus callosum, extreme capsule",negative,0,BRAC5112.5g,cfos
4169,"corpus callosum, extreme capsule",positive,398,BRAC5112.5g,cfos
4170,"corpus callosum, posterior forceps",negative,17,BRAC5112.5g,cfos
4171,"corpus callosum, posterior forceps",positive,6214,BRAC5112.5g,cfos
4172,"corpus callosum, splenium",negative,17,BRAC5112.5g,cfos
4173,"corpus callosum, splenium",positive,2691,BRAC5112.5g,cfos
4174,dorsal fornix,negative,0,BRAC5112.5g,cfos
4175,dorsal fornix,positive,68,BRAC5112.5g,cfos
4176,dorsal hippocampal commissure,negative,8,BRAC5112.5g,cfos
4177,dorsal hippocampal commissure,positive,2515,BRAC5112.5g,cfos
4178,external capsule,negative,15,BRAC5112.5g,cfos
4179,external capsule,positive,1634,BRAC5112.5g,cfos
4180,external medullary lamina of the thalamus,negative,0,BRAC5112.5g,cfos
4181,external medullary lamina of the thalamus,positive,226,BRAC5112.5g,cfos
4182,fasciculus retroflexus,negative,2,BRAC5112.5g,cfos
4183,fasciculus retroflexus,positive,1035,BRAC5112.5g,cfos
4184,fiber tracts,negative,28,BRAC5112.5g,cfos
4185,fiber tracts,positive,2680,BRAC5112.5g,cfos
4186,fimbria,negative,43,BRAC5112.5g,cfos
4187,fimbria,positive,2762,BRAC5112.5g,cfos
4188,genu of corpus callosum,negative,27,BRAC5112.5g,cfos
4189,genu of corpus callosum,positive,1106,BRAC5112.5g,cfos
4190,habenular commissure,negative,2,BRAC5112.5g,cfos
4191,habenular commissure,positive,80,BRAC5112.5g,cfos
4192,internal capsule,negative,18,BRAC5112.5g,cfos
4193,internal capsule,positive,2025,BRAC5112.5g,cfos
4194,"lateral olfactory tract, body",negative,9,BRAC5112.5g,cfos
4195,"lateral olfactory tract, body",positive,333,BRAC5112.5g,cfos
4196,lateral ventricle,negative,90,BRAC5112.5g,cfos
4197,lateral ventricle,positive,2615,BRAC5112.5g,cfos
4198,mammillary peduncle,negative,0,BRAC5112.5g,cfos
4199,mammillary peduncle,positive,4,BRAC5112.5g,cfos
4200,mammillotegmental tract,negative,0,BRAC5112.5g,cfos
4201,mammillotegmental tract,positive,71,BRAC5112.5g,cfos
4202,mammillothalamic tract,negative,1,BRAC5112.5g,cfos
4203,mammillothalamic tract,positive,422,BRAC5112.5g,cfos
4204,medial corticohypothalamic tract,negative,0,BRAC5112.5g,cfos
4205,medial corticohypothalamic tract,positive,18,BRAC5112.5g,cfos
4206,medial forebrain bundle,negative,0,BRAC5112.5g,cfos
4207,medial forebrain bundle,positive,176,BRAC5112.5g,cfos
4208,medial lemniscus,negative,0,BRAC5112.5g,cfos
4209,medial lemniscus,positive,644,BRAC5112.5g,cfos
4210,nigrostriatal tract,negative,0,BRAC5112.5g,cfos
4211,nigrostriatal tract,positive,426,BRAC5112.5g,cfos
4212,optic chiasm,negative,0,BRAC5112.5g,cfos
4213,optic chiasm,positive,51,BRAC5112.5g,cfos
4214,optic nerve,negative,1,BRAC5112.5g,cfos
4215,optic nerve,positive,3,BRAC5112.5g,cfos
4216,optic radiation,negative,50,BRAC5112.5g,cfos
4217,optic radiation,positive,5160,BRAC5112.5g,cfos
4218,optic tract,negative,5,BRAC5112.5g,cfos
4219,optic tract,positive,910,BRAC5112.5g,cfos
4220,posterior commissure,negative,3,BRAC5112.5g,cfos
4221,posterior commissure,positive,296,BRAC5112.5g,cfos
4222,"posteromedial visual area, layer 1",negative,3,BRAC5112.5g,cfos
4223,"posteromedial visual area, layer 1",positive,436,BRAC5112.5g,cfos
4224,"posteromedial visual area, layer 2/3",negative,4,BRAC5112.5g,cfos
4225,"posteromedial visual area, layer 2/3",positive,1896,BRAC5112.5g,cfos
4226,"posteromedial visual area, layer 4",negative,0,BRAC5112.5g,cfos
4227,"posteromedial visual area, layer 4",positive,882,BRAC5112.5g,cfos
4228,"posteromedial visual area, layer 5",negative,0,BRAC5112.5g,cfos
4229,"posteromedial visual area, layer 5",positive,2126,BRAC5112.5g,cfos
4230,"posteromedial visual area, layer 6a",negative,1,BRAC5112.5g,cfos
4231,"posteromedial visual area, layer 6a",positive,905,BRAC5112.5g,cfos
4232,"posteromedial visual area, layer 6b",negative,1,BRAC5112.5g,cfos
4233,"posteromedial visual area, layer 6b",positive,164,BRAC5112.5g,cfos
4234,principal mammillary tract,negative,0,BRAC5112.5g,cfos
4235,principal mammillary tract,positive,202,BRAC5112.5g,cfos
4236,root,negative,53,BRAC5112.5g,cfos
4237,root,positive,4021,BRAC5112.5g,cfos
4238,stria medullaris,negative,9,BRAC5112.5g,cfos
4239,stria medullaris,positive,1511,BRAC5112.5g,cfos
4240,stria terminalis,negative,5,BRAC5112.5g,cfos
4241,stria terminalis,positive,422,BRAC5112.5g,cfos
4242,subependymal zone,negative,22,BRAC5112.5g,cfos
4243,subependymal zone,positive,97,BRAC5112.5g,cfos
4244,supra-callosal cerebral white matter,negative,37,BRAC5112.5g,cfos
4245,supra-callosal cerebral white matter,positive,2300,BRAC5112.5g,cfos
4246,supraoptic commissures,negative,0,BRAC5112.5g,cfos
4247,supraoptic commissures,positive,9,BRAC5112.5g,cfos
4248,third ventricle,negative,44,BRAC5112.5g,cfos
4249,third ventricle,positive,1769,BRAC5112.5g,cfos
4250,ventral hippocampal commissure,negative,0,BRAC5112.5g,cfos
4251,ventral hippocampal commissure,positive,195,BRAC5112.5g,cfos
4252,Accessory supraoptic group,negative,0,BRAC5487.3k,cfos
4253,Accessory supraoptic group,positive,25,BRAC5487.3k,cfos
4254,"Agranular insular area, dorsal part, layer 1",negative,3,BRAC5487.3k,cfos
4255,"Agranular insular area, dorsal part, layer 1",positive,49,BRAC5487.3k,cfos
4256,"Agranular insular area, dorsal part, layer 2/3",negative,7,BRAC5487.3k,cfos
4257,"Agranular insular area, dorsal part, layer 2/3",positive,460,BRAC5487.3k,cfos
4258,"Agranular insular area, dorsal part, layer 5",negative,33,BRAC5487.3k,cfos
4259,"Agranular insular area, dorsal part, layer 5",positive,1071,BRAC5487.3k,cfos
4260,"Agranular insular area, dorsal part, layer 6a",negative,49,BRAC5487.3k,cfos
4261,"Agranular insular area, dorsal part, layer 6a",positive,902,BRAC5487.3k,cfos
4262,"Agranular insular area, dorsal part, layer 6b",negative,0,BRAC5487.3k,cfos
4263,"Agranular insular area, dorsal part, layer 6b",positive,39,BRAC5487.3k,cfos
4264,"Agranular insular area, posterior part, layer 1",negative,14,BRAC5487.3k,cfos
4265,"Agranular insular area, posterior part, layer 1",positive,752,BRAC5487.3k,cfos
4266,"Agranular insular area, posterior part, layer 2/3",negative,26,BRAC5487.3k,cfos
4267,"Agranular insular area, posterior part, layer 2/3",positive,2518,BRAC5487.3k,cfos
4268,"Agranular insular area, posterior part, layer 5",negative,46,BRAC5487.3k,cfos
4269,"Agranular insular area, posterior part, layer 5",positive,2313,BRAC5487.3k,cfos
4270,"Agranular insular area, posterior part, layer 6a",negative,96,BRAC5487.3k,cfos
4271,"Agranular insular area, posterior part, layer 6a",positive,1527,BRAC5487.3k,cfos
4272,"Agranular insular area, posterior part, layer 6b",negative,0,BRAC5487.3k,cfos
4273,"Agranular insular area, posterior part, layer 6b",positive,69,BRAC5487.3k,cfos
4274,"Agranular insular area, ventral part, layer 1",negative,5,BRAC5487.3k,cfos
4275,"Agranular insular area, ventral part, layer 1",positive,55,BRAC5487.3k,cfos
4276,"Agranular insular area, ventral part, layer 2/3",negative,14,BRAC5487.3k,cfos
4277,"Agranular insular area, ventral part, layer 2/3",positive,516,BRAC5487.3k,cfos
4278,"Agranular insular area, ventral part, layer 5",negative,29,BRAC5487.3k,cfos
4279,"Agranular insular area, ventral part, layer 5",positive,538,BRAC5487.3k,cfos
4280,"Agranular insular area, ventral part, layer 6a",negative,17,BRAC5487.3k,cfos
4281,"Agranular insular area, ventral part, layer 6a",positive,303,BRAC5487.3k,cfos
4282,Anterior amygdalar area,negative,7,BRAC5487.3k,cfos
4283,Anterior amygdalar area,positive,1715,BRAC5487.3k,cfos
4284,"Anterior area, layer 1",negative,4,BRAC5487.3k,cfos
4285,"Anterior area, layer 1",positive,948,BRAC5487.3k,cfos
4286,"Anterior area, layer 2/3",negative,14,BRAC5487.3k,cfos
4287,"Anterior area, layer 2/3",positive,2308,BRAC5487.3k,cfos
4288,"Anterior area, layer 4",negative,4,BRAC5487.3k,cfos
4289,"Anterior area, layer 4",positive,945,BRAC5487.3k,cfos
4290,"Anterior area, layer 5",negative,8,BRAC5487.3k,cfos
4291,"Anterior area, layer 5",positive,2387,BRAC5487.3k,cfos
4292,"Anterior area, layer 6a",negative,5,BRAC5487.3k,cfos
4293,"Anterior area, layer 6a",positive,1370,BRAC5487.3k,cfos
4294,"Anterior area, layer 6b",negative,1,BRAC5487.3k,cfos
4295,"Anterior area, layer 6b",positive,214,BRAC5487.3k,cfos
4296,"Anterior cingulate area, dorsal part, layer 1",negative,10,BRAC5487.3k,cfos
4297,"Anterior cingulate area, dorsal part, layer 1",positive,1433,BRAC5487.3k,cfos
4298,"Anterior cingulate area, dorsal part, layer 2/3",negative,15,BRAC5487.3k,cfos
4299,"Anterior cingulate area, dorsal part, layer 2/3",positive,1956,BRAC5487.3k,cfos
4300,"Anterior cingulate area, dorsal part, layer 5",negative,30,BRAC5487.3k,cfos
4301,"Anterior cingulate area, dorsal part, layer 5",positive,5252,BRAC5487.3k,cfos
4302,"Anterior cingulate area, dorsal part, layer 6a",negative,26,BRAC5487.3k,cfos
4303,"Anterior cingulate area, dorsal part, layer 6a",positive,3214,BRAC5487.3k,cfos
4304,"Anterior cingulate area, dorsal part, layer 6b",negative,0,BRAC5487.3k,cfos
4305,"Anterior cingulate area, dorsal part, layer 6b",positive,136,BRAC5487.3k,cfos
4306,"Anterior cingulate area, ventral part, 6a",negative,42,BRAC5487.3k,cfos
4307,"Anterior cingulate area, ventral part, 6a",positive,1637,BRAC5487.3k,cfos
4308,"Anterior cingulate area, ventral part, 6b",negative,6,BRAC5487.3k,cfos
4309,"Anterior cingulate area, ventral part, 6b",positive,288,BRAC5487.3k,cfos
4310,"Anterior cingulate area, ventral part, layer 1",negative,27,BRAC5487.3k,cfos
4311,"Anterior cingulate area, ventral part, layer 1",positive,1354,BRAC5487.3k,cfos
4312,"Anterior cingulate area, ventral part, layer 2/3",negative,34,BRAC5487.3k,cfos
4313,"Anterior cingulate area, ventral part, layer 2/3",positive,1831,BRAC5487.3k,cfos
4314,"Anterior cingulate area, ventral part, layer 5",negative,77,BRAC5487.3k,cfos
4315,"Anterior cingulate area, ventral part, layer 5",positive,4390,BRAC5487.3k,cfos
4316,Anterior hypothalamic nucleus,negative,16,BRAC5487.3k,cfos
4317,Anterior hypothalamic nucleus,positive,2426,BRAC5487.3k,cfos
4318,Anterior pretectal nucleus,negative,24,BRAC5487.3k,cfos
4319,Anterior pretectal nucleus,positive,5665,BRAC5487.3k,cfos
4320,Anterodorsal nucleus,negative,3,BRAC5487.3k,cfos
4321,Anterodorsal nucleus,positive,1309,BRAC5487.3k,cfos
4322,Anterodorsal preoptic nucleus,negative,1,BRAC5487.3k,cfos
4323,Anterodorsal preoptic nucleus,positive,437,BRAC5487.3k,cfos
4324,"Anterolateral visual area, layer 1",negative,3,BRAC5487.3k,cfos
4325,"Anterolateral visual area, layer 1",positive,137,BRAC5487.3k,cfos
4326,"Anterolateral visual area, layer 2/3",negative,3,BRAC5487.3k,cfos
4327,"Anterolateral visual area, layer 2/3",positive,380,BRAC5487.3k,cfos
4328,"Anterolateral visual area, layer 4",negative,1,BRAC5487.3k,cfos
4329,"Anterolateral visual area, layer 4",positive,266,BRAC5487.3k,cfos
4330,"Anterolateral visual area, layer 5",negative,1,BRAC5487.3k,cfos
4331,"Anterolateral visual area, layer 5",positive,634,BRAC5487.3k,cfos
4332,"Anterolateral visual area, layer 6a",negative,1,BRAC5487.3k,cfos
4333,"Anterolateral visual area, layer 6a",positive,394,BRAC5487.3k,cfos
4334,"Anterolateral visual area, layer 6b",negative,0,BRAC5487.3k,cfos
4335,"Anterolateral visual area, layer 6b",positive,59,BRAC5487.3k,cfos
4336,"Anteromedial nucleus, dorsal part",negative,4,BRAC5487.3k,cfos
4337,"Anteromedial nucleus, dorsal part",positive,1253,BRAC5487.3k,cfos
4338,"Anteromedial nucleus, ventral part",negative,2,BRAC5487.3k,cfos
4339,"Anteromedial nucleus, ventral part",positive,694,BRAC5487.3k,cfos
4340,"Anteromedial visual area, layer 1",negative,4,BRAC5487.3k,cfos
4341,"Anteromedial visual area, layer 1",positive,658,BRAC5487.3k,cfos
4342,"Anteromedial visual area, layer 2/3",negative,4,BRAC5487.3k,cfos
4343,"Anteromedial visual area, layer 2/3",positive,1304,BRAC5487.3k,cfos
4344,"Anteromedial visual area, layer 4",negative,1,BRAC5487.3k,cfos
4345,"Anteromedial visual area, layer 4",positive,368,BRAC5487.3k,cfos
4346,"Anteromedial visual area, layer 5",negative,7,BRAC5487.3k,cfos
4347,"Anteromedial visual area, layer 5",positive,1432,BRAC5487.3k,cfos
4348,"Anteromedial visual area, layer 6a",negative,2,BRAC5487.3k,cfos
4349,"Anteromedial visual area, layer 6a",positive,874,BRAC5487.3k,cfos
4350,"Anteromedial visual area, layer 6b",negative,1,BRAC5487.3k,cfos
4351,"Anteromedial visual area, layer 6b",positive,171,BRAC5487.3k,cfos
4352,Anteroventral nucleus of thalamus,negative,16,BRAC5487.3k,cfos
4353,Anteroventral nucleus of thalamus,positive,2522,BRAC5487.3k,cfos
4354,Anteroventral periventricular nucleus,negative,25,BRAC5487.3k,cfos
4355,Anteroventral periventricular nucleus,positive,678,BRAC5487.3k,cfos
4356,Anteroventral preoptic nucleus,negative,1,BRAC5487.3k,cfos
4357,Anteroventral preoptic nucleus,positive,364,BRAC5487.3k,cfos
4358,Arcuate hypothalamic nucleus,negative,21,BRAC5487.3k,cfos
4359,Arcuate hypothalamic nucleus,positive,1472,BRAC5487.3k,cfos
4360,"Basolateral amygdalar nucleus, anterior part",negative,18,BRAC5487.3k,cfos
4361,"Basolateral amygdalar nucleus, anterior part",positive,2809,BRAC5487.3k,cfos
4362,"Basolateral amygdalar nucleus, posterior part",negative,104,BRAC5487.3k,cfos
4363,"Basolateral amygdalar nucleus, posterior part",positive,2093,BRAC5487.3k,cfos
4364,"Basolateral amygdalar nucleus, ventral part",negative,27,BRAC5487.3k,cfos
4365,"Basolateral amygdalar nucleus, ventral part",positive,1713,BRAC5487.3k,cfos
4366,"Basomedial amygdalar nucleus, anterior part",negative,64,BRAC5487.3k,cfos
4367,"Basomedial amygdalar nucleus, anterior part",positive,3858,BRAC5487.3k,cfos
4368,"Basomedial amygdalar nucleus, posterior part",negative,42,BRAC5487.3k,cfos
4369,"Basomedial amygdalar nucleus, posterior part",positive,2475,BRAC5487.3k,cfos
4370,Bed nuclei of the stria terminalis,negative,143,BRAC5487.3k,cfos
4371,Bed nuclei of the stria terminalis,positive,5301,BRAC5487.3k,cfos
4372,Bed nucleus of the accessory olfactory tract,negative,6,BRAC5487.3k,cfos
4373,Bed nucleus of the accessory olfactory tract,positive,115,BRAC5487.3k,cfos
4374,Bed nucleus of the anterior commissure,negative,2,BRAC5487.3k,cfos
4375,Bed nucleus of the anterior commissure,positive,35,BRAC5487.3k,cfos
4376,Caudoputamen,negative,473,BRAC5487.3k,cfos
4377,Caudoputamen,positive,58675,BRAC5487.3k,cfos
4378,"Central amygdalar nucleus, capsular part",negative,16,BRAC5487.3k,cfos
4379,"Central amygdalar nucleus, capsular part",positive,1062,BRAC5487.3k,cfos
4380,"Central amygdalar nucleus, lateral part",negative,25,BRAC5487.3k,cfos
4381,"Central amygdalar nucleus, lateral part",positive,910,BRAC5487.3k,cfos
4382,"Central amygdalar nucleus, medial part",negative,26,BRAC5487.3k,cfos
4383,"Central amygdalar nucleus, medial part",positive,3473,BRAC5487.3k,cfos
4384,Central lateral nucleus of the thalamus,negative,10,BRAC5487.3k,cfos
4385,Central lateral nucleus of the thalamus,positive,2555,BRAC5487.3k,cfos
4386,Central medial nucleus of the thalamus,negative,6,BRAC5487.3k,cfos
4387,Central medial nucleus of the thalamus,positive,1564,BRAC5487.3k,cfos
4388,Claustrum,negative,79,BRAC5487.3k,cfos
4389,Claustrum,positive,1096,BRAC5487.3k,cfos
4390,"Cortical amygdalar area, anterior part",negative,101,BRAC5487.3k,cfos
4391,"Cortical amygdalar area, anterior part",positive,4080,BRAC5487.3k,cfos
4392,"Cortical amygdalar area, posterior part, lateral zone",negative,54,BRAC5487.3k,cfos
4393,"Cortical amygdalar area, posterior part, lateral zone",positive,3808,BRAC5487.3k,cfos
4394,"Cortical amygdalar area, posterior part, medial zone",negative,30,BRAC5487.3k,cfos
4395,"Cortical amygdalar area, posterior part, medial zone",positive,4162,BRAC5487.3k,cfos
4396,Cortical subplate,negative,30,BRAC5487.3k,cfos
4397,Cortical subplate,positive,1070,BRAC5487.3k,cfos
4398,"Dentate gyrus, granule cell layer",negative,15,BRAC5487.3k,cfos
4399,"Dentate gyrus, granule cell layer",positive,2762,BRAC5487.3k,cfos
4400,"Dentate gyrus, molecular layer",negative,44,BRAC5487.3k,cfos
4401,"Dentate gyrus, molecular layer",positive,6634,BRAC5487.3k,cfos
4402,"Dentate gyrus, polymorph layer",negative,6,BRAC5487.3k,cfos
4403,"Dentate gyrus, polymorph layer",positive,820,BRAC5487.3k,cfos
4404,Diagonal band nucleus,negative,14,BRAC5487.3k,cfos
4405,Diagonal band nucleus,positive,3642,BRAC5487.3k,cfos
4406,"Dorsal auditory area, layer 1",negative,7,BRAC5487.3k,cfos
4407,"Dorsal auditory area, layer 1",positive,698,BRAC5487.3k,cfos
4408,"Dorsal auditory area, layer 2/3",negative,6,BRAC5487.3k,cfos
4409,"Dorsal auditory area, layer 2/3",positive,1640,BRAC5487.3k,cfos
4410,"Dorsal auditory area, layer 4",negative,2,BRAC5487.3k,cfos
4411,"Dorsal auditory area, layer 4",positive,769,BRAC5487.3k,cfos
4412,"Dorsal auditory area, layer 5",negative,4,BRAC5487.3k,cfos
4413,"Dorsal auditory area, layer 5",positive,1906,BRAC5487.3k,cfos
4414,"Dorsal auditory area, layer 6a",negative,4,BRAC5487.3k,cfos
4415,"Dorsal auditory area, layer 6a",positive,841,BRAC5487.3k,cfos
4416,"Dorsal auditory area, layer 6b",negative,0,BRAC5487.3k,cfos
4417,"Dorsal auditory area, layer 6b",positive,115,BRAC5487.3k,cfos
4418,"Dorsal part of the lateral geniculate complex, core",negative,1,BRAC5487.3k,cfos
4419,"Dorsal part of the lateral geniculate complex, core",positive,1189,BRAC5487.3k,cfos
4420,"Dorsal part of the lateral geniculate complex, ipsilateral zone",negative,1,BRAC5487.3k,cfos
4421,"Dorsal part of the lateral geniculate complex, ipsilateral zone",positive,265,BRAC5487.3k,cfos
4422,"Dorsal part of the lateral geniculate complex, shell",negative,6,BRAC5487.3k,cfos
4423,"Dorsal part of the lateral geniculate complex, shell",positive,589,BRAC5487.3k,cfos
4424,Dorsal premammillary nucleus,negative,1,BRAC5487.3k,cfos
4425,Dorsal premammillary nucleus,positive,361,BRAC5487.3k,cfos
4426,Dorsomedial nucleus of the hypothalamus,negative,31,BRAC5487.3k,cfos
4427,Dorsomedial nucleus of the hypothalamus,positive,2573,BRAC5487.3k,cfos
4428,Ectorhinal area/Layer 1,negative,14,BRAC5487.3k,cfos
4429,Ectorhinal area/Layer 1,positive,605,BRAC5487.3k,cfos
4430,Ectorhinal area/Layer 2/3,negative,46,BRAC5487.3k,cfos
4431,Ectorhinal area/Layer 2/3,positive,1567,BRAC5487.3k,cfos
4432,Ectorhinal area/Layer 5,negative,29,BRAC5487.3k,cfos
4433,Ectorhinal area/Layer 5,positive,1920,BRAC5487.3k,cfos
4434,Ectorhinal area/Layer 6a,negative,67,BRAC5487.3k,cfos
4435,Ectorhinal area/Layer 6a,positive,1188,BRAC5487.3k,cfos
4436,Ectorhinal area/Layer 6b,negative,5,BRAC5487.3k,cfos
4437,Ectorhinal area/Layer 6b,positive,126,BRAC5487.3k,cfos
4438,Edinger-Westphal nucleus,negative,0,BRAC5487.3k,cfos
4439,Edinger-Westphal nucleus,positive,28,BRAC5487.3k,cfos
4440,"Endopiriform nucleus, dorsal part",negative,284,BRAC5487.3k,cfos
4441,"Endopiriform nucleus, dorsal part",positive,4505,BRAC5487.3k,cfos
4442,"Endopiriform nucleus, ventral part",negative,111,BRAC5487.3k,cfos
4443,"Endopiriform nucleus, ventral part",positive,2630,BRAC5487.3k,cfos
4444,"Entorhinal area, lateral part, layer 1",negative,14,BRAC5487.3k,cfos
4445,"Entorhinal area, lateral part, layer 1",positive,1170,BRAC5487.3k,cfos
4446,"Entorhinal area, lateral part, layer 2",negative,43,BRAC5487.3k,cfos
4447,"Entorhinal area, lateral part, layer 2",positive,2529,BRAC5487.3k,cfos
4448,"Entorhinal area, lateral part, layer 3",negative,48,BRAC5487.3k,cfos
4449,"Entorhinal area, lateral part, layer 3",positive,1594,BRAC5487.3k,cfos
4450,"Entorhinal area, lateral part, layer 5",negative,56,BRAC5487.3k,cfos
4451,"Entorhinal area, lateral part, layer 5",positive,1359,BRAC5487.3k,cfos
4452,"Entorhinal area, lateral part, layer 6a",negative,57,BRAC5487.3k,cfos
4453,"Entorhinal area, lateral part, layer 6a",positive,402,BRAC5487.3k,cfos
4454,Ethmoid nucleus of the thalamus,negative,1,BRAC5487.3k,cfos
4455,Ethmoid nucleus of the thalamus,positive,1265,BRAC5487.3k,cfos
4456,Fasciola cinerea,negative,1,BRAC5487.3k,cfos
4457,Fasciola cinerea,positive,165,BRAC5487.3k,cfos
4458,Field CA1,negative,212,BRAC5487.3k,cfos
4459,Field CA1,positive,14917,BRAC5487.3k,cfos
4460,Field CA2,negative,13,BRAC5487.3k,cfos
4461,Field CA2,positive,1051,BRAC5487.3k,cfos
4462,Field CA3,negative,120,BRAC5487.3k,cfos
4463,Field CA3,positive,16968,BRAC5487.3k,cfos
4464,Fields of Forel,negative,1,BRAC5487.3k,cfos
4465,Fields of Forel,positive,945,BRAC5487.3k,cfos
4466,Fundus of striatum,negative,24,BRAC5487.3k,cfos
4467,Fundus of striatum,positive,1204,BRAC5487.3k,cfos
4468,"Globus pallidus, external segment",negative,11,BRAC5487.3k,cfos
4469,"Globus pallidus, external segment",positive,4539,BRAC5487.3k,cfos
4470,"Globus pallidus, internal segment",negative,0,BRAC5487.3k,cfos
4471,"Globus pallidus, internal segment",positive,1000,BRAC5487.3k,cfos
4472,"Gustatory areas, layer 1",negative,8,BRAC5487.3k,cfos
4473,"Gustatory areas, layer 1",positive,329,BRAC5487.3k,cfos
4474,"Gustatory areas, layer 2/3",negative,19,BRAC5487.3k,cfos
4475,"Gustatory areas, layer 2/3",positive,834,BRAC5487.3k,cfos
4476,"Gustatory areas, layer 4",negative,4,BRAC5487.3k,cfos
4477,"Gustatory areas, layer 4",positive,408,BRAC5487.3k,cfos
4478,"Gustatory areas, layer 5",negative,40,BRAC5487.3k,cfos
4479,"Gustatory areas, layer 5",positive,1656,BRAC5487.3k,cfos
4480,"Gustatory areas, layer 6a",negative,121,BRAC5487.3k,cfos
4481,"Gustatory areas, layer 6a",positive,1303,BRAC5487.3k,cfos
4482,"Gustatory areas, layer 6b",negative,9,BRAC5487.3k,cfos
4483,"Gustatory areas, layer 6b",positive,68,BRAC5487.3k,cfos
4484,Hippocampal formation,negative,1,BRAC5487.3k,cfos
4485,Hippocampal formation,positive,559,BRAC5487.3k,cfos
4486,Hippocampo-amygdalar transition area,negative,2,BRAC5487.3k,cfos
4487,Hippocampo-amygdalar transition area,positive,162,BRAC5487.3k,cfos
4488,Hypothalamus,negative,134,BRAC5487.3k,cfos
4489,Hypothalamus,positive,11061,BRAC5487.3k,cfos
4490,Induseum griseum,negative,3,BRAC5487.3k,cfos
4491,Induseum griseum,positive,270,BRAC5487.3k,cfos
4492,Interanterodorsal nucleus of the thalamus,negative,5,BRAC5487.3k,cfos
4493,Interanterodorsal nucleus of the thalamus,positive,787,BRAC5487.3k,cfos
4494,Interanteromedial nucleus of the thalamus,negative,1,BRAC5487.3k,cfos
4495,Interanteromedial nucleus of the thalamus,positive,317,BRAC5487.3k,cfos
4496,Intercalated amygdalar nucleus,negative,8,BRAC5487.3k,cfos
4497,Intercalated amygdalar nucleus,positive,781,BRAC5487.3k,cfos
4498,Interfascicular nucleus raphe,negative,0,BRAC5487.3k,cfos
4499,Interfascicular nucleus raphe,positive,121,BRAC5487.3k,cfos
4500,Intergeniculate leaflet of the lateral geniculate complex,negative,1,BRAC5487.3k,cfos
4501,Intergeniculate leaflet of the lateral geniculate complex,positive,230,BRAC5487.3k,cfos
4502,Intermediate geniculate nucleus,negative,0,BRAC5487.3k,cfos
4503,Intermediate geniculate nucleus,positive,68,BRAC5487.3k,cfos
4504,Intermediodorsal nucleus of the thalamus,negative,3,BRAC5487.3k,cfos
4505,Intermediodorsal nucleus of the thalamus,positive,1069,BRAC5487.3k,cfos
4506,"Interpeduncular nucleus, caudal",negative,0,BRAC5487.3k,cfos
4507,"Interpeduncular nucleus, caudal",positive,3,BRAC5487.3k,cfos
4508,"Interpeduncular nucleus, dorsolateral",negative,0,BRAC5487.3k,cfos
4509,"Interpeduncular nucleus, dorsolateral",positive,8,BRAC5487.3k,cfos
4510,"Interpeduncular nucleus, intermediate",negative,0,BRAC5487.3k,cfos
4511,"Interpeduncular nucleus, intermediate",positive,12,BRAC5487.3k,cfos
4512,"Interpeduncular nucleus, lateral",negative,0,BRAC5487.3k,cfos
4513,"Interpeduncular nucleus, lateral",positive,6,BRAC5487.3k,cfos
4514,"Interpeduncular nucleus, rostral",negative,0,BRAC5487.3k,cfos
4515,"Interpeduncular nucleus, rostral",positive,149,BRAC5487.3k,cfos
4516,"Interpeduncular nucleus, rostrolateral",negative,0,BRAC5487.3k,cfos
4517,"Interpeduncular nucleus, rostrolateral",positive,29,BRAC5487.3k,cfos
4518,Interstitial nucleus of Cajal,negative,0,BRAC5487.3k,cfos
4519,Interstitial nucleus of Cajal,positive,159,BRAC5487.3k,cfos
4520,Lateral amygdalar nucleus,negative,59,BRAC5487.3k,cfos
4521,Lateral amygdalar nucleus,positive,1387,BRAC5487.3k,cfos
4522,Lateral dorsal nucleus of thalamus,negative,36,BRAC5487.3k,cfos
4523,Lateral dorsal nucleus of thalamus,positive,7213,BRAC5487.3k,cfos
4524,Lateral habenula,negative,9,BRAC5487.3k,cfos
4525,Lateral habenula,positive,2172,BRAC5487.3k,cfos
4526,Lateral hypothalamic area,negative,31,BRAC5487.3k,cfos
4527,Lateral hypothalamic area,positive,7036,BRAC5487.3k,cfos
4528,Lateral mammillary nucleus,negative,3,BRAC5487.3k,cfos
4529,Lateral mammillary nucleus,positive,250,BRAC5487.3k,cfos
4530,Lateral posterior nucleus of the thalamus,negative,26,BRAC5487.3k,cfos
4531,Lateral posterior nucleus of the thalamus,positive,5383,BRAC5487.3k,cfos
4532,Lateral preoptic area,negative,5,BRAC5487.3k,cfos
4533,Lateral preoptic area,positive,1578,BRAC5487.3k,cfos
4534,"Lateral septal nucleus, caudal (caudodorsal) part",negative,93,BRAC5487.3k,cfos
4535,"Lateral septal nucleus, caudal (caudodorsal) part",positive,628,BRAC5487.3k,cfos
4536,"Lateral septal nucleus, rostral (rostroventral) part",negative,346,BRAC5487.3k,cfos
4537,"Lateral septal nucleus, rostral (rostroventral) part",positive,3481,BRAC5487.3k,cfos
4538,"Lateral septal nucleus, ventral part",negative,74,BRAC5487.3k,cfos
4539,"Lateral septal nucleus, ventral part",positive,2219,BRAC5487.3k,cfos
4540,Lateral terminal nucleus of the accessory optic tract,negative,0,BRAC5487.3k,cfos
4541,Lateral terminal nucleus of the accessory optic tract,positive,52,BRAC5487.3k,cfos
4542,Magnocellular nucleus,negative,3,BRAC5487.3k,cfos
4543,Magnocellular nucleus,positive,1773,BRAC5487.3k,cfos
4544,Medial accesory oculomotor nucleus,negative,0,BRAC5487.3k,cfos
4545,Medial accesory oculomotor nucleus,positive,26,BRAC5487.3k,cfos
4546,Medial amygdalar nucleus,negative,110,BRAC5487.3k,cfos
4547,Medial amygdalar nucleus,positive,10286,BRAC5487.3k,cfos
4548,"Medial geniculate complex, dorsal part",negative,0,BRAC5487.3k,cfos
4549,"Medial geniculate complex, dorsal part",positive,184,BRAC5487.3k,cfos
4550,"Medial geniculate complex, medial part",negative,4,BRAC5487.3k,cfos
4551,"Medial geniculate complex, medial part",positive,985,BRAC5487.3k,cfos
4552,"Medial geniculate complex, ventral part",negative,1,BRAC5487.3k,cfos
4553,"Medial geniculate complex, ventral part",positive,500,BRAC5487.3k,cfos
4554,Medial habenula,negative,6,BRAC5487.3k,cfos
4555,Medial habenula,positive,1388,BRAC5487.3k,cfos
4556,"Medial mammillary nucleus, dorsal part",negative,1,BRAC5487.3k,cfos
4557,"Medial mammillary nucleus, dorsal part",positive,149,BRAC5487.3k,cfos
4558,"Medial mammillary nucleus, lateral part",negative,2,BRAC5487.3k,cfos
4559,"Medial mammillary nucleus, lateral part",positive,475,BRAC5487.3k,cfos
4560,"Medial mammillary nucleus, medial part",negative,3,BRAC5487.3k,cfos
4561,"Medial mammillary nucleus, medial part",positive,323,BRAC5487.3k,cfos
4562,"Medial mammillary nucleus, median part",negative,2,BRAC5487.3k,cfos
4563,"Medial mammillary nucleus, median part",positive,199,BRAC5487.3k,cfos
4564,"Medial mammillary nucleus, posterior part",negative,0,BRAC5487.3k,cfos
4565,"Medial mammillary nucleus, posterior part",positive,38,BRAC5487.3k,cfos
4566,Medial preoptic area,negative,41,BRAC5487.3k,cfos
4567,Medial preoptic area,positive,2212,BRAC5487.3k,cfos
4568,Medial preoptic nucleus,negative,162,BRAC5487.3k,cfos
4569,Medial preoptic nucleus,positive,1729,BRAC5487.3k,cfos
4570,Medial pretectal area,negative,0,BRAC5487.3k,cfos
4571,Medial pretectal area,positive,220,BRAC5487.3k,cfos
4572,Medial septal nucleus,negative,5,BRAC5487.3k,cfos
4573,Medial septal nucleus,positive,1659,BRAC5487.3k,cfos
4574,Medial terminal nucleus of the accessory optic tract,negative,1,BRAC5487.3k,cfos
4575,Medial terminal nucleus of the accessory optic tract,positive,109,BRAC5487.3k,cfos
4576,Median eminence,negative,3,BRAC5487.3k,cfos
4577,Median eminence,positive,88,BRAC5487.3k,cfos
4578,Median preoptic nucleus,negative,2,BRAC5487.3k,cfos
4579,Median preoptic nucleus,positive,208,BRAC5487.3k,cfos
4580,Mediodorsal nucleus of thalamus,negative,20,BRAC5487.3k,cfos
4581,Mediodorsal nucleus of thalamus,positive,9241,BRAC5487.3k,cfos
4582,Midbrain,negative,41,BRAC5487.3k,cfos
4583,Midbrain,positive,11073,BRAC5487.3k,cfos
4584,Midbrain reticular nucleus,negative,10,BRAC5487.3k,cfos
4585,Midbrain reticular nucleus,positive,4066,BRAC5487.3k,cfos
4586,Nucleus accumbens,negative,99,BRAC5487.3k,cfos
4587,Nucleus accumbens,positive,7513,BRAC5487.3k,cfos
4588,Nucleus of Darkschewitsch,negative,0,BRAC5487.3k,cfos
4589,Nucleus of Darkschewitsch,positive,191,BRAC5487.3k,cfos
4590,Nucleus of reuniens,negative,2,BRAC5487.3k,cfos
4591,Nucleus of reuniens,positive,3021,BRAC5487.3k,cfos
4592,"Nucleus of the lateral olfactory tract, layer 3",negative,0,BRAC5487.3k,cfos
4593,"Nucleus of the lateral olfactory tract, layer 3",positive,240,BRAC5487.3k,cfos
4594,"Nucleus of the lateral olfactory tract, molecular layer",negative,7,BRAC5487.3k,cfos
4595,"Nucleus of the lateral olfactory tract, molecular layer",positive,303,BRAC5487.3k,cfos
4596,"Nucleus of the lateral olfactory tract, pyramidal layer",negative,2,BRAC5487.3k,cfos
4597,"Nucleus of the lateral olfactory tract, pyramidal layer",positive,767,BRAC5487.3k,cfos
4598,Nucleus of the optic tract,negative,5,BRAC5487.3k,cfos
4599,Nucleus of the optic tract,positive,800,BRAC5487.3k,cfos
4600,Nucleus of the posterior commissure,negative,10,BRAC5487.3k,cfos
4601,Nucleus of the posterior commissure,positive,1902,BRAC5487.3k,cfos
4602,Olfactory areas,negative,59,BRAC5487.3k,cfos
4603,Olfactory areas,positive,1905,BRAC5487.3k,cfos
4604,Olfactory tubercle,negative,89,BRAC5487.3k,cfos
4605,Olfactory tubercle,positive,6107,BRAC5487.3k,cfos
4606,Olivary pretectal nucleus,negative,1,BRAC5487.3k,cfos
4607,Olivary pretectal nucleus,positive,330,BRAC5487.3k,cfos
4608,Pallidum,negative,35,BRAC5487.3k,cfos
4609,Pallidum,positive,3277,BRAC5487.3k,cfos
4610,Paracentral nucleus,negative,3,BRAC5487.3k,cfos
4611,Paracentral nucleus,positive,1533,BRAC5487.3k,cfos
4612,Parafascicular nucleus,negative,4,BRAC5487.3k,cfos
4613,Parafascicular nucleus,positive,1946,BRAC5487.3k,cfos
4614,Paranigral nucleus,negative,0,BRAC5487.3k,cfos
4615,Paranigral nucleus,positive,7,BRAC5487.3k,cfos
4616,Parastrial nucleus,negative,3,BRAC5487.3k,cfos
4617,Parastrial nucleus,positive,397,BRAC5487.3k,cfos
4618,Parasubthalamic nucleus,negative,0,BRAC5487.3k,cfos
4619,Parasubthalamic nucleus,positive,836,BRAC5487.3k,cfos
4620,Parataenial nucleus,negative,0,BRAC5487.3k,cfos
4621,Parataenial nucleus,positive,1019,BRAC5487.3k,cfos
4622,Paraventricular hypothalamic nucleus,negative,46,BRAC5487.3k,cfos
4623,Paraventricular hypothalamic nucleus,positive,953,BRAC5487.3k,cfos
4624,"Paraventricular hypothalamic nucleus, descending division",negative,2,BRAC5487.3k,cfos
4625,"Paraventricular hypothalamic nucleus, descending division",positive,624,BRAC5487.3k,cfos
4626,Paraventricular nucleus of the thalamus,negative,21,BRAC5487.3k,cfos
4627,Paraventricular nucleus of the thalamus,positive,2722,BRAC5487.3k,cfos
4628,Periaqueductal gray,negative,19,BRAC5487.3k,cfos
4629,Periaqueductal gray,positive,2217,BRAC5487.3k,cfos
4630,Perifornical nucleus,negative,3,BRAC5487.3k,cfos
4631,Perifornical nucleus,positive,830,BRAC5487.3k,cfos
4632,Peripeduncular nucleus,negative,0,BRAC5487.3k,cfos
4633,Peripeduncular nucleus,positive,91,BRAC5487.3k,cfos
4634,Perireunensis nucleus,negative,1,BRAC5487.3k,cfos
4635,Perireunensis nucleus,positive,754,BRAC5487.3k,cfos
4636,"Perirhinal area, layer 1",negative,8,BRAC5487.3k,cfos
4637,"Perirhinal area, layer 1",positive,551,BRAC5487.3k,cfos
4638,"Perirhinal area, layer 2/3",negative,20,BRAC5487.3k,cfos
4639,"Perirhinal area, layer 2/3",positive,1279,BRAC5487.3k,cfos
4640,"Perirhinal area, layer 5",negative,10,BRAC5487.3k,cfos
4641,"Perirhinal area, layer 5",positive,386,BRAC5487.3k,cfos
4642,"Perirhinal area, layer 6a",negative,2,BRAC5487.3k,cfos
4643,"Perirhinal area, layer 6a",positive,36,BRAC5487.3k,cfos
4644,"Perirhinal area, layer 6b",negative,0,BRAC5487.3k,cfos
4645,"Perirhinal area, layer 6b",positive,1,BRAC5487.3k,cfos
4646,"Periventricular hypothalamic nucleus, anterior part",negative,5,BRAC5487.3k,cfos
4647,"Periventricular hypothalamic nucleus, anterior part",positive,212,BRAC5487.3k,cfos
4648,"Periventricular hypothalamic nucleus, intermediate part",negative,17,BRAC5487.3k,cfos
4649,"Periventricular hypothalamic nucleus, intermediate part",positive,1026,BRAC5487.3k,cfos
4650,"Periventricular hypothalamic nucleus, posterior part",negative,35,BRAC5487.3k,cfos
4651,"Periventricular hypothalamic nucleus, posterior part",positive,306,BRAC5487.3k,cfos
4652,"Periventricular hypothalamic nucleus, preoptic part",negative,12,BRAC5487.3k,cfos
4653,"Periventricular hypothalamic nucleus, preoptic part",positive,768,BRAC5487.3k,cfos
4654,Piriform area,negative,576,BRAC5487.3k,cfos
4655,Piriform area,positive,37477,BRAC5487.3k,cfos
4656,Piriform-amygdalar area,negative,123,BRAC5487.3k,cfos
4657,Piriform-amygdalar area,positive,4315,BRAC5487.3k,cfos
4658,Posterior amygdalar nucleus,negative,40,BRAC5487.3k,cfos
4659,Posterior amygdalar nucleus,positive,3121,BRAC5487.3k,cfos
4660,"Posterior auditory area, layer 1",negative,0,BRAC5487.3k,cfos
4661,"Posterior auditory area, layer 1",positive,127,BRAC5487.3k,cfos
4662,"Posterior auditory area, layer 2/3",negative,0,BRAC5487.3k,cfos
4663,"Posterior auditory area, layer 2/3",positive,224,BRAC5487.3k,cfos
4664,"Posterior auditory area, layer 4",negative,0,BRAC5487.3k,cfos
4665,"Posterior auditory area, layer 4",positive,112,BRAC5487.3k,cfos
4666,"Posterior auditory area, layer 5",negative,2,BRAC5487.3k,cfos
4667,"Posterior auditory area, layer 5",positive,289,BRAC5487.3k,cfos
4668,"Posterior auditory area, layer 6a",negative,0,BRAC5487.3k,cfos
4669,"Posterior auditory area, layer 6a",positive,114,BRAC5487.3k,cfos
4670,"Posterior auditory area, layer 6b",negative,0,BRAC5487.3k,cfos
4671,"Posterior auditory area, layer 6b",positive,25,BRAC5487.3k,cfos
4672,Posterior complex of the thalamus,negative,27,BRAC5487.3k,cfos
4673,Posterior complex of the thalamus,positive,8513,BRAC5487.3k,cfos
4674,Posterior hypothalamic nucleus,negative,6,BRAC5487.3k,cfos
4675,Posterior hypothalamic nucleus,positive,3669,BRAC5487.3k,cfos
4676,Posterior intralaminar thalamic nucleus,negative,0,BRAC5487.3k,cfos
4677,Posterior intralaminar thalamic nucleus,positive,242,BRAC5487.3k,cfos
4678,Posterior limiting nucleus of the thalamus,negative,2,BRAC5487.3k,cfos
4679,Posterior limiting nucleus of the thalamus,positive,519,BRAC5487.3k,cfos
4680,Posterior pretectal nucleus,negative,5,BRAC5487.3k,cfos
4681,Posterior pretectal nucleus,positive,733,BRAC5487.3k,cfos
4682,Posterior triangular thalamic nucleus,negative,3,BRAC5487.3k,cfos
4683,Posterior triangular thalamic nucleus,positive,1056,BRAC5487.3k,cfos
4684,Posterodorsal preoptic nucleus,negative,2,BRAC5487.3k,cfos
4685,Posterodorsal preoptic nucleus,positive,64,BRAC5487.3k,cfos
4686,Postpiriform transition area,negative,79,BRAC5487.3k,cfos
4687,Postpiriform transition area,positive,1500,BRAC5487.3k,cfos
4688,Postsubiculum,negative,0,BRAC5487.3k,cfos
4689,Postsubiculum,positive,15,BRAC5487.3k,cfos
4690,Precommissural nucleus,negative,2,BRAC5487.3k,cfos
4691,Precommissural nucleus,positive,882,BRAC5487.3k,cfos
4692,Preparasubthalamic nucleus,negative,0,BRAC5487.3k,cfos
4693,Preparasubthalamic nucleus,positive,63,BRAC5487.3k,cfos
4694,"Primary auditory area, layer 1",negative,7,BRAC5487.3k,cfos
4695,"Primary auditory area, layer 1",positive,971,BRAC5487.3k,cfos
4696,"Primary auditory area, layer 2/3",negative,15,BRAC5487.3k,cfos
4697,"Primary auditory area, layer 2/3",positive,1967,BRAC5487.3k,cfos
4698,"Primary auditory area, layer 4",negative,3,BRAC5487.3k,cfos
4699,"Primary auditory area, layer 4",positive,1216,BRAC5487.3k,cfos
4700,"Primary auditory area, layer 5",negative,22,BRAC5487.3k,cfos
4701,"Primary auditory area, layer 5",positive,3762,BRAC5487.3k,cfos
4702,"Primary auditory area, layer 6a",negative,8,BRAC5487.3k,cfos
4703,"Primary auditory area, layer 6a",positive,1352,BRAC5487.3k,cfos
4704,"Primary auditory area, layer 6b",negative,2,BRAC5487.3k,cfos
4705,"Primary auditory area, layer 6b",positive,178,BRAC5487.3k,cfos
4706,"Primary motor area, Layer 1",negative,49,BRAC5487.3k,cfos
4707,"Primary motor area, Layer 1",positive,2374,BRAC5487.3k,cfos
4708,"Primary motor area, Layer 2/3",negative,148,BRAC5487.3k,cfos
4709,"Primary motor area, Layer 2/3",positive,10111,BRAC5487.3k,cfos
4710,"Primary motor area, Layer 5",negative,58,BRAC5487.3k,cfos
4711,"Primary motor area, Layer 5",positive,10891,BRAC5487.3k,cfos
4712,"Primary motor area, Layer 6a",negative,72,BRAC5487.3k,cfos
4713,"Primary motor area, Layer 6a",positive,10656,BRAC5487.3k,cfos
4714,"Primary motor area, Layer 6b",negative,8,BRAC5487.3k,cfos
4715,"Primary motor area, Layer 6b",positive,745,BRAC5487.3k,cfos
4716,"Primary somatosensory area, barrel field, layer 1",negative,29,BRAC5487.3k,cfos
4717,"Primary somatosensory area, barrel field, layer 1",positive,3548,BRAC5487.3k,cfos
4718,"Primary somatosensory area, barrel field, layer 2/3",negative,35,BRAC5487.3k,cfos
4719,"Primary somatosensory area, barrel field, layer 2/3",positive,9080,BRAC5487.3k,cfos
4720,"Primary somatosensory area, barrel field, layer 4",negative,20,BRAC5487.3k,cfos
4721,"Primary somatosensory area, barrel field, layer 4",positive,8080,BRAC5487.3k,cfos
4722,"Primary somatosensory area, barrel field, layer 5",negative,31,BRAC5487.3k,cfos
4723,"Primary somatosensory area, barrel field, layer 5",positive,8484,BRAC5487.3k,cfos
4724,"Primary somatosensory area, barrel field, layer 6a",negative,22,BRAC5487.3k,cfos
4725,"Primary somatosensory area, barrel field, layer 6a",positive,7324,BRAC5487.3k,cfos
4726,"Primary somatosensory area, barrel field, layer 6b",negative,6,BRAC5487.3k,cfos
4727,"Primary somatosensory area, barrel field, layer 6b",positive,691,BRAC5487.3k,cfos
4728,"Primary somatosensory area, lower limb, layer 1",negative,23,BRAC5487.3k,cfos
4729,"Primary somatosensory area, lower limb, layer 1",positive,1173,BRAC5487.3k,cfos
4730,"Primary somatosensory area, lower limb, layer 2/3",negative,23,BRAC5487.3k,cfos
4731,"Primary somatosensory area, lower limb, layer 2/3",positive,3415,BRAC5487.3k,cfos
4732,"Primary somatosensory area, lower limb, layer 4",negative,4,BRAC5487.3k,cfos
4733,"Primary somatosensory area, lower limb, layer 4",positive,1636,BRAC5487.3k,cfos
4734,"Primary somatosensory area, lower limb, layer 5",negative,15,BRAC5487.3k,cfos
4735,"Primary somatosensory area, lower limb, layer 5",positive,4691,BRAC5487.3k,cfos
4736,"Primary somatosensory area, lower limb, layer 6a",negative,36,BRAC5487.3k,cfos
4737,"Primary somatosensory area, lower limb, layer 6a",positive,2488,BRAC5487.3k,cfos
4738,"Primary somatosensory area, lower limb, layer 6b",negative,4,BRAC5487.3k,cfos
4739,"Primary somatosensory area, lower limb, layer 6b",positive,149,BRAC5487.3k,cfos
4740,"Primary somatosensory area, mouth, layer 1",negative,11,BRAC5487.3k,cfos
4741,"Primary somatosensory area, mouth, layer 1",positive,1815,BRAC5487.3k,cfos
4742,"Primary somatosensory area, mouth, layer 2/3",negative,7,BRAC5487.3k,cfos
4743,"Primary somatosensory area, mouth, layer 2/3",positive,4579,BRAC5487.3k,cfos
4744,"Primary somatosensory area, mouth, layer 4",negative,12,BRAC5487.3k,cfos
4745,"Primary somatosensory area, mouth, layer 4",positive,3622,BRAC5487.3k,cfos
4746,"Primary somatosensory area, mouth, layer 5",negative,15,BRAC5487.3k,cfos
4747,"Primary somatosensory area, mouth, layer 5",positive,6166,BRAC5487.3k,cfos
4748,"Primary somatosensory area, mouth, layer 6a",negative,54,BRAC5487.3k,cfos
4749,"Primary somatosensory area, mouth, layer 6a",positive,6510,BRAC5487.3k,cfos
4750,"Primary somatosensory area, mouth, layer 6b",negative,1,BRAC5487.3k,cfos
4751,"Primary somatosensory area, mouth, layer 6b",positive,505,BRAC5487.3k,cfos
4752,"Primary somatosensory area, nose, layer 1",negative,9,BRAC5487.3k,cfos
4753,"Primary somatosensory area, nose, layer 1",positive,1588,BRAC5487.3k,cfos
4754,"Primary somatosensory area, nose, layer 2/3",negative,19,BRAC5487.3k,cfos
4755,"Primary somatosensory area, nose, layer 2/3",positive,2668,BRAC5487.3k,cfos
4756,"Primary somatosensory area, nose, layer 4",negative,12,BRAC5487.3k,cfos
4757,"Primary somatosensory area, nose, layer 4",positive,2548,BRAC5487.3k,cfos
4758,"Primary somatosensory area, nose, layer 5",negative,9,BRAC5487.3k,cfos
4759,"Primary somatosensory area, nose, layer 5",positive,3081,BRAC5487.3k,cfos
4760,"Primary somatosensory area, nose, layer 6a",negative,20,BRAC5487.3k,cfos
4761,"Primary somatosensory area, nose, layer 6a",positive,3569,BRAC5487.3k,cfos
4762,"Primary somatosensory area, nose, layer 6b",negative,1,BRAC5487.3k,cfos
4763,"Primary somatosensory area, nose, layer 6b",positive,201,BRAC5487.3k,cfos
4764,"Primary somatosensory area, trunk, layer 1",negative,4,BRAC5487.3k,cfos
4765,"Primary somatosensory area, trunk, layer 1",positive,764,BRAC5487.3k,cfos
4766,"Primary somatosensory area, trunk, layer 2/3",negative,14,BRAC5487.3k,cfos
4767,"Primary somatosensory area, trunk, layer 2/3",positive,2360,BRAC5487.3k,cfos
4768,"Primary somatosensory area, trunk, layer 4",negative,3,BRAC5487.3k,cfos
4769,"Primary somatosensory area, trunk, layer 4",positive,868,BRAC5487.3k,cfos
4770,"Primary somatosensory area, trunk, layer 5",negative,9,BRAC5487.3k,cfos
4771,"Primary somatosensory area, trunk, layer 5",positive,2571,BRAC5487.3k,cfos
4772,"Primary somatosensory area, trunk, layer 6a",negative,7,BRAC5487.3k,cfos
4773,"Primary somatosensory area, trunk, layer 6a",positive,1233,BRAC5487.3k,cfos
4774,"Primary somatosensory area, trunk, layer 6b",negative,0,BRAC5487.3k,cfos
4775,"Primary somatosensory area, trunk, layer 6b",positive,127,BRAC5487.3k,cfos
4776,"Primary somatosensory area, unassigned, layer 1",negative,3,BRAC5487.3k,cfos
4777,"Primary somatosensory area, unassigned, layer 1",positive,730,BRAC5487.3k,cfos
4778,"Primary somatosensory area, unassigned, layer 2/3",negative,16,BRAC5487.3k,cfos
4779,"Primary somatosensory area, unassigned, layer 2/3",positive,1831,BRAC5487.3k,cfos
4780,"Primary somatosensory area, unassigned, layer 4",negative,3,BRAC5487.3k,cfos
4781,"Primary somatosensory area, unassigned, layer 4",positive,1204,BRAC5487.3k,cfos
4782,"Primary somatosensory area, unassigned, layer 5",negative,3,BRAC5487.3k,cfos
4783,"Primary somatosensory area, unassigned, layer 5",positive,1693,BRAC5487.3k,cfos
4784,"Primary somatosensory area, unassigned, layer 6a",negative,8,BRAC5487.3k,cfos
4785,"Primary somatosensory area, unassigned, layer 6a",positive,1481,BRAC5487.3k,cfos
4786,"Primary somatosensory area, unassigned, layer 6b",negative,0,BRAC5487.3k,cfos
4787,"Primary somatosensory area, unassigned, layer 6b",positive,92,BRAC5487.3k,cfos
4788,"Primary somatosensory area, upper limb, layer 1",negative,19,BRAC5487.3k,cfos
4789,"Primary somatosensory area, upper limb, layer 1",positive,2023,BRAC5487.3k,cfos
4790,"Primary somatosensory area, upper limb, layer 2/3",negative,35,BRAC5487.3k,cfos
4791,"Primary somatosensory area, upper limb, layer 2/3",positive,5394,BRAC5487.3k,cfos
4792,"Primary somatosensory area, upper limb, layer 4",negative,15,BRAC5487.3k,cfos
4793,"Primary somatosensory area, upper limb, layer 4",positive,3166,BRAC5487.3k,cfos
4794,"Primary somatosensory area, upper limb, layer 5",negative,26,BRAC5487.3k,cfos
4795,"Primary somatosensory area, upper limb, layer 5",positive,5410,BRAC5487.3k,cfos
4796,"Primary somatosensory area, upper limb, layer 6a",negative,55,BRAC5487.3k,cfos
4797,"Primary somatosensory area, upper limb, layer 6a",positive,4374,BRAC5487.3k,cfos
4798,"Primary somatosensory area, upper limb, layer 6b",negative,2,BRAC5487.3k,cfos
4799,"Primary somatosensory area, upper limb, layer 6b",positive,331,BRAC5487.3k,cfos
4800,"Primary visual area, layer 1",negative,0,BRAC5487.3k,cfos
4801,"Primary visual area, layer 1",positive,469,BRAC5487.3k,cfos
4802,"Primary visual area, layer 2/3",negative,6,BRAC5487.3k,cfos
4803,"Primary visual area, layer 2/3",positive,1239,BRAC5487.3k,cfos
4804,"Primary visual area, layer 4",negative,6,BRAC5487.3k,cfos
4805,"Primary visual area, layer 4",positive,739,BRAC5487.3k,cfos
4806,"Primary visual area, layer 5",negative,6,BRAC5487.3k,cfos
4807,"Primary visual area, layer 5",positive,1245,BRAC5487.3k,cfos
4808,"Primary visual area, layer 6a",negative,2,BRAC5487.3k,cfos
4809,"Primary visual area, layer 6a",positive,923,BRAC5487.3k,cfos
4810,"Primary visual area, layer 6b",negative,1,BRAC5487.3k,cfos
4811,"Primary visual area, layer 6b",positive,150,BRAC5487.3k,cfos
4812,Prosubiculum,negative,4,BRAC5487.3k,cfos
4813,Prosubiculum,positive,497,BRAC5487.3k,cfos
4814,Red nucleus,negative,0,BRAC5487.3k,cfos
4815,Red nucleus,positive,645,BRAC5487.3k,cfos
4816,Reticular nucleus of the thalamus,negative,9,BRAC5487.3k,cfos
4817,Reticular nucleus of the thalamus,positive,6903,BRAC5487.3k,cfos
4818,Retrochiasmatic area,negative,29,BRAC5487.3k,cfos
4819,Retrochiasmatic area,positive,216,BRAC5487.3k,cfos
4820,Retroparafascicular nucleus,negative,1,BRAC5487.3k,cfos
4821,Retroparafascicular nucleus,positive,353,BRAC5487.3k,cfos
4822,"Retrosplenial area, dorsal part, layer 1",negative,17,BRAC5487.3k,cfos
4823,"Retrosplenial area, dorsal part, layer 1",positive,1623,BRAC5487.3k,cfos
4824,"Retrosplenial area, dorsal part, layer 2/3",negative,12,BRAC5487.3k,cfos
4825,"Retrosplenial area, dorsal part, layer 2/3",positive,3729,BRAC5487.3k,cfos
4826,"Retrosplenial area, dorsal part, layer 5",negative,9,BRAC5487.3k,cfos
4827,"Retrosplenial area, dorsal part, layer 5",positive,5702,BRAC5487.3k,cfos
4828,"Retrosplenial area, dorsal part, layer 6a",negative,16,BRAC5487.3k,cfos
4829,"Retrosplenial area, dorsal part, layer 6a",positive,2936,BRAC5487.3k,cfos
4830,"Retrosplenial area, dorsal part, layer 6b",negative,0,BRAC5487.3k,cfos
4831,"Retrosplenial area, dorsal part, layer 6b",positive,150,BRAC5487.3k,cfos
4832,"Retrosplenial area, lateral agranular part, layer 1",negative,8,BRAC5487.3k,cfos
4833,"Retrosplenial area, lateral agranular part, layer 1",positive,1046,BRAC5487.3k,cfos
4834,"Retrosplenial area, lateral agranular part, layer 2/3",negative,10,BRAC5487.3k,cfos
4835,"Retrosplenial area, lateral agranular part, layer 2/3",positive,2210,BRAC5487.3k,cfos
4836,"Retrosplenial area, lateral agranular part, layer 5",negative,7,BRAC5487.3k,cfos
4837,"Retrosplenial area, lateral agranular part, layer 5",positive,2915,BRAC5487.3k,cfos
4838,"Retrosplenial area, lateral agranular part, layer 6a",negative,3,BRAC5487.3k,cfos
4839,"Retrosplenial area, lateral agranular part, layer 6a",positive,1387,BRAC5487.3k,cfos
4840,"Retrosplenial area, lateral agranular part, layer 6b",negative,1,BRAC5487.3k,cfos
4841,"Retrosplenial area, lateral agranular part, layer 6b",positive,154,BRAC5487.3k,cfos
4842,"Retrosplenial area, ventral part, layer 1",negative,30,BRAC5487.3k,cfos
4843,"Retrosplenial area, ventral part, layer 1",positive,2319,BRAC5487.3k,cfos
4844,"Retrosplenial area, ventral part, layer 2/3",negative,14,BRAC5487.3k,cfos
4845,"Retrosplenial area, ventral part, layer 2/3",positive,4433,BRAC5487.3k,cfos
4846,"Retrosplenial area, ventral part, layer 5",negative,30,BRAC5487.3k,cfos
4847,"Retrosplenial area, ventral part, layer 5",positive,10643,BRAC5487.3k,cfos
4848,"Retrosplenial area, ventral part, layer 6a",negative,11,BRAC5487.3k,cfos
4849,"Retrosplenial area, ventral part, layer 6a",positive,3156,BRAC5487.3k,cfos
4850,"Retrosplenial area, ventral part, layer 6b",negative,1,BRAC5487.3k,cfos
4851,"Retrosplenial area, ventral part, layer 6b",positive,234,BRAC5487.3k,cfos
4852,Rhomboid nucleus,negative,0,BRAC5487.3k,cfos
4853,Rhomboid nucleus,positive,768,BRAC5487.3k,cfos
4854,Rostral linear nucleus raphe,negative,1,BRAC5487.3k,cfos
4855,Rostral linear nucleus raphe,positive,83,BRAC5487.3k,cfos
4856,"Rostrolateral area, layer 1",negative,6,BRAC5487.3k,cfos
4857,"Rostrolateral area, layer 1",positive,584,BRAC5487.3k,cfos
4858,"Rostrolateral area, layer 2/3",negative,4,BRAC5487.3k,cfos
4859,"Rostrolateral area, layer 2/3",positive,1526,BRAC5487.3k,cfos
4860,"Rostrolateral area, layer 4",negative,6,BRAC5487.3k,cfos
4861,"Rostrolateral area, layer 4",positive,983,BRAC5487.3k,cfos
4862,"Rostrolateral area, layer 5",negative,6,BRAC5487.3k,cfos
4863,"Rostrolateral area, layer 5",positive,1628,BRAC5487.3k,cfos
4864,"Rostrolateral area, layer 6a",negative,6,BRAC5487.3k,cfos
4865,"Rostrolateral area, layer 6a",positive,875,BRAC5487.3k,cfos
4866,"Rostrolateral area, layer 6b",negative,0,BRAC5487.3k,cfos
4867,"Rostrolateral area, layer 6b",positive,137,BRAC5487.3k,cfos
4868,"Secondary motor area, layer 1",negative,49,BRAC5487.3k,cfos
4869,"Secondary motor area, layer 1",positive,1969,BRAC5487.3k,cfos
4870,"Secondary motor area, layer 2/3",negative,91,BRAC5487.3k,cfos
4871,"Secondary motor area, layer 2/3",positive,5459,BRAC5487.3k,cfos
4872,"Secondary motor area, layer 5",negative,55,BRAC5487.3k,cfos
4873,"Secondary motor area, layer 5",positive,8813,BRAC5487.3k,cfos
4874,"Secondary motor area, layer 6a",negative,31,BRAC5487.3k,cfos
4875,"Secondary motor area, layer 6a",positive,5545,BRAC5487.3k,cfos
4876,"Secondary motor area, layer 6b",negative,1,BRAC5487.3k,cfos
4877,"Secondary motor area, layer 6b",positive,205,BRAC5487.3k,cfos
4878,Septofimbrial nucleus,negative,8,BRAC5487.3k,cfos
4879,Septofimbrial nucleus,positive,980,BRAC5487.3k,cfos
4880,Septohippocampal nucleus,negative,15,BRAC5487.3k,cfos
4881,Septohippocampal nucleus,positive,75,BRAC5487.3k,cfos
4882,Striatum,negative,196,BRAC5487.3k,cfos
4883,Striatum,positive,6178,BRAC5487.3k,cfos
4884,Subcommissural organ,negative,1,BRAC5487.3k,cfos
4885,Subcommissural organ,positive,67,BRAC5487.3k,cfos
4886,Subfornical organ,negative,1,BRAC5487.3k,cfos
4887,Subfornical organ,positive,71,BRAC5487.3k,cfos
4888,Subgeniculate nucleus,negative,0,BRAC5487.3k,cfos
4889,Subgeniculate nucleus,positive,105,BRAC5487.3k,cfos
4890,Subiculum,negative,9,BRAC5487.3k,cfos
4891,Subiculum,positive,2013,BRAC5487.3k,cfos
4892,Submedial nucleus of the thalamus,negative,4,BRAC5487.3k,cfos
4893,Submedial nucleus of the thalamus,positive,1844,BRAC5487.3k,cfos
4894,Subparafascicular area,negative,1,BRAC5487.3k,cfos
4895,Subparafascicular area,positive,514,BRAC5487.3k,cfos
4896,"Subparafascicular nucleus, magnocellular part",negative,0,BRAC5487.3k,cfos
4897,"Subparafascicular nucleus, magnocellular part",positive,283,BRAC5487.3k,cfos
4898,"Subparafascicular nucleus, parvicellular part",negative,0,BRAC5487.3k,cfos
4899,"Subparafascicular nucleus, parvicellular part",positive,494,BRAC5487.3k,cfos
4900,Subparaventricular zone,negative,9,BRAC5487.3k,cfos
4901,Subparaventricular zone,positive,514,BRAC5487.3k,cfos
4902,Substantia innominata,negative,103,BRAC5487.3k,cfos
4903,Substantia innominata,positive,8438,BRAC5487.3k,cfos
4904,"Substantia nigra, compact part",negative,0,BRAC5487.3k,cfos
4905,"Substantia nigra, compact part",positive,311,BRAC5487.3k,cfos
4906,"Substantia nigra, reticular part",negative,9,BRAC5487.3k,cfos
4907,"Substantia nigra, reticular part",positive,2561,BRAC5487.3k,cfos
4908,Subthalamic nucleus,negative,5,BRAC5487.3k,cfos
4909,Subthalamic nucleus,positive,1365,BRAC5487.3k,cfos
4910,"Superior colliculus, motor related, deep gray layer",negative,1,BRAC5487.3k,cfos
4911,"Superior colliculus, motor related, deep gray layer",positive,30,BRAC5487.3k,cfos
4912,"Superior colliculus, motor related, deep white layer",negative,0,BRAC5487.3k,cfos
4913,"Superior colliculus, motor related, deep white layer",positive,40,BRAC5487.3k,cfos
4914,"Superior colliculus, motor related, intermediate gray layer",negative,1,BRAC5487.3k,cfos
4915,"Superior colliculus, motor related, intermediate gray layer",positive,652,BRAC5487.3k,cfos
4916,"Superior colliculus, motor related, intermediate white layer",negative,1,BRAC5487.3k,cfos
4917,"Superior colliculus, motor related, intermediate white layer",positive,282,BRAC5487.3k,cfos
4918,"Superior colliculus, optic layer",negative,1,BRAC5487.3k,cfos
4919,"Superior colliculus, optic layer",positive,126,BRAC5487.3k,cfos
4920,"Superior colliculus, superficial gray layer",negative,0,BRAC5487.3k,cfos
4921,"Superior colliculus, superficial gray layer",positive,37,BRAC5487.3k,cfos
4922,"Superior colliculus, zonal layer",negative,1,BRAC5487.3k,cfos
4923,"Superior colliculus, zonal layer",positive,45,BRAC5487.3k,cfos
4924,"Supplemental somatosensory area, layer 1",negative,54,BRAC5487.3k,cfos
4925,"Supplemental somatosensory area, layer 1",positive,3243,BRAC5487.3k,cfos
4926,"Supplemental somatosensory area, layer 2/3",negative,37,BRAC5487.3k,cfos
4927,"Supplemental somatosensory area, layer 2/3",positive,7081,BRAC5487.3k,cfos
4928,"Supplemental somatosensory area, layer 4",negative,10,BRAC5487.3k,cfos
4929,"Supplemental somatosensory area, layer 4",positive,4922,BRAC5487.3k,cfos
4930,"Supplemental somatosensory area, layer 5",negative,26,BRAC5487.3k,cfos
4931,"Supplemental somatosensory area, layer 5",positive,10046,BRAC5487.3k,cfos
4932,"Supplemental somatosensory area, layer 6a",negative,66,BRAC5487.3k,cfos
4933,"Supplemental somatosensory area, layer 6a",positive,7643,BRAC5487.3k,cfos
4934,"Supplemental somatosensory area, layer 6b",negative,10,BRAC5487.3k,cfos
4935,"Supplemental somatosensory area, layer 6b",positive,669,BRAC5487.3k,cfos
4936,Suprachiasmatic nucleus,negative,7,BRAC5487.3k,cfos
4937,Suprachiasmatic nucleus,positive,255,BRAC5487.3k,cfos
4938,Suprageniculate nucleus,negative,2,BRAC5487.3k,cfos
4939,Suprageniculate nucleus,positive,366,BRAC5487.3k,cfos
4940,Supramammillary nucleus,negative,2,BRAC5487.3k,cfos
4941,Supramammillary nucleus,positive,1237,BRAC5487.3k,cfos
4942,Supraoptic nucleus,negative,1,BRAC5487.3k,cfos
4943,Supraoptic nucleus,positive,119,BRAC5487.3k,cfos
4944,"Temporal association areas, layer 1",negative,19,BRAC5487.3k,cfos
4945,"Temporal association areas, layer 1",positive,668,BRAC5487.3k,cfos
4946,"Temporal association areas, layer 2/3",negative,73,BRAC5487.3k,cfos
4947,"Temporal association areas, layer 2/3",positive,1425,BRAC5487.3k,cfos
4948,"Temporal association areas, layer 4",negative,22,BRAC5487.3k,cfos
4949,"Temporal association areas, layer 4",positive,602,BRAC5487.3k,cfos
4950,"Temporal association areas, layer 5",negative,33,BRAC5487.3k,cfos
4951,"Temporal association areas, layer 5",positive,2609,BRAC5487.3k,cfos
4952,"Temporal association areas, layer 6a",negative,18,BRAC5487.3k,cfos
4953,"Temporal association areas, layer 6a",positive,1623,BRAC5487.3k,cfos
4954,"Temporal association areas, layer 6b",negative,3,BRAC5487.3k,cfos
4955,"Temporal association areas, layer 6b",positive,211,BRAC5487.3k,cfos
4956,Thalamus,negative,8,BRAC5487.3k,cfos
4957,Thalamus,positive,3644,BRAC5487.3k,cfos
4958,Triangular nucleus of septum,negative,16,BRAC5487.3k,cfos
4959,Triangular nucleus of septum,positive,969,BRAC5487.3k,cfos
4960,Tuberal nucleus,negative,68,BRAC5487.3k,cfos
4961,Tuberal nucleus,positive,1874,BRAC5487.3k,cfos
4962,"Tuberomammillary nucleus, dorsal part",negative,18,BRAC5487.3k,cfos
4963,"Tuberomammillary nucleus, dorsal part",positive,101,BRAC5487.3k,cfos
4964,"Tuberomammillary nucleus, ventral part",negative,22,BRAC5487.3k,cfos
4965,"Tuberomammillary nucleus, ventral part",positive,187,BRAC5487.3k,cfos
4966,Vascular organ of the lamina terminalis,negative,5,BRAC5487.3k,cfos
4967,Vascular organ of the lamina terminalis,positive,20,BRAC5487.3k,cfos
4968,Ventral anterior-lateral complex of the thalamus,negative,9,BRAC5487.3k,cfos
4969,Ventral anterior-lateral complex of the thalamus,positive,6787,BRAC5487.3k,cfos
4970,"Ventral auditory area, layer 1",negative,9,BRAC5487.3k,cfos
4971,"Ventral auditory area, layer 1",positive,547,BRAC5487.3k,cfos
4972,"Ventral auditory area, layer 2/3",negative,12,BRAC5487.3k,cfos
4973,"Ventral auditory area, layer 2/3",positive,1246,BRAC5487.3k,cfos
4974,"Ventral auditory area, layer 4",negative,6,BRAC5487.3k,cfos
4975,"Ventral auditory area, layer 4",positive,805,BRAC5487.3k,cfos
4976,"Ventral auditory area, layer 5",negative,23,BRAC5487.3k,cfos
4977,"Ventral auditory area, layer 5",positive,2811,BRAC5487.3k,cfos
4978,"Ventral auditory area, layer 6a",negative,12,BRAC5487.3k,cfos
4979,"Ventral auditory area, layer 6a",positive,1331,BRAC5487.3k,cfos
4980,"Ventral auditory area, layer 6b",negative,5,BRAC5487.3k,cfos
4981,"Ventral auditory area, layer 6b",positive,193,BRAC5487.3k,cfos
4982,Ventral medial nucleus of the thalamus,negative,7,BRAC5487.3k,cfos
4983,Ventral medial nucleus of the thalamus,positive,4744,BRAC5487.3k,cfos
4984,Ventral part of the lateral geniculate complex,negative,4,BRAC5487.3k,cfos
4985,Ventral part of the lateral geniculate complex,positive,1862,BRAC5487.3k,cfos
4986,Ventral posterolateral nucleus of the thalamus,negative,7,BRAC5487.3k,cfos
4987,Ventral posterolateral nucleus of the thalamus,positive,6475,BRAC5487.3k,cfos
4988,"Ventral posterolateral nucleus of the thalamus, parvicellular part",negative,0,BRAC5487.3k,cfos
4989,"Ventral posterolateral nucleus of the thalamus, parvicellular part",positive,287,BRAC5487.3k,cfos
4990,Ventral posteromedial nucleus of the thalamus,negative,21,BRAC5487.3k,cfos
4991,Ventral posteromedial nucleus of the thalamus,positive,14285,BRAC5487.3k,cfos
4992,"Ventral posteromedial nucleus of the thalamus, parvicellular part",negative,0,BRAC5487.3k,cfos
4993,"Ventral posteromedial nucleus of the thalamus, parvicellular part",positive,823,BRAC5487.3k,cfos
4994,Ventral premammillary nucleus,negative,21,BRAC5487.3k,cfos
4995,Ventral premammillary nucleus,positive,814,BRAC5487.3k,cfos
4996,Ventral tegmental area,negative,0,BRAC5487.3k,cfos
4997,Ventral tegmental area,positive,702,BRAC5487.3k,cfos
4998,Ventrolateral preoptic nucleus,negative,6,BRAC5487.3k,cfos
4999,Ventrolateral preoptic nucleus,positive,212,BRAC5487.3k,cfos
5000,Ventromedial hypothalamic nucleus,negative,27,BRAC5487.3k,cfos
5001,Ventromedial hypothalamic nucleus,positive,2156,BRAC5487.3k,cfos
5002,Ventromedial preoptic nucleus,negative,7,BRAC5487.3k,cfos
5003,Ventromedial preoptic nucleus,positive,288,BRAC5487.3k,cfos
5004,"Visceral area, layer 1",negative,14,BRAC5487.3k,cfos
5005,"Visceral area, layer 1",positive,1007,BRAC5487.3k,cfos
5006,"Visceral area, layer 2/3",negative,16,BRAC5487.3k,cfos
5007,"Visceral area, layer 2/3",positive,2195,BRAC5487.3k,cfos
5008,"Visceral area, layer 4",negative,3,BRAC5487.3k,cfos
5009,"Visceral area, layer 4",positive,661,BRAC5487.3k,cfos
5010,"Visceral area, layer 5",negative,14,BRAC5487.3k,cfos
5011,"Visceral area, layer 5",positive,2827,BRAC5487.3k,cfos
5012,"Visceral area, layer 6a",negative,30,BRAC5487.3k,cfos
5013,"Visceral area, layer 6a",positive,2115,BRAC5487.3k,cfos
5014,"Visceral area, layer 6b",negative,3,BRAC5487.3k,cfos
5015,"Visceral area, layer 6b",positive,167,BRAC5487.3k,cfos
5016,Xiphoid thalamic nucleus,negative,0,BRAC5487.3k,cfos
5017,Xiphoid thalamic nucleus,positive,697,BRAC5487.3k,cfos
5018,Zona incerta,negative,11,BRAC5487.3k,cfos
5019,Zona incerta,positive,6099,BRAC5487.3k,cfos
5020,alveus,negative,46,BRAC5487.3k,cfos
5021,alveus,positive,3588,BRAC5487.3k,cfos
5022,amygdalar capsule,negative,9,BRAC5487.3k,cfos
5023,amygdalar capsule,positive,400,BRAC5487.3k,cfos
5024,"anterior commissure, olfactory limb",negative,5,BRAC5487.3k,cfos
5025,"anterior commissure, olfactory limb",positive,561,BRAC5487.3k,cfos
5026,"anterior commissure, temporal limb",negative,1,BRAC5487.3k,cfos
5027,"anterior commissure, temporal limb",positive,562,BRAC5487.3k,cfos
5028,auditory radiation,negative,6,BRAC5487.3k,cfos
5029,auditory radiation,positive,1093,BRAC5487.3k,cfos
5030,brachium of the superior colliculus,negative,4,BRAC5487.3k,cfos
5031,brachium of the superior colliculus,positive,372,BRAC5487.3k,cfos
5032,cerebal peduncle,negative,2,BRAC5487.3k,cfos
5033,cerebal peduncle,positive,1049,BRAC5487.3k,cfos
5034,cerebral aqueduct,negative,0,BRAC5487.3k,cfos
5035,cerebral aqueduct,positive,15,BRAC5487.3k,cfos
5036,choroid plexus,negative,20,BRAC5487.3k,cfos
5037,choroid plexus,positive,739,BRAC5487.3k,cfos
5038,cingulum bundle,negative,29,BRAC5487.3k,cfos
5039,cingulum bundle,positive,5154,BRAC5487.3k,cfos
5040,columns of the fornix,negative,1,BRAC5487.3k,cfos
5041,columns of the fornix,positive,774,BRAC5487.3k,cfos
5042,commissural branch of stria terminalis,negative,0,BRAC5487.3k,cfos
5043,commissural branch of stria terminalis,positive,133,BRAC5487.3k,cfos
5044,"corpus callosum, anterior forceps",negative,13,BRAC5487.3k,cfos
5045,"corpus callosum, anterior forceps",positive,197,BRAC5487.3k,cfos
5046,"corpus callosum, body",negative,148,BRAC5487.3k,cfos
5047,"corpus callosum, body",positive,6755,BRAC5487.3k,cfos
5048,"corpus callosum, extreme capsule",negative,17,BRAC5487.3k,cfos
5049,"corpus callosum, extreme capsule",positive,372,BRAC5487.3k,cfos
5050,"corpus callosum, posterior forceps",negative,30,BRAC5487.3k,cfos
5051,"corpus callosum, posterior forceps",positive,3585,BRAC5487.3k,cfos
5052,"corpus callosum, splenium",negative,12,BRAC5487.3k,cfos
5053,"corpus callosum, splenium",positive,2733,BRAC5487.3k,cfos
5054,dorsal fornix,negative,0,BRAC5487.3k,cfos
5055,dorsal fornix,positive,111,BRAC5487.3k,cfos
5056,dorsal hippocampal commissure,negative,20,BRAC5487.3k,cfos
5057,dorsal hippocampal commissure,positive,1833,BRAC5487.3k,cfos
5058,external capsule,negative,66,BRAC5487.3k,cfos
5059,external capsule,positive,1452,BRAC5487.3k,cfos
5060,external medullary lamina of the thalamus,negative,2,BRAC5487.3k,cfos
5061,external medullary lamina of the thalamus,positive,718,BRAC5487.3k,cfos
5062,fasciculus retroflexus,negative,0,BRAC5487.3k,cfos
5063,fasciculus retroflexus,positive,720,BRAC5487.3k,cfos
5064,fiber tracts,negative,24,BRAC5487.3k,cfos
5065,fiber tracts,positive,3722,BRAC5487.3k,cfos
5066,fimbria,negative,46,BRAC5487.3k,cfos
5067,fimbria,positive,3426,BRAC5487.3k,cfos
5068,genu of corpus callosum,negative,78,BRAC5487.3k,cfos
5069,genu of corpus callosum,positive,1428,BRAC5487.3k,cfos
5070,habenular commissure,negative,2,BRAC5487.3k,cfos
5071,habenular commissure,positive,94,BRAC5487.3k,cfos
5072,internal capsule,negative,11,BRAC5487.3k,cfos
5073,internal capsule,positive,4277,BRAC5487.3k,cfos
5074,"lateral olfactory tract, body",negative,9,BRAC5487.3k,cfos
5075,"lateral olfactory tract, body",positive,358,BRAC5487.3k,cfos
5076,lateral ventricle,negative,107,BRAC5487.3k,cfos
5077,lateral ventricle,positive,1724,BRAC5487.3k,cfos
5078,mammillary peduncle,negative,0,BRAC5487.3k,cfos
5079,mammillary peduncle,positive,52,BRAC5487.3k,cfos
5080,mammillotegmental tract,negative,0,BRAC5487.3k,cfos
5081,mammillotegmental tract,positive,67,BRAC5487.3k,cfos
5082,mammillothalamic tract,negative,1,BRAC5487.3k,cfos
5083,mammillothalamic tract,positive,457,BRAC5487.3k,cfos
5084,medial corticohypothalamic tract,negative,0,BRAC5487.3k,cfos
5085,medial corticohypothalamic tract,positive,20,BRAC5487.3k,cfos
5086,medial forebrain bundle,negative,0,BRAC5487.3k,cfos
5087,medial forebrain bundle,positive,240,BRAC5487.3k,cfos
5088,medial lemniscus,negative,1,BRAC5487.3k,cfos
5089,medial lemniscus,positive,748,BRAC5487.3k,cfos
5090,nigrostriatal tract,negative,0,BRAC5487.3k,cfos
5091,nigrostriatal tract,positive,394,BRAC5487.3k,cfos
5092,optic chiasm,negative,9,BRAC5487.3k,cfos
5093,optic chiasm,positive,85,BRAC5487.3k,cfos
5094,optic nerve,negative,4,BRAC5487.3k,cfos
5095,optic nerve,positive,9,BRAC5487.3k,cfos
5096,optic radiation,negative,32,BRAC5487.3k,cfos
5097,optic radiation,positive,4164,BRAC5487.3k,cfos
5098,optic tract,negative,33,BRAC5487.3k,cfos
5099,optic tract,positive,1242,BRAC5487.3k,cfos
5100,posterior commissure,negative,2,BRAC5487.3k,cfos
5101,posterior commissure,positive,321,BRAC5487.3k,cfos
5102,"posteromedial visual area, layer 1",negative,4,BRAC5487.3k,cfos
5103,"posteromedial visual area, layer 1",positive,233,BRAC5487.3k,cfos
5104,"posteromedial visual area, layer 2/3",negative,5,BRAC5487.3k,cfos
5105,"posteromedial visual area, layer 2/3",positive,548,BRAC5487.3k,cfos
5106,"posteromedial visual area, layer 4",negative,0,BRAC5487.3k,cfos
5107,"posteromedial visual area, layer 4",positive,235,BRAC5487.3k,cfos
5108,"posteromedial visual area, layer 5",negative,6,BRAC5487.3k,cfos
5109,"posteromedial visual area, layer 5",positive,717,BRAC5487.3k,cfos
5110,"posteromedial visual area, layer 6a",negative,2,BRAC5487.3k,cfos
5111,"posteromedial visual area, layer 6a",positive,517,BRAC5487.3k,cfos
5112,"posteromedial visual area, layer 6b",negative,0,BRAC5487.3k,cfos
5113,"posteromedial visual area, layer 6b",positive,75,BRAC5487.3k,cfos
5114,principal mammillary tract,negative,0,BRAC5487.3k,cfos
5115,principal mammillary tract,positive,108,BRAC5487.3k,cfos
5116,root,negative,105,BRAC5487.3k,cfos
5117,root,positive,4278,BRAC5487.3k,cfos
5118,rubrospinal tract,negative,0,BRAC5487.3k,cfos
5119,rubrospinal tract,positive,5,BRAC5487.3k,cfos
5120,stria medullaris,negative,5,BRAC5487.3k,cfos
5121,stria medullaris,positive,1100,BRAC5487.3k,cfos
5122,stria terminalis,negative,8,BRAC5487.3k,cfos
5123,stria terminalis,positive,611,BRAC5487.3k,cfos
5124,subependymal zone,negative,28,BRAC5487.3k,cfos
5125,subependymal zone,positive,90,BRAC5487.3k,cfos
5126,superior colliculus commissure,negative,0,BRAC5487.3k,cfos
5127,superior colliculus commissure,positive,76,BRAC5487.3k,cfos
5128,supra-callosal cerebral white matter,negative,30,BRAC5487.3k,cfos
5129,supra-callosal cerebral white matter,positive,3103,BRAC5487.3k,cfos
5130,supraoptic commissures,negative,0,BRAC5487.3k,cfos
5131,supraoptic commissures,positive,60,BRAC5487.3k,cfos
5132,third ventricle,negative,75,BRAC5487.3k,cfos
5133,third ventricle,positive,2009,BRAC5487.3k,cfos
5134,ventral hippocampal commissure,negative,2,BRAC5487.3k,cfos
5135,ventral hippocampal commissure,positive,98,BRAC5487.3k,cfos
5136,ventral tegmental decussation,negative,0,BRAC5487.3k,cfos
5137,ventral tegmental decussation,positive,8,BRAC5487.3k,cfos
5138,Accessory supraoptic group,negative,3,BRAC5481.2e,cfos
5139,Accessory supraoptic group,positive,39,BRAC5481.2e,cfos
5140,"Agranular insular area, dorsal part, layer 1",negative,3,BRAC5481.2e,cfos
5141,"Agranular insular area, dorsal part, layer 1",positive,115,BRAC5481.2e,cfos
5142,"Agranular insular area, dorsal part, layer 2/3",negative,7,BRAC5481.2e,cfos
5143,"Agranular insular area, dorsal part, layer 2/3",positive,467,BRAC5481.2e,cfos
5144,"Agranular insular area, dorsal part, layer 5",negative,108,BRAC5481.2e,cfos
5145,"Agranular insular area, dorsal part, layer 5",positive,1122,BRAC5481.2e,cfos
5146,"Agranular insular area, dorsal part, layer 6a",negative,152,BRAC5481.2e,cfos
5147,"Agranular insular area, dorsal part, layer 6a",positive,778,BRAC5481.2e,cfos
5148,"Agranular insular area, dorsal part, layer 6b",negative,4,BRAC5481.2e,cfos
5149,"Agranular insular area, dorsal part, layer 6b",positive,42,BRAC5481.2e,cfos
5150,"Agranular insular area, posterior part, layer 1",negative,18,BRAC5481.2e,cfos
5151,"Agranular insular area, posterior part, layer 1",positive,467,BRAC5481.2e,cfos
5152,"Agranular insular area, posterior part, layer 2/3",negative,140,BRAC5481.2e,cfos
5153,"Agranular insular area, posterior part, layer 2/3",positive,1522,BRAC5481.2e,cfos
5154,"Agranular insular area, posterior part, layer 5",negative,102,BRAC5481.2e,cfos
5155,"Agranular insular area, posterior part, layer 5",positive,1406,BRAC5481.2e,cfos
5156,"Agranular insular area, posterior part, layer 6a",negative,147,BRAC5481.2e,cfos
5157,"Agranular insular area, posterior part, layer 6a",positive,879,BRAC5481.2e,cfos
5158,"Agranular insular area, posterior part, layer 6b",negative,11,BRAC5481.2e,cfos
5159,"Agranular insular area, posterior part, layer 6b",positive,40,BRAC5481.2e,cfos
5160,"Agranular insular area, ventral part, layer 1",negative,2,BRAC5481.2e,cfos
5161,"Agranular insular area, ventral part, layer 1",positive,64,BRAC5481.2e,cfos
5162,"Agranular insular area, ventral part, layer 2/3",negative,69,BRAC5481.2e,cfos
5163,"Agranular insular area, ventral part, layer 2/3",positive,694,BRAC5481.2e,cfos
5164,"Agranular insular area, ventral part, layer 5",negative,92,BRAC5481.2e,cfos
5165,"Agranular insular area, ventral part, layer 5",positive,723,BRAC5481.2e,cfos
5166,"Agranular insular area, ventral part, layer 6a",negative,28,BRAC5481.2e,cfos
5167,"Agranular insular area, ventral part, layer 6a",positive,462,BRAC5481.2e,cfos
5168,Anterior amygdalar area,negative,119,BRAC5481.2e,cfos
5169,Anterior amygdalar area,positive,1430,BRAC5481.2e,cfos
5170,"Anterior area, layer 1",negative,3,BRAC5481.2e,cfos
5171,"Anterior area, layer 1",positive,483,BRAC5481.2e,cfos
5172,"Anterior area, layer 2/3",negative,1,BRAC5481.2e,cfos
5173,"Anterior area, layer 2/3",positive,1189,BRAC5481.2e,cfos
5174,"Anterior area, layer 4",negative,5,BRAC5481.2e,cfos
5175,"Anterior area, layer 4",positive,540,BRAC5481.2e,cfos
5176,"Anterior area, layer 5",negative,14,BRAC5481.2e,cfos
5177,"Anterior area, layer 5",positive,1336,BRAC5481.2e,cfos
5178,"Anterior area, layer 6a",negative,6,BRAC5481.2e,cfos
5179,"Anterior area, layer 6a",positive,670,BRAC5481.2e,cfos
5180,"Anterior area, layer 6b",negative,2,BRAC5481.2e,cfos
5181,"Anterior area, layer 6b",positive,102,BRAC5481.2e,cfos
5182,"Anterior cingulate area, dorsal part, layer 1",negative,28,BRAC5481.2e,cfos
5183,"Anterior cingulate area, dorsal part, layer 1",positive,541,BRAC5481.2e,cfos
5184,"Anterior cingulate area, dorsal part, layer 2/3",negative,63,BRAC5481.2e,cfos
5185,"Anterior cingulate area, dorsal part, layer 2/3",positive,1355,BRAC5481.2e,cfos
5186,"Anterior cingulate area, dorsal part, layer 5",negative,140,BRAC5481.2e,cfos
5187,"Anterior cingulate area, dorsal part, layer 5",positive,3362,BRAC5481.2e,cfos
5188,"Anterior cingulate area, dorsal part, layer 6a",negative,160,BRAC5481.2e,cfos
5189,"Anterior cingulate area, dorsal part, layer 6a",positive,1942,BRAC5481.2e,cfos
5190,"Anterior cingulate area, dorsal part, layer 6b",negative,13,BRAC5481.2e,cfos
5191,"Anterior cingulate area, dorsal part, layer 6b",positive,74,BRAC5481.2e,cfos
5192,"Anterior cingulate area, ventral part, 6a",negative,59,BRAC5481.2e,cfos
5193,"Anterior cingulate area, ventral part, 6a",positive,1450,BRAC5481.2e,cfos
5194,"Anterior cingulate area, ventral part, 6b",negative,15,BRAC5481.2e,cfos
5195,"Anterior cingulate area, ventral part, 6b",positive,246,BRAC5481.2e,cfos
5196,"Anterior cingulate area, ventral part, layer 1",negative,20,BRAC5481.2e,cfos
5197,"Anterior cingulate area, ventral part, layer 1",positive,701,BRAC5481.2e,cfos
5198,"Anterior cingulate area, ventral part, layer 2/3",negative,44,BRAC5481.2e,cfos
5199,"Anterior cingulate area, ventral part, layer 2/3",positive,1896,BRAC5481.2e,cfos
5200,"Anterior cingulate area, ventral part, layer 5",negative,80,BRAC5481.2e,cfos
5201,"Anterior cingulate area, ventral part, layer 5",positive,4216,BRAC5481.2e,cfos
5202,Anterior hypothalamic nucleus,negative,232,BRAC5481.2e,cfos
5203,Anterior hypothalamic nucleus,positive,2083,BRAC5481.2e,cfos
5204,Anterior pretectal nucleus,negative,3,BRAC5481.2e,cfos
5205,Anterior pretectal nucleus,positive,3213,BRAC5481.2e,cfos
5206,Anterodorsal nucleus,negative,0,BRAC5481.2e,cfos
5207,Anterodorsal nucleus,positive,1030,BRAC5481.2e,cfos
5208,Anterodorsal preoptic nucleus,negative,18,BRAC5481.2e,cfos
5209,Anterodorsal preoptic nucleus,positive,314,BRAC5481.2e,cfos
5210,"Anterolateral visual area, layer 1",negative,0,BRAC5481.2e,cfos
5211,"Anterolateral visual area, layer 1",positive,339,BRAC5481.2e,cfos
5212,"Anterolateral visual area, layer 2/3",negative,2,BRAC5481.2e,cfos
5213,"Anterolateral visual area, layer 2/3",positive,1018,BRAC5481.2e,cfos
5214,"Anterolateral visual area, layer 4",negative,1,BRAC5481.2e,cfos
5215,"Anterolateral visual area, layer 4",positive,817,BRAC5481.2e,cfos
5216,"Anterolateral visual area, layer 5",negative,2,BRAC5481.2e,cfos
5217,"Anterolateral visual area, layer 5",positive,1270,BRAC5481.2e,cfos
5218,"Anterolateral visual area, layer 6a",negative,10,BRAC5481.2e,cfos
5219,"Anterolateral visual area, layer 6a",positive,464,BRAC5481.2e,cfos
5220,"Anterolateral visual area, layer 6b",negative,4,BRAC5481.2e,cfos
5221,"Anterolateral visual area, layer 6b",positive,100,BRAC5481.2e,cfos
5222,"Anteromedial nucleus, dorsal part",negative,2,BRAC5481.2e,cfos
5223,"Anteromedial nucleus, dorsal part",positive,1143,BRAC5481.2e,cfos
5224,"Anteromedial nucleus, ventral part",negative,3,BRAC5481.2e,cfos
5225,"Anteromedial nucleus, ventral part",positive,571,BRAC5481.2e,cfos
5226,"Anteromedial visual area, layer 1",negative,1,BRAC5481.2e,cfos
5227,"Anteromedial visual area, layer 1",positive,316,BRAC5481.2e,cfos
5228,"Anteromedial visual area, layer 2/3",negative,1,BRAC5481.2e,cfos
5229,"Anteromedial visual area, layer 2/3",positive,1311,BRAC5481.2e,cfos
5230,"Anteromedial visual area, layer 4",negative,1,BRAC5481.2e,cfos
5231,"Anteromedial visual area, layer 4",positive,542,BRAC5481.2e,cfos
5232,"Anteromedial visual area, layer 5",negative,4,BRAC5481.2e,cfos
5233,"Anteromedial visual area, layer 5",positive,1393,BRAC5481.2e,cfos
5234,"Anteromedial visual area, layer 6a",negative,29,BRAC5481.2e,cfos
5235,"Anteromedial visual area, layer 6a",positive,622,BRAC5481.2e,cfos
5236,"Anteromedial visual area, layer 6b",negative,3,BRAC5481.2e,cfos
5237,"Anteromedial visual area, layer 6b",positive,120,BRAC5481.2e,cfos
5238,Anteroventral nucleus of thalamus,negative,3,BRAC5481.2e,cfos
5239,Anteroventral nucleus of thalamus,positive,1528,BRAC5481.2e,cfos
5240,Anteroventral periventricular nucleus,negative,161,BRAC5481.2e,cfos
5241,Anteroventral periventricular nucleus,positive,636,BRAC5481.2e,cfos
5242,Anteroventral preoptic nucleus,negative,1,BRAC5481.2e,cfos
5243,Anteroventral preoptic nucleus,positive,388,BRAC5481.2e,cfos
5244,Arcuate hypothalamic nucleus,negative,259,BRAC5481.2e,cfos
5245,Arcuate hypothalamic nucleus,positive,1152,BRAC5481.2e,cfos
5246,"Basolateral amygdalar nucleus, anterior part",negative,111,BRAC5481.2e,cfos
5247,"Basolateral amygdalar nucleus, anterior part",positive,1621,BRAC5481.2e,cfos
5248,"Basolateral amygdalar nucleus, posterior part",negative,257,BRAC5481.2e,cfos
5249,"Basolateral amygdalar nucleus, posterior part",positive,1663,BRAC5481.2e,cfos
5250,"Basolateral amygdalar nucleus, ventral part",negative,89,BRAC5481.2e,cfos
5251,"Basolateral amygdalar nucleus, ventral part",positive,883,BRAC5481.2e,cfos
5252,"Basomedial amygdalar nucleus, anterior part",negative,237,BRAC5481.2e,cfos
5253,"Basomedial amygdalar nucleus, anterior part",positive,2402,BRAC5481.2e,cfos
5254,"Basomedial amygdalar nucleus, posterior part",negative,204,BRAC5481.2e,cfos
5255,"Basomedial amygdalar nucleus, posterior part",positive,1835,BRAC5481.2e,cfos
5256,Bed nuclei of the stria terminalis,negative,215,BRAC5481.2e,cfos
5257,Bed nuclei of the stria terminalis,positive,4285,BRAC5481.2e,cfos
5258,Bed nucleus of the accessory olfactory tract,negative,0,BRAC5481.2e,cfos
5259,Bed nucleus of the accessory olfactory tract,positive,36,BRAC5481.2e,cfos
5260,Bed nucleus of the anterior commissure,negative,4,BRAC5481.2e,cfos
5261,Bed nucleus of the anterior commissure,positive,18,BRAC5481.2e,cfos
5262,Caudoputamen,negative,1491,BRAC5481.2e,cfos
5263,Caudoputamen,positive,43306,BRAC5481.2e,cfos
5264,"Central amygdalar nucleus, capsular part",negative,51,BRAC5481.2e,cfos
5265,"Central amygdalar nucleus, capsular part",positive,598,BRAC5481.2e,cfos
5266,"Central amygdalar nucleus, lateral part",negative,31,BRAC5481.2e,cfos
5267,"Central amygdalar nucleus, lateral part",positive,685,BRAC5481.2e,cfos
5268,"Central amygdalar nucleus, medial part",negative,139,BRAC5481.2e,cfos
5269,"Central amygdalar nucleus, medial part",positive,2992,BRAC5481.2e,cfos
5270,Central lateral nucleus of the thalamus,negative,7,BRAC5481.2e,cfos
5271,Central lateral nucleus of the thalamus,positive,1536,BRAC5481.2e,cfos
5272,Central medial nucleus of the thalamus,negative,28,BRAC5481.2e,cfos
5273,Central medial nucleus of the thalamus,positive,1327,BRAC5481.2e,cfos
5274,Claustrum,negative,93,BRAC5481.2e,cfos
5275,Claustrum,positive,1310,BRAC5481.2e,cfos
5276,"Cortical amygdalar area, anterior part",negative,113,BRAC5481.2e,cfos
5277,"Cortical amygdalar area, anterior part",positive,3184,BRAC5481.2e,cfos
5278,"Cortical amygdalar area, posterior part, lateral zone",negative,283,BRAC5481.2e,cfos
5279,"Cortical amygdalar area, posterior part, lateral zone",positive,1984,BRAC5481.2e,cfos
5280,"Cortical amygdalar area, posterior part, medial zone",negative,162,BRAC5481.2e,cfos
5281,"Cortical amygdalar area, posterior part, medial zone",positive,2674,BRAC5481.2e,cfos
5282,Cortical subplate,negative,104,BRAC5481.2e,cfos
5283,Cortical subplate,positive,724,BRAC5481.2e,cfos
5284,"Dentate gyrus, granule cell layer",negative,164,BRAC5481.2e,cfos
5285,"Dentate gyrus, granule cell layer",positive,2010,BRAC5481.2e,cfos
5286,"Dentate gyrus, molecular layer",negative,201,BRAC5481.2e,cfos
5287,"Dentate gyrus, molecular layer",positive,3382,BRAC5481.2e,cfos
5288,"Dentate gyrus, polymorph layer",negative,55,BRAC5481.2e,cfos
5289,"Dentate gyrus, polymorph layer",positive,1033,BRAC5481.2e,cfos
5290,Diagonal band nucleus,negative,69,BRAC5481.2e,cfos
5291,Diagonal band nucleus,positive,2218,BRAC5481.2e,cfos
5292,"Dorsal auditory area, layer 1",negative,2,BRAC5481.2e,cfos
5293,"Dorsal auditory area, layer 1",positive,437,BRAC5481.2e,cfos
5294,"Dorsal auditory area, layer 2/3",negative,1,BRAC5481.2e,cfos
5295,"Dorsal auditory area, layer 2/3",positive,1331,BRAC5481.2e,cfos
5296,"Dorsal auditory area, layer 4",negative,1,BRAC5481.2e,cfos
5297,"Dorsal auditory area, layer 4",positive,660,BRAC5481.2e,cfos
5298,"Dorsal auditory area, layer 5",negative,8,BRAC5481.2e,cfos
5299,"Dorsal auditory area, layer 5",positive,1560,BRAC5481.2e,cfos
5300,"Dorsal auditory area, layer 6a",negative,9,BRAC5481.2e,cfos
5301,"Dorsal auditory area, layer 6a",positive,946,BRAC5481.2e,cfos
5302,"Dorsal auditory area, layer 6b",negative,3,BRAC5481.2e,cfos
5303,"Dorsal auditory area, layer 6b",positive,102,BRAC5481.2e,cfos
5304,"Dorsal part of the lateral geniculate complex, core",negative,1,BRAC5481.2e,cfos
5305,"Dorsal part of the lateral geniculate complex, core",positive,1325,BRAC5481.2e,cfos
5306,"Dorsal part of the lateral geniculate complex, ipsilateral zone",negative,0,BRAC5481.2e,cfos
5307,"Dorsal part of the lateral geniculate complex, ipsilateral zone",positive,315,BRAC5481.2e,cfos
5308,"Dorsal part of the lateral geniculate complex, shell",negative,2,BRAC5481.2e,cfos
5309,"Dorsal part of the lateral geniculate complex, shell",positive,534,BRAC5481.2e,cfos
5310,Dorsal premammillary nucleus,negative,33,BRAC5481.2e,cfos
5311,Dorsal premammillary nucleus,positive,355,BRAC5481.2e,cfos
5312,Dorsal terminal nucleus of the accessory optic tract,negative,0,BRAC5481.2e,cfos
5313,Dorsal terminal nucleus of the accessory optic tract,positive,19,BRAC5481.2e,cfos
5314,Dorsomedial nucleus of the hypothalamus,negative,70,BRAC5481.2e,cfos
5315,Dorsomedial nucleus of the hypothalamus,positive,2148,BRAC5481.2e,cfos
5316,Ectorhinal area/Layer 1,negative,42,BRAC5481.2e,cfos
5317,Ectorhinal area/Layer 1,positive,241,BRAC5481.2e,cfos
5318,Ectorhinal area/Layer 2/3,negative,111,BRAC5481.2e,cfos
5319,Ectorhinal area/Layer 2/3,positive,1229,BRAC5481.2e,cfos
5320,Ectorhinal area/Layer 5,negative,140,BRAC5481.2e,cfos
5321,Ectorhinal area/Layer 5,positive,1367,BRAC5481.2e,cfos
5322,Ectorhinal area/Layer 6a,negative,228,BRAC5481.2e,cfos
5323,Ectorhinal area/Layer 6a,positive,896,BRAC5481.2e,cfos
5324,Ectorhinal area/Layer 6b,negative,20,BRAC5481.2e,cfos
5325,Ectorhinal area/Layer 6b,positive,116,BRAC5481.2e,cfos
5326,Edinger-Westphal nucleus,negative,0,BRAC5481.2e,cfos
5327,Edinger-Westphal nucleus,positive,106,BRAC5481.2e,cfos
5328,"Endopiriform nucleus, dorsal part",negative,730,BRAC5481.2e,cfos
5329,"Endopiriform nucleus, dorsal part",positive,4046,BRAC5481.2e,cfos
5330,"Endopiriform nucleus, ventral part",negative,320,BRAC5481.2e,cfos
5331,"Endopiriform nucleus, ventral part",positive,1710,BRAC5481.2e,cfos
5332,"Entorhinal area, lateral part, layer 1",negative,27,BRAC5481.2e,cfos
5333,"Entorhinal area, lateral part, layer 1",positive,1352,BRAC5481.2e,cfos
5334,"Entorhinal area, lateral part, layer 2",negative,98,BRAC5481.2e,cfos
5335,"Entorhinal area, lateral part, layer 2",positive,2489,BRAC5481.2e,cfos
5336,"Entorhinal area, lateral part, layer 3",negative,153,BRAC5481.2e,cfos
5337,"Entorhinal area, lateral part, layer 3",positive,1313,BRAC5481.2e,cfos
5338,"Entorhinal area, lateral part, layer 5",negative,228,BRAC5481.2e,cfos
5339,"Entorhinal area, lateral part, layer 5",positive,1102,BRAC5481.2e,cfos
5340,"Entorhinal area, lateral part, layer 6a",negative,110,BRAC5481.2e,cfos
5341,"Entorhinal area, lateral part, layer 6a",positive,468,BRAC5481.2e,cfos
5342,Ethmoid nucleus of the thalamus,negative,5,BRAC5481.2e,cfos
5343,Ethmoid nucleus of the thalamus,positive,862,BRAC5481.2e,cfos
5344,Fasciola cinerea,negative,3,BRAC5481.2e,cfos
5345,Fasciola cinerea,positive,50,BRAC5481.2e,cfos
5346,Field CA1,negative,276,BRAC5481.2e,cfos
5347,Field CA1,positive,14959,BRAC5481.2e,cfos
5348,Field CA2,negative,16,BRAC5481.2e,cfos
5349,Field CA2,positive,874,BRAC5481.2e,cfos
5350,Field CA3,negative,341,BRAC5481.2e,cfos
5351,Field CA3,positive,11093,BRAC5481.2e,cfos
5352,Fields of Forel,negative,0,BRAC5481.2e,cfos
5353,Fields of Forel,positive,675,BRAC5481.2e,cfos
5354,Fundus of striatum,negative,73,BRAC5481.2e,cfos
5355,Fundus of striatum,positive,789,BRAC5481.2e,cfos
5356,"Globus pallidus, external segment",negative,31,BRAC5481.2e,cfos
5357,"Globus pallidus, external segment",positive,3532,BRAC5481.2e,cfos
5358,"Globus pallidus, internal segment",negative,2,BRAC5481.2e,cfos
5359,"Globus pallidus, internal segment",positive,729,BRAC5481.2e,cfos
5360,"Gustatory areas, layer 1",negative,17,BRAC5481.2e,cfos
5361,"Gustatory areas, layer 1",positive,285,BRAC5481.2e,cfos
5362,"Gustatory areas, layer 2/3",negative,13,BRAC5481.2e,cfos
5363,"Gustatory areas, layer 2/3",positive,1001,BRAC5481.2e,cfos
5364,"Gustatory areas, layer 4",negative,6,BRAC5481.2e,cfos
5365,"Gustatory areas, layer 4",positive,404,BRAC5481.2e,cfos
5366,"Gustatory areas, layer 5",negative,89,BRAC5481.2e,cfos
5367,"Gustatory areas, layer 5",positive,1447,BRAC5481.2e,cfos
5368,"Gustatory areas, layer 6a",negative,133,BRAC5481.2e,cfos
5369,"Gustatory areas, layer 6a",positive,981,BRAC5481.2e,cfos
5370,"Gustatory areas, layer 6b",negative,4,BRAC5481.2e,cfos
5371,"Gustatory areas, layer 6b",positive,84,BRAC5481.2e,cfos
5372,Hippocampal formation,negative,20,BRAC5481.2e,cfos
5373,Hippocampal formation,positive,373,BRAC5481.2e,cfos
5374,Hippocampo-amygdalar transition area,negative,11,BRAC5481.2e,cfos
5375,Hippocampo-amygdalar transition area,positive,208,BRAC5481.2e,cfos
5376,Hypothalamus,negative,634,BRAC5481.2e,cfos
5377,Hypothalamus,positive,8703,BRAC5481.2e,cfos
5378,Induseum griseum,negative,9,BRAC5481.2e,cfos
5379,Induseum griseum,positive,277,BRAC5481.2e,cfos
5380,Interanterodorsal nucleus of the thalamus,negative,6,BRAC5481.2e,cfos
5381,Interanterodorsal nucleus of the thalamus,positive,426,BRAC5481.2e,cfos
5382,Interanteromedial nucleus of the thalamus,negative,0,BRAC5481.2e,cfos
5383,Interanteromedial nucleus of the thalamus,positive,231,BRAC5481.2e,cfos
5384,Intercalated amygdalar nucleus,negative,41,BRAC5481.2e,cfos
5385,Intercalated amygdalar nucleus,positive,347,BRAC5481.2e,cfos
5386,Interfascicular nucleus raphe,negative,5,BRAC5481.2e,cfos
5387,Interfascicular nucleus raphe,positive,144,BRAC5481.2e,cfos
5388,Intergeniculate leaflet of the lateral geniculate complex,negative,1,BRAC5481.2e,cfos
5389,Intergeniculate leaflet of the lateral geniculate complex,positive,342,BRAC5481.2e,cfos
5390,Intermediate geniculate nucleus,negative,0,BRAC5481.2e,cfos
5391,Intermediate geniculate nucleus,positive,70,BRAC5481.2e,cfos
5392,Intermediodorsal nucleus of the thalamus,negative,3,BRAC5481.2e,cfos
5393,Intermediodorsal nucleus of the thalamus,positive,943,BRAC5481.2e,cfos
5394,"Interpeduncular nucleus, dorsolateral",negative,0,BRAC5481.2e,cfos
5395,"Interpeduncular nucleus, dorsolateral",positive,21,BRAC5481.2e,cfos
5396,"Interpeduncular nucleus, intermediate",negative,0,BRAC5481.2e,cfos
5397,"Interpeduncular nucleus, intermediate",positive,9,BRAC5481.2e,cfos
5398,"Interpeduncular nucleus, lateral",negative,0,BRAC5481.2e,cfos
5399,"Interpeduncular nucleus, lateral",positive,3,BRAC5481.2e,cfos
5400,"Interpeduncular nucleus, rostral",negative,0,BRAC5481.2e,cfos
5401,"Interpeduncular nucleus, rostral",positive,207,BRAC5481.2e,cfos
5402,"Interpeduncular nucleus, rostrolateral",negative,0,BRAC5481.2e,cfos
5403,"Interpeduncular nucleus, rostrolateral",positive,33,BRAC5481.2e,cfos
5404,Interstitial nucleus of Cajal,negative,1,BRAC5481.2e,cfos
5405,Interstitial nucleus of Cajal,positive,200,BRAC5481.2e,cfos
5406,Lateral amygdalar nucleus,negative,177,BRAC5481.2e,cfos
5407,Lateral amygdalar nucleus,positive,1205,BRAC5481.2e,cfos
5408,Lateral dorsal nucleus of thalamus,negative,5,BRAC5481.2e,cfos
5409,Lateral dorsal nucleus of thalamus,positive,4065,BRAC5481.2e,cfos
5410,Lateral habenula,negative,3,BRAC5481.2e,cfos
5411,Lateral habenula,positive,1252,BRAC5481.2e,cfos
5412,Lateral hypothalamic area,negative,207,BRAC5481.2e,cfos
5413,Lateral hypothalamic area,positive,5386,BRAC5481.2e,cfos
5414,Lateral mammillary nucleus,negative,16,BRAC5481.2e,cfos
5415,Lateral mammillary nucleus,positive,127,BRAC5481.2e,cfos
5416,Lateral posterior nucleus of the thalamus,negative,23,BRAC5481.2e,cfos
5417,Lateral posterior nucleus of the thalamus,positive,4197,BRAC5481.2e,cfos
5418,Lateral preoptic area,negative,24,BRAC5481.2e,cfos
5419,Lateral preoptic area,positive,1376,BRAC5481.2e,cfos
5420,"Lateral septal nucleus, caudal (caudodorsal) part",negative,154,BRAC5481.2e,cfos
5421,"Lateral septal nucleus, caudal (caudodorsal) part",positive,344,BRAC5481.2e,cfos
5422,"Lateral septal nucleus, rostral (rostroventral) part",negative,412,BRAC5481.2e,cfos
5423,"Lateral septal nucleus, rostral (rostroventral) part",positive,5608,BRAC5481.2e,cfos
5424,"Lateral septal nucleus, ventral part",negative,105,BRAC5481.2e,cfos
5425,"Lateral septal nucleus, ventral part",positive,3059,BRAC5481.2e,cfos
5426,Lateral terminal nucleus of the accessory optic tract,negative,0,BRAC5481.2e,cfos
5427,Lateral terminal nucleus of the accessory optic tract,positive,57,BRAC5481.2e,cfos
5428,"Lateral visual area, layer 1",negative,0,BRAC5481.2e,cfos
5429,"Lateral visual area, layer 1",positive,277,BRAC5481.2e,cfos
5430,"Lateral visual area, layer 2/3",negative,0,BRAC5481.2e,cfos
5431,"Lateral visual area, layer 2/3",positive,889,BRAC5481.2e,cfos
5432,"Lateral visual area, layer 4",negative,0,BRAC5481.2e,cfos
5433,"Lateral visual area, layer 4",positive,807,BRAC5481.2e,cfos
5434,"Lateral visual area, layer 5",negative,0,BRAC5481.2e,cfos
5435,"Lateral visual area, layer 5",positive,1092,BRAC5481.2e,cfos
5436,"Lateral visual area, layer 6a",negative,7,BRAC5481.2e,cfos
5437,"Lateral visual area, layer 6a",positive,574,BRAC5481.2e,cfos
5438,"Lateral visual area, layer 6b",negative,0,BRAC5481.2e,cfos
5439,"Lateral visual area, layer 6b",positive,125,BRAC5481.2e,cfos
5440,"Laterointermediate area, layer 1",negative,0,BRAC5481.2e,cfos
5441,"Laterointermediate area, layer 1",positive,91,BRAC5481.2e,cfos
5442,"Laterointermediate area, layer 2/3",negative,0,BRAC5481.2e,cfos
5443,"Laterointermediate area, layer 2/3",positive,242,BRAC5481.2e,cfos
5444,"Laterointermediate area, layer 4",negative,1,BRAC5481.2e,cfos
5445,"Laterointermediate area, layer 4",positive,204,BRAC5481.2e,cfos
5446,"Laterointermediate area, layer 5",negative,8,BRAC5481.2e,cfos
5447,"Laterointermediate area, layer 5",positive,365,BRAC5481.2e,cfos
5448,"Laterointermediate area, layer 6a",negative,1,BRAC5481.2e,cfos
5449,"Laterointermediate area, layer 6a",positive,210,BRAC5481.2e,cfos
5450,"Laterointermediate area, layer 6b",negative,0,BRAC5481.2e,cfos
5451,"Laterointermediate area, layer 6b",positive,50,BRAC5481.2e,cfos
5452,Magnocellular nucleus,negative,11,BRAC5481.2e,cfos
5453,Magnocellular nucleus,positive,1191,BRAC5481.2e,cfos
5454,Medial accesory oculomotor nucleus,negative,0,BRAC5481.2e,cfos
5455,Medial accesory oculomotor nucleus,positive,75,BRAC5481.2e,cfos
5456,Medial amygdalar nucleus,negative,607,BRAC5481.2e,cfos
5457,Medial amygdalar nucleus,positive,6853,BRAC5481.2e,cfos
5458,"Medial geniculate complex, dorsal part",negative,1,BRAC5481.2e,cfos
5459,"Medial geniculate complex, dorsal part",positive,326,BRAC5481.2e,cfos
5460,"Medial geniculate complex, medial part",negative,5,BRAC5481.2e,cfos
5461,"Medial geniculate complex, medial part",positive,703,BRAC5481.2e,cfos
5462,"Medial geniculate complex, ventral part",negative,6,BRAC5481.2e,cfos
5463,"Medial geniculate complex, ventral part",positive,607,BRAC5481.2e,cfos
5464,Medial habenula,negative,11,BRAC5481.2e,cfos
5465,Medial habenula,positive,1029,BRAC5481.2e,cfos
5466,"Medial mammillary nucleus, dorsal part",negative,2,BRAC5481.2e,cfos
5467,"Medial mammillary nucleus, dorsal part",positive,71,BRAC5481.2e,cfos
5468,"Medial mammillary nucleus, lateral part",negative,0,BRAC5481.2e,cfos
5469,"Medial mammillary nucleus, lateral part",positive,316,BRAC5481.2e,cfos
5470,"Medial mammillary nucleus, medial part",negative,0,BRAC5481.2e,cfos
5471,"Medial mammillary nucleus, medial part",positive,380,BRAC5481.2e,cfos
5472,"Medial mammillary nucleus, median part",negative,0,BRAC5481.2e,cfos
5473,"Medial mammillary nucleus, median part",positive,218,BRAC5481.2e,cfos
5474,Medial preoptic area,negative,39,BRAC5481.2e,cfos
5475,Medial preoptic area,positive,1970,BRAC5481.2e,cfos
5476,Medial preoptic nucleus,negative,206,BRAC5481.2e,cfos
5477,Medial preoptic nucleus,positive,2108,BRAC5481.2e,cfos
5478,Medial pretectal area,negative,0,BRAC5481.2e,cfos
5479,Medial pretectal area,positive,234,BRAC5481.2e,cfos
5480,Medial septal nucleus,negative,9,BRAC5481.2e,cfos
5481,Medial septal nucleus,positive,1439,BRAC5481.2e,cfos
5482,Medial terminal nucleus of the accessory optic tract,negative,0,BRAC5481.2e,cfos
5483,Medial terminal nucleus of the accessory optic tract,positive,77,BRAC5481.2e,cfos
5484,Median eminence,negative,43,BRAC5481.2e,cfos
5485,Median eminence,positive,45,BRAC5481.2e,cfos
5486,Median preoptic nucleus,negative,8,BRAC5481.2e,cfos
5487,Median preoptic nucleus,positive,113,BRAC5481.2e,cfos
5488,Mediodorsal nucleus of thalamus,negative,29,BRAC5481.2e,cfos
5489,Mediodorsal nucleus of thalamus,positive,6191,BRAC5481.2e,cfos
5490,Midbrain,negative,125,BRAC5481.2e,cfos
5491,Midbrain,positive,8490,BRAC5481.2e,cfos
5492,Midbrain reticular nucleus,negative,17,BRAC5481.2e,cfos
5493,Midbrain reticular nucleus,positive,4425,BRAC5481.2e,cfos
5494,Nucleus accumbens,negative,318,BRAC5481.2e,cfos
5495,Nucleus accumbens,positive,9800,BRAC5481.2e,cfos
5496,Nucleus of Darkschewitsch,negative,0,BRAC5481.2e,cfos
5497,Nucleus of Darkschewitsch,positive,301,BRAC5481.2e,cfos
5498,Nucleus of reuniens,negative,50,BRAC5481.2e,cfos
5499,Nucleus of reuniens,positive,2812,BRAC5481.2e,cfos
5500,"Nucleus of the lateral olfactory tract, layer 3",negative,6,BRAC5481.2e,cfos
5501,"Nucleus of the lateral olfactory tract, layer 3",positive,201,BRAC5481.2e,cfos
5502,"Nucleus of the lateral olfactory tract, molecular layer",negative,4,BRAC5481.2e,cfos
5503,"Nucleus of the lateral olfactory tract, molecular layer",positive,254,BRAC5481.2e,cfos
5504,"Nucleus of the lateral olfactory tract, pyramidal layer",negative,2,BRAC5481.2e,cfos
5505,"Nucleus of the lateral olfactory tract, pyramidal layer",positive,776,BRAC5481.2e,cfos
5506,Nucleus of the optic tract,negative,3,BRAC5481.2e,cfos
5507,Nucleus of the optic tract,positive,658,BRAC5481.2e,cfos
5508,Nucleus of the posterior commissure,negative,0,BRAC5481.2e,cfos
5509,Nucleus of the posterior commissure,positive,1099,BRAC5481.2e,cfos
5510,Olfactory areas,negative,172,BRAC5481.2e,cfos
5511,Olfactory areas,positive,1691,BRAC5481.2e,cfos
5512,Olfactory tubercle,negative,448,BRAC5481.2e,cfos
5513,Olfactory tubercle,positive,7926,BRAC5481.2e,cfos
5514,Olivary pretectal nucleus,negative,1,BRAC5481.2e,cfos
5515,Olivary pretectal nucleus,positive,277,BRAC5481.2e,cfos
5516,Pallidum,negative,88,BRAC5481.2e,cfos
5517,Pallidum,positive,2175,BRAC5481.2e,cfos
5518,Paracentral nucleus,negative,0,BRAC5481.2e,cfos
5519,Paracentral nucleus,positive,1352,BRAC5481.2e,cfos
5520,Parafascicular nucleus,negative,9,BRAC5481.2e,cfos
5521,Parafascicular nucleus,positive,1899,BRAC5481.2e,cfos
5522,Paranigral nucleus,negative,0,BRAC5481.2e,cfos
5523,Paranigral nucleus,positive,19,BRAC5481.2e,cfos
5524,Parastrial nucleus,negative,9,BRAC5481.2e,cfos
5525,Parastrial nucleus,positive,300,BRAC5481.2e,cfos
5526,Parasubthalamic nucleus,negative,11,BRAC5481.2e,cfos
5527,Parasubthalamic nucleus,positive,641,BRAC5481.2e,cfos
5528,Parataenial nucleus,negative,9,BRAC5481.2e,cfos
5529,Parataenial nucleus,positive,1129,BRAC5481.2e,cfos
5530,Paraventricular hypothalamic nucleus,negative,151,BRAC5481.2e,cfos
5531,Paraventricular hypothalamic nucleus,positive,861,BRAC5481.2e,cfos
5532,"Paraventricular hypothalamic nucleus, descending division",negative,6,BRAC5481.2e,cfos
5533,"Paraventricular hypothalamic nucleus, descending division",positive,438,BRAC5481.2e,cfos
5534,Paraventricular nucleus of the thalamus,negative,54,BRAC5481.2e,cfos
5535,Paraventricular nucleus of the thalamus,positive,2787,BRAC5481.2e,cfos
5536,Periaqueductal gray,negative,22,BRAC5481.2e,cfos
5537,Periaqueductal gray,positive,3205,BRAC5481.2e,cfos
5538,Perifornical nucleus,negative,31,BRAC5481.2e,cfos
5539,Perifornical nucleus,positive,454,BRAC5481.2e,cfos
5540,Peripeduncular nucleus,negative,7,BRAC5481.2e,cfos
5541,Peripeduncular nucleus,positive,146,BRAC5481.2e,cfos
5542,Perireunensis nucleus,negative,13,BRAC5481.2e,cfos
5543,Perireunensis nucleus,positive,701,BRAC5481.2e,cfos
5544,"Perirhinal area, layer 1",negative,39,BRAC5481.2e,cfos
5545,"Perirhinal area, layer 1",positive,461,BRAC5481.2e,cfos
5546,"Perirhinal area, layer 2/3",negative,103,BRAC5481.2e,cfos
5547,"Perirhinal area, layer 2/3",positive,1100,BRAC5481.2e,cfos
5548,"Perirhinal area, layer 5",negative,47,BRAC5481.2e,cfos
5549,"Perirhinal area, layer 5",positive,285,BRAC5481.2e,cfos
5550,"Perirhinal area, layer 6a",negative,10,BRAC5481.2e,cfos
5551,"Perirhinal area, layer 6a",positive,59,BRAC5481.2e,cfos
5552,"Perirhinal area, layer 6b",negative,0,BRAC5481.2e,cfos
5553,"Perirhinal area, layer 6b",positive,12,BRAC5481.2e,cfos
5554,"Periventricular hypothalamic nucleus, anterior part",negative,55,BRAC5481.2e,cfos
5555,"Periventricular hypothalamic nucleus, anterior part",positive,175,BRAC5481.2e,cfos
5556,"Periventricular hypothalamic nucleus, intermediate part",negative,83,BRAC5481.2e,cfos
5557,"Periventricular hypothalamic nucleus, intermediate part",positive,468,BRAC5481.2e,cfos
5558,"Periventricular hypothalamic nucleus, posterior part",negative,218,BRAC5481.2e,cfos
5559,"Periventricular hypothalamic nucleus, posterior part",positive,213,BRAC5481.2e,cfos
5560,"Periventricular hypothalamic nucleus, preoptic part",negative,203,BRAC5481.2e,cfos
5561,"Periventricular hypothalamic nucleus, preoptic part",positive,561,BRAC5481.2e,cfos
5562,Piriform area,negative,1876,BRAC5481.2e,cfos
5563,Piriform area,positive,33289,BRAC5481.2e,cfos
5564,Piriform-amygdalar area,negative,200,BRAC5481.2e,cfos
5565,Piriform-amygdalar area,positive,3108,BRAC5481.2e,cfos
5566,Posterior amygdalar nucleus,negative,144,BRAC5481.2e,cfos
5567,Posterior amygdalar nucleus,positive,2610,BRAC5481.2e,cfos
5568,"Posterior auditory area, layer 1",negative,1,BRAC5481.2e,cfos
5569,"Posterior auditory area, layer 1",positive,253,BRAC5481.2e,cfos
5570,"Posterior auditory area, layer 2/3",negative,0,BRAC5481.2e,cfos
5571,"Posterior auditory area, layer 2/3",positive,748,BRAC5481.2e,cfos
5572,"Posterior auditory area, layer 4",negative,0,BRAC5481.2e,cfos
5573,"Posterior auditory area, layer 4",positive,609,BRAC5481.2e,cfos
5574,"Posterior auditory area, layer 5",negative,21,BRAC5481.2e,cfos
5575,"Posterior auditory area, layer 5",positive,907,BRAC5481.2e,cfos
5576,"Posterior auditory area, layer 6a",negative,19,BRAC5481.2e,cfos
5577,"Posterior auditory area, layer 6a",positive,365,BRAC5481.2e,cfos
5578,"Posterior auditory area, layer 6b",negative,2,BRAC5481.2e,cfos
5579,"Posterior auditory area, layer 6b",positive,71,BRAC5481.2e,cfos
5580,Posterior complex of the thalamus,negative,16,BRAC5481.2e,cfos
5581,Posterior complex of the thalamus,positive,6969,BRAC5481.2e,cfos
5582,Posterior hypothalamic nucleus,negative,68,BRAC5481.2e,cfos
5583,Posterior hypothalamic nucleus,positive,3189,BRAC5481.2e,cfos
5584,Posterior intralaminar thalamic nucleus,negative,10,BRAC5481.2e,cfos
5585,Posterior intralaminar thalamic nucleus,positive,539,BRAC5481.2e,cfos
5586,Posterior limiting nucleus of the thalamus,negative,5,BRAC5481.2e,cfos
5587,Posterior limiting nucleus of the thalamus,positive,610,BRAC5481.2e,cfos
5588,Posterior pretectal nucleus,negative,0,BRAC5481.2e,cfos
5589,Posterior pretectal nucleus,positive,603,BRAC5481.2e,cfos
5590,Posterior triangular thalamic nucleus,negative,5,BRAC5481.2e,cfos
5591,Posterior triangular thalamic nucleus,positive,1008,BRAC5481.2e,cfos
5592,Posterodorsal preoptic nucleus,negative,2,BRAC5481.2e,cfos
5593,Posterodorsal preoptic nucleus,positive,60,BRAC5481.2e,cfos
5594,Postpiriform transition area,negative,310,BRAC5481.2e,cfos
5595,Postpiriform transition area,positive,1053,BRAC5481.2e,cfos
5596,Postsubiculum,negative,14,BRAC5481.2e,cfos
5597,Postsubiculum,positive,1055,BRAC5481.2e,cfos
5598,Precommissural nucleus,negative,37,BRAC5481.2e,cfos
5599,Precommissural nucleus,positive,675,BRAC5481.2e,cfos
5600,Preparasubthalamic nucleus,negative,0,BRAC5481.2e,cfos
5601,Preparasubthalamic nucleus,positive,58,BRAC5481.2e,cfos
5602,"Primary auditory area, layer 1",negative,2,BRAC5481.2e,cfos
5603,"Primary auditory area, layer 1",positive,965,BRAC5481.2e,cfos
5604,"Primary auditory area, layer 2/3",negative,0,BRAC5481.2e,cfos
5605,"Primary auditory area, layer 2/3",positive,2930,BRAC5481.2e,cfos
5606,"Primary auditory area, layer 4",negative,0,BRAC5481.2e,cfos
5607,"Primary auditory area, layer 4",positive,1975,BRAC5481.2e,cfos
5608,"Primary auditory area, layer 5",negative,27,BRAC5481.2e,cfos
5609,"Primary auditory area, layer 5",positive,3489,BRAC5481.2e,cfos
5610,"Primary auditory area, layer 6a",negative,66,BRAC5481.2e,cfos
5611,"Primary auditory area, layer 6a",positive,1310,BRAC5481.2e,cfos
5612,"Primary auditory area, layer 6b",negative,17,BRAC5481.2e,cfos
5613,"Primary auditory area, layer 6b",positive,165,BRAC5481.2e,cfos
5614,"Primary motor area, Layer 1",negative,28,BRAC5481.2e,cfos
5615,"Primary motor area, Layer 1",positive,804,BRAC5481.2e,cfos
5616,"Primary motor area, Layer 2/3",negative,38,BRAC5481.2e,cfos
5617,"Primary motor area, Layer 2/3",positive,5146,BRAC5481.2e,cfos
5618,"Primary motor area, Layer 5",negative,95,BRAC5481.2e,cfos
5619,"Primary motor area, Layer 5",positive,6941,BRAC5481.2e,cfos
5620,"Primary motor area, Layer 6a",negative,267,BRAC5481.2e,cfos
5621,"Primary motor area, Layer 6a",positive,5685,BRAC5481.2e,cfos
5622,"Primary motor area, Layer 6b",negative,38,BRAC5481.2e,cfos
5623,"Primary motor area, Layer 6b",positive,284,BRAC5481.2e,cfos
5624,"Primary somatosensory area, barrel field, layer 1",negative,6,BRAC5481.2e,cfos
5625,"Primary somatosensory area, barrel field, layer 1",positive,2076,BRAC5481.2e,cfos
5626,"Primary somatosensory area, barrel field, layer 2/3",negative,0,BRAC5481.2e,cfos
5627,"Primary somatosensory area, barrel field, layer 2/3",positive,5361,BRAC5481.2e,cfos
5628,"Primary somatosensory area, barrel field, layer 4",negative,3,BRAC5481.2e,cfos
5629,"Primary somatosensory area, barrel field, layer 4",positive,5660,BRAC5481.2e,cfos
5630,"Primary somatosensory area, barrel field, layer 5",negative,4,BRAC5481.2e,cfos
5631,"Primary somatosensory area, barrel field, layer 5",positive,5900,BRAC5481.2e,cfos
5632,"Primary somatosensory area, barrel field, layer 6a",negative,68,BRAC5481.2e,cfos
5633,"Primary somatosensory area, barrel field, layer 6a",positive,4015,BRAC5481.2e,cfos
5634,"Primary somatosensory area, barrel field, layer 6b",negative,19,BRAC5481.2e,cfos
5635,"Primary somatosensory area, barrel field, layer 6b",positive,281,BRAC5481.2e,cfos
5636,"Primary somatosensory area, lower limb, layer 1",negative,3,BRAC5481.2e,cfos
5637,"Primary somatosensory area, lower limb, layer 1",positive,710,BRAC5481.2e,cfos
5638,"Primary somatosensory area, lower limb, layer 2/3",negative,2,BRAC5481.2e,cfos
5639,"Primary somatosensory area, lower limb, layer 2/3",positive,2756,BRAC5481.2e,cfos
5640,"Primary somatosensory area, lower limb, layer 4",negative,2,BRAC5481.2e,cfos
5641,"Primary somatosensory area, lower limb, layer 4",positive,1213,BRAC5481.2e,cfos
5642,"Primary somatosensory area, lower limb, layer 5",negative,29,BRAC5481.2e,cfos
5643,"Primary somatosensory area, lower limb, layer 5",positive,2880,BRAC5481.2e,cfos
5644,"Primary somatosensory area, lower limb, layer 6a",negative,116,BRAC5481.2e,cfos
5645,"Primary somatosensory area, lower limb, layer 6a",positive,1017,BRAC5481.2e,cfos
5646,"Primary somatosensory area, lower limb, layer 6b",negative,7,BRAC5481.2e,cfos
5647,"Primary somatosensory area, lower limb, layer 6b",positive,105,BRAC5481.2e,cfos
5648,"Primary somatosensory area, mouth, layer 1",negative,35,BRAC5481.2e,cfos
5649,"Primary somatosensory area, mouth, layer 1",positive,1038,BRAC5481.2e,cfos
5650,"Primary somatosensory area, mouth, layer 2/3",negative,7,BRAC5481.2e,cfos
5651,"Primary somatosensory area, mouth, layer 2/3",positive,3001,BRAC5481.2e,cfos
5652,"Primary somatosensory area, mouth, layer 4",negative,4,BRAC5481.2e,cfos
5653,"Primary somatosensory area, mouth, layer 4",positive,2923,BRAC5481.2e,cfos
5654,"Primary somatosensory area, mouth, layer 5",negative,7,BRAC5481.2e,cfos
5655,"Primary somatosensory area, mouth, layer 5",positive,4778,BRAC5481.2e,cfos
5656,"Primary somatosensory area, mouth, layer 6a",negative,117,BRAC5481.2e,cfos
5657,"Primary somatosensory area, mouth, layer 6a",positive,4948,BRAC5481.2e,cfos
5658,"Primary somatosensory area, mouth, layer 6b",negative,20,BRAC5481.2e,cfos
5659,"Primary somatosensory area, mouth, layer 6b",positive,189,BRAC5481.2e,cfos
5660,"Primary somatosensory area, nose, layer 1",negative,13,BRAC5481.2e,cfos
5661,"Primary somatosensory area, nose, layer 1",positive,999,BRAC5481.2e,cfos
5662,"Primary somatosensory area, nose, layer 2/3",negative,0,BRAC5481.2e,cfos
5663,"Primary somatosensory area, nose, layer 2/3",positive,1956,BRAC5481.2e,cfos
5664,"Primary somatosensory area, nose, layer 4",negative,2,BRAC5481.2e,cfos
5665,"Primary somatosensory area, nose, layer 4",positive,2055,BRAC5481.2e,cfos
5666,"Primary somatosensory area, nose, layer 5",negative,5,BRAC5481.2e,cfos
5667,"Primary somatosensory area, nose, layer 5",positive,2619,BRAC5481.2e,cfos
5668,"Primary somatosensory area, nose, layer 6a",negative,21,BRAC5481.2e,cfos
5669,"Primary somatosensory area, nose, layer 6a",positive,2232,BRAC5481.2e,cfos
5670,"Primary somatosensory area, nose, layer 6b",negative,6,BRAC5481.2e,cfos
5671,"Primary somatosensory area, nose, layer 6b",positive,95,BRAC5481.2e,cfos
5672,"Primary somatosensory area, trunk, layer 1",negative,0,BRAC5481.2e,cfos
5673,"Primary somatosensory area, trunk, layer 1",positive,489,BRAC5481.2e,cfos
5674,"Primary somatosensory area, trunk, layer 2/3",negative,6,BRAC5481.2e,cfos
5675,"Primary somatosensory area, trunk, layer 2/3",positive,1419,BRAC5481.2e,cfos
5676,"Primary somatosensory area, trunk, layer 4",negative,3,BRAC5481.2e,cfos
5677,"Primary somatosensory area, trunk, layer 4",positive,548,BRAC5481.2e,cfos
5678,"Primary somatosensory area, trunk, layer 5",negative,11,BRAC5481.2e,cfos
5679,"Primary somatosensory area, trunk, layer 5",positive,1802,BRAC5481.2e,cfos
5680,"Primary somatosensory area, trunk, layer 6a",negative,10,BRAC5481.2e,cfos
5681,"Primary somatosensory area, trunk, layer 6a",positive,669,BRAC5481.2e,cfos
5682,"Primary somatosensory area, trunk, layer 6b",negative,0,BRAC5481.2e,cfos
5683,"Primary somatosensory area, trunk, layer 6b",positive,94,BRAC5481.2e,cfos
5684,"Primary somatosensory area, unassigned, layer 1",negative,6,BRAC5481.2e,cfos
5685,"Primary somatosensory area, unassigned, layer 1",positive,465,BRAC5481.2e,cfos
5686,"Primary somatosensory area, unassigned, layer 2/3",negative,3,BRAC5481.2e,cfos
5687,"Primary somatosensory area, unassigned, layer 2/3",positive,1039,BRAC5481.2e,cfos
5688,"Primary somatosensory area, unassigned, layer 4",negative,0,BRAC5481.2e,cfos
5689,"Primary somatosensory area, unassigned, layer 4",positive,730,BRAC5481.2e,cfos
5690,"Primary somatosensory area, unassigned, layer 5",negative,0,BRAC5481.2e,cfos
5691,"Primary somatosensory area, unassigned, layer 5",positive,1206,BRAC5481.2e,cfos
5692,"Primary somatosensory area, unassigned, layer 6a",negative,4,BRAC5481.2e,cfos
5693,"Primary somatosensory area, unassigned, layer 6a",positive,897,BRAC5481.2e,cfos
5694,"Primary somatosensory area, unassigned, layer 6b",negative,1,BRAC5481.2e,cfos
5695,"Primary somatosensory area, unassigned, layer 6b",positive,60,BRAC5481.2e,cfos
5696,"Primary somatosensory area, upper limb, layer 1",negative,19,BRAC5481.2e,cfos
5697,"Primary somatosensory area, upper limb, layer 1",positive,1183,BRAC5481.2e,cfos
5698,"Primary somatosensory area, upper limb, layer 2/3",negative,6,BRAC5481.2e,cfos
5699,"Primary somatosensory area, upper limb, layer 2/3",positive,3550,BRAC5481.2e,cfos
5700,"Primary somatosensory area, upper limb, layer 4",negative,6,BRAC5481.2e,cfos
5701,"Primary somatosensory area, upper limb, layer 4",positive,2063,BRAC5481.2e,cfos
5702,"Primary somatosensory area, upper limb, layer 5",negative,11,BRAC5481.2e,cfos
5703,"Primary somatosensory area, upper limb, layer 5",positive,3871,BRAC5481.2e,cfos
5704,"Primary somatosensory area, upper limb, layer 6a",negative,24,BRAC5481.2e,cfos
5705,"Primary somatosensory area, upper limb, layer 6a",positive,2860,BRAC5481.2e,cfos
5706,"Primary somatosensory area, upper limb, layer 6b",negative,4,BRAC5481.2e,cfos
5707,"Primary somatosensory area, upper limb, layer 6b",positive,160,BRAC5481.2e,cfos
5708,"Primary visual area, layer 1",negative,6,BRAC5481.2e,cfos
5709,"Primary visual area, layer 1",positive,2056,BRAC5481.2e,cfos
5710,"Primary visual area, layer 2/3",negative,1,BRAC5481.2e,cfos
5711,"Primary visual area, layer 2/3",positive,7333,BRAC5481.2e,cfos
5712,"Primary visual area, layer 4",negative,1,BRAC5481.2e,cfos
5713,"Primary visual area, layer 4",positive,5506,BRAC5481.2e,cfos
5714,"Primary visual area, layer 5",negative,13,BRAC5481.2e,cfos
5715,"Primary visual area, layer 5",positive,5781,BRAC5481.2e,cfos
5716,"Primary visual area, layer 6a",negative,27,BRAC5481.2e,cfos
5717,"Primary visual area, layer 6a",positive,3615,BRAC5481.2e,cfos
5718,"Primary visual area, layer 6b",negative,8,BRAC5481.2e,cfos
5719,"Primary visual area, layer 6b",positive,726,BRAC5481.2e,cfos
5720,Prosubiculum,negative,5,BRAC5481.2e,cfos
5721,Prosubiculum,positive,1116,BRAC5481.2e,cfos
5722,Red nucleus,negative,4,BRAC5481.2e,cfos
5723,Red nucleus,positive,1555,BRAC5481.2e,cfos
5724,Reticular nucleus of the thalamus,negative,27,BRAC5481.2e,cfos
5725,Reticular nucleus of the thalamus,positive,3474,BRAC5481.2e,cfos
5726,Retrochiasmatic area,negative,70,BRAC5481.2e,cfos
5727,Retrochiasmatic area,positive,91,BRAC5481.2e,cfos
5728,Retroparafascicular nucleus,negative,0,BRAC5481.2e,cfos
5729,Retroparafascicular nucleus,positive,228,BRAC5481.2e,cfos
5730,"Retrosplenial area, dorsal part, layer 1",negative,17,BRAC5481.2e,cfos
5731,"Retrosplenial area, dorsal part, layer 1",positive,1626,BRAC5481.2e,cfos
5732,"Retrosplenial area, dorsal part, layer 2/3",negative,15,BRAC5481.2e,cfos
5733,"Retrosplenial area, dorsal part, layer 2/3",positive,4937,BRAC5481.2e,cfos
5734,"Retrosplenial area, dorsal part, layer 5",negative,12,BRAC5481.2e,cfos
5735,"Retrosplenial area, dorsal part, layer 5",positive,6611,BRAC5481.2e,cfos
5736,"Retrosplenial area, dorsal part, layer 6a",negative,36,BRAC5481.2e,cfos
5737,"Retrosplenial area, dorsal part, layer 6a",positive,2273,BRAC5481.2e,cfos
5738,"Retrosplenial area, dorsal part, layer 6b",negative,1,BRAC5481.2e,cfos
5739,"Retrosplenial area, dorsal part, layer 6b",positive,66,BRAC5481.2e,cfos
5740,"Retrosplenial area, lateral agranular part, layer 1",negative,5,BRAC5481.2e,cfos
5741,"Retrosplenial area, lateral agranular part, layer 1",positive,723,BRAC5481.2e,cfos
5742,"Retrosplenial area, lateral agranular part, layer 2/3",negative,13,BRAC5481.2e,cfos
5743,"Retrosplenial area, lateral agranular part, layer 2/3",positive,2510,BRAC5481.2e,cfos
5744,"Retrosplenial area, lateral agranular part, layer 5",negative,9,BRAC5481.2e,cfos
5745,"Retrosplenial area, lateral agranular part, layer 5",positive,3536,BRAC5481.2e,cfos
5746,"Retrosplenial area, lateral agranular part, layer 6a",negative,27,BRAC5481.2e,cfos
5747,"Retrosplenial area, lateral agranular part, layer 6a",positive,1174,BRAC5481.2e,cfos
5748,"Retrosplenial area, lateral agranular part, layer 6b",negative,4,BRAC5481.2e,cfos
5749,"Retrosplenial area, lateral agranular part, layer 6b",positive,95,BRAC5481.2e,cfos
5750,"Retrosplenial area, ventral part, layer 1",negative,55,BRAC5481.2e,cfos
5751,"Retrosplenial area, ventral part, layer 1",positive,1485,BRAC5481.2e,cfos
5752,"Retrosplenial area, ventral part, layer 2/3",negative,73,BRAC5481.2e,cfos
5753,"Retrosplenial area, ventral part, layer 2/3",positive,3864,BRAC5481.2e,cfos
5754,"Retrosplenial area, ventral part, layer 5",negative,82,BRAC5481.2e,cfos
5755,"Retrosplenial area, ventral part, layer 5",positive,13529,BRAC5481.2e,cfos
5756,"Retrosplenial area, ventral part, layer 6a",negative,21,BRAC5481.2e,cfos
5757,"Retrosplenial area, ventral part, layer 6a",positive,3687,BRAC5481.2e,cfos
5758,"Retrosplenial area, ventral part, layer 6b",negative,6,BRAC5481.2e,cfos
5759,"Retrosplenial area, ventral part, layer 6b",positive,181,BRAC5481.2e,cfos
5760,Rhomboid nucleus,negative,1,BRAC5481.2e,cfos
5761,Rhomboid nucleus,positive,527,BRAC5481.2e,cfos
5762,Rostral linear nucleus raphe,negative,0,BRAC5481.2e,cfos
5763,Rostral linear nucleus raphe,positive,114,BRAC5481.2e,cfos
5764,"Rostrolateral area, layer 1",negative,0,BRAC5481.2e,cfos
5765,"Rostrolateral area, layer 1",positive,592,BRAC5481.2e,cfos
5766,"Rostrolateral area, layer 2/3",negative,0,BRAC5481.2e,cfos
5767,"Rostrolateral area, layer 2/3",positive,1764,BRAC5481.2e,cfos
5768,"Rostrolateral area, layer 4",negative,1,BRAC5481.2e,cfos
5769,"Rostrolateral area, layer 4",positive,1111,BRAC5481.2e,cfos
5770,"Rostrolateral area, layer 5",negative,4,BRAC5481.2e,cfos
5771,"Rostrolateral area, layer 5",positive,1492,BRAC5481.2e,cfos
5772,"Rostrolateral area, layer 6a",negative,8,BRAC5481.2e,cfos
5773,"Rostrolateral area, layer 6a",positive,864,BRAC5481.2e,cfos
5774,"Rostrolateral area, layer 6b",negative,1,BRAC5481.2e,cfos
5775,"Rostrolateral area, layer 6b",positive,125,BRAC5481.2e,cfos
5776,"Secondary motor area, layer 1",negative,32,BRAC5481.2e,cfos
5777,"Secondary motor area, layer 1",positive,584,BRAC5481.2e,cfos
5778,"Secondary motor area, layer 2/3",negative,154,BRAC5481.2e,cfos
5779,"Secondary motor area, layer 2/3",positive,3002,BRAC5481.2e,cfos
5780,"Secondary motor area, layer 5",negative,139,BRAC5481.2e,cfos
5781,"Secondary motor area, layer 5",positive,5364,BRAC5481.2e,cfos
5782,"Secondary motor area, layer 6a",negative,153,BRAC5481.2e,cfos
5783,"Secondary motor area, layer 6a",positive,3421,BRAC5481.2e,cfos
5784,"Secondary motor area, layer 6b",negative,13,BRAC5481.2e,cfos
5785,"Secondary motor area, layer 6b",positive,122,BRAC5481.2e,cfos
5786,Septofimbrial nucleus,negative,14,BRAC5481.2e,cfos
5787,Septofimbrial nucleus,positive,847,BRAC5481.2e,cfos
5788,Septohippocampal nucleus,negative,2,BRAC5481.2e,cfos
5789,Septohippocampal nucleus,positive,90,BRAC5481.2e,cfos
5790,Striatum,negative,388,BRAC5481.2e,cfos
5791,Striatum,positive,6495,BRAC5481.2e,cfos
5792,Subcommissural organ,negative,1,BRAC5481.2e,cfos
5793,Subcommissural organ,positive,39,BRAC5481.2e,cfos
5794,Subfornical organ,negative,1,BRAC5481.2e,cfos
5795,Subfornical organ,positive,31,BRAC5481.2e,cfos
5796,Subgeniculate nucleus,negative,0,BRAC5481.2e,cfos
5797,Subgeniculate nucleus,positive,69,BRAC5481.2e,cfos
5798,Subiculum,negative,33,BRAC5481.2e,cfos
5799,Subiculum,positive,2871,BRAC5481.2e,cfos
5800,Submedial nucleus of the thalamus,negative,26,BRAC5481.2e,cfos
5801,Submedial nucleus of the thalamus,positive,944,BRAC5481.2e,cfos
5802,Subparafascicular area,negative,48,BRAC5481.2e,cfos
5803,Subparafascicular area,positive,443,BRAC5481.2e,cfos
5804,"Subparafascicular nucleus, magnocellular part",negative,8,BRAC5481.2e,cfos
5805,"Subparafascicular nucleus, magnocellular part",positive,323,BRAC5481.2e,cfos
5806,"Subparafascicular nucleus, parvicellular part",negative,1,BRAC5481.2e,cfos
5807,"Subparafascicular nucleus, parvicellular part",positive,382,BRAC5481.2e,cfos
5808,Subparaventricular zone,negative,148,BRAC5481.2e,cfos
5809,Subparaventricular zone,positive,651,BRAC5481.2e,cfos
5810,Substantia innominata,negative,214,BRAC5481.2e,cfos
5811,Substantia innominata,positive,7678,BRAC5481.2e,cfos
5812,"Substantia nigra, compact part",negative,1,BRAC5481.2e,cfos
5813,"Substantia nigra, compact part",positive,270,BRAC5481.2e,cfos
5814,"Substantia nigra, reticular part",negative,38,BRAC5481.2e,cfos
5815,"Substantia nigra, reticular part",positive,1843,BRAC5481.2e,cfos
5816,Subthalamic nucleus,negative,1,BRAC5481.2e,cfos
5817,Subthalamic nucleus,positive,805,BRAC5481.2e,cfos
5818,"Superior colliculus, motor related, deep gray layer",negative,2,BRAC5481.2e,cfos
5819,"Superior colliculus, motor related, deep gray layer",positive,571,BRAC5481.2e,cfos
5820,"Superior colliculus, motor related, deep white layer",negative,0,BRAC5481.2e,cfos
5821,"Superior colliculus, motor related, deep white layer",positive,244,BRAC5481.2e,cfos
5822,"Superior colliculus, motor related, intermediate gray layer",negative,20,BRAC5481.2e,cfos
5823,"Superior colliculus, motor related, intermediate gray layer",positive,3648,BRAC5481.2e,cfos
5824,"Superior colliculus, motor related, intermediate white layer",negative,1,BRAC5481.2e,cfos
5825,"Superior colliculus, motor related, intermediate white layer",positive,2574,BRAC5481.2e,cfos
5826,"Superior colliculus, optic layer",negative,3,BRAC5481.2e,cfos
5827,"Superior colliculus, optic layer",positive,1063,BRAC5481.2e,cfos
5828,"Superior colliculus, superficial gray layer",negative,9,BRAC5481.2e,cfos
5829,"Superior colliculus, superficial gray layer",positive,2045,BRAC5481.2e,cfos
5830,"Superior colliculus, zonal layer",negative,4,BRAC5481.2e,cfos
5831,"Superior colliculus, zonal layer",positive,451,BRAC5481.2e,cfos
5832,"Supplemental somatosensory area, layer 1",negative,73,BRAC5481.2e,cfos
5833,"Supplemental somatosensory area, layer 1",positive,2046,BRAC5481.2e,cfos
5834,"Supplemental somatosensory area, layer 2/3",negative,19,BRAC5481.2e,cfos
5835,"Supplemental somatosensory area, layer 2/3",positive,4804,BRAC5481.2e,cfos
5836,"Supplemental somatosensory area, layer 4",negative,6,BRAC5481.2e,cfos
5837,"Supplemental somatosensory area, layer 4",positive,3502,BRAC5481.2e,cfos
5838,"Supplemental somatosensory area, layer 5",negative,58,BRAC5481.2e,cfos
5839,"Supplemental somatosensory area, layer 5",positive,7168,BRAC5481.2e,cfos
5840,"Supplemental somatosensory area, layer 6a",negative,167,BRAC5481.2e,cfos
5841,"Supplemental somatosensory area, layer 6a",positive,4970,BRAC5481.2e,cfos
5842,"Supplemental somatosensory area, layer 6b",negative,23,BRAC5481.2e,cfos
5843,"Supplemental somatosensory area, layer 6b",positive,353,BRAC5481.2e,cfos
5844,Suprachiasmatic nucleus,negative,101,BRAC5481.2e,cfos
5845,Suprachiasmatic nucleus,positive,343,BRAC5481.2e,cfos
5846,Suprageniculate nucleus,negative,6,BRAC5481.2e,cfos
5847,Suprageniculate nucleus,positive,594,BRAC5481.2e,cfos
5848,Supramammillary nucleus,negative,10,BRAC5481.2e,cfos
5849,Supramammillary nucleus,positive,1013,BRAC5481.2e,cfos
5850,Supraoptic nucleus,negative,16,BRAC5481.2e,cfos
5851,Supraoptic nucleus,positive,111,BRAC5481.2e,cfos
5852,"Taenia tecta, dorsal part",negative,14,BRAC5481.2e,cfos
5853,"Taenia tecta, dorsal part",positive,122,BRAC5481.2e,cfos
5854,"Temporal association areas, layer 1",negative,21,BRAC5481.2e,cfos
5855,"Temporal association areas, layer 1",positive,549,BRAC5481.2e,cfos
5856,"Temporal association areas, layer 2/3",negative,39,BRAC5481.2e,cfos
5857,"Temporal association areas, layer 2/3",positive,1765,BRAC5481.2e,cfos
5858,"Temporal association areas, layer 4",negative,9,BRAC5481.2e,cfos
5859,"Temporal association areas, layer 4",positive,1016,BRAC5481.2e,cfos
5860,"Temporal association areas, layer 5",negative,54,BRAC5481.2e,cfos
5861,"Temporal association areas, layer 5",positive,2996,BRAC5481.2e,cfos
5862,"Temporal association areas, layer 6a",negative,76,BRAC5481.2e,cfos
5863,"Temporal association areas, layer 6a",positive,1679,BRAC5481.2e,cfos
5864,"Temporal association areas, layer 6b",negative,7,BRAC5481.2e,cfos
5865,"Temporal association areas, layer 6b",positive,260,BRAC5481.2e,cfos
5866,Thalamus,negative,64,BRAC5481.2e,cfos
5867,Thalamus,positive,2863,BRAC5481.2e,cfos
5868,Triangular nucleus of septum,negative,63,BRAC5481.2e,cfos
5869,Triangular nucleus of septum,positive,677,BRAC5481.2e,cfos
5870,Tuberal nucleus,negative,113,BRAC5481.2e,cfos
5871,Tuberal nucleus,positive,1364,BRAC5481.2e,cfos
5872,"Tuberomammillary nucleus, dorsal part",negative,22,BRAC5481.2e,cfos
5873,"Tuberomammillary nucleus, dorsal part",positive,219,BRAC5481.2e,cfos
5874,"Tuberomammillary nucleus, ventral part",negative,28,BRAC5481.2e,cfos
5875,"Tuberomammillary nucleus, ventral part",positive,173,BRAC5481.2e,cfos
5876,Vascular organ of the lamina terminalis,negative,14,BRAC5481.2e,cfos
5877,Vascular organ of the lamina terminalis,positive,12,BRAC5481.2e,cfos
5878,Ventral anterior-lateral complex of the thalamus,negative,6,BRAC5481.2e,cfos
5879,Ventral anterior-lateral complex of the thalamus,positive,4356,BRAC5481.2e,cfos
5880,"Ventral auditory area, layer 1",negative,12,BRAC5481.2e,cfos
5881,"Ventral auditory area, layer 1",positive,561,BRAC5481.2e,cfos
5882,"Ventral auditory area, layer 2/3",negative,9,BRAC5481.2e,cfos
5883,"Ventral auditory area, layer 2/3",positive,1631,BRAC5481.2e,cfos
5884,"Ventral auditory area, layer 4",negative,10,BRAC5481.2e,cfos
5885,"Ventral auditory area, layer 4",positive,1244,BRAC5481.2e,cfos
5886,"Ventral auditory area, layer 5",negative,66,BRAC5481.2e,cfos
5887,"Ventral auditory area, layer 5",positive,2538,BRAC5481.2e,cfos
5888,"Ventral auditory area, layer 6a",negative,71,BRAC5481.2e,cfos
5889,"Ventral auditory area, layer 6a",positive,1073,BRAC5481.2e,cfos
5890,"Ventral auditory area, layer 6b",negative,10,BRAC5481.2e,cfos
5891,"Ventral auditory area, layer 6b",positive,142,BRAC5481.2e,cfos
5892,Ventral medial nucleus of the thalamus,negative,4,BRAC5481.2e,cfos
5893,Ventral medial nucleus of the thalamus,positive,2767,BRAC5481.2e,cfos
5894,Ventral part of the lateral geniculate complex,negative,5,BRAC5481.2e,cfos
5895,Ventral part of the lateral geniculate complex,positive,1751,BRAC5481.2e,cfos
5896,Ventral posterolateral nucleus of the thalamus,negative,12,BRAC5481.2e,cfos
5897,Ventral posterolateral nucleus of the thalamus,positive,3910,BRAC5481.2e,cfos
5898,"Ventral posterolateral nucleus of the thalamus, parvicellular part",negative,0,BRAC5481.2e,cfos
5899,"Ventral posterolateral nucleus of the thalamus, parvicellular part",positive,226,BRAC5481.2e,cfos
5900,Ventral posteromedial nucleus of the thalamus,negative,11,BRAC5481.2e,cfos
5901,Ventral posteromedial nucleus of the thalamus,positive,10987,BRAC5481.2e,cfos
5902,"Ventral posteromedial nucleus of the thalamus, parvicellular part",negative,12,BRAC5481.2e,cfos
5903,"Ventral posteromedial nucleus of the thalamus, parvicellular part",positive,547,BRAC5481.2e,cfos
5904,Ventral premammillary nucleus,negative,194,BRAC5481.2e,cfos
5905,Ventral premammillary nucleus,positive,420,BRAC5481.2e,cfos
5906,Ventral tegmental area,negative,41,BRAC5481.2e,cfos
5907,Ventral tegmental area,positive,518,BRAC5481.2e,cfos
5908,Ventrolateral preoptic nucleus,negative,4,BRAC5481.2e,cfos
5909,Ventrolateral preoptic nucleus,positive,149,BRAC5481.2e,cfos
5910,Ventromedial hypothalamic nucleus,negative,74,BRAC5481.2e,cfos
5911,Ventromedial hypothalamic nucleus,positive,1989,BRAC5481.2e,cfos
5912,Ventromedial preoptic nucleus,negative,27,BRAC5481.2e,cfos
5913,Ventromedial preoptic nucleus,positive,172,BRAC5481.2e,cfos
5914,"Visceral area, layer 1",negative,11,BRAC5481.2e,cfos
5915,"Visceral area, layer 1",positive,503,BRAC5481.2e,cfos
5916,"Visceral area, layer 2/3",negative,4,BRAC5481.2e,cfos
5917,"Visceral area, layer 2/3",positive,948,BRAC5481.2e,cfos
5918,"Visceral area, layer 4",negative,4,BRAC5481.2e,cfos
5919,"Visceral area, layer 4",positive,390,BRAC5481.2e,cfos
5920,"Visceral area, layer 5",negative,28,BRAC5481.2e,cfos
5921,"Visceral area, layer 5",positive,1784,BRAC5481.2e,cfos
5922,"Visceral area, layer 6a",negative,91,BRAC5481.2e,cfos
5923,"Visceral area, layer 6a",positive,1154,BRAC5481.2e,cfos
5924,"Visceral area, layer 6b",negative,8,BRAC5481.2e,cfos
5925,"Visceral area, layer 6b",positive,135,BRAC5481.2e,cfos
5926,Xiphoid thalamic nucleus,negative,7,BRAC5481.2e,cfos
5927,Xiphoid thalamic nucleus,positive,585,BRAC5481.2e,cfos
5928,Zona incerta,negative,16,BRAC5481.2e,cfos
5929,Zona incerta,positive,4268,BRAC5481.2e,cfos
5930,alveus,negative,73,BRAC5481.2e,cfos
5931,alveus,positive,2333,BRAC5481.2e,cfos
5932,amygdalar capsule,negative,41,BRAC5481.2e,cfos
5933,amygdalar capsule,positive,286,BRAC5481.2e,cfos
5934,"anterior commissure, olfactory limb",negative,25,BRAC5481.2e,cfos
5935,"anterior commissure, olfactory limb",positive,492,BRAC5481.2e,cfos
5936,"anterior commissure, temporal limb",negative,37,BRAC5481.2e,cfos
5937,"anterior commissure, temporal limb",positive,330,BRAC5481.2e,cfos
5938,auditory radiation,negative,31,BRAC5481.2e,cfos
5939,auditory radiation,positive,974,BRAC5481.2e,cfos
5940,brachium of the superior colliculus,negative,45,BRAC5481.2e,cfos
5941,brachium of the superior colliculus,positive,251,BRAC5481.2e,cfos
5942,cerebal peduncle,negative,47,BRAC5481.2e,cfos
5943,cerebal peduncle,positive,651,BRAC5481.2e,cfos
5944,cerebral aqueduct,negative,0,BRAC5481.2e,cfos
5945,cerebral aqueduct,positive,29,BRAC5481.2e,cfos
5946,choroid plexus,negative,92,BRAC5481.2e,cfos
5947,choroid plexus,positive,494,BRAC5481.2e,cfos
5948,cingulum bundle,negative,133,BRAC5481.2e,cfos
5949,cingulum bundle,positive,3013,BRAC5481.2e,cfos
5950,columns of the fornix,negative,24,BRAC5481.2e,cfos
5951,columns of the fornix,positive,632,BRAC5481.2e,cfos
5952,commissural branch of stria terminalis,negative,12,BRAC5481.2e,cfos
5953,commissural branch of stria terminalis,positive,89,BRAC5481.2e,cfos
5954,"corpus callosum, anterior forceps",negative,22,BRAC5481.2e,cfos
5955,"corpus callosum, anterior forceps",positive,95,BRAC5481.2e,cfos
5956,"corpus callosum, body",negative,403,BRAC5481.2e,cfos
5957,"corpus callosum, body",positive,3646,BRAC5481.2e,cfos
5958,"corpus callosum, extreme capsule",negative,33,BRAC5481.2e,cfos
5959,"corpus callosum, extreme capsule",positive,208,BRAC5481.2e,cfos
5960,"corpus callosum, posterior forceps",negative,120,BRAC5481.2e,cfos
5961,"corpus callosum, posterior forceps",positive,2768,BRAC5481.2e,cfos
5962,"corpus callosum, splenium",negative,33,BRAC5481.2e,cfos
5963,"corpus callosum, splenium",positive,929,BRAC5481.2e,cfos
5964,doral tegmental decussation,negative,0,BRAC5481.2e,cfos
5965,doral tegmental decussation,positive,6,BRAC5481.2e,cfos
5966,dorsal fornix,negative,1,BRAC5481.2e,cfos
5967,dorsal fornix,positive,47,BRAC5481.2e,cfos
5968,dorsal hippocampal commissure,negative,87,BRAC5481.2e,cfos
5969,dorsal hippocampal commissure,positive,1326,BRAC5481.2e,cfos
5970,external capsule,negative,115,BRAC5481.2e,cfos
5971,external capsule,positive,1289,BRAC5481.2e,cfos
5972,external medullary lamina of the thalamus,negative,0,BRAC5481.2e,cfos
5973,external medullary lamina of the thalamus,positive,345,BRAC5481.2e,cfos
5974,fasciculus retroflexus,negative,4,BRAC5481.2e,cfos
5975,fasciculus retroflexus,positive,386,BRAC5481.2e,cfos
5976,fiber tracts,negative,236,BRAC5481.2e,cfos
5977,fiber tracts,positive,1882,BRAC5481.2e,cfos
5978,fimbria,negative,74,BRAC5481.2e,cfos
5979,fimbria,positive,1371,BRAC5481.2e,cfos
5980,genu of corpus callosum,negative,112,BRAC5481.2e,cfos
5981,genu of corpus callosum,positive,981,BRAC5481.2e,cfos
5982,habenular commissure,negative,7,BRAC5481.2e,cfos
5983,habenular commissure,positive,77,BRAC5481.2e,cfos
5984,internal capsule,negative,69,BRAC5481.2e,cfos
5985,internal capsule,positive,2415,BRAC5481.2e,cfos
5986,"lateral olfactory tract, body",negative,18,BRAC5481.2e,cfos
5987,"lateral olfactory tract, body",positive,469,BRAC5481.2e,cfos
5988,lateral ventricle,negative,322,BRAC5481.2e,cfos
5989,lateral ventricle,positive,1630,BRAC5481.2e,cfos
5990,mammillary peduncle,negative,4,BRAC5481.2e,cfos
5991,mammillary peduncle,positive,15,BRAC5481.2e,cfos
5992,mammillotegmental tract,negative,0,BRAC5481.2e,cfos
5993,mammillotegmental tract,positive,88,BRAC5481.2e,cfos
5994,mammillothalamic tract,negative,2,BRAC5481.2e,cfos
5995,mammillothalamic tract,positive,368,BRAC5481.2e,cfos
5996,medial corticohypothalamic tract,negative,3,BRAC5481.2e,cfos
5997,medial corticohypothalamic tract,positive,35,BRAC5481.2e,cfos
5998,medial forebrain bundle,negative,12,BRAC5481.2e,cfos
5999,medial forebrain bundle,positive,143,BRAC5481.2e,cfos
6000,medial lemniscus,negative,3,BRAC5481.2e,cfos
6001,medial lemniscus,positive,471,BRAC5481.2e,cfos
6002,medial longitudinal fascicle,negative,0,BRAC5481.2e,cfos
6003,medial longitudinal fascicle,positive,10,BRAC5481.2e,cfos
6004,nigrostriatal tract,negative,1,BRAC5481.2e,cfos
6005,nigrostriatal tract,positive,319,BRAC5481.2e,cfos
6006,optic chiasm,negative,40,BRAC5481.2e,cfos
6007,optic chiasm,positive,94,BRAC5481.2e,cfos
6008,optic nerve,negative,6,BRAC5481.2e,cfos
6009,optic nerve,positive,1,BRAC5481.2e,cfos
6010,optic radiation,negative,114,BRAC5481.2e,cfos
6011,optic radiation,positive,3697,BRAC5481.2e,cfos
6012,optic tract,negative,117,BRAC5481.2e,cfos
6013,optic tract,positive,561,BRAC5481.2e,cfos
6014,posterior commissure,negative,0,BRAC5481.2e,cfos
6015,posterior commissure,positive,142,BRAC5481.2e,cfos
6016,"posteromedial visual area, layer 1",negative,5,BRAC5481.2e,cfos
6017,"posteromedial visual area, layer 1",positive,604,BRAC5481.2e,cfos
6018,"posteromedial visual area, layer 2/3",negative,10,BRAC5481.2e,cfos
6019,"posteromedial visual area, layer 2/3",positive,1922,BRAC5481.2e,cfos
6020,"posteromedial visual area, layer 4",negative,0,BRAC5481.2e,cfos
6021,"posteromedial visual area, layer 4",positive,952,BRAC5481.2e,cfos
6022,"posteromedial visual area, layer 5",negative,7,BRAC5481.2e,cfos
6023,"posteromedial visual area, layer 5",positive,1935,BRAC5481.2e,cfos
6024,"posteromedial visual area, layer 6a",negative,4,BRAC5481.2e,cfos
6025,"posteromedial visual area, layer 6a",positive,887,BRAC5481.2e,cfos
6026,"posteromedial visual area, layer 6b",negative,2,BRAC5481.2e,cfos
6027,"posteromedial visual area, layer 6b",positive,165,BRAC5481.2e,cfos
6028,principal mammillary tract,negative,3,BRAC5481.2e,cfos
6029,principal mammillary tract,positive,53,BRAC5481.2e,cfos
6030,root,negative,229,BRAC5481.2e,cfos
6031,root,positive,2496,BRAC5481.2e,cfos
6032,rubrospinal tract,negative,5,BRAC5481.2e,cfos
6033,rubrospinal tract,positive,21,BRAC5481.2e,cfos
6034,stria medullaris,negative,6,BRAC5481.2e,cfos
6035,stria medullaris,positive,1289,BRAC5481.2e,cfos
6036,stria terminalis,negative,45,BRAC5481.2e,cfos
6037,stria terminalis,positive,353,BRAC5481.2e,cfos
6038,subependymal zone,negative,81,BRAC5481.2e,cfos
6039,subependymal zone,positive,106,BRAC5481.2e,cfos
6040,superior colliculus commissure,negative,0,BRAC5481.2e,cfos
6041,superior colliculus commissure,positive,68,BRAC5481.2e,cfos
6042,supra-callosal cerebral white matter,negative,86,BRAC5481.2e,cfos
6043,supra-callosal cerebral white matter,positive,1673,BRAC5481.2e,cfos
6044,supraoptic commissures,negative,3,BRAC5481.2e,cfos
6045,supraoptic commissures,positive,14,BRAC5481.2e,cfos
6046,third ventricle,negative,190,BRAC5481.2e,cfos
6047,third ventricle,positive,1370,BRAC5481.2e,cfos
6048,ventral hippocampal commissure,negative,13,BRAC5481.2e,cfos
6049,ventral hippocampal commissure,positive,28,BRAC5481.2e,cfos
6050,ventral tegmental decussation,negative,2,BRAC5481.2e,cfos
6051,ventral tegmental decussation,positive,58,BRAC5481.2e,cfos
6052,Accessory supraoptic group,negative,0,BRAC5487.3j,cfos
6053,Accessory supraoptic group,positive,21,BRAC5487.3j,cfos
6054,"Agranular insular area, dorsal part, layer 1",negative,5,BRAC5487.3j,cfos
6055,"Agranular insular area, dorsal part, layer 1",positive,187,BRAC5487.3j,cfos
6056,"Agranular insular area, dorsal part, layer 2/3",negative,20,BRAC5487.3j,cfos
6057,"Agranular insular area, dorsal part, layer 2/3",positive,1237,BRAC5487.3j,cfos
6058,"Agranular insular area, dorsal part, layer 5",negative,89,BRAC5487.3j,cfos
6059,"Agranular insular area, dorsal part, layer 5",positive,2448,BRAC5487.3j,cfos
6060,"Agranular insular area, dorsal part, layer 6a",negative,169,BRAC5487.3j,cfos
6061,"Agranular insular area, dorsal part, layer 6a",positive,1657,BRAC5487.3j,cfos
6062,"Agranular insular area, dorsal part, layer 6b",negative,2,BRAC5487.3j,cfos
6063,"Agranular insular area, dorsal part, layer 6b",positive,92,BRAC5487.3j,cfos
6064,"Agranular insular area, posterior part, layer 1",negative,21,BRAC5487.3j,cfos
6065,"Agranular insular area, posterior part, layer 1",positive,1094,BRAC5487.3j,cfos
6066,"Agranular insular area, posterior part, layer 2/3",negative,41,BRAC5487.3j,cfos
6067,"Agranular insular area, posterior part, layer 2/3",positive,3459,BRAC5487.3j,cfos
6068,"Agranular insular area, posterior part, layer 5",negative,65,BRAC5487.3j,cfos
6069,"Agranular insular area, posterior part, layer 5",positive,3308,BRAC5487.3j,cfos
6070,"Agranular insular area, posterior part, layer 6a",negative,32,BRAC5487.3j,cfos
6071,"Agranular insular area, posterior part, layer 6a",positive,2099,BRAC5487.3j,cfos
6072,"Agranular insular area, posterior part, layer 6b",negative,0,BRAC5487.3j,cfos
6073,"Agranular insular area, posterior part, layer 6b",positive,80,BRAC5487.3j,cfos
6074,"Agranular insular area, ventral part, layer 1",negative,5,BRAC5487.3j,cfos
6075,"Agranular insular area, ventral part, layer 1",positive,198,BRAC5487.3j,cfos
6076,"Agranular insular area, ventral part, layer 2/3",negative,78,BRAC5487.3j,cfos
6077,"Agranular insular area, ventral part, layer 2/3",positive,1166,BRAC5487.3j,cfos
6078,"Agranular insular area, ventral part, layer 5",negative,91,BRAC5487.3j,cfos
6079,"Agranular insular area, ventral part, layer 5",positive,1156,BRAC5487.3j,cfos
6080,"Agranular insular area, ventral part, layer 6a",negative,20,BRAC5487.3j,cfos
6081,"Agranular insular area, ventral part, layer 6a",positive,777,BRAC5487.3j,cfos
6082,Anterior amygdalar area,negative,51,BRAC5487.3j,cfos
6083,Anterior amygdalar area,positive,1633,BRAC5487.3j,cfos
6084,"Anterior area, layer 1",negative,8,BRAC5487.3j,cfos
6085,"Anterior area, layer 1",positive,840,BRAC5487.3j,cfos
6086,"Anterior area, layer 2/3",negative,11,BRAC5487.3j,cfos
6087,"Anterior area, layer 2/3",positive,1997,BRAC5487.3j,cfos
6088,"Anterior area, layer 4",negative,4,BRAC5487.3j,cfos
6089,"Anterior area, layer 4",positive,787,BRAC5487.3j,cfos
6090,"Anterior area, layer 5",negative,8,BRAC5487.3j,cfos
6091,"Anterior area, layer 5",positive,1732,BRAC5487.3j,cfos
6092,"Anterior area, layer 6a",negative,3,BRAC5487.3j,cfos
6093,"Anterior area, layer 6a",positive,862,BRAC5487.3j,cfos
6094,"Anterior area, layer 6b",negative,2,BRAC5487.3j,cfos
6095,"Anterior area, layer 6b",positive,157,BRAC5487.3j,cfos
6096,"Anterior cingulate area, dorsal part, layer 1",negative,25,BRAC5487.3j,cfos
6097,"Anterior cingulate area, dorsal part, layer 1",positive,1139,BRAC5487.3j,cfos
6098,"Anterior cingulate area, dorsal part, layer 2/3",negative,10,BRAC5487.3j,cfos
6099,"Anterior cingulate area, dorsal part, layer 2/3",positive,2056,BRAC5487.3j,cfos
6100,"Anterior cingulate area, dorsal part, layer 5",negative,20,BRAC5487.3j,cfos
6101,"Anterior cingulate area, dorsal part, layer 5",positive,5364,BRAC5487.3j,cfos
6102,"Anterior cingulate area, dorsal part, layer 6a",negative,22,BRAC5487.3j,cfos
6103,"Anterior cingulate area, dorsal part, layer 6a",positive,3121,BRAC5487.3j,cfos
6104,"Anterior cingulate area, dorsal part, layer 6b",negative,3,BRAC5487.3j,cfos
6105,"Anterior cingulate area, dorsal part, layer 6b",positive,123,BRAC5487.3j,cfos
6106,"Anterior cingulate area, ventral part, 6a",negative,31,BRAC5487.3j,cfos
6107,"Anterior cingulate area, ventral part, 6a",positive,1856,BRAC5487.3j,cfos
6108,"Anterior cingulate area, ventral part, 6b",negative,4,BRAC5487.3j,cfos
6109,"Anterior cingulate area, ventral part, 6b",positive,271,BRAC5487.3j,cfos
6110,"Anterior cingulate area, ventral part, layer 1",negative,33,BRAC5487.3j,cfos
6111,"Anterior cingulate area, ventral part, layer 1",positive,1243,BRAC5487.3j,cfos
6112,"Anterior cingulate area, ventral part, layer 2/3",negative,25,BRAC5487.3j,cfos
6113,"Anterior cingulate area, ventral part, layer 2/3",positive,2494,BRAC5487.3j,cfos
6114,"Anterior cingulate area, ventral part, layer 5",negative,56,BRAC5487.3j,cfos
6115,"Anterior cingulate area, ventral part, layer 5",positive,5365,BRAC5487.3j,cfos
6116,Anterior hypothalamic nucleus,negative,184,BRAC5487.3j,cfos
6117,Anterior hypothalamic nucleus,positive,2403,BRAC5487.3j,cfos
6118,Anterior pretectal nucleus,negative,35,BRAC5487.3j,cfos
6119,Anterior pretectal nucleus,positive,8886,BRAC5487.3j,cfos
6120,Anterodorsal nucleus,negative,13,BRAC5487.3j,cfos
6121,Anterodorsal nucleus,positive,1163,BRAC5487.3j,cfos
6122,Anterodorsal preoptic nucleus,negative,6,BRAC5487.3j,cfos
6123,Anterodorsal preoptic nucleus,positive,382,BRAC5487.3j,cfos
6124,"Anterolateral visual area, layer 1",negative,9,BRAC5487.3j,cfos
6125,"Anterolateral visual area, layer 1",positive,687,BRAC5487.3j,cfos
6126,"Anterolateral visual area, layer 2/3",negative,10,BRAC5487.3j,cfos
6127,"Anterolateral visual area, layer 2/3",positive,1718,BRAC5487.3j,cfos
6128,"Anterolateral visual area, layer 4",negative,5,BRAC5487.3j,cfos
6129,"Anterolateral visual area, layer 4",positive,1044,BRAC5487.3j,cfos
6130,"Anterolateral visual area, layer 5",negative,7,BRAC5487.3j,cfos
6131,"Anterolateral visual area, layer 5",positive,1613,BRAC5487.3j,cfos
6132,"Anterolateral visual area, layer 6a",negative,6,BRAC5487.3j,cfos
6133,"Anterolateral visual area, layer 6a",positive,681,BRAC5487.3j,cfos
6134,"Anterolateral visual area, layer 6b",negative,0,BRAC5487.3j,cfos
6135,"Anterolateral visual area, layer 6b",positive,151,BRAC5487.3j,cfos
6136,"Anteromedial nucleus, dorsal part",negative,1,BRAC5487.3j,cfos
6137,"Anteromedial nucleus, dorsal part",positive,1369,BRAC5487.3j,cfos
6138,"Anteromedial nucleus, ventral part",negative,0,BRAC5487.3j,cfos
6139,"Anteromedial nucleus, ventral part",positive,595,BRAC5487.3j,cfos
6140,"Anteromedial visual area, layer 1",negative,5,BRAC5487.3j,cfos
6141,"Anteromedial visual area, layer 1",positive,832,BRAC5487.3j,cfos
6142,"Anteromedial visual area, layer 2/3",negative,11,BRAC5487.3j,cfos
6143,"Anteromedial visual area, layer 2/3",positive,1753,BRAC5487.3j,cfos
6144,"Anteromedial visual area, layer 4",negative,3,BRAC5487.3j,cfos
6145,"Anteromedial visual area, layer 4",positive,505,BRAC5487.3j,cfos
6146,"Anteromedial visual area, layer 5",negative,6,BRAC5487.3j,cfos
6147,"Anteromedial visual area, layer 5",positive,2116,BRAC5487.3j,cfos
6148,"Anteromedial visual area, layer 6a",negative,7,BRAC5487.3j,cfos
6149,"Anteromedial visual area, layer 6a",positive,1160,BRAC5487.3j,cfos
6150,"Anteromedial visual area, layer 6b",negative,5,BRAC5487.3j,cfos
6151,"Anteromedial visual area, layer 6b",positive,203,BRAC5487.3j,cfos
6152,Anteroventral nucleus of thalamus,negative,15,BRAC5487.3j,cfos
6153,Anteroventral nucleus of thalamus,positive,1899,BRAC5487.3j,cfos
6154,Anteroventral periventricular nucleus,negative,90,BRAC5487.3j,cfos
6155,Anteroventral periventricular nucleus,positive,429,BRAC5487.3j,cfos
6156,Anteroventral preoptic nucleus,negative,11,BRAC5487.3j,cfos
6157,Anteroventral preoptic nucleus,positive,201,BRAC5487.3j,cfos
6158,Arcuate hypothalamic nucleus,negative,53,BRAC5487.3j,cfos
6159,Arcuate hypothalamic nucleus,positive,1880,BRAC5487.3j,cfos
6160,"Basolateral amygdalar nucleus, anterior part",negative,26,BRAC5487.3j,cfos
6161,"Basolateral amygdalar nucleus, anterior part",positive,3434,BRAC5487.3j,cfos
6162,"Basolateral amygdalar nucleus, posterior part",negative,108,BRAC5487.3j,cfos
6163,"Basolateral amygdalar nucleus, posterior part",positive,4135,BRAC5487.3j,cfos
6164,"Basolateral amygdalar nucleus, ventral part",negative,26,BRAC5487.3j,cfos
6165,"Basolateral amygdalar nucleus, ventral part",positive,1916,BRAC5487.3j,cfos
6166,"Basomedial amygdalar nucleus, anterior part",negative,133,BRAC5487.3j,cfos
6167,"Basomedial amygdalar nucleus, anterior part",positive,3363,BRAC5487.3j,cfos
6168,"Basomedial amygdalar nucleus, posterior part",negative,123,BRAC5487.3j,cfos
6169,"Basomedial amygdalar nucleus, posterior part",positive,3883,BRAC5487.3j,cfos
6170,Bed nuclei of the stria terminalis,negative,420,BRAC5487.3j,cfos
6171,Bed nuclei of the stria terminalis,positive,4773,BRAC5487.3j,cfos
6172,Bed nucleus of the accessory olfactory tract,negative,12,BRAC5487.3j,cfos
6173,Bed nucleus of the accessory olfactory tract,positive,106,BRAC5487.3j,cfos
6174,Bed nucleus of the anterior commissure,negative,3,BRAC5487.3j,cfos
6175,Bed nucleus of the anterior commissure,positive,18,BRAC5487.3j,cfos
6176,Caudoputamen,negative,1014,BRAC5487.3j,cfos
6177,Caudoputamen,positive,117604,BRAC5487.3j,cfos
6178,"Central amygdalar nucleus, capsular part",negative,35,BRAC5487.3j,cfos
6179,"Central amygdalar nucleus, capsular part",positive,1117,BRAC5487.3j,cfos
6180,"Central amygdalar nucleus, lateral part",negative,42,BRAC5487.3j,cfos
6181,"Central amygdalar nucleus, lateral part",positive,838,BRAC5487.3j,cfos
6182,"Central amygdalar nucleus, medial part",negative,103,BRAC5487.3j,cfos
6183,"Central amygdalar nucleus, medial part",positive,2375,BRAC5487.3j,cfos
6184,Central lateral nucleus of the thalamus,negative,11,BRAC5487.3j,cfos
6185,Central lateral nucleus of the thalamus,positive,2009,BRAC5487.3j,cfos
6186,Central medial nucleus of the thalamus,negative,9,BRAC5487.3j,cfos
6187,Central medial nucleus of the thalamus,positive,1581,BRAC5487.3j,cfos
6188,Claustrum,negative,123,BRAC5487.3j,cfos
6189,Claustrum,positive,2151,BRAC5487.3j,cfos
6190,"Cortical amygdalar area, anterior part",negative,145,BRAC5487.3j,cfos
6191,"Cortical amygdalar area, anterior part",positive,3799,BRAC5487.3j,cfos
6192,"Cortical amygdalar area, posterior part, lateral zone",negative,179,BRAC5487.3j,cfos
6193,"Cortical amygdalar area, posterior part, lateral zone",positive,5151,BRAC5487.3j,cfos
6194,"Cortical amygdalar area, posterior part, medial zone",negative,347,BRAC5487.3j,cfos
6195,"Cortical amygdalar area, posterior part, medial zone",positive,6298,BRAC5487.3j,cfos
6196,Cortical subplate,negative,73,BRAC5487.3j,cfos
6197,Cortical subplate,positive,1615,BRAC5487.3j,cfos
6198,"Dentate gyrus, granule cell layer",negative,43,BRAC5487.3j,cfos
6199,"Dentate gyrus, granule cell layer",positive,3390,BRAC5487.3j,cfos
6200,"Dentate gyrus, molecular layer",negative,210,BRAC5487.3j,cfos
6201,"Dentate gyrus, molecular layer",positive,7798,BRAC5487.3j,cfos
6202,"Dentate gyrus, polymorph layer",negative,17,BRAC5487.3j,cfos
6203,"Dentate gyrus, polymorph layer",positive,1327,BRAC5487.3j,cfos
6204,Diagonal band nucleus,negative,46,BRAC5487.3j,cfos
6205,Diagonal band nucleus,positive,3453,BRAC5487.3j,cfos
6206,"Dorsal auditory area, layer 1",negative,9,BRAC5487.3j,cfos
6207,"Dorsal auditory area, layer 1",positive,946,BRAC5487.3j,cfos
6208,"Dorsal auditory area, layer 2/3",negative,11,BRAC5487.3j,cfos
6209,"Dorsal auditory area, layer 2/3",positive,1947,BRAC5487.3j,cfos
6210,"Dorsal auditory area, layer 4",negative,4,BRAC5487.3j,cfos
6211,"Dorsal auditory area, layer 4",positive,801,BRAC5487.3j,cfos
6212,"Dorsal auditory area, layer 5",negative,12,BRAC5487.3j,cfos
6213,"Dorsal auditory area, layer 5",positive,2367,BRAC5487.3j,cfos
6214,"Dorsal auditory area, layer 6a",negative,9,BRAC5487.3j,cfos
6215,"Dorsal auditory area, layer 6a",positive,1149,BRAC5487.3j,cfos
6216,"Dorsal auditory area, layer 6b",negative,0,BRAC5487.3j,cfos
6217,"Dorsal auditory area, layer 6b",positive,167,BRAC5487.3j,cfos
6218,"Dorsal part of the lateral geniculate complex, core",negative,3,BRAC5487.3j,cfos
6219,"Dorsal part of the lateral geniculate complex, core",positive,1692,BRAC5487.3j,cfos
6220,"Dorsal part of the lateral geniculate complex, ipsilateral zone",negative,3,BRAC5487.3j,cfos
6221,"Dorsal part of the lateral geniculate complex, ipsilateral zone",positive,363,BRAC5487.3j,cfos
6222,"Dorsal part of the lateral geniculate complex, shell",negative,9,BRAC5487.3j,cfos
6223,"Dorsal part of the lateral geniculate complex, shell",positive,701,BRAC5487.3j,cfos
6224,Dorsal premammillary nucleus,negative,53,BRAC5487.3j,cfos
6225,Dorsal premammillary nucleus,positive,1183,BRAC5487.3j,cfos
6226,Dorsal terminal nucleus of the accessory optic tract,negative,0,BRAC5487.3j,cfos
6227,Dorsal terminal nucleus of the accessory optic tract,positive,28,BRAC5487.3j,cfos
6228,Dorsomedial nucleus of the hypothalamus,negative,43,BRAC5487.3j,cfos
6229,Dorsomedial nucleus of the hypothalamus,positive,2724,BRAC5487.3j,cfos
6230,Ectorhinal area/Layer 1,negative,39,BRAC5487.3j,cfos
6231,Ectorhinal area/Layer 1,positive,697,BRAC5487.3j,cfos
6232,Ectorhinal area/Layer 2/3,negative,77,BRAC5487.3j,cfos
6233,Ectorhinal area/Layer 2/3,positive,2315,BRAC5487.3j,cfos
6234,Ectorhinal area/Layer 5,negative,74,BRAC5487.3j,cfos
6235,Ectorhinal area/Layer 5,positive,3062,BRAC5487.3j,cfos
6236,Ectorhinal area/Layer 6a,negative,59,BRAC5487.3j,cfos
6237,Ectorhinal area/Layer 6a,positive,2186,BRAC5487.3j,cfos
6238,Ectorhinal area/Layer 6b,negative,9,BRAC5487.3j,cfos
6239,Ectorhinal area/Layer 6b,positive,277,BRAC5487.3j,cfos
6240,Edinger-Westphal nucleus,negative,0,BRAC5487.3j,cfos
6241,Edinger-Westphal nucleus,positive,117,BRAC5487.3j,cfos
6242,"Endopiriform nucleus, dorsal part",negative,458,BRAC5487.3j,cfos
6243,"Endopiriform nucleus, dorsal part",positive,8728,BRAC5487.3j,cfos
6244,"Endopiriform nucleus, ventral part",negative,137,BRAC5487.3j,cfos
6245,"Endopiriform nucleus, ventral part",positive,4283,BRAC5487.3j,cfos
6246,"Entorhinal area, lateral part, layer 1",negative,22,BRAC5487.3j,cfos
6247,"Entorhinal area, lateral part, layer 1",positive,1203,BRAC5487.3j,cfos
6248,"Entorhinal area, lateral part, layer 2",negative,15,BRAC5487.3j,cfos
6249,"Entorhinal area, lateral part, layer 2",positive,3256,BRAC5487.3j,cfos
6250,"Entorhinal area, lateral part, layer 3",negative,39,BRAC5487.3j,cfos
6251,"Entorhinal area, lateral part, layer 3",positive,2448,BRAC5487.3j,cfos
6252,"Entorhinal area, lateral part, layer 5",negative,53,BRAC5487.3j,cfos
6253,"Entorhinal area, lateral part, layer 5",positive,2539,BRAC5487.3j,cfos
6254,"Entorhinal area, lateral part, layer 6a",negative,48,BRAC5487.3j,cfos
6255,"Entorhinal area, lateral part, layer 6a",positive,909,BRAC5487.3j,cfos
6256,Ethmoid nucleus of the thalamus,negative,5,BRAC5487.3j,cfos
6257,Ethmoid nucleus of the thalamus,positive,1630,BRAC5487.3j,cfos
6258,Fasciola cinerea,negative,6,BRAC5487.3j,cfos
6259,Fasciola cinerea,positive,199,BRAC5487.3j,cfos
6260,Field CA1,negative,393,BRAC5487.3j,cfos
6261,Field CA1,positive,25012,BRAC5487.3j,cfos
6262,Field CA2,negative,27,BRAC5487.3j,cfos
6263,Field CA2,positive,1707,BRAC5487.3j,cfos
6264,Field CA3,negative,380,BRAC5487.3j,cfos
6265,Field CA3,positive,20741,BRAC5487.3j,cfos
6266,Fields of Forel,negative,2,BRAC5487.3j,cfos
6267,Fields of Forel,positive,1550,BRAC5487.3j,cfos
6268,Fundus of striatum,negative,71,BRAC5487.3j,cfos
6269,Fundus of striatum,positive,1506,BRAC5487.3j,cfos
6270,"Globus pallidus, external segment",negative,57,BRAC5487.3j,cfos
6271,"Globus pallidus, external segment",positive,4701,BRAC5487.3j,cfos
6272,"Globus pallidus, internal segment",negative,26,BRAC5487.3j,cfos
6273,"Globus pallidus, internal segment",positive,976,BRAC5487.3j,cfos
6274,"Gustatory areas, layer 1",negative,7,BRAC5487.3j,cfos
6275,"Gustatory areas, layer 1",positive,447,BRAC5487.3j,cfos
6276,"Gustatory areas, layer 2/3",negative,19,BRAC5487.3j,cfos
6277,"Gustatory areas, layer 2/3",positive,2136,BRAC5487.3j,cfos
6278,"Gustatory areas, layer 4",negative,9,BRAC5487.3j,cfos
6279,"Gustatory areas, layer 4",positive,947,BRAC5487.3j,cfos
6280,"Gustatory areas, layer 5",negative,79,BRAC5487.3j,cfos
6281,"Gustatory areas, layer 5",positive,3234,BRAC5487.3j,cfos
6282,"Gustatory areas, layer 6a",negative,103,BRAC5487.3j,cfos
6283,"Gustatory areas, layer 6a",positive,2297,BRAC5487.3j,cfos
6284,"Gustatory areas, layer 6b",negative,2,BRAC5487.3j,cfos
6285,"Gustatory areas, layer 6b",positive,131,BRAC5487.3j,cfos
6286,Hippocampal formation,negative,21,BRAC5487.3j,cfos
6287,Hippocampal formation,positive,700,BRAC5487.3j,cfos
6288,Hippocampo-amygdalar transition area,negative,0,BRAC5487.3j,cfos
6289,Hippocampo-amygdalar transition area,positive,260,BRAC5487.3j,cfos
6290,Hypothalamus,negative,412,BRAC5487.3j,cfos
6291,Hypothalamus,positive,11455,BRAC5487.3j,cfos
6292,Induseum griseum,negative,19,BRAC5487.3j,cfos
6293,Induseum griseum,positive,308,BRAC5487.3j,cfos
6294,Interanterodorsal nucleus of the thalamus,negative,1,BRAC5487.3j,cfos
6295,Interanterodorsal nucleus of the thalamus,positive,593,BRAC5487.3j,cfos
6296,Interanteromedial nucleus of the thalamus,negative,2,BRAC5487.3j,cfos
6297,Interanteromedial nucleus of the thalamus,positive,309,BRAC5487.3j,cfos
6298,Intercalated amygdalar nucleus,negative,31,BRAC5487.3j,cfos
6299,Intercalated amygdalar nucleus,positive,718,BRAC5487.3j,cfos
6300,Interfascicular nucleus raphe,negative,10,BRAC5487.3j,cfos
6301,Interfascicular nucleus raphe,positive,205,BRAC5487.3j,cfos
6302,Intergeniculate leaflet of the lateral geniculate complex,negative,0,BRAC5487.3j,cfos
6303,Intergeniculate leaflet of the lateral geniculate complex,positive,462,BRAC5487.3j,cfos
6304,Intermediate geniculate nucleus,negative,1,BRAC5487.3j,cfos
6305,Intermediate geniculate nucleus,positive,165,BRAC5487.3j,cfos
6306,Intermediodorsal nucleus of the thalamus,negative,3,BRAC5487.3j,cfos
6307,Intermediodorsal nucleus of the thalamus,positive,1566,BRAC5487.3j,cfos
6308,"Interpeduncular nucleus, dorsolateral",negative,0,BRAC5487.3j,cfos
6309,"Interpeduncular nucleus, dorsolateral",positive,7,BRAC5487.3j,cfos
6310,"Interpeduncular nucleus, intermediate",negative,0,BRAC5487.3j,cfos
6311,"Interpeduncular nucleus, intermediate",positive,8,BRAC5487.3j,cfos
6312,"Interpeduncular nucleus, lateral",negative,0,BRAC5487.3j,cfos
6313,"Interpeduncular nucleus, lateral",positive,7,BRAC5487.3j,cfos
6314,"Interpeduncular nucleus, rostral",negative,1,BRAC5487.3j,cfos
6315,"Interpeduncular nucleus, rostral",positive,189,BRAC5487.3j,cfos
6316,"Interpeduncular nucleus, rostrolateral",negative,0,BRAC5487.3j,cfos
6317,"Interpeduncular nucleus, rostrolateral",positive,34,BRAC5487.3j,cfos
6318,Interstitial nucleus of Cajal,negative,0,BRAC5487.3j,cfos
6319,Interstitial nucleus of Cajal,positive,326,BRAC5487.3j,cfos
6320,Lateral amygdalar nucleus,negative,59,BRAC5487.3j,cfos
6321,Lateral amygdalar nucleus,positive,4374,BRAC5487.3j,cfos
6322,Lateral dorsal nucleus of thalamus,negative,26,BRAC5487.3j,cfos
6323,Lateral dorsal nucleus of thalamus,positive,4487,BRAC5487.3j,cfos
6324,Lateral habenula,negative,2,BRAC5487.3j,cfos
6325,Lateral habenula,positive,1932,BRAC5487.3j,cfos
6326,Lateral hypothalamic area,negative,92,BRAC5487.3j,cfos
6327,Lateral hypothalamic area,positive,6015,BRAC5487.3j,cfos
6328,Lateral mammillary nucleus,negative,16,BRAC5487.3j,cfos
6329,Lateral mammillary nucleus,positive,308,BRAC5487.3j,cfos
6330,Lateral posterior nucleus of the thalamus,negative,25,BRAC5487.3j,cfos
6331,Lateral posterior nucleus of the thalamus,positive,4942,BRAC5487.3j,cfos
6332,Lateral preoptic area,negative,49,BRAC5487.3j,cfos
6333,Lateral preoptic area,positive,1436,BRAC5487.3j,cfos
6334,"Lateral septal nucleus, caudal (caudodorsal) part",negative,97,BRAC5487.3j,cfos
6335,"Lateral septal nucleus, caudal (caudodorsal) part",positive,953,BRAC5487.3j,cfos
6336,"Lateral septal nucleus, rostral (rostroventral) part",negative,662,BRAC5487.3j,cfos
6337,"Lateral septal nucleus, rostral (rostroventral) part",positive,8502,BRAC5487.3j,cfos
6338,"Lateral septal nucleus, ventral part",negative,217,BRAC5487.3j,cfos
6339,"Lateral septal nucleus, ventral part",positive,2919,BRAC5487.3j,cfos
6340,Lateral terminal nucleus of the accessory optic tract,negative,3,BRAC5487.3j,cfos
6341,Lateral terminal nucleus of the accessory optic tract,positive,24,BRAC5487.3j,cfos
6342,"Lateral visual area, layer 1",negative,4,BRAC5487.3j,cfos
6343,"Lateral visual area, layer 1",positive,138,BRAC5487.3j,cfos
6344,"Lateral visual area, layer 2/3",negative,2,BRAC5487.3j,cfos
6345,"Lateral visual area, layer 2/3",positive,357,BRAC5487.3j,cfos
6346,"Lateral visual area, layer 4",negative,3,BRAC5487.3j,cfos
6347,"Lateral visual area, layer 4",positive,321,BRAC5487.3j,cfos
6348,"Lateral visual area, layer 5",negative,4,BRAC5487.3j,cfos
6349,"Lateral visual area, layer 5",positive,500,BRAC5487.3j,cfos
6350,"Lateral visual area, layer 6a",negative,0,BRAC5487.3j,cfos
6351,"Lateral visual area, layer 6a",positive,315,BRAC5487.3j,cfos
6352,"Lateral visual area, layer 6b",negative,0,BRAC5487.3j,cfos
6353,"Lateral visual area, layer 6b",positive,57,BRAC5487.3j,cfos
6354,"Laterointermediate area, layer 1",negative,1,BRAC5487.3j,cfos
6355,"Laterointermediate area, layer 1",positive,27,BRAC5487.3j,cfos
6356,"Laterointermediate area, layer 2/3",negative,0,BRAC5487.3j,cfos
6357,"Laterointermediate area, layer 2/3",positive,94,BRAC5487.3j,cfos
6358,"Laterointermediate area, layer 4",negative,0,BRAC5487.3j,cfos
6359,"Laterointermediate area, layer 4",positive,64,BRAC5487.3j,cfos
6360,"Laterointermediate area, layer 5",negative,0,BRAC5487.3j,cfos
6361,"Laterointermediate area, layer 5",positive,157,BRAC5487.3j,cfos
6362,"Laterointermediate area, layer 6a",negative,1,BRAC5487.3j,cfos
6363,"Laterointermediate area, layer 6a",positive,87,BRAC5487.3j,cfos
6364,"Laterointermediate area, layer 6b",negative,0,BRAC5487.3j,cfos
6365,"Laterointermediate area, layer 6b",positive,12,BRAC5487.3j,cfos
6366,Magnocellular nucleus,negative,8,BRAC5487.3j,cfos
6367,Magnocellular nucleus,positive,1519,BRAC5487.3j,cfos
6368,Medial accesory oculomotor nucleus,negative,0,BRAC5487.3j,cfos
6369,Medial accesory oculomotor nucleus,positive,70,BRAC5487.3j,cfos
6370,Medial amygdalar nucleus,negative,748,BRAC5487.3j,cfos
6371,Medial amygdalar nucleus,positive,8355,BRAC5487.3j,cfos
6372,"Medial geniculate complex, dorsal part",negative,13,BRAC5487.3j,cfos
6373,"Medial geniculate complex, dorsal part",positive,291,BRAC5487.3j,cfos
6374,"Medial geniculate complex, medial part",negative,4,BRAC5487.3j,cfos
6375,"Medial geniculate complex, medial part",positive,936,BRAC5487.3j,cfos
6376,"Medial geniculate complex, ventral part",negative,19,BRAC5487.3j,cfos
6377,"Medial geniculate complex, ventral part",positive,661,BRAC5487.3j,cfos
6378,Medial habenula,negative,12,BRAC5487.3j,cfos
6379,Medial habenula,positive,1581,BRAC5487.3j,cfos
6380,"Medial mammillary nucleus, dorsal part",negative,0,BRAC5487.3j,cfos
6381,"Medial mammillary nucleus, dorsal part",positive,218,BRAC5487.3j,cfos
6382,"Medial mammillary nucleus, lateral part",negative,3,BRAC5487.3j,cfos
6383,"Medial mammillary nucleus, lateral part",positive,589,BRAC5487.3j,cfos
6384,"Medial mammillary nucleus, medial part",negative,5,BRAC5487.3j,cfos
6385,"Medial mammillary nucleus, medial part",positive,389,BRAC5487.3j,cfos
6386,"Medial mammillary nucleus, median part",negative,9,BRAC5487.3j,cfos
6387,"Medial mammillary nucleus, median part",positive,355,BRAC5487.3j,cfos
6388,Medial preoptic area,negative,66,BRAC5487.3j,cfos
6389,Medial preoptic area,positive,1596,BRAC5487.3j,cfos
6390,Medial preoptic nucleus,negative,161,BRAC5487.3j,cfos
6391,Medial preoptic nucleus,positive,1548,BRAC5487.3j,cfos
6392,Medial pretectal area,negative,6,BRAC5487.3j,cfos
6393,Medial pretectal area,positive,481,BRAC5487.3j,cfos
6394,Medial septal nucleus,negative,2,BRAC5487.3j,cfos
6395,Medial septal nucleus,positive,1663,BRAC5487.3j,cfos
6396,Medial terminal nucleus of the accessory optic tract,negative,1,BRAC5487.3j,cfos
6397,Medial terminal nucleus of the accessory optic tract,positive,138,BRAC5487.3j,cfos
6398,Median eminence,negative,1,BRAC5487.3j,cfos
6399,Median eminence,positive,75,BRAC5487.3j,cfos
6400,Median preoptic nucleus,negative,2,BRAC5487.3j,cfos
6401,Median preoptic nucleus,positive,163,BRAC5487.3j,cfos
6402,Mediodorsal nucleus of thalamus,negative,30,BRAC5487.3j,cfos
6403,Mediodorsal nucleus of thalamus,positive,7717,BRAC5487.3j,cfos
6404,Midbrain,negative,104,BRAC5487.3j,cfos
6405,Midbrain,positive,16877,BRAC5487.3j,cfos
6406,Midbrain reticular nucleus,negative,45,BRAC5487.3j,cfos
6407,Midbrain reticular nucleus,positive,7329,BRAC5487.3j,cfos
6408,Nucleus accumbens,negative,272,BRAC5487.3j,cfos
6409,Nucleus accumbens,positive,22380,BRAC5487.3j,cfos
6410,Nucleus of Darkschewitsch,negative,2,BRAC5487.3j,cfos
6411,Nucleus of Darkschewitsch,positive,390,BRAC5487.3j,cfos
6412,Nucleus of reuniens,negative,2,BRAC5487.3j,cfos
6413,Nucleus of reuniens,positive,3331,BRAC5487.3j,cfos
6414,"Nucleus of the lateral olfactory tract, layer 3",negative,11,BRAC5487.3j,cfos
6415,"Nucleus of the lateral olfactory tract, layer 3",positive,172,BRAC5487.3j,cfos
6416,"Nucleus of the lateral olfactory tract, molecular layer",negative,0,BRAC5487.3j,cfos
6417,"Nucleus of the lateral olfactory tract, molecular layer",positive,236,BRAC5487.3j,cfos
6418,"Nucleus of the lateral olfactory tract, pyramidal layer",negative,21,BRAC5487.3j,cfos
6419,"Nucleus of the lateral olfactory tract, pyramidal layer",positive,637,BRAC5487.3j,cfos
6420,Nucleus of the optic tract,negative,12,BRAC5487.3j,cfos
6421,Nucleus of the optic tract,positive,1425,BRAC5487.3j,cfos
6422,Nucleus of the posterior commissure,negative,15,BRAC5487.3j,cfos
6423,Nucleus of the posterior commissure,positive,4088,BRAC5487.3j,cfos
6424,Olfactory areas,negative,142,BRAC5487.3j,cfos
6425,Olfactory areas,positive,3119,BRAC5487.3j,cfos
6426,Olfactory tubercle,negative,172,BRAC5487.3j,cfos
6427,Olfactory tubercle,positive,15151,BRAC5487.3j,cfos
6428,Olivary pretectal nucleus,negative,4,BRAC5487.3j,cfos
6429,Olivary pretectal nucleus,positive,590,BRAC5487.3j,cfos
6430,Pallidum,negative,89,BRAC5487.3j,cfos
6431,Pallidum,positive,2932,BRAC5487.3j,cfos
6432,Paracentral nucleus,negative,7,BRAC5487.3j,cfos
6433,Paracentral nucleus,positive,1262,BRAC5487.3j,cfos
6434,Parafascicular nucleus,negative,14,BRAC5487.3j,cfos
6435,Parafascicular nucleus,positive,4107,BRAC5487.3j,cfos
6436,Paranigral nucleus,negative,0,BRAC5487.3j,cfos
6437,Paranigral nucleus,positive,12,BRAC5487.3j,cfos
6438,Parastrial nucleus,negative,12,BRAC5487.3j,cfos
6439,Parastrial nucleus,positive,294,BRAC5487.3j,cfos
6440,Parasubthalamic nucleus,negative,15,BRAC5487.3j,cfos
6441,Parasubthalamic nucleus,positive,1155,BRAC5487.3j,cfos
6442,Parataenial nucleus,negative,2,BRAC5487.3j,cfos
6443,Parataenial nucleus,positive,1597,BRAC5487.3j,cfos
6444,Paraventricular hypothalamic nucleus,negative,114,BRAC5487.3j,cfos
6445,Paraventricular hypothalamic nucleus,positive,1150,BRAC5487.3j,cfos
6446,"Paraventricular hypothalamic nucleus, descending division",negative,9,BRAC5487.3j,cfos
6447,"Paraventricular hypothalamic nucleus, descending division",positive,1016,BRAC5487.3j,cfos
6448,Paraventricular nucleus of the thalamus,negative,28,BRAC5487.3j,cfos
6449,Paraventricular nucleus of the thalamus,positive,3774,BRAC5487.3j,cfos
6450,Periaqueductal gray,negative,25,BRAC5487.3j,cfos
6451,Periaqueductal gray,positive,4292,BRAC5487.3j,cfos
6452,Perifornical nucleus,negative,4,BRAC5487.3j,cfos
6453,Perifornical nucleus,positive,488,BRAC5487.3j,cfos
6454,Peripeduncular nucleus,negative,5,BRAC5487.3j,cfos
6455,Peripeduncular nucleus,positive,134,BRAC5487.3j,cfos
6456,Perireunensis nucleus,negative,8,BRAC5487.3j,cfos
6457,Perireunensis nucleus,positive,876,BRAC5487.3j,cfos
6458,"Perirhinal area, layer 1",negative,15,BRAC5487.3j,cfos
6459,"Perirhinal area, layer 1",positive,595,BRAC5487.3j,cfos
6460,"Perirhinal area, layer 2/3",negative,17,BRAC5487.3j,cfos
6461,"Perirhinal area, layer 2/3",positive,1620,BRAC5487.3j,cfos
6462,"Perirhinal area, layer 5",negative,19,BRAC5487.3j,cfos
6463,"Perirhinal area, layer 5",positive,645,BRAC5487.3j,cfos
6464,"Perirhinal area, layer 6a",negative,1,BRAC5487.3j,cfos
6465,"Perirhinal area, layer 6a",positive,72,BRAC5487.3j,cfos
6466,"Perirhinal area, layer 6b",negative,1,BRAC5487.3j,cfos
6467,"Perirhinal area, layer 6b",positive,12,BRAC5487.3j,cfos
6468,"Periventricular hypothalamic nucleus, anterior part",negative,76,BRAC5487.3j,cfos
6469,"Periventricular hypothalamic nucleus, anterior part",positive,565,BRAC5487.3j,cfos
6470,"Periventricular hypothalamic nucleus, intermediate part",negative,68,BRAC5487.3j,cfos
6471,"Periventricular hypothalamic nucleus, intermediate part",positive,2097,BRAC5487.3j,cfos
6472,"Periventricular hypothalamic nucleus, posterior part",negative,189,BRAC5487.3j,cfos
6473,"Periventricular hypothalamic nucleus, posterior part",positive,1839,BRAC5487.3j,cfos
6474,"Periventricular hypothalamic nucleus, preoptic part",negative,59,BRAC5487.3j,cfos
6475,"Periventricular hypothalamic nucleus, preoptic part",positive,555,BRAC5487.3j,cfos
6476,Piriform area,negative,953,BRAC5487.3j,cfos
6477,Piriform area,positive,53379,BRAC5487.3j,cfos
6478,Piriform-amygdalar area,negative,106,BRAC5487.3j,cfos
6479,Piriform-amygdalar area,positive,6458,BRAC5487.3j,cfos
6480,Posterior amygdalar nucleus,negative,245,BRAC5487.3j,cfos
6481,Posterior amygdalar nucleus,positive,4145,BRAC5487.3j,cfos
6482,"Posterior auditory area, layer 1",negative,3,BRAC5487.3j,cfos
6483,"Posterior auditory area, layer 1",positive,468,BRAC5487.3j,cfos
6484,"Posterior auditory area, layer 2/3",negative,6,BRAC5487.3j,cfos
6485,"Posterior auditory area, layer 2/3",positive,942,BRAC5487.3j,cfos
6486,"Posterior auditory area, layer 4",negative,0,BRAC5487.3j,cfos
6487,"Posterior auditory area, layer 4",positive,441,BRAC5487.3j,cfos
6488,"Posterior auditory area, layer 5",negative,4,BRAC5487.3j,cfos
6489,"Posterior auditory area, layer 5",positive,961,BRAC5487.3j,cfos
6490,"Posterior auditory area, layer 6a",negative,1,BRAC5487.3j,cfos
6491,"Posterior auditory area, layer 6a",positive,387,BRAC5487.3j,cfos
6492,"Posterior auditory area, layer 6b",negative,2,BRAC5487.3j,cfos
6493,"Posterior auditory area, layer 6b",positive,71,BRAC5487.3j,cfos
6494,Posterior complex of the thalamus,negative,27,BRAC5487.3j,cfos
6495,Posterior complex of the thalamus,positive,6636,BRAC5487.3j,cfos
6496,Posterior hypothalamic nucleus,negative,63,BRAC5487.3j,cfos
6497,Posterior hypothalamic nucleus,positive,5787,BRAC5487.3j,cfos
6498,Posterior intralaminar thalamic nucleus,negative,0,BRAC5487.3j,cfos
6499,Posterior intralaminar thalamic nucleus,positive,395,BRAC5487.3j,cfos
6500,Posterior limiting nucleus of the thalamus,negative,7,BRAC5487.3j,cfos
6501,Posterior limiting nucleus of the thalamus,positive,965,BRAC5487.3j,cfos
6502,Posterior pretectal nucleus,negative,11,BRAC5487.3j,cfos
6503,Posterior pretectal nucleus,positive,1419,BRAC5487.3j,cfos
6504,Posterior triangular thalamic nucleus,negative,6,BRAC5487.3j,cfos
6505,Posterior triangular thalamic nucleus,positive,1631,BRAC5487.3j,cfos
6506,Posterodorsal preoptic nucleus,negative,0,BRAC5487.3j,cfos
6507,Posterodorsal preoptic nucleus,positive,54,BRAC5487.3j,cfos
6508,Postpiriform transition area,negative,65,BRAC5487.3j,cfos
6509,Postpiriform transition area,positive,2081,BRAC5487.3j,cfos
6510,Postsubiculum,negative,6,BRAC5487.3j,cfos
6511,Postsubiculum,positive,401,BRAC5487.3j,cfos
6512,Precommissural nucleus,negative,10,BRAC5487.3j,cfos
6513,Precommissural nucleus,positive,1231,BRAC5487.3j,cfos
6514,Preparasubthalamic nucleus,negative,2,BRAC5487.3j,cfos
6515,Preparasubthalamic nucleus,positive,7,BRAC5487.3j,cfos
6516,"Primary auditory area, layer 1",negative,15,BRAC5487.3j,cfos
6517,"Primary auditory area, layer 1",positive,2158,BRAC5487.3j,cfos
6518,"Primary auditory area, layer 2/3",negative,14,BRAC5487.3j,cfos
6519,"Primary auditory area, layer 2/3",positive,4175,BRAC5487.3j,cfos
6520,"Primary auditory area, layer 4",negative,6,BRAC5487.3j,cfos
6521,"Primary auditory area, layer 4",positive,2424,BRAC5487.3j,cfos
6522,"Primary auditory area, layer 5",negative,31,BRAC5487.3j,cfos
6523,"Primary auditory area, layer 5",positive,5863,BRAC5487.3j,cfos
6524,"Primary auditory area, layer 6a",negative,14,BRAC5487.3j,cfos
6525,"Primary auditory area, layer 6a",positive,2309,BRAC5487.3j,cfos
6526,"Primary auditory area, layer 6b",negative,3,BRAC5487.3j,cfos
6527,"Primary auditory area, layer 6b",positive,370,BRAC5487.3j,cfos
6528,"Primary motor area, Layer 1",negative,36,BRAC5487.3j,cfos
6529,"Primary motor area, Layer 1",positive,2645,BRAC5487.3j,cfos
6530,"Primary motor area, Layer 2/3",negative,50,BRAC5487.3j,cfos
6531,"Primary motor area, Layer 2/3",positive,11717,BRAC5487.3j,cfos
6532,"Primary motor area, Layer 5",negative,41,BRAC5487.3j,cfos
6533,"Primary motor area, Layer 5",positive,11774,BRAC5487.3j,cfos
6534,"Primary motor area, Layer 6a",negative,119,BRAC5487.3j,cfos
6535,"Primary motor area, Layer 6a",positive,11953,BRAC5487.3j,cfos
6536,"Primary motor area, Layer 6b",negative,20,BRAC5487.3j,cfos
6537,"Primary motor area, Layer 6b",positive,767,BRAC5487.3j,cfos
6538,"Primary somatosensory area, barrel field, layer 1",negative,36,BRAC5487.3j,cfos
6539,"Primary somatosensory area, barrel field, layer 1",positive,3929,BRAC5487.3j,cfos
6540,"Primary somatosensory area, barrel field, layer 2/3",negative,38,BRAC5487.3j,cfos
6541,"Primary somatosensory area, barrel field, layer 2/3",positive,9778,BRAC5487.3j,cfos
6542,"Primary somatosensory area, barrel field, layer 4",negative,28,BRAC5487.3j,cfos
6543,"Primary somatosensory area, barrel field, layer 4",positive,8439,BRAC5487.3j,cfos
6544,"Primary somatosensory area, barrel field, layer 5",negative,25,BRAC5487.3j,cfos
6545,"Primary somatosensory area, barrel field, layer 5",positive,7431,BRAC5487.3j,cfos
6546,"Primary somatosensory area, barrel field, layer 6a",negative,61,BRAC5487.3j,cfos
6547,"Primary somatosensory area, barrel field, layer 6a",positive,5440,BRAC5487.3j,cfos
6548,"Primary somatosensory area, barrel field, layer 6b",negative,10,BRAC5487.3j,cfos
6549,"Primary somatosensory area, barrel field, layer 6b",positive,461,BRAC5487.3j,cfos
6550,"Primary somatosensory area, lower limb, layer 1",negative,13,BRAC5487.3j,cfos
6551,"Primary somatosensory area, lower limb, layer 1",positive,1329,BRAC5487.3j,cfos
6552,"Primary somatosensory area, lower limb, layer 2/3",negative,14,BRAC5487.3j,cfos
6553,"Primary somatosensory area, lower limb, layer 2/3",positive,4582,BRAC5487.3j,cfos
6554,"Primary somatosensory area, lower limb, layer 4",negative,1,BRAC5487.3j,cfos
6555,"Primary somatosensory area, lower limb, layer 4",positive,1907,BRAC5487.3j,cfos
6556,"Primary somatosensory area, lower limb, layer 5",negative,10,BRAC5487.3j,cfos
6557,"Primary somatosensory area, lower limb, layer 5",positive,4311,BRAC5487.3j,cfos
6558,"Primary somatosensory area, lower limb, layer 6a",negative,28,BRAC5487.3j,cfos
6559,"Primary somatosensory area, lower limb, layer 6a",positive,2386,BRAC5487.3j,cfos
6560,"Primary somatosensory area, lower limb, layer 6b",negative,3,BRAC5487.3j,cfos
6561,"Primary somatosensory area, lower limb, layer 6b",positive,118,BRAC5487.3j,cfos
6562,"Primary somatosensory area, mouth, layer 1",negative,46,BRAC5487.3j,cfos
6563,"Primary somatosensory area, mouth, layer 1",positive,2602,BRAC5487.3j,cfos
6564,"Primary somatosensory area, mouth, layer 2/3",negative,16,BRAC5487.3j,cfos
6565,"Primary somatosensory area, mouth, layer 2/3",positive,8225,BRAC5487.3j,cfos
6566,"Primary somatosensory area, mouth, layer 4",negative,13,BRAC5487.3j,cfos
6567,"Primary somatosensory area, mouth, layer 4",positive,6630,BRAC5487.3j,cfos
6568,"Primary somatosensory area, mouth, layer 5",negative,32,BRAC5487.3j,cfos
6569,"Primary somatosensory area, mouth, layer 5",positive,8507,BRAC5487.3j,cfos
6570,"Primary somatosensory area, mouth, layer 6a",negative,51,BRAC5487.3j,cfos
6571,"Primary somatosensory area, mouth, layer 6a",positive,10308,BRAC5487.3j,cfos
6572,"Primary somatosensory area, mouth, layer 6b",negative,6,BRAC5487.3j,cfos
6573,"Primary somatosensory area, mouth, layer 6b",positive,472,BRAC5487.3j,cfos
6574,"Primary somatosensory area, nose, layer 1",negative,24,BRAC5487.3j,cfos
6575,"Primary somatosensory area, nose, layer 1",positive,1804,BRAC5487.3j,cfos
6576,"Primary somatosensory area, nose, layer 2/3",negative,11,BRAC5487.3j,cfos
6577,"Primary somatosensory area, nose, layer 2/3",positive,3891,BRAC5487.3j,cfos
6578,"Primary somatosensory area, nose, layer 4",negative,12,BRAC5487.3j,cfos
6579,"Primary somatosensory area, nose, layer 4",positive,4434,BRAC5487.3j,cfos
6580,"Primary somatosensory area, nose, layer 5",negative,13,BRAC5487.3j,cfos
6581,"Primary somatosensory area, nose, layer 5",positive,4009,BRAC5487.3j,cfos
6582,"Primary somatosensory area, nose, layer 6a",negative,10,BRAC5487.3j,cfos
6583,"Primary somatosensory area, nose, layer 6a",positive,4923,BRAC5487.3j,cfos
6584,"Primary somatosensory area, nose, layer 6b",negative,1,BRAC5487.3j,cfos
6585,"Primary somatosensory area, nose, layer 6b",positive,237,BRAC5487.3j,cfos
6586,"Primary somatosensory area, trunk, layer 1",negative,3,BRAC5487.3j,cfos
6587,"Primary somatosensory area, trunk, layer 1",positive,909,BRAC5487.3j,cfos
6588,"Primary somatosensory area, trunk, layer 2/3",negative,23,BRAC5487.3j,cfos
6589,"Primary somatosensory area, trunk, layer 2/3",positive,2341,BRAC5487.3j,cfos
6590,"Primary somatosensory area, trunk, layer 4",negative,5,BRAC5487.3j,cfos
6591,"Primary somatosensory area, trunk, layer 4",positive,887,BRAC5487.3j,cfos
6592,"Primary somatosensory area, trunk, layer 5",negative,44,BRAC5487.3j,cfos
6593,"Primary somatosensory area, trunk, layer 5",positive,2010,BRAC5487.3j,cfos
6594,"Primary somatosensory area, trunk, layer 6a",negative,12,BRAC5487.3j,cfos
6595,"Primary somatosensory area, trunk, layer 6a",positive,849,BRAC5487.3j,cfos
6596,"Primary somatosensory area, trunk, layer 6b",negative,1,BRAC5487.3j,cfos
6597,"Primary somatosensory area, trunk, layer 6b",positive,122,BRAC5487.3j,cfos
6598,"Primary somatosensory area, unassigned, layer 1",negative,6,BRAC5487.3j,cfos
6599,"Primary somatosensory area, unassigned, layer 1",positive,680,BRAC5487.3j,cfos
6600,"Primary somatosensory area, unassigned, layer 2/3",negative,10,BRAC5487.3j,cfos
6601,"Primary somatosensory area, unassigned, layer 2/3",positive,1943,BRAC5487.3j,cfos
6602,"Primary somatosensory area, unassigned, layer 4",negative,0,BRAC5487.3j,cfos
6603,"Primary somatosensory area, unassigned, layer 4",positive,1154,BRAC5487.3j,cfos
6604,"Primary somatosensory area, unassigned, layer 5",negative,5,BRAC5487.3j,cfos
6605,"Primary somatosensory area, unassigned, layer 5",positive,1827,BRAC5487.3j,cfos
6606,"Primary somatosensory area, unassigned, layer 6a",negative,34,BRAC5487.3j,cfos
6607,"Primary somatosensory area, unassigned, layer 6a",positive,1410,BRAC5487.3j,cfos
6608,"Primary somatosensory area, unassigned, layer 6b",negative,3,BRAC5487.3j,cfos
6609,"Primary somatosensory area, unassigned, layer 6b",positive,77,BRAC5487.3j,cfos
6610,"Primary somatosensory area, upper limb, layer 1",negative,27,BRAC5487.3j,cfos
6611,"Primary somatosensory area, upper limb, layer 1",positive,2169,BRAC5487.3j,cfos
6612,"Primary somatosensory area, upper limb, layer 2/3",negative,32,BRAC5487.3j,cfos
6613,"Primary somatosensory area, upper limb, layer 2/3",positive,6179,BRAC5487.3j,cfos
6614,"Primary somatosensory area, upper limb, layer 4",negative,9,BRAC5487.3j,cfos
6615,"Primary somatosensory area, upper limb, layer 4",positive,3162,BRAC5487.3j,cfos
6616,"Primary somatosensory area, upper limb, layer 5",negative,24,BRAC5487.3j,cfos
6617,"Primary somatosensory area, upper limb, layer 5",positive,4937,BRAC5487.3j,cfos
6618,"Primary somatosensory area, upper limb, layer 6a",negative,77,BRAC5487.3j,cfos
6619,"Primary somatosensory area, upper limb, layer 6a",positive,3990,BRAC5487.3j,cfos
6620,"Primary somatosensory area, upper limb, layer 6b",negative,6,BRAC5487.3j,cfos
6621,"Primary somatosensory area, upper limb, layer 6b",positive,195,BRAC5487.3j,cfos
6622,"Primary visual area, layer 1",negative,15,BRAC5487.3j,cfos
6623,"Primary visual area, layer 1",positive,2032,BRAC5487.3j,cfos
6624,"Primary visual area, layer 2/3",negative,21,BRAC5487.3j,cfos
6625,"Primary visual area, layer 2/3",positive,4951,BRAC5487.3j,cfos
6626,"Primary visual area, layer 4",negative,12,BRAC5487.3j,cfos
6627,"Primary visual area, layer 4",positive,3198,BRAC5487.3j,cfos
6628,"Primary visual area, layer 5",negative,27,BRAC5487.3j,cfos
6629,"Primary visual area, layer 5",positive,4369,BRAC5487.3j,cfos
6630,"Primary visual area, layer 6a",negative,24,BRAC5487.3j,cfos
6631,"Primary visual area, layer 6a",positive,2630,BRAC5487.3j,cfos
6632,"Primary visual area, layer 6b",negative,7,BRAC5487.3j,cfos
6633,"Primary visual area, layer 6b",positive,536,BRAC5487.3j,cfos
6634,Prosubiculum,negative,29,BRAC5487.3j,cfos
6635,Prosubiculum,positive,1224,BRAC5487.3j,cfos
6636,Red nucleus,negative,10,BRAC5487.3j,cfos
6637,Red nucleus,positive,1746,BRAC5487.3j,cfos
6638,Reticular nucleus of the thalamus,negative,17,BRAC5487.3j,cfos
6639,Reticular nucleus of the thalamus,positive,4241,BRAC5487.3j,cfos
6640,Retrochiasmatic area,negative,13,BRAC5487.3j,cfos
6641,Retrochiasmatic area,positive,237,BRAC5487.3j,cfos
6642,Retroparafascicular nucleus,negative,5,BRAC5487.3j,cfos
6643,Retroparafascicular nucleus,positive,655,BRAC5487.3j,cfos
6644,"Retrosplenial area, dorsal part, layer 1",negative,24,BRAC5487.3j,cfos
6645,"Retrosplenial area, dorsal part, layer 1",positive,2310,BRAC5487.3j,cfos
6646,"Retrosplenial area, dorsal part, layer 2/3",negative,21,BRAC5487.3j,cfos
6647,"Retrosplenial area, dorsal part, layer 2/3",positive,4719,BRAC5487.3j,cfos
6648,"Retrosplenial area, dorsal part, layer 5",negative,22,BRAC5487.3j,cfos
6649,"Retrosplenial area, dorsal part, layer 5",positive,5993,BRAC5487.3j,cfos
6650,"Retrosplenial area, dorsal part, layer 6a",negative,19,BRAC5487.3j,cfos
6651,"Retrosplenial area, dorsal part, layer 6a",positive,3315,BRAC5487.3j,cfos
6652,"Retrosplenial area, dorsal part, layer 6b",negative,2,BRAC5487.3j,cfos
6653,"Retrosplenial area, dorsal part, layer 6b",positive,175,BRAC5487.3j,cfos
6654,"Retrosplenial area, lateral agranular part, layer 1",negative,12,BRAC5487.3j,cfos
6655,"Retrosplenial area, lateral agranular part, layer 1",positive,1545,BRAC5487.3j,cfos
6656,"Retrosplenial area, lateral agranular part, layer 2/3",negative,19,BRAC5487.3j,cfos
6657,"Retrosplenial area, lateral agranular part, layer 2/3",positive,2986,BRAC5487.3j,cfos
6658,"Retrosplenial area, lateral agranular part, layer 5",negative,26,BRAC5487.3j,cfos
6659,"Retrosplenial area, lateral agranular part, layer 5",positive,3714,BRAC5487.3j,cfos
6660,"Retrosplenial area, lateral agranular part, layer 6a",negative,16,BRAC5487.3j,cfos
6661,"Retrosplenial area, lateral agranular part, layer 6a",positive,1646,BRAC5487.3j,cfos
6662,"Retrosplenial area, lateral agranular part, layer 6b",negative,3,BRAC5487.3j,cfos
6663,"Retrosplenial area, lateral agranular part, layer 6b",positive,200,BRAC5487.3j,cfos
6664,"Retrosplenial area, ventral part, layer 1",negative,59,BRAC5487.3j,cfos
6665,"Retrosplenial area, ventral part, layer 1",positive,2777,BRAC5487.3j,cfos
6666,"Retrosplenial area, ventral part, layer 2/3",negative,51,BRAC5487.3j,cfos
6667,"Retrosplenial area, ventral part, layer 2/3",positive,6362,BRAC5487.3j,cfos
6668,"Retrosplenial area, ventral part, layer 5",negative,58,BRAC5487.3j,cfos
6669,"Retrosplenial area, ventral part, layer 5",positive,13136,BRAC5487.3j,cfos
6670,"Retrosplenial area, ventral part, layer 6a",negative,17,BRAC5487.3j,cfos
6671,"Retrosplenial area, ventral part, layer 6a",positive,4575,BRAC5487.3j,cfos
6672,"Retrosplenial area, ventral part, layer 6b",negative,0,BRAC5487.3j,cfos
6673,"Retrosplenial area, ventral part, layer 6b",positive,231,BRAC5487.3j,cfos
6674,Rhomboid nucleus,negative,5,BRAC5487.3j,cfos
6675,Rhomboid nucleus,positive,692,BRAC5487.3j,cfos
6676,Rostral linear nucleus raphe,negative,0,BRAC5487.3j,cfos
6677,Rostral linear nucleus raphe,positive,106,BRAC5487.3j,cfos
6678,"Rostrolateral area, layer 1",negative,12,BRAC5487.3j,cfos
6679,"Rostrolateral area, layer 1",positive,972,BRAC5487.3j,cfos
6680,"Rostrolateral area, layer 2/3",negative,9,BRAC5487.3j,cfos
6681,"Rostrolateral area, layer 2/3",positive,2620,BRAC5487.3j,cfos
6682,"Rostrolateral area, layer 4",negative,3,BRAC5487.3j,cfos
6683,"Rostrolateral area, layer 4",positive,1530,BRAC5487.3j,cfos
6684,"Rostrolateral area, layer 5",negative,8,BRAC5487.3j,cfos
6685,"Rostrolateral area, layer 5",positive,2374,BRAC5487.3j,cfos
6686,"Rostrolateral area, layer 6a",negative,9,BRAC5487.3j,cfos
6687,"Rostrolateral area, layer 6a",positive,1145,BRAC5487.3j,cfos
6688,"Rostrolateral area, layer 6b",negative,2,BRAC5487.3j,cfos
6689,"Rostrolateral area, layer 6b",positive,203,BRAC5487.3j,cfos
6690,"Secondary motor area, layer 1",negative,36,BRAC5487.3j,cfos
6691,"Secondary motor area, layer 1",positive,2334,BRAC5487.3j,cfos
6692,"Secondary motor area, layer 2/3",negative,52,BRAC5487.3j,cfos
6693,"Secondary motor area, layer 2/3",positive,6623,BRAC5487.3j,cfos
6694,"Secondary motor area, layer 5",negative,45,BRAC5487.3j,cfos
6695,"Secondary motor area, layer 5",positive,9174,BRAC5487.3j,cfos
6696,"Secondary motor area, layer 6a",negative,54,BRAC5487.3j,cfos
6697,"Secondary motor area, layer 6a",positive,5740,BRAC5487.3j,cfos
6698,"Secondary motor area, layer 6b",negative,4,BRAC5487.3j,cfos
6699,"Secondary motor area, layer 6b",positive,211,BRAC5487.3j,cfos
6700,Septofimbrial nucleus,negative,66,BRAC5487.3j,cfos
6701,Septofimbrial nucleus,positive,1427,BRAC5487.3j,cfos
6702,Septohippocampal nucleus,negative,49,BRAC5487.3j,cfos
6703,Septohippocampal nucleus,positive,151,BRAC5487.3j,cfos
6704,Striatum,negative,755,BRAC5487.3j,cfos
6705,Striatum,positive,9010,BRAC5487.3j,cfos
6706,Subcommissural organ,negative,1,BRAC5487.3j,cfos
6707,Subcommissural organ,positive,79,BRAC5487.3j,cfos
6708,Subfornical organ,negative,0,BRAC5487.3j,cfos
6709,Subfornical organ,positive,20,BRAC5487.3j,cfos
6710,Subgeniculate nucleus,negative,1,BRAC5487.3j,cfos
6711,Subgeniculate nucleus,positive,140,BRAC5487.3j,cfos
6712,Subiculum,negative,46,BRAC5487.3j,cfos
6713,Subiculum,positive,3797,BRAC5487.3j,cfos
6714,Submedial nucleus of the thalamus,negative,9,BRAC5487.3j,cfos
6715,Submedial nucleus of the thalamus,positive,1510,BRAC5487.3j,cfos
6716,Subparafascicular area,negative,1,BRAC5487.3j,cfos
6717,Subparafascicular area,positive,1186,BRAC5487.3j,cfos
6718,"Subparafascicular nucleus, magnocellular part",negative,0,BRAC5487.3j,cfos
6719,"Subparafascicular nucleus, magnocellular part",positive,647,BRAC5487.3j,cfos
6720,"Subparafascicular nucleus, parvicellular part",negative,0,BRAC5487.3j,cfos
6721,"Subparafascicular nucleus, parvicellular part",positive,855,BRAC5487.3j,cfos
6722,Subparaventricular zone,negative,129,BRAC5487.3j,cfos
6723,Subparaventricular zone,positive,862,BRAC5487.3j,cfos
6724,Substantia innominata,negative,221,BRAC5487.3j,cfos
6725,Substantia innominata,positive,10211,BRAC5487.3j,cfos
6726,"Substantia nigra, compact part",negative,2,BRAC5487.3j,cfos
6727,"Substantia nigra, compact part",positive,398,BRAC5487.3j,cfos
6728,"Substantia nigra, reticular part",negative,43,BRAC5487.3j,cfos
6729,"Substantia nigra, reticular part",positive,2771,BRAC5487.3j,cfos
6730,Subthalamic nucleus,negative,8,BRAC5487.3j,cfos
6731,Subthalamic nucleus,positive,1281,BRAC5487.3j,cfos
6732,"Superior colliculus, motor related, deep gray layer",negative,4,BRAC5487.3j,cfos
6733,"Superior colliculus, motor related, deep gray layer",positive,414,BRAC5487.3j,cfos
6734,"Superior colliculus, motor related, deep white layer",negative,0,BRAC5487.3j,cfos
6735,"Superior colliculus, motor related, deep white layer",positive,184,BRAC5487.3j,cfos
6736,"Superior colliculus, motor related, intermediate gray layer",negative,24,BRAC5487.3j,cfos
6737,"Superior colliculus, motor related, intermediate gray layer",positive,4626,BRAC5487.3j,cfos
6738,"Superior colliculus, motor related, intermediate white layer",negative,11,BRAC5487.3j,cfos
6739,"Superior colliculus, motor related, intermediate white layer",positive,2352,BRAC5487.3j,cfos
6740,"Superior colliculus, optic layer",negative,10,BRAC5487.3j,cfos
6741,"Superior colliculus, optic layer",positive,1153,BRAC5487.3j,cfos
6742,"Superior colliculus, superficial gray layer",negative,6,BRAC5487.3j,cfos
6743,"Superior colliculus, superficial gray layer",positive,1461,BRAC5487.3j,cfos
6744,"Superior colliculus, zonal layer",negative,3,BRAC5487.3j,cfos
6745,"Superior colliculus, zonal layer",positive,471,BRAC5487.3j,cfos
6746,"Supplemental somatosensory area, layer 1",negative,108,BRAC5487.3j,cfos
6747,"Supplemental somatosensory area, layer 1",positive,4078,BRAC5487.3j,cfos
6748,"Supplemental somatosensory area, layer 2/3",negative,39,BRAC5487.3j,cfos
6749,"Supplemental somatosensory area, layer 2/3",positive,10798,BRAC5487.3j,cfos
6750,"Supplemental somatosensory area, layer 4",negative,27,BRAC5487.3j,cfos
6751,"Supplemental somatosensory area, layer 4",positive,7224,BRAC5487.3j,cfos
6752,"Supplemental somatosensory area, layer 5",negative,38,BRAC5487.3j,cfos
6753,"Supplemental somatosensory area, layer 5",positive,11275,BRAC5487.3j,cfos
6754,"Supplemental somatosensory area, layer 6a",negative,50,BRAC5487.3j,cfos
6755,"Supplemental somatosensory area, layer 6a",positive,9724,BRAC5487.3j,cfos
6756,"Supplemental somatosensory area, layer 6b",negative,2,BRAC5487.3j,cfos
6757,"Supplemental somatosensory area, layer 6b",positive,836,BRAC5487.3j,cfos
6758,Suprachiasmatic nucleus,negative,49,BRAC5487.3j,cfos
6759,Suprachiasmatic nucleus,positive,451,BRAC5487.3j,cfos
6760,Suprageniculate nucleus,negative,1,BRAC5487.3j,cfos
6761,Suprageniculate nucleus,positive,581,BRAC5487.3j,cfos
6762,Supramammillary nucleus,negative,23,BRAC5487.3j,cfos
6763,Supramammillary nucleus,positive,1354,BRAC5487.3j,cfos
6764,Supraoptic nucleus,negative,3,BRAC5487.3j,cfos
6765,Supraoptic nucleus,positive,70,BRAC5487.3j,cfos
6766,"Temporal association areas, layer 1",negative,23,BRAC5487.3j,cfos
6767,"Temporal association areas, layer 1",positive,977,BRAC5487.3j,cfos
6768,"Temporal association areas, layer 2/3",negative,15,BRAC5487.3j,cfos
6769,"Temporal association areas, layer 2/3",positive,2360,BRAC5487.3j,cfos
6770,"Temporal association areas, layer 4",negative,6,BRAC5487.3j,cfos
6771,"Temporal association areas, layer 4",positive,1068,BRAC5487.3j,cfos
6772,"Temporal association areas, layer 5",negative,29,BRAC5487.3j,cfos
6773,"Temporal association areas, layer 5",positive,3825,BRAC5487.3j,cfos
6774,"Temporal association areas, layer 6a",negative,20,BRAC5487.3j,cfos
6775,"Temporal association areas, layer 6a",positive,2112,BRAC5487.3j,cfos
6776,"Temporal association areas, layer 6b",negative,1,BRAC5487.3j,cfos
6777,"Temporal association areas, layer 6b",positive,294,BRAC5487.3j,cfos
6778,Thalamus,negative,22,BRAC5487.3j,cfos
6779,Thalamus,positive,4319,BRAC5487.3j,cfos
6780,Triangular nucleus of septum,negative,24,BRAC5487.3j,cfos
6781,Triangular nucleus of septum,positive,1036,BRAC5487.3j,cfos
6782,Tuberal nucleus,negative,39,BRAC5487.3j,cfos
6783,Tuberal nucleus,positive,903,BRAC5487.3j,cfos
6784,"Tuberomammillary nucleus, dorsal part",negative,61,BRAC5487.3j,cfos
6785,"Tuberomammillary nucleus, dorsal part",positive,787,BRAC5487.3j,cfos
6786,"Tuberomammillary nucleus, ventral part",negative,65,BRAC5487.3j,cfos
6787,"Tuberomammillary nucleus, ventral part",positive,825,BRAC5487.3j,cfos
6788,Vascular organ of the lamina terminalis,negative,0,BRAC5487.3j,cfos
6789,Vascular organ of the lamina terminalis,positive,32,BRAC5487.3j,cfos
6790,Ventral anterior-lateral complex of the thalamus,negative,20,BRAC5487.3j,cfos
6791,Ventral anterior-lateral complex of the thalamus,positive,4202,BRAC5487.3j,cfos
6792,"Ventral auditory area, layer 1",negative,18,BRAC5487.3j,cfos
6793,"Ventral auditory area, layer 1",positive,982,BRAC5487.3j,cfos
6794,"Ventral auditory area, layer 2/3",negative,9,BRAC5487.3j,cfos
6795,"Ventral auditory area, layer 2/3",positive,2087,BRAC5487.3j,cfos
6796,"Ventral auditory area, layer 4",negative,3,BRAC5487.3j,cfos
6797,"Ventral auditory area, layer 4",positive,1535,BRAC5487.3j,cfos
6798,"Ventral auditory area, layer 5",negative,18,BRAC5487.3j,cfos
6799,"Ventral auditory area, layer 5",positive,3550,BRAC5487.3j,cfos
6800,"Ventral auditory area, layer 6a",negative,27,BRAC5487.3j,cfos
6801,"Ventral auditory area, layer 6a",positive,1522,BRAC5487.3j,cfos
6802,"Ventral auditory area, layer 6b",negative,3,BRAC5487.3j,cfos
6803,"Ventral auditory area, layer 6b",positive,226,BRAC5487.3j,cfos
6804,Ventral medial nucleus of the thalamus,negative,18,BRAC5487.3j,cfos
6805,Ventral medial nucleus of the thalamus,positive,3879,BRAC5487.3j,cfos
6806,Ventral part of the lateral geniculate complex,negative,6,BRAC5487.3j,cfos
6807,Ventral part of the lateral geniculate complex,positive,2283,BRAC5487.3j,cfos
6808,Ventral posterolateral nucleus of the thalamus,negative,14,BRAC5487.3j,cfos
6809,Ventral posterolateral nucleus of the thalamus,positive,4318,BRAC5487.3j,cfos
6810,"Ventral posterolateral nucleus of the thalamus, parvicellular part",negative,2,BRAC5487.3j,cfos
6811,"Ventral posterolateral nucleus of the thalamus, parvicellular part",positive,776,BRAC5487.3j,cfos
6812,Ventral posteromedial nucleus of the thalamus,negative,33,BRAC5487.3j,cfos
6813,Ventral posteromedial nucleus of the thalamus,positive,10705,BRAC5487.3j,cfos
6814,"Ventral posteromedial nucleus of the thalamus, parvicellular part",negative,6,BRAC5487.3j,cfos
6815,"Ventral posteromedial nucleus of the thalamus, parvicellular part",positive,1467,BRAC5487.3j,cfos
6816,Ventral premammillary nucleus,negative,146,BRAC5487.3j,cfos
6817,Ventral premammillary nucleus,positive,1476,BRAC5487.3j,cfos
6818,Ventral tegmental area,negative,1,BRAC5487.3j,cfos
6819,Ventral tegmental area,positive,1023,BRAC5487.3j,cfos
6820,Ventrolateral preoptic nucleus,negative,24,BRAC5487.3j,cfos
6821,Ventrolateral preoptic nucleus,positive,150,BRAC5487.3j,cfos
6822,Ventromedial hypothalamic nucleus,negative,56,BRAC5487.3j,cfos
6823,Ventromedial hypothalamic nucleus,positive,1911,BRAC5487.3j,cfos
6824,Ventromedial preoptic nucleus,negative,17,BRAC5487.3j,cfos
6825,Ventromedial preoptic nucleus,positive,166,BRAC5487.3j,cfos
6826,"Visceral area, layer 1",negative,37,BRAC5487.3j,cfos
6827,"Visceral area, layer 1",positive,967,BRAC5487.3j,cfos
6828,"Visceral area, layer 2/3",negative,15,BRAC5487.3j,cfos
6829,"Visceral area, layer 2/3",positive,2950,BRAC5487.3j,cfos
6830,"Visceral area, layer 4",negative,3,BRAC5487.3j,cfos
6831,"Visceral area, layer 4",positive,1157,BRAC5487.3j,cfos
6832,"Visceral area, layer 5",negative,19,BRAC5487.3j,cfos
6833,"Visceral area, layer 5",positive,3634,BRAC5487.3j,cfos
6834,"Visceral area, layer 6a",negative,42,BRAC5487.3j,cfos
6835,"Visceral area, layer 6a",positive,2322,BRAC5487.3j,cfos
6836,"Visceral area, layer 6b",negative,3,BRAC5487.3j,cfos
6837,"Visceral area, layer 6b",positive,213,BRAC5487.3j,cfos
6838,Xiphoid thalamic nucleus,negative,0,BRAC5487.3j,cfos
6839,Xiphoid thalamic nucleus,positive,750,BRAC5487.3j,cfos
6840,Zona incerta,negative,24,BRAC5487.3j,cfos
6841,Zona incerta,positive,7457,BRAC5487.3j,cfos
6842,alveus,negative,71,BRAC5487.3j,cfos
6843,alveus,positive,4125,BRAC5487.3j,cfos
6844,amygdalar capsule,negative,17,BRAC5487.3j,cfos
6845,amygdalar capsule,positive,885,BRAC5487.3j,cfos
6846,"anterior commissure, olfactory limb",negative,6,BRAC5487.3j,cfos
6847,"anterior commissure, olfactory limb",positive,858,BRAC5487.3j,cfos
6848,"anterior commissure, temporal limb",negative,22,BRAC5487.3j,cfos
6849,"anterior commissure, temporal limb",positive,530,BRAC5487.3j,cfos
6850,auditory radiation,negative,9,BRAC5487.3j,cfos
6851,auditory radiation,positive,1436,BRAC5487.3j,cfos
6852,brachium of the superior colliculus,negative,35,BRAC5487.3j,cfos
6853,brachium of the superior colliculus,positive,601,BRAC5487.3j,cfos
6854,cerebal peduncle,negative,39,BRAC5487.3j,cfos
6855,cerebal peduncle,positive,1354,BRAC5487.3j,cfos
6856,cerebral aqueduct,negative,3,BRAC5487.3j,cfos
6857,cerebral aqueduct,positive,69,BRAC5487.3j,cfos
6858,choroid plexus,negative,80,BRAC5487.3j,cfos
6859,choroid plexus,positive,1123,BRAC5487.3j,cfos
6860,cingulum bundle,negative,96,BRAC5487.3j,cfos
6861,cingulum bundle,positive,5445,BRAC5487.3j,cfos
6862,columns of the fornix,negative,20,BRAC5487.3j,cfos
6863,columns of the fornix,positive,843,BRAC5487.3j,cfos
6864,commissural branch of stria terminalis,negative,5,BRAC5487.3j,cfos
6865,commissural branch of stria terminalis,positive,155,BRAC5487.3j,cfos
6866,"corpus callosum, anterior forceps",negative,44,BRAC5487.3j,cfos
6867,"corpus callosum, anterior forceps",positive,194,BRAC5487.3j,cfos
6868,"corpus callosum, body",negative,386,BRAC5487.3j,cfos
6869,"corpus callosum, body",positive,7219,BRAC5487.3j,cfos
6870,"corpus callosum, extreme capsule",negative,17,BRAC5487.3j,cfos
6871,"corpus callosum, extreme capsule",positive,538,BRAC5487.3j,cfos
6872,"corpus callosum, posterior forceps",negative,76,BRAC5487.3j,cfos
6873,"corpus callosum, posterior forceps",positive,6017,BRAC5487.3j,cfos
6874,"corpus callosum, splenium",negative,46,BRAC5487.3j,cfos
6875,"corpus callosum, splenium",positive,1602,BRAC5487.3j,cfos
6876,doral tegmental decussation,negative,0,BRAC5487.3j,cfos
6877,doral tegmental decussation,positive,1,BRAC5487.3j,cfos
6878,dorsal fornix,negative,3,BRAC5487.3j,cfos
6879,dorsal fornix,positive,152,BRAC5487.3j,cfos
6880,dorsal hippocampal commissure,negative,71,BRAC5487.3j,cfos
6881,dorsal hippocampal commissure,positive,2742,BRAC5487.3j,cfos
6882,external capsule,negative,62,BRAC5487.3j,cfos
6883,external capsule,positive,2484,BRAC5487.3j,cfos
6884,external medullary lamina of the thalamus,negative,0,BRAC5487.3j,cfos
6885,external medullary lamina of the thalamus,positive,429,BRAC5487.3j,cfos
6886,fasciculus retroflexus,negative,3,BRAC5487.3j,cfos
6887,fasciculus retroflexus,positive,802,BRAC5487.3j,cfos
6888,fiber tracts,negative,124,BRAC5487.3j,cfos
6889,fiber tracts,positive,3225,BRAC5487.3j,cfos
6890,fimbria,negative,76,BRAC5487.3j,cfos
6891,fimbria,positive,3871,BRAC5487.3j,cfos
6892,genu of corpus callosum,negative,238,BRAC5487.3j,cfos
6893,genu of corpus callosum,positive,1968,BRAC5487.3j,cfos
6894,habenular commissure,negative,2,BRAC5487.3j,cfos
6895,habenular commissure,positive,139,BRAC5487.3j,cfos
6896,internal capsule,negative,63,BRAC5487.3j,cfos
6897,internal capsule,positive,4534,BRAC5487.3j,cfos
6898,"lateral olfactory tract, body",negative,30,BRAC5487.3j,cfos
6899,"lateral olfactory tract, body",positive,543,BRAC5487.3j,cfos
6900,lateral ventricle,negative,402,BRAC5487.3j,cfos
6901,lateral ventricle,positive,3887,BRAC5487.3j,cfos
6902,mammillary peduncle,negative,1,BRAC5487.3j,cfos
6903,mammillary peduncle,positive,57,BRAC5487.3j,cfos
6904,mammillotegmental tract,negative,1,BRAC5487.3j,cfos
6905,mammillotegmental tract,positive,101,BRAC5487.3j,cfos
6906,mammillothalamic tract,negative,3,BRAC5487.3j,cfos
6907,mammillothalamic tract,positive,648,BRAC5487.3j,cfos
6908,medial corticohypothalamic tract,negative,1,BRAC5487.3j,cfos
6909,medial corticohypothalamic tract,positive,0,BRAC5487.3j,cfos
6910,medial forebrain bundle,negative,3,BRAC5487.3j,cfos
6911,medial forebrain bundle,positive,279,BRAC5487.3j,cfos
6912,medial lemniscus,negative,1,BRAC5487.3j,cfos
6913,medial lemniscus,positive,890,BRAC5487.3j,cfos
6914,medial longitudinal fascicle,negative,1,BRAC5487.3j,cfos
6915,medial longitudinal fascicle,positive,6,BRAC5487.3j,cfos
6916,nigrostriatal tract,negative,3,BRAC5487.3j,cfos
6917,nigrostriatal tract,positive,424,BRAC5487.3j,cfos
6918,optic chiasm,negative,18,BRAC5487.3j,cfos
6919,optic chiasm,positive,188,BRAC5487.3j,cfos
6920,optic nerve,negative,3,BRAC5487.3j,cfos
6921,optic nerve,positive,1,BRAC5487.3j,cfos
6922,optic radiation,negative,43,BRAC5487.3j,cfos
6923,optic radiation,positive,5441,BRAC5487.3j,cfos
6924,optic tract,negative,76,BRAC5487.3j,cfos
6925,optic tract,positive,1029,BRAC5487.3j,cfos
6926,posterior commissure,negative,4,BRAC5487.3j,cfos
6927,posterior commissure,positive,586,BRAC5487.3j,cfos
6928,"posteromedial visual area, layer 1",negative,10,BRAC5487.3j,cfos
6929,"posteromedial visual area, layer 1",positive,728,BRAC5487.3j,cfos
6930,"posteromedial visual area, layer 2/3",negative,14,BRAC5487.3j,cfos
6931,"posteromedial visual area, layer 2/3",positive,1834,BRAC5487.3j,cfos
6932,"posteromedial visual area, layer 4",negative,6,BRAC5487.3j,cfos
6933,"posteromedial visual area, layer 4",positive,827,BRAC5487.3j,cfos
6934,"posteromedial visual area, layer 5",negative,16,BRAC5487.3j,cfos
6935,"posteromedial visual area, layer 5",positive,2191,BRAC5487.3j,cfos
6936,"posteromedial visual area, layer 6a",negative,8,BRAC5487.3j,cfos
6937,"posteromedial visual area, layer 6a",positive,1117,BRAC5487.3j,cfos
6938,"posteromedial visual area, layer 6b",negative,1,BRAC5487.3j,cfos
6939,"posteromedial visual area, layer 6b",positive,252,BRAC5487.3j,cfos
6940,principal mammillary tract,negative,0,BRAC5487.3j,cfos
6941,principal mammillary tract,positive,269,BRAC5487.3j,cfos
6942,root,negative,276,BRAC5487.3j,cfos
6943,root,positive,5033,BRAC5487.3j,cfos
6944,rubrospinal tract,negative,0,BRAC5487.3j,cfos
6945,rubrospinal tract,positive,14,BRAC5487.3j,cfos
6946,stria medullaris,negative,10,BRAC5487.3j,cfos
6947,stria medullaris,positive,1542,BRAC5487.3j,cfos
6948,stria terminalis,negative,72,BRAC5487.3j,cfos
6949,stria terminalis,positive,566,BRAC5487.3j,cfos
6950,subependymal zone,negative,160,BRAC5487.3j,cfos
6951,subependymal zone,positive,219,BRAC5487.3j,cfos
6952,superior colliculus commissure,negative,0,BRAC5487.3j,cfos
6953,superior colliculus commissure,positive,362,BRAC5487.3j,cfos
6954,supra-callosal cerebral white matter,negative,88,BRAC5487.3j,cfos
6955,supra-callosal cerebral white matter,positive,3154,BRAC5487.3j,cfos
6956,supraoptic commissures,negative,2,BRAC5487.3j,cfos
6957,supraoptic commissures,positive,26,BRAC5487.3j,cfos
6958,third ventricle,negative,174,BRAC5487.3j,cfos
6959,third ventricle,positive,2408,BRAC5487.3j,cfos
6960,ventral hippocampal commissure,negative,1,BRAC5487.3j,cfos
6961,ventral hippocampal commissure,positive,291,BRAC5487.3j,cfos
6962,ventral tegmental decussation,negative,0,BRAC5487.3j,cfos
6963,ventral tegmental decussation,positive,29,BRAC5487.3j,cfos
6964,Accessory supraoptic group,negative,0,BRAC5872.1d,cfos
6965,Accessory supraoptic group,positive,26,BRAC5872.1d,cfos
6966,"Agranular insular area, dorsal part, layer 1",negative,17,BRAC5872.1d,cfos
6967,"Agranular insular area, dorsal part, layer 1",positive,108,BRAC5872.1d,cfos
6968,"Agranular insular area, dorsal part, layer 2/3",negative,3,BRAC5872.1d,cfos
6969,"Agranular insular area, dorsal part, layer 2/3",positive,528,BRAC5872.1d,cfos
6970,"Agranular insular area, dorsal part, layer 5",negative,19,BRAC5872.1d,cfos
6971,"Agranular insular area, dorsal part, layer 5",positive,1340,BRAC5872.1d,cfos
6972,"Agranular insular area, dorsal part, layer 6a",negative,34,BRAC5872.1d,cfos
6973,"Agranular insular area, dorsal part, layer 6a",positive,1072,BRAC5872.1d,cfos
6974,"Agranular insular area, dorsal part, layer 6b",negative,0,BRAC5872.1d,cfos
6975,"Agranular insular area, dorsal part, layer 6b",positive,69,BRAC5872.1d,cfos
6976,"Agranular insular area, posterior part, layer 1",negative,8,BRAC5872.1d,cfos
6977,"Agranular insular area, posterior part, layer 1",positive,943,BRAC5872.1d,cfos
6978,"Agranular insular area, posterior part, layer 2/3",negative,18,BRAC5872.1d,cfos
6979,"Agranular insular area, posterior part, layer 2/3",positive,2382,BRAC5872.1d,cfos
6980,"Agranular insular area, posterior part, layer 5",negative,54,BRAC5872.1d,cfos
6981,"Agranular insular area, posterior part, layer 5",positive,2135,BRAC5872.1d,cfos
6982,"Agranular insular area, posterior part, layer 6a",negative,89,BRAC5872.1d,cfos
6983,"Agranular insular area, posterior part, layer 6a",positive,1774,BRAC5872.1d,cfos
6984,"Agranular insular area, posterior part, layer 6b",negative,4,BRAC5872.1d,cfos
6985,"Agranular insular area, posterior part, layer 6b",positive,87,BRAC5872.1d,cfos
6986,"Agranular insular area, ventral part, layer 1",negative,15,BRAC5872.1d,cfos
6987,"Agranular insular area, ventral part, layer 1",positive,91,BRAC5872.1d,cfos
6988,"Agranular insular area, ventral part, layer 2/3",negative,6,BRAC5872.1d,cfos
6989,"Agranular insular area, ventral part, layer 2/3",positive,753,BRAC5872.1d,cfos
6990,"Agranular insular area, ventral part, layer 5",negative,22,BRAC5872.1d,cfos
6991,"Agranular insular area, ventral part, layer 5",positive,933,BRAC5872.1d,cfos
6992,"Agranular insular area, ventral part, layer 6a",negative,24,BRAC5872.1d,cfos
6993,"Agranular insular area, ventral part, layer 6a",positive,540,BRAC5872.1d,cfos
6994,Anterior amygdalar area,negative,22,BRAC5872.1d,cfos
6995,Anterior amygdalar area,positive,2003,BRAC5872.1d,cfos
6996,"Anterior area, layer 1",negative,21,BRAC5872.1d,cfos
6997,"Anterior area, layer 1",positive,752,BRAC5872.1d,cfos
6998,"Anterior area, layer 2/3",negative,55,BRAC5872.1d,cfos
6999,"Anterior area, layer 2/3",positive,2236,BRAC5872.1d,cfos
7000,"Anterior area, layer 4",negative,5,BRAC5872.1d,cfos
7001,"Anterior area, layer 4",positive,1048,BRAC5872.1d,cfos
7002,"Anterior area, layer 5",negative,12,BRAC5872.1d,cfos
7003,"Anterior area, layer 5",positive,2126,BRAC5872.1d,cfos
7004,"Anterior area, layer 6a",negative,8,BRAC5872.1d,cfos
7005,"Anterior area, layer 6a",positive,949,BRAC5872.1d,cfos
7006,"Anterior area, layer 6b",negative,2,BRAC5872.1d,cfos
7007,"Anterior area, layer 6b",positive,132,BRAC5872.1d,cfos
7008,"Anterior cingulate area, dorsal part, layer 1",negative,54,BRAC5872.1d,cfos
7009,"Anterior cingulate area, dorsal part, layer 1",positive,1165,BRAC5872.1d,cfos
7010,"Anterior cingulate area, dorsal part, layer 2/3",negative,61,BRAC5872.1d,cfos
7011,"Anterior cingulate area, dorsal part, layer 2/3",positive,2074,BRAC5872.1d,cfos
7012,"Anterior cingulate area, dorsal part, layer 5",negative,87,BRAC5872.1d,cfos
7013,"Anterior cingulate area, dorsal part, layer 5",positive,4580,BRAC5872.1d,cfos
7014,"Anterior cingulate area, dorsal part, layer 6a",negative,101,BRAC5872.1d,cfos
7015,"Anterior cingulate area, dorsal part, layer 6a",positive,2097,BRAC5872.1d,cfos
7016,"Anterior cingulate area, dorsal part, layer 6b",negative,6,BRAC5872.1d,cfos
7017,"Anterior cingulate area, dorsal part, layer 6b",positive,121,BRAC5872.1d,cfos
7018,"Anterior cingulate area, ventral part, 6a",negative,79,BRAC5872.1d,cfos
7019,"Anterior cingulate area, ventral part, 6a",positive,1415,BRAC5872.1d,cfos
7020,"Anterior cingulate area, ventral part, 6b",negative,20,BRAC5872.1d,cfos
7021,"Anterior cingulate area, ventral part, 6b",positive,294,BRAC5872.1d,cfos
7022,"Anterior cingulate area, ventral part, layer 1",negative,77,BRAC5872.1d,cfos
7023,"Anterior cingulate area, ventral part, layer 1",positive,871,BRAC5872.1d,cfos
7024,"Anterior cingulate area, ventral part, layer 2/3",negative,87,BRAC5872.1d,cfos
7025,"Anterior cingulate area, ventral part, layer 2/3",positive,2170,BRAC5872.1d,cfos
7026,"Anterior cingulate area, ventral part, layer 5",negative,127,BRAC5872.1d,cfos
7027,"Anterior cingulate area, ventral part, layer 5",positive,4838,BRAC5872.1d,cfos
7028,Anterior hypothalamic nucleus,negative,201,BRAC5872.1d,cfos
7029,Anterior hypothalamic nucleus,positive,2247,BRAC5872.1d,cfos
7030,Anterior pretectal nucleus,negative,91,BRAC5872.1d,cfos
7031,Anterior pretectal nucleus,positive,4045,BRAC5872.1d,cfos
7032,Anterodorsal nucleus,negative,4,BRAC5872.1d,cfos
7033,Anterodorsal nucleus,positive,1497,BRAC5872.1d,cfos
7034,Anterodorsal preoptic nucleus,negative,5,BRAC5872.1d,cfos
7035,Anterodorsal preoptic nucleus,positive,414,BRAC5872.1d,cfos
7036,"Anterolateral visual area, layer 1",negative,1,BRAC5872.1d,cfos
7037,"Anterolateral visual area, layer 1",positive,291,BRAC5872.1d,cfos
7038,"Anterolateral visual area, layer 2/3",negative,1,BRAC5872.1d,cfos
7039,"Anterolateral visual area, layer 2/3",positive,749,BRAC5872.1d,cfos
7040,"Anterolateral visual area, layer 4",negative,0,BRAC5872.1d,cfos
7041,"Anterolateral visual area, layer 4",positive,532,BRAC5872.1d,cfos
7042,"Anterolateral visual area, layer 5",negative,10,BRAC5872.1d,cfos
7043,"Anterolateral visual area, layer 5",positive,867,BRAC5872.1d,cfos
7044,"Anterolateral visual area, layer 6a",negative,10,BRAC5872.1d,cfos
7045,"Anterolateral visual area, layer 6a",positive,412,BRAC5872.1d,cfos
7046,"Anterolateral visual area, layer 6b",negative,0,BRAC5872.1d,cfos
7047,"Anterolateral visual area, layer 6b",positive,82,BRAC5872.1d,cfos
7048,"Anteromedial nucleus, dorsal part",negative,0,BRAC5872.1d,cfos
7049,"Anteromedial nucleus, dorsal part",positive,1247,BRAC5872.1d,cfos
7050,"Anteromedial nucleus, ventral part",negative,0,BRAC5872.1d,cfos
7051,"Anteromedial nucleus, ventral part",positive,797,BRAC5872.1d,cfos
7052,"Anteromedial visual area, layer 1",negative,18,BRAC5872.1d,cfos
7053,"Anteromedial visual area, layer 1",positive,345,BRAC5872.1d,cfos
7054,"Anteromedial visual area, layer 2/3",negative,16,BRAC5872.1d,cfos
7055,"Anteromedial visual area, layer 2/3",positive,967,BRAC5872.1d,cfos
7056,"Anteromedial visual area, layer 4",negative,2,BRAC5872.1d,cfos
7057,"Anteromedial visual area, layer 4",positive,309,BRAC5872.1d,cfos
7058,"Anteromedial visual area, layer 5",negative,28,BRAC5872.1d,cfos
7059,"Anteromedial visual area, layer 5",positive,1283,BRAC5872.1d,cfos
7060,"Anteromedial visual area, layer 6a",negative,22,BRAC5872.1d,cfos
7061,"Anteromedial visual area, layer 6a",positive,615,BRAC5872.1d,cfos
7062,"Anteromedial visual area, layer 6b",negative,3,BRAC5872.1d,cfos
7063,"Anteromedial visual area, layer 6b",positive,87,BRAC5872.1d,cfos
7064,Anteroventral nucleus of thalamus,negative,6,BRAC5872.1d,cfos
7065,Anteroventral nucleus of thalamus,positive,2619,BRAC5872.1d,cfos
7066,Anteroventral periventricular nucleus,negative,95,BRAC5872.1d,cfos
7067,Anteroventral periventricular nucleus,positive,372,BRAC5872.1d,cfos
7068,Anteroventral preoptic nucleus,negative,2,BRAC5872.1d,cfos
7069,Anteroventral preoptic nucleus,positive,276,BRAC5872.1d,cfos
7070,Arcuate hypothalamic nucleus,negative,699,BRAC5872.1d,cfos
7071,Arcuate hypothalamic nucleus,positive,1060,BRAC5872.1d,cfos
7072,"Basolateral amygdalar nucleus, anterior part",negative,64,BRAC5872.1d,cfos
7073,"Basolateral amygdalar nucleus, anterior part",positive,3306,BRAC5872.1d,cfos
7074,"Basolateral amygdalar nucleus, posterior part",negative,82,BRAC5872.1d,cfos
7075,"Basolateral amygdalar nucleus, posterior part",positive,2528,BRAC5872.1d,cfos
7076,"Basolateral amygdalar nucleus, ventral part",negative,54,BRAC5872.1d,cfos
7077,"Basolateral amygdalar nucleus, ventral part",positive,1241,BRAC5872.1d,cfos
7078,"Basomedial amygdalar nucleus, anterior part",negative,125,BRAC5872.1d,cfos
7079,"Basomedial amygdalar nucleus, anterior part",positive,3549,BRAC5872.1d,cfos
7080,"Basomedial amygdalar nucleus, posterior part",negative,77,BRAC5872.1d,cfos
7081,"Basomedial amygdalar nucleus, posterior part",positive,2717,BRAC5872.1d,cfos
7082,Bed nuclei of the stria terminalis,negative,181,BRAC5872.1d,cfos
7083,Bed nuclei of the stria terminalis,positive,6180,BRAC5872.1d,cfos
7084,Bed nucleus of the accessory olfactory tract,negative,13,BRAC5872.1d,cfos
7085,Bed nucleus of the accessory olfactory tract,positive,133,BRAC5872.1d,cfos
7086,Bed nucleus of the anterior commissure,negative,0,BRAC5872.1d,cfos
7087,Bed nucleus of the anterior commissure,positive,99,BRAC5872.1d,cfos
7088,Caudoputamen,negative,1935,BRAC5872.1d,cfos
7089,Caudoputamen,positive,87860,BRAC5872.1d,cfos
7090,"Central amygdalar nucleus, capsular part",negative,110,BRAC5872.1d,cfos
7091,"Central amygdalar nucleus, capsular part",positive,1178,BRAC5872.1d,cfos
7092,"Central amygdalar nucleus, lateral part",negative,65,BRAC5872.1d,cfos
7093,"Central amygdalar nucleus, lateral part",positive,1345,BRAC5872.1d,cfos
7094,"Central amygdalar nucleus, medial part",negative,155,BRAC5872.1d,cfos
7095,"Central amygdalar nucleus, medial part",positive,3722,BRAC5872.1d,cfos
7096,Central lateral nucleus of the thalamus,negative,9,BRAC5872.1d,cfos
7097,Central lateral nucleus of the thalamus,positive,2449,BRAC5872.1d,cfos
7098,Central medial nucleus of the thalamus,negative,38,BRAC5872.1d,cfos
7099,Central medial nucleus of the thalamus,positive,1496,BRAC5872.1d,cfos
7100,Claustrum,negative,55,BRAC5872.1d,cfos
7101,Claustrum,positive,2071,BRAC5872.1d,cfos
7102,"Cortical amygdalar area, anterior part",negative,145,BRAC5872.1d,cfos
7103,"Cortical amygdalar area, anterior part",positive,4133,BRAC5872.1d,cfos
7104,"Cortical amygdalar area, posterior part, lateral zone",negative,63,BRAC5872.1d,cfos
7105,"Cortical amygdalar area, posterior part, lateral zone",positive,2905,BRAC5872.1d,cfos
7106,"Cortical amygdalar area, posterior part, medial zone",negative,89,BRAC5872.1d,cfos
7107,"Cortical amygdalar area, posterior part, medial zone",positive,3237,BRAC5872.1d,cfos
7108,Cortical subplate,negative,56,BRAC5872.1d,cfos
7109,Cortical subplate,positive,1282,BRAC5872.1d,cfos
7110,"Dentate gyrus, granule cell layer",negative,160,BRAC5872.1d,cfos
7111,"Dentate gyrus, granule cell layer",positive,2522,BRAC5872.1d,cfos
7112,"Dentate gyrus, molecular layer",negative,386,BRAC5872.1d,cfos
7113,"Dentate gyrus, molecular layer",positive,4604,BRAC5872.1d,cfos
7114,"Dentate gyrus, polymorph layer",negative,68,BRAC5872.1d,cfos
7115,"Dentate gyrus, polymorph layer",positive,936,BRAC5872.1d,cfos
7116,Diagonal band nucleus,negative,48,BRAC5872.1d,cfos
7117,Diagonal band nucleus,positive,3116,BRAC5872.1d,cfos
7118,"Dorsal auditory area, layer 1",negative,3,BRAC5872.1d,cfos
7119,"Dorsal auditory area, layer 1",positive,508,BRAC5872.1d,cfos
7120,"Dorsal auditory area, layer 2/3",negative,2,BRAC5872.1d,cfos
7121,"Dorsal auditory area, layer 2/3",positive,1380,BRAC5872.1d,cfos
7122,"Dorsal auditory area, layer 4",negative,3,BRAC5872.1d,cfos
7123,"Dorsal auditory area, layer 4",positive,782,BRAC5872.1d,cfos
7124,"Dorsal auditory area, layer 5",negative,3,BRAC5872.1d,cfos
7125,"Dorsal auditory area, layer 5",positive,1689,BRAC5872.1d,cfos
7126,"Dorsal auditory area, layer 6a",negative,17,BRAC5872.1d,cfos
7127,"Dorsal auditory area, layer 6a",positive,765,BRAC5872.1d,cfos
7128,"Dorsal auditory area, layer 6b",negative,11,BRAC5872.1d,cfos
7129,"Dorsal auditory area, layer 6b",positive,97,BRAC5872.1d,cfos
7130,"Dorsal part of the lateral geniculate complex, core",negative,11,BRAC5872.1d,cfos
7131,"Dorsal part of the lateral geniculate complex, core",positive,1657,BRAC5872.1d,cfos
7132,"Dorsal part of the lateral geniculate complex, ipsilateral zone",negative,2,BRAC5872.1d,cfos
7133,"Dorsal part of the lateral geniculate complex, ipsilateral zone",positive,391,BRAC5872.1d,cfos
7134,"Dorsal part of the lateral geniculate complex, shell",negative,8,BRAC5872.1d,cfos
7135,"Dorsal part of the lateral geniculate complex, shell",positive,525,BRAC5872.1d,cfos
7136,Dorsal peduncular area,negative,0,BRAC5872.1d,cfos
7137,Dorsal peduncular area,positive,23,BRAC5872.1d,cfos
7138,Dorsal premammillary nucleus,negative,9,BRAC5872.1d,cfos
7139,Dorsal premammillary nucleus,positive,322,BRAC5872.1d,cfos
7140,Dorsomedial nucleus of the hypothalamus,negative,169,BRAC5872.1d,cfos
7141,Dorsomedial nucleus of the hypothalamus,positive,2790,BRAC5872.1d,cfos
7142,Ectorhinal area/Layer 1,negative,34,BRAC5872.1d,cfos
7143,Ectorhinal area/Layer 1,positive,265,BRAC5872.1d,cfos
7144,Ectorhinal area/Layer 2/3,negative,39,BRAC5872.1d,cfos
7145,Ectorhinal area/Layer 2/3,positive,1170,BRAC5872.1d,cfos
7146,Ectorhinal area/Layer 5,negative,76,BRAC5872.1d,cfos
7147,Ectorhinal area/Layer 5,positive,1686,BRAC5872.1d,cfos
7148,Ectorhinal area/Layer 6a,negative,85,BRAC5872.1d,cfos
7149,Ectorhinal area/Layer 6a,positive,1191,BRAC5872.1d,cfos
7150,Ectorhinal area/Layer 6b,negative,9,BRAC5872.1d,cfos
7151,Ectorhinal area/Layer 6b,positive,129,BRAC5872.1d,cfos
7152,Edinger-Westphal nucleus,negative,0,BRAC5872.1d,cfos
7153,Edinger-Westphal nucleus,positive,28,BRAC5872.1d,cfos
7154,"Endopiriform nucleus, dorsal part",negative,480,BRAC5872.1d,cfos
7155,"Endopiriform nucleus, dorsal part",positive,6266,BRAC5872.1d,cfos
7156,"Endopiriform nucleus, ventral part",negative,102,BRAC5872.1d,cfos
7157,"Endopiriform nucleus, ventral part",positive,3091,BRAC5872.1d,cfos
7158,"Entorhinal area, lateral part, layer 1",negative,27,BRAC5872.1d,cfos
7159,"Entorhinal area, lateral part, layer 1",positive,1018,BRAC5872.1d,cfos
7160,"Entorhinal area, lateral part, layer 2",negative,42,BRAC5872.1d,cfos
7161,"Entorhinal area, lateral part, layer 2",positive,2235,BRAC5872.1d,cfos
7162,"Entorhinal area, lateral part, layer 3",negative,62,BRAC5872.1d,cfos
7163,"Entorhinal area, lateral part, layer 3",positive,1289,BRAC5872.1d,cfos
7164,"Entorhinal area, lateral part, layer 5",negative,46,BRAC5872.1d,cfos
7165,"Entorhinal area, lateral part, layer 5",positive,1072,BRAC5872.1d,cfos
7166,"Entorhinal area, lateral part, layer 6a",negative,24,BRAC5872.1d,cfos
7167,"Entorhinal area, lateral part, layer 6a",positive,393,BRAC5872.1d,cfos
7168,Ethmoid nucleus of the thalamus,negative,3,BRAC5872.1d,cfos
7169,Ethmoid nucleus of the thalamus,positive,1018,BRAC5872.1d,cfos
7170,Fasciola cinerea,negative,30,BRAC5872.1d,cfos
7171,Fasciola cinerea,positive,71,BRAC5872.1d,cfos
7172,Field CA1,negative,557,BRAC5872.1d,cfos
7173,Field CA1,positive,15944,BRAC5872.1d,cfos
7174,Field CA2,negative,26,BRAC5872.1d,cfos
7175,Field CA2,positive,1200,BRAC5872.1d,cfos
7176,Field CA3,negative,227,BRAC5872.1d,cfos
7177,Field CA3,positive,13619,BRAC5872.1d,cfos
7178,Fields of Forel,negative,2,BRAC5872.1d,cfos
7179,Fields of Forel,positive,771,BRAC5872.1d,cfos
7180,Fundus of striatum,negative,4,BRAC5872.1d,cfos
7181,Fundus of striatum,positive,1614,BRAC5872.1d,cfos
7182,"Globus pallidus, external segment",negative,25,BRAC5872.1d,cfos
7183,"Globus pallidus, external segment",positive,4738,BRAC5872.1d,cfos
7184,"Globus pallidus, internal segment",negative,6,BRAC5872.1d,cfos
7185,"Globus pallidus, internal segment",positive,1056,BRAC5872.1d,cfos
7186,"Gustatory areas, layer 1",negative,16,BRAC5872.1d,cfos
7187,"Gustatory areas, layer 1",positive,338,BRAC5872.1d,cfos
7188,"Gustatory areas, layer 2/3",negative,3,BRAC5872.1d,cfos
7189,"Gustatory areas, layer 2/3",positive,1567,BRAC5872.1d,cfos
7190,"Gustatory areas, layer 4",negative,5,BRAC5872.1d,cfos
7191,"Gustatory areas, layer 4",positive,665,BRAC5872.1d,cfos
7192,"Gustatory areas, layer 5",negative,7,BRAC5872.1d,cfos
7193,"Gustatory areas, layer 5",positive,2005,BRAC5872.1d,cfos
7194,"Gustatory areas, layer 6a",negative,44,BRAC5872.1d,cfos
7195,"Gustatory areas, layer 6a",positive,1752,BRAC5872.1d,cfos
7196,"Gustatory areas, layer 6b",negative,1,BRAC5872.1d,cfos
7197,"Gustatory areas, layer 6b",positive,108,BRAC5872.1d,cfos
7198,Hippocampal formation,negative,27,BRAC5872.1d,cfos
7199,Hippocampal formation,positive,499,BRAC5872.1d,cfos
7200,Hippocampo-amygdalar transition area,negative,2,BRAC5872.1d,cfos
7201,Hippocampo-amygdalar transition area,positive,69,BRAC5872.1d,cfos
7202,Hypothalamus,negative,896,BRAC5872.1d,cfos
7203,Hypothalamus,positive,10540,BRAC5872.1d,cfos
7204,Induseum griseum,negative,31,BRAC5872.1d,cfos
7205,Induseum griseum,positive,257,BRAC5872.1d,cfos
7206,Interanterodorsal nucleus of the thalamus,negative,1,BRAC5872.1d,cfos
7207,Interanterodorsal nucleus of the thalamus,positive,645,BRAC5872.1d,cfos
7208,Interanteromedial nucleus of the thalamus,negative,0,BRAC5872.1d,cfos
7209,Interanteromedial nucleus of the thalamus,positive,301,BRAC5872.1d,cfos
7210,Intercalated amygdalar nucleus,negative,30,BRAC5872.1d,cfos
7211,Intercalated amygdalar nucleus,positive,943,BRAC5872.1d,cfos
7212,Interfascicular nucleus raphe,negative,0,BRAC5872.1d,cfos
7213,Interfascicular nucleus raphe,positive,27,BRAC5872.1d,cfos
7214,Intergeniculate leaflet of the lateral geniculate complex,negative,9,BRAC5872.1d,cfos
7215,Intergeniculate leaflet of the lateral geniculate complex,positive,357,BRAC5872.1d,cfos
7216,Intermediate geniculate nucleus,negative,1,BRAC5872.1d,cfos
7217,Intermediate geniculate nucleus,positive,96,BRAC5872.1d,cfos
7218,Intermediodorsal nucleus of the thalamus,negative,34,BRAC5872.1d,cfos
7219,Intermediodorsal nucleus of the thalamus,positive,1273,BRAC5872.1d,cfos
7220,Interstitial nucleus of Cajal,negative,1,BRAC5872.1d,cfos
7221,Interstitial nucleus of Cajal,positive,118,BRAC5872.1d,cfos
7222,Lateral amygdalar nucleus,negative,129,BRAC5872.1d,cfos
7223,Lateral amygdalar nucleus,positive,1333,BRAC5872.1d,cfos
7224,Lateral dorsal nucleus of thalamus,negative,25,BRAC5872.1d,cfos
7225,Lateral dorsal nucleus of thalamus,positive,4660,BRAC5872.1d,cfos
7226,Lateral habenula,negative,36,BRAC5872.1d,cfos
7227,Lateral habenula,positive,1548,BRAC5872.1d,cfos
7228,Lateral hypothalamic area,negative,206,BRAC5872.1d,cfos
7229,Lateral hypothalamic area,positive,7368,BRAC5872.1d,cfos
7230,Lateral mammillary nucleus,negative,7,BRAC5872.1d,cfos
7231,Lateral mammillary nucleus,positive,93,BRAC5872.1d,cfos
7232,Lateral posterior nucleus of the thalamus,negative,57,BRAC5872.1d,cfos
7233,Lateral posterior nucleus of the thalamus,positive,4531,BRAC5872.1d,cfos
7234,Lateral preoptic area,negative,6,BRAC5872.1d,cfos
7235,Lateral preoptic area,positive,1875,BRAC5872.1d,cfos
7236,"Lateral septal nucleus, caudal (caudodorsal) part",negative,164,BRAC5872.1d,cfos
7237,"Lateral septal nucleus, caudal (caudodorsal) part",positive,655,BRAC5872.1d,cfos
7238,"Lateral septal nucleus, rostral (rostroventral) part",negative,461,BRAC5872.1d,cfos
7239,"Lateral septal nucleus, rostral (rostroventral) part",positive,5673,BRAC5872.1d,cfos
7240,"Lateral septal nucleus, ventral part",negative,118,BRAC5872.1d,cfos
7241,"Lateral septal nucleus, ventral part",positive,3381,BRAC5872.1d,cfos
7242,Lateral terminal nucleus of the accessory optic tract,negative,0,BRAC5872.1d,cfos
7243,Lateral terminal nucleus of the accessory optic tract,positive,54,BRAC5872.1d,cfos
7244,Magnocellular nucleus,negative,5,BRAC5872.1d,cfos
7245,Magnocellular nucleus,positive,1238,BRAC5872.1d,cfos
7246,Medial accesory oculomotor nucleus,negative,0,BRAC5872.1d,cfos
7247,Medial accesory oculomotor nucleus,positive,19,BRAC5872.1d,cfos
7248,Medial amygdalar nucleus,negative,585,BRAC5872.1d,cfos
7249,Medial amygdalar nucleus,positive,9274,BRAC5872.1d,cfos
7250,"Medial geniculate complex, dorsal part",negative,0,BRAC5872.1d,cfos
7251,"Medial geniculate complex, dorsal part",positive,134,BRAC5872.1d,cfos
7252,"Medial geniculate complex, medial part",negative,1,BRAC5872.1d,cfos
7253,"Medial geniculate complex, medial part",positive,932,BRAC5872.1d,cfos
7254,"Medial geniculate complex, ventral part",negative,10,BRAC5872.1d,cfos
7255,"Medial geniculate complex, ventral part",positive,670,BRAC5872.1d,cfos
7256,Medial habenula,negative,59,BRAC5872.1d,cfos
7257,Medial habenula,positive,948,BRAC5872.1d,cfos
7258,"Medial mammillary nucleus, dorsal part",negative,1,BRAC5872.1d,cfos
7259,"Medial mammillary nucleus, dorsal part",positive,46,BRAC5872.1d,cfos
7260,"Medial mammillary nucleus, lateral part",negative,10,BRAC5872.1d,cfos
7261,"Medial mammillary nucleus, lateral part",positive,196,BRAC5872.1d,cfos
7262,"Medial mammillary nucleus, medial part",negative,0,BRAC5872.1d,cfos
7263,"Medial mammillary nucleus, medial part",positive,250,BRAC5872.1d,cfos
7264,"Medial mammillary nucleus, median part",negative,0,BRAC5872.1d,cfos
7265,"Medial mammillary nucleus, median part",positive,204,BRAC5872.1d,cfos
7266,Medial preoptic area,negative,25,BRAC5872.1d,cfos
7267,Medial preoptic area,positive,1915,BRAC5872.1d,cfos
7268,Medial preoptic nucleus,negative,63,BRAC5872.1d,cfos
7269,Medial preoptic nucleus,positive,2574,BRAC5872.1d,cfos
7270,Medial pretectal area,negative,0,BRAC5872.1d,cfos
7271,Medial pretectal area,positive,159,BRAC5872.1d,cfos
7272,Medial septal nucleus,negative,22,BRAC5872.1d,cfos
7273,Medial septal nucleus,positive,1533,BRAC5872.1d,cfos
7274,Medial terminal nucleus of the accessory optic tract,negative,0,BRAC5872.1d,cfos
7275,Medial terminal nucleus of the accessory optic tract,positive,34,BRAC5872.1d,cfos
7276,Median eminence,negative,102,BRAC5872.1d,cfos
7277,Median eminence,positive,127,BRAC5872.1d,cfos
7278,Median preoptic nucleus,negative,3,BRAC5872.1d,cfos
7279,Median preoptic nucleus,positive,150,BRAC5872.1d,cfos
7280,Mediodorsal nucleus of thalamus,negative,76,BRAC5872.1d,cfos
7281,Mediodorsal nucleus of thalamus,positive,6971,BRAC5872.1d,cfos
7282,Midbrain,negative,154,BRAC5872.1d,cfos
7283,Midbrain,positive,9462,BRAC5872.1d,cfos
7284,Midbrain reticular nucleus,negative,4,BRAC5872.1d,cfos
7285,Midbrain reticular nucleus,positive,3206,BRAC5872.1d,cfos
7286,Nucleus accumbens,negative,446,BRAC5872.1d,cfos
7287,Nucleus accumbens,positive,13164,BRAC5872.1d,cfos
7288,Nucleus of Darkschewitsch,negative,0,BRAC5872.1d,cfos
7289,Nucleus of Darkschewitsch,positive,162,BRAC5872.1d,cfos
7290,Nucleus of reuniens,negative,63,BRAC5872.1d,cfos
7291,Nucleus of reuniens,positive,3125,BRAC5872.1d,cfos
7292,"Nucleus of the lateral olfactory tract, layer 3",negative,2,BRAC5872.1d,cfos
7293,"Nucleus of the lateral olfactory tract, layer 3",positive,311,BRAC5872.1d,cfos
7294,"Nucleus of the lateral olfactory tract, molecular layer",negative,14,BRAC5872.1d,cfos
7295,"Nucleus of the lateral olfactory tract, molecular layer",positive,397,BRAC5872.1d,cfos
7296,"Nucleus of the lateral olfactory tract, pyramidal layer",negative,5,BRAC5872.1d,cfos
7297,"Nucleus of the lateral olfactory tract, pyramidal layer",positive,1030,BRAC5872.1d,cfos
7298,Nucleus of the optic tract,negative,30,BRAC5872.1d,cfos
7299,Nucleus of the optic tract,positive,518,BRAC5872.1d,cfos
7300,Nucleus of the posterior commissure,negative,33,BRAC5872.1d,cfos
7301,Nucleus of the posterior commissure,positive,1795,BRAC5872.1d,cfos
7302,Olfactory areas,negative,82,BRAC5872.1d,cfos
7303,Olfactory areas,positive,2380,BRAC5872.1d,cfos
7304,Olfactory tubercle,negative,251,BRAC5872.1d,cfos
7305,Olfactory tubercle,positive,10356,BRAC5872.1d,cfos
7306,Olivary pretectal nucleus,negative,6,BRAC5872.1d,cfos
7307,Olivary pretectal nucleus,positive,190,BRAC5872.1d,cfos
7308,Pallidum,negative,133,BRAC5872.1d,cfos
7309,Pallidum,positive,2801,BRAC5872.1d,cfos
7310,Paracentral nucleus,negative,12,BRAC5872.1d,cfos
7311,Paracentral nucleus,positive,1238,BRAC5872.1d,cfos
7312,Parafascicular nucleus,negative,10,BRAC5872.1d,cfos
7313,Parafascicular nucleus,positive,2310,BRAC5872.1d,cfos
7314,Parastrial nucleus,negative,5,BRAC5872.1d,cfos
7315,Parastrial nucleus,positive,337,BRAC5872.1d,cfos
7316,Parasubthalamic nucleus,negative,4,BRAC5872.1d,cfos
7317,Parasubthalamic nucleus,positive,849,BRAC5872.1d,cfos
7318,Parataenial nucleus,negative,0,BRAC5872.1d,cfos
7319,Parataenial nucleus,positive,1561,BRAC5872.1d,cfos
7320,Paraventricular hypothalamic nucleus,negative,58,BRAC5872.1d,cfos
7321,Paraventricular hypothalamic nucleus,positive,1181,BRAC5872.1d,cfos
7322,"Paraventricular hypothalamic nucleus, descending division",negative,96,BRAC5872.1d,cfos
7323,"Paraventricular hypothalamic nucleus, descending division",positive,539,BRAC5872.1d,cfos
7324,Paraventricular nucleus of the thalamus,negative,141,BRAC5872.1d,cfos
7325,Paraventricular nucleus of the thalamus,positive,3457,BRAC5872.1d,cfos
7326,Periaqueductal gray,negative,23,BRAC5872.1d,cfos
7327,Periaqueductal gray,positive,2237,BRAC5872.1d,cfos
7328,Perifornical nucleus,negative,17,BRAC5872.1d,cfos
7329,Perifornical nucleus,positive,777,BRAC5872.1d,cfos
7330,Peripeduncular nucleus,negative,0,BRAC5872.1d,cfos
7331,Peripeduncular nucleus,positive,10,BRAC5872.1d,cfos
7332,Perireunensis nucleus,negative,20,BRAC5872.1d,cfos
7333,Perireunensis nucleus,positive,819,BRAC5872.1d,cfos
7334,"Perirhinal area, layer 1",negative,42,BRAC5872.1d,cfos
7335,"Perirhinal area, layer 1",positive,328,BRAC5872.1d,cfos
7336,"Perirhinal area, layer 2/3",negative,22,BRAC5872.1d,cfos
7337,"Perirhinal area, layer 2/3",positive,904,BRAC5872.1d,cfos
7338,"Perirhinal area, layer 5",negative,11,BRAC5872.1d,cfos
7339,"Perirhinal area, layer 5",positive,256,BRAC5872.1d,cfos
7340,"Perirhinal area, layer 6a",negative,2,BRAC5872.1d,cfos
7341,"Perirhinal area, layer 6a",positive,33,BRAC5872.1d,cfos
7342,"Perirhinal area, layer 6b",negative,0,BRAC5872.1d,cfos
7343,"Perirhinal area, layer 6b",positive,1,BRAC5872.1d,cfos
7344,"Periventricular hypothalamic nucleus, anterior part",negative,45,BRAC5872.1d,cfos
7345,"Periventricular hypothalamic nucleus, anterior part",positive,150,BRAC5872.1d,cfos
7346,"Periventricular hypothalamic nucleus, intermediate part",negative,122,BRAC5872.1d,cfos
7347,"Periventricular hypothalamic nucleus, intermediate part",positive,331,BRAC5872.1d,cfos
7348,"Periventricular hypothalamic nucleus, posterior part",negative,106,BRAC5872.1d,cfos
7349,"Periventricular hypothalamic nucleus, posterior part",positive,290,BRAC5872.1d,cfos
7350,"Periventricular hypothalamic nucleus, preoptic part",negative,57,BRAC5872.1d,cfos
7351,"Periventricular hypothalamic nucleus, preoptic part",positive,716,BRAC5872.1d,cfos
7352,Piriform area,negative,622,BRAC5872.1d,cfos
7353,Piriform area,positive,45698,BRAC5872.1d,cfos
7354,Piriform-amygdalar area,negative,111,BRAC5872.1d,cfos
7355,Piriform-amygdalar area,positive,4664,BRAC5872.1d,cfos
7356,Posterior amygdalar nucleus,negative,154,BRAC5872.1d,cfos
7357,Posterior amygdalar nucleus,positive,2716,BRAC5872.1d,cfos
7358,"Posterior auditory area, layer 1",negative,0,BRAC5872.1d,cfos
7359,"Posterior auditory area, layer 1",positive,110,BRAC5872.1d,cfos
7360,"Posterior auditory area, layer 2/3",negative,0,BRAC5872.1d,cfos
7361,"Posterior auditory area, layer 2/3",positive,331,BRAC5872.1d,cfos
7362,"Posterior auditory area, layer 4",negative,0,BRAC5872.1d,cfos
7363,"Posterior auditory area, layer 4",positive,188,BRAC5872.1d,cfos
7364,"Posterior auditory area, layer 5",negative,3,BRAC5872.1d,cfos
7365,"Posterior auditory area, layer 5",positive,476,BRAC5872.1d,cfos
7366,"Posterior auditory area, layer 6a",negative,0,BRAC5872.1d,cfos
7367,"Posterior auditory area, layer 6a",positive,150,BRAC5872.1d,cfos
7368,"Posterior auditory area, layer 6b",negative,0,BRAC5872.1d,cfos
7369,"Posterior auditory area, layer 6b",positive,35,BRAC5872.1d,cfos
7370,Posterior complex of the thalamus,negative,21,BRAC5872.1d,cfos
7371,Posterior complex of the thalamus,positive,6218,BRAC5872.1d,cfos
7372,Posterior hypothalamic nucleus,negative,135,BRAC5872.1d,cfos
7373,Posterior hypothalamic nucleus,positive,3413,BRAC5872.1d,cfos
7374,Posterior intralaminar thalamic nucleus,negative,0,BRAC5872.1d,cfos
7375,Posterior intralaminar thalamic nucleus,positive,149,BRAC5872.1d,cfos
7376,Posterior limiting nucleus of the thalamus,negative,7,BRAC5872.1d,cfos
7377,Posterior limiting nucleus of the thalamus,positive,486,BRAC5872.1d,cfos
7378,Posterior pretectal nucleus,negative,1,BRAC5872.1d,cfos
7379,Posterior pretectal nucleus,positive,608,BRAC5872.1d,cfos
7380,Posterior triangular thalamic nucleus,negative,3,BRAC5872.1d,cfos
7381,Posterior triangular thalamic nucleus,positive,1398,BRAC5872.1d,cfos
7382,Posterodorsal preoptic nucleus,negative,0,BRAC5872.1d,cfos
7383,Posterodorsal preoptic nucleus,positive,102,BRAC5872.1d,cfos
7384,Postpiriform transition area,negative,0,BRAC5872.1d,cfos
7385,Postpiriform transition area,positive,873,BRAC5872.1d,cfos
7386,Postsubiculum,negative,1,BRAC5872.1d,cfos
7387,Postsubiculum,positive,2,BRAC5872.1d,cfos
7388,Precommissural nucleus,negative,28,BRAC5872.1d,cfos
7389,Precommissural nucleus,positive,947,BRAC5872.1d,cfos
7390,Preparasubthalamic nucleus,negative,0,BRAC5872.1d,cfos
7391,Preparasubthalamic nucleus,positive,51,BRAC5872.1d,cfos
7392,"Primary auditory area, layer 1",negative,19,BRAC5872.1d,cfos
7393,"Primary auditory area, layer 1",positive,890,BRAC5872.1d,cfos
7394,"Primary auditory area, layer 2/3",negative,11,BRAC5872.1d,cfos
7395,"Primary auditory area, layer 2/3",positive,1511,BRAC5872.1d,cfos
7396,"Primary auditory area, layer 4",negative,10,BRAC5872.1d,cfos
7397,"Primary auditory area, layer 4",positive,1155,BRAC5872.1d,cfos
7398,"Primary auditory area, layer 5",negative,31,BRAC5872.1d,cfos
7399,"Primary auditory area, layer 5",positive,2664,BRAC5872.1d,cfos
7400,"Primary auditory area, layer 6a",negative,15,BRAC5872.1d,cfos
7401,"Primary auditory area, layer 6a",positive,1270,BRAC5872.1d,cfos
7402,"Primary auditory area, layer 6b",negative,4,BRAC5872.1d,cfos
7403,"Primary auditory area, layer 6b",positive,146,BRAC5872.1d,cfos
7404,"Primary motor area, Layer 1",negative,52,BRAC5872.1d,cfos
7405,"Primary motor area, Layer 1",positive,1326,BRAC5872.1d,cfos
7406,"Primary motor area, Layer 2/3",negative,154,BRAC5872.1d,cfos
7407,"Primary motor area, Layer 2/3",positive,5541,BRAC5872.1d,cfos
7408,"Primary motor area, Layer 5",negative,148,BRAC5872.1d,cfos
7409,"Primary motor area, Layer 5",positive,8065,BRAC5872.1d,cfos
7410,"Primary motor area, Layer 6a",negative,185,BRAC5872.1d,cfos
7411,"Primary motor area, Layer 6a",positive,7398,BRAC5872.1d,cfos
7412,"Primary motor area, Layer 6b",negative,15,BRAC5872.1d,cfos
7413,"Primary motor area, Layer 6b",positive,563,BRAC5872.1d,cfos
7414,"Primary somatosensory area, barrel field, layer 1",negative,13,BRAC5872.1d,cfos
7415,"Primary somatosensory area, barrel field, layer 1",positive,2739,BRAC5872.1d,cfos
7416,"Primary somatosensory area, barrel field, layer 2/3",negative,8,BRAC5872.1d,cfos
7417,"Primary somatosensory area, barrel field, layer 2/3",positive,6633,BRAC5872.1d,cfos
7418,"Primary somatosensory area, barrel field, layer 4",negative,13,BRAC5872.1d,cfos
7419,"Primary somatosensory area, barrel field, layer 4",positive,6888,BRAC5872.1d,cfos
7420,"Primary somatosensory area, barrel field, layer 5",negative,26,BRAC5872.1d,cfos
7421,"Primary somatosensory area, barrel field, layer 5",positive,6375,BRAC5872.1d,cfos
7422,"Primary somatosensory area, barrel field, layer 6a",negative,137,BRAC5872.1d,cfos
7423,"Primary somatosensory area, barrel field, layer 6a",positive,4531,BRAC5872.1d,cfos
7424,"Primary somatosensory area, barrel field, layer 6b",negative,12,BRAC5872.1d,cfos
7425,"Primary somatosensory area, barrel field, layer 6b",positive,441,BRAC5872.1d,cfos
7426,"Primary somatosensory area, lower limb, layer 1",negative,0,BRAC5872.1d,cfos
7427,"Primary somatosensory area, lower limb, layer 1",positive,787,BRAC5872.1d,cfos
7428,"Primary somatosensory area, lower limb, layer 2/3",negative,5,BRAC5872.1d,cfos
7429,"Primary somatosensory area, lower limb, layer 2/3",positive,2859,BRAC5872.1d,cfos
7430,"Primary somatosensory area, lower limb, layer 4",negative,2,BRAC5872.1d,cfos
7431,"Primary somatosensory area, lower limb, layer 4",positive,1083,BRAC5872.1d,cfos
7432,"Primary somatosensory area, lower limb, layer 5",negative,4,BRAC5872.1d,cfos
7433,"Primary somatosensory area, lower limb, layer 5",positive,2926,BRAC5872.1d,cfos
7434,"Primary somatosensory area, lower limb, layer 6a",negative,66,BRAC5872.1d,cfos
7435,"Primary somatosensory area, lower limb, layer 6a",positive,1102,BRAC5872.1d,cfos
7436,"Primary somatosensory area, lower limb, layer 6b",negative,6,BRAC5872.1d,cfos
7437,"Primary somatosensory area, lower limb, layer 6b",positive,80,BRAC5872.1d,cfos
7438,"Primary somatosensory area, mouth, layer 1",negative,20,BRAC5872.1d,cfos
7439,"Primary somatosensory area, mouth, layer 1",positive,1411,BRAC5872.1d,cfos
7440,"Primary somatosensory area, mouth, layer 2/3",negative,12,BRAC5872.1d,cfos
7441,"Primary somatosensory area, mouth, layer 2/3",positive,3303,BRAC5872.1d,cfos
7442,"Primary somatosensory area, mouth, layer 4",negative,9,BRAC5872.1d,cfos
7443,"Primary somatosensory area, mouth, layer 4",positive,3783,BRAC5872.1d,cfos
7444,"Primary somatosensory area, mouth, layer 5",negative,16,BRAC5872.1d,cfos
7445,"Primary somatosensory area, mouth, layer 5",positive,4297,BRAC5872.1d,cfos
7446,"Primary somatosensory area, mouth, layer 6a",negative,19,BRAC5872.1d,cfos
7447,"Primary somatosensory area, mouth, layer 6a",positive,6121,BRAC5872.1d,cfos
7448,"Primary somatosensory area, mouth, layer 6b",negative,4,BRAC5872.1d,cfos
7449,"Primary somatosensory area, mouth, layer 6b",positive,369,BRAC5872.1d,cfos
7450,"Primary somatosensory area, nose, layer 1",negative,4,BRAC5872.1d,cfos
7451,"Primary somatosensory area, nose, layer 1",positive,1155,BRAC5872.1d,cfos
7452,"Primary somatosensory area, nose, layer 2/3",negative,23,BRAC5872.1d,cfos
7453,"Primary somatosensory area, nose, layer 2/3",positive,2022,BRAC5872.1d,cfos
7454,"Primary somatosensory area, nose, layer 4",negative,36,BRAC5872.1d,cfos
7455,"Primary somatosensory area, nose, layer 4",positive,2895,BRAC5872.1d,cfos
7456,"Primary somatosensory area, nose, layer 5",negative,9,BRAC5872.1d,cfos
7457,"Primary somatosensory area, nose, layer 5",positive,2363,BRAC5872.1d,cfos
7458,"Primary somatosensory area, nose, layer 6a",negative,8,BRAC5872.1d,cfos
7459,"Primary somatosensory area, nose, layer 6a",positive,3318,BRAC5872.1d,cfos
7460,"Primary somatosensory area, nose, layer 6b",negative,2,BRAC5872.1d,cfos
7461,"Primary somatosensory area, nose, layer 6b",positive,122,BRAC5872.1d,cfos
7462,"Primary somatosensory area, trunk, layer 1",negative,16,BRAC5872.1d,cfos
7463,"Primary somatosensory area, trunk, layer 1",positive,491,BRAC5872.1d,cfos
7464,"Primary somatosensory area, trunk, layer 2/3",negative,46,BRAC5872.1d,cfos
7465,"Primary somatosensory area, trunk, layer 2/3",positive,1325,BRAC5872.1d,cfos
7466,"Primary somatosensory area, trunk, layer 4",negative,4,BRAC5872.1d,cfos
7467,"Primary somatosensory area, trunk, layer 4",positive,740,BRAC5872.1d,cfos
7468,"Primary somatosensory area, trunk, layer 5",negative,17,BRAC5872.1d,cfos
7469,"Primary somatosensory area, trunk, layer 5",positive,2058,BRAC5872.1d,cfos
7470,"Primary somatosensory area, trunk, layer 6a",negative,34,BRAC5872.1d,cfos
7471,"Primary somatosensory area, trunk, layer 6a",positive,821,BRAC5872.1d,cfos
7472,"Primary somatosensory area, trunk, layer 6b",negative,3,BRAC5872.1d,cfos
7473,"Primary somatosensory area, trunk, layer 6b",positive,132,BRAC5872.1d,cfos
7474,"Primary somatosensory area, unassigned, layer 1",negative,0,BRAC5872.1d,cfos
7475,"Primary somatosensory area, unassigned, layer 1",positive,459,BRAC5872.1d,cfos
7476,"Primary somatosensory area, unassigned, layer 2/3",negative,1,BRAC5872.1d,cfos
7477,"Primary somatosensory area, unassigned, layer 2/3",positive,1210,BRAC5872.1d,cfos
7478,"Primary somatosensory area, unassigned, layer 4",negative,8,BRAC5872.1d,cfos
7479,"Primary somatosensory area, unassigned, layer 4",positive,805,BRAC5872.1d,cfos
7480,"Primary somatosensory area, unassigned, layer 5",negative,14,BRAC5872.1d,cfos
7481,"Primary somatosensory area, unassigned, layer 5",positive,1380,BRAC5872.1d,cfos
7482,"Primary somatosensory area, unassigned, layer 6a",negative,26,BRAC5872.1d,cfos
7483,"Primary somatosensory area, unassigned, layer 6a",positive,1087,BRAC5872.1d,cfos
7484,"Primary somatosensory area, unassigned, layer 6b",negative,1,BRAC5872.1d,cfos
7485,"Primary somatosensory area, unassigned, layer 6b",positive,106,BRAC5872.1d,cfos
7486,"Primary somatosensory area, upper limb, layer 1",negative,3,BRAC5872.1d,cfos
7487,"Primary somatosensory area, upper limb, layer 1",positive,1428,BRAC5872.1d,cfos
7488,"Primary somatosensory area, upper limb, layer 2/3",negative,13,BRAC5872.1d,cfos
7489,"Primary somatosensory area, upper limb, layer 2/3",positive,3436,BRAC5872.1d,cfos
7490,"Primary somatosensory area, upper limb, layer 4",negative,4,BRAC5872.1d,cfos
7491,"Primary somatosensory area, upper limb, layer 4",positive,2017,BRAC5872.1d,cfos
7492,"Primary somatosensory area, upper limb, layer 5",negative,8,BRAC5872.1d,cfos
7493,"Primary somatosensory area, upper limb, layer 5",positive,3874,BRAC5872.1d,cfos
7494,"Primary somatosensory area, upper limb, layer 6a",negative,113,BRAC5872.1d,cfos
7495,"Primary somatosensory area, upper limb, layer 6a",positive,2686,BRAC5872.1d,cfos
7496,"Primary somatosensory area, upper limb, layer 6b",negative,5,BRAC5872.1d,cfos
7497,"Primary somatosensory area, upper limb, layer 6b",positive,282,BRAC5872.1d,cfos
7498,"Primary visual area, layer 1",negative,4,BRAC5872.1d,cfos
7499,"Primary visual area, layer 1",positive,753,BRAC5872.1d,cfos
7500,"Primary visual area, layer 2/3",negative,3,BRAC5872.1d,cfos
7501,"Primary visual area, layer 2/3",positive,1484,BRAC5872.1d,cfos
7502,"Primary visual area, layer 4",negative,2,BRAC5872.1d,cfos
7503,"Primary visual area, layer 4",positive,1282,BRAC5872.1d,cfos
7504,"Primary visual area, layer 5",negative,37,BRAC5872.1d,cfos
7505,"Primary visual area, layer 5",positive,1715,BRAC5872.1d,cfos
7506,"Primary visual area, layer 6a",negative,3,BRAC5872.1d,cfos
7507,"Primary visual area, layer 6a",positive,1066,BRAC5872.1d,cfos
7508,"Primary visual area, layer 6b",negative,3,BRAC5872.1d,cfos
7509,"Primary visual area, layer 6b",positive,185,BRAC5872.1d,cfos
7510,Prosubiculum,negative,20,BRAC5872.1d,cfos
7511,Prosubiculum,positive,594,BRAC5872.1d,cfos
7512,Red nucleus,negative,1,BRAC5872.1d,cfos
7513,Red nucleus,positive,187,BRAC5872.1d,cfos
7514,Reticular nucleus of the thalamus,negative,23,BRAC5872.1d,cfos
7515,Reticular nucleus of the thalamus,positive,5793,BRAC5872.1d,cfos
7516,Retrochiasmatic area,negative,123,BRAC5872.1d,cfos
7517,Retrochiasmatic area,positive,143,BRAC5872.1d,cfos
7518,Retroparafascicular nucleus,negative,0,BRAC5872.1d,cfos
7519,Retroparafascicular nucleus,positive,286,BRAC5872.1d,cfos
7520,"Retrosplenial area, dorsal part, layer 1",negative,85,BRAC5872.1d,cfos
7521,"Retrosplenial area, dorsal part, layer 1",positive,885,BRAC5872.1d,cfos
7522,"Retrosplenial area, dorsal part, layer 2/3",negative,162,BRAC5872.1d,cfos
7523,"Retrosplenial area, dorsal part, layer 2/3",positive,2864,BRAC5872.1d,cfos
7524,"Retrosplenial area, dorsal part, layer 5",negative,89,BRAC5872.1d,cfos
7525,"Retrosplenial area, dorsal part, layer 5",positive,4605,BRAC5872.1d,cfos
7526,"Retrosplenial area, dorsal part, layer 6a",negative,33,BRAC5872.1d,cfos
7527,"Retrosplenial area, dorsal part, layer 6a",positive,1961,BRAC5872.1d,cfos
7528,"Retrosplenial area, dorsal part, layer 6b",negative,0,BRAC5872.1d,cfos
7529,"Retrosplenial area, dorsal part, layer 6b",positive,79,BRAC5872.1d,cfos
7530,"Retrosplenial area, lateral agranular part, layer 1",negative,42,BRAC5872.1d,cfos
7531,"Retrosplenial area, lateral agranular part, layer 1",positive,525,BRAC5872.1d,cfos
7532,"Retrosplenial area, lateral agranular part, layer 2/3",negative,70,BRAC5872.1d,cfos
7533,"Retrosplenial area, lateral agranular part, layer 2/3",positive,1528,BRAC5872.1d,cfos
7534,"Retrosplenial area, lateral agranular part, layer 5",negative,58,BRAC5872.1d,cfos
7535,"Retrosplenial area, lateral agranular part, layer 5",positive,2651,BRAC5872.1d,cfos
7536,"Retrosplenial area, lateral agranular part, layer 6a",negative,40,BRAC5872.1d,cfos
7537,"Retrosplenial area, lateral agranular part, layer 6a",positive,1136,BRAC5872.1d,cfos
7538,"Retrosplenial area, lateral agranular part, layer 6b",negative,5,BRAC5872.1d,cfos
7539,"Retrosplenial area, lateral agranular part, layer 6b",positive,119,BRAC5872.1d,cfos
7540,"Retrosplenial area, ventral part, layer 1",negative,76,BRAC5872.1d,cfos
7541,"Retrosplenial area, ventral part, layer 1",positive,2091,BRAC5872.1d,cfos
7542,"Retrosplenial area, ventral part, layer 2/3",negative,69,BRAC5872.1d,cfos
7543,"Retrosplenial area, ventral part, layer 2/3",positive,4376,BRAC5872.1d,cfos
7544,"Retrosplenial area, ventral part, layer 5",negative,76,BRAC5872.1d,cfos
7545,"Retrosplenial area, ventral part, layer 5",positive,9679,BRAC5872.1d,cfos
7546,"Retrosplenial area, ventral part, layer 6a",negative,31,BRAC5872.1d,cfos
7547,"Retrosplenial area, ventral part, layer 6a",positive,2481,BRAC5872.1d,cfos
7548,"Retrosplenial area, ventral part, layer 6b",negative,1,BRAC5872.1d,cfos
7549,"Retrosplenial area, ventral part, layer 6b",positive,138,BRAC5872.1d,cfos
7550,Rhomboid nucleus,negative,31,BRAC5872.1d,cfos
7551,Rhomboid nucleus,positive,770,BRAC5872.1d,cfos
7552,Rostral linear nucleus raphe,negative,0,BRAC5872.1d,cfos
7553,Rostral linear nucleus raphe,positive,6,BRAC5872.1d,cfos
7554,"Rostrolateral area, layer 1",negative,5,BRAC5872.1d,cfos
7555,"Rostrolateral area, layer 1",positive,573,BRAC5872.1d,cfos
7556,"Rostrolateral area, layer 2/3",negative,3,BRAC5872.1d,cfos
7557,"Rostrolateral area, layer 2/3",positive,1390,BRAC5872.1d,cfos
7558,"Rostrolateral area, layer 4",negative,0,BRAC5872.1d,cfos
7559,"Rostrolateral area, layer 4",positive,1009,BRAC5872.1d,cfos
7560,"Rostrolateral area, layer 5",negative,1,BRAC5872.1d,cfos
7561,"Rostrolateral area, layer 5",positive,1503,BRAC5872.1d,cfos
7562,"Rostrolateral area, layer 6a",negative,8,BRAC5872.1d,cfos
7563,"Rostrolateral area, layer 6a",positive,800,BRAC5872.1d,cfos
7564,"Rostrolateral area, layer 6b",negative,1,BRAC5872.1d,cfos
7565,"Rostrolateral area, layer 6b",positive,153,BRAC5872.1d,cfos
7566,"Secondary motor area, layer 1",negative,40,BRAC5872.1d,cfos
7567,"Secondary motor area, layer 1",positive,1109,BRAC5872.1d,cfos
7568,"Secondary motor area, layer 2/3",negative,211,BRAC5872.1d,cfos
7569,"Secondary motor area, layer 2/3",positive,4387,BRAC5872.1d,cfos
7570,"Secondary motor area, layer 5",negative,370,BRAC5872.1d,cfos
7571,"Secondary motor area, layer 5",positive,6746,BRAC5872.1d,cfos
7572,"Secondary motor area, layer 6a",negative,116,BRAC5872.1d,cfos
7573,"Secondary motor area, layer 6a",positive,3741,BRAC5872.1d,cfos
7574,"Secondary motor area, layer 6b",negative,7,BRAC5872.1d,cfos
7575,"Secondary motor area, layer 6b",positive,120,BRAC5872.1d,cfos
7576,Septofimbrial nucleus,negative,123,BRAC5872.1d,cfos
7577,Septofimbrial nucleus,positive,1010,BRAC5872.1d,cfos
7578,Septohippocampal nucleus,negative,25,BRAC5872.1d,cfos
7579,Septohippocampal nucleus,positive,129,BRAC5872.1d,cfos
7580,Striatum,negative,435,BRAC5872.1d,cfos
7581,Striatum,positive,8197,BRAC5872.1d,cfos
7582,Subcommissural organ,negative,8,BRAC5872.1d,cfos
7583,Subcommissural organ,positive,53,BRAC5872.1d,cfos
7584,Subfornical organ,negative,2,BRAC5872.1d,cfos
7585,Subfornical organ,positive,39,BRAC5872.1d,cfos
7586,Subgeniculate nucleus,negative,0,BRAC5872.1d,cfos
7587,Subgeniculate nucleus,positive,155,BRAC5872.1d,cfos
7588,Subiculum,negative,63,BRAC5872.1d,cfos
7589,Subiculum,positive,2200,BRAC5872.1d,cfos
7590,Submedial nucleus of the thalamus,negative,40,BRAC5872.1d,cfos
7591,Submedial nucleus of the thalamus,positive,1694,BRAC5872.1d,cfos
7592,Subparafascicular area,negative,9,BRAC5872.1d,cfos
7593,Subparafascicular area,positive,632,BRAC5872.1d,cfos
7594,"Subparafascicular nucleus, magnocellular part",negative,3,BRAC5872.1d,cfos
7595,"Subparafascicular nucleus, magnocellular part",positive,409,BRAC5872.1d,cfos
7596,"Subparafascicular nucleus, parvicellular part",negative,0,BRAC5872.1d,cfos
7597,"Subparafascicular nucleus, parvicellular part",positive,744,BRAC5872.1d,cfos
7598,Subparaventricular zone,negative,101,BRAC5872.1d,cfos
7599,Subparaventricular zone,positive,666,BRAC5872.1d,cfos
7600,Substantia innominata,negative,134,BRAC5872.1d,cfos
7601,Substantia innominata,positive,8630,BRAC5872.1d,cfos
7602,"Substantia nigra, compact part",negative,2,BRAC5872.1d,cfos
7603,"Substantia nigra, compact part",positive,318,BRAC5872.1d,cfos
7604,"Substantia nigra, reticular part",negative,24,BRAC5872.1d,cfos
7605,"Substantia nigra, reticular part",positive,1259,BRAC5872.1d,cfos
7606,Subthalamic nucleus,negative,2,BRAC5872.1d,cfos
7607,Subthalamic nucleus,positive,1018,BRAC5872.1d,cfos
7608,"Superior colliculus, motor related, deep gray layer",negative,0,BRAC5872.1d,cfos
7609,"Superior colliculus, motor related, deep gray layer",positive,21,BRAC5872.1d,cfos
7610,"Superior colliculus, motor related, deep white layer",negative,0,BRAC5872.1d,cfos
7611,"Superior colliculus, motor related, deep white layer",positive,24,BRAC5872.1d,cfos
7612,"Superior colliculus, motor related, intermediate gray layer",negative,0,BRAC5872.1d,cfos
7613,"Superior colliculus, motor related, intermediate gray layer",positive,528,BRAC5872.1d,cfos
7614,"Superior colliculus, motor related, intermediate white layer",negative,0,BRAC5872.1d,cfos
7615,"Superior colliculus, motor related, intermediate white layer",positive,227,BRAC5872.1d,cfos
7616,"Superior colliculus, optic layer",negative,0,BRAC5872.1d,cfos
7617,"Superior colliculus, optic layer",positive,178,BRAC5872.1d,cfos
7618,"Superior colliculus, superficial gray layer",negative,0,BRAC5872.1d,cfos
7619,"Superior colliculus, superficial gray layer",positive,107,BRAC5872.1d,cfos
7620,"Superior colliculus, zonal layer",negative,0,BRAC5872.1d,cfos
7621,"Superior colliculus, zonal layer",positive,56,BRAC5872.1d,cfos
7622,"Supplemental somatosensory area, layer 1",negative,32,BRAC5872.1d,cfos
7623,"Supplemental somatosensory area, layer 1",positive,2827,BRAC5872.1d,cfos
7624,"Supplemental somatosensory area, layer 2/3",negative,13,BRAC5872.1d,cfos
7625,"Supplemental somatosensory area, layer 2/3",positive,5178,BRAC5872.1d,cfos
7626,"Supplemental somatosensory area, layer 4",negative,7,BRAC5872.1d,cfos
7627,"Supplemental somatosensory area, layer 4",positive,4747,BRAC5872.1d,cfos
7628,"Supplemental somatosensory area, layer 5",negative,33,BRAC5872.1d,cfos
7629,"Supplemental somatosensory area, layer 5",positive,6843,BRAC5872.1d,cfos
7630,"Supplemental somatosensory area, layer 6a",negative,80,BRAC5872.1d,cfos
7631,"Supplemental somatosensory area, layer 6a",positive,6571,BRAC5872.1d,cfos
7632,"Supplemental somatosensory area, layer 6b",negative,13,BRAC5872.1d,cfos
7633,"Supplemental somatosensory area, layer 6b",positive,554,BRAC5872.1d,cfos
7634,Suprachiasmatic nucleus,negative,178,BRAC5872.1d,cfos
7635,Suprachiasmatic nucleus,positive,210,BRAC5872.1d,cfos
7636,Suprageniculate nucleus,negative,0,BRAC5872.1d,cfos
7637,Suprageniculate nucleus,positive,355,BRAC5872.1d,cfos
7638,Supramammillary nucleus,negative,39,BRAC5872.1d,cfos
7639,Supramammillary nucleus,positive,552,BRAC5872.1d,cfos
7640,Supraoptic nucleus,negative,66,BRAC5872.1d,cfos
7641,Supraoptic nucleus,positive,85,BRAC5872.1d,cfos
7642,"Taenia tecta, dorsal part",negative,7,BRAC5872.1d,cfos
7643,"Taenia tecta, dorsal part",positive,174,BRAC5872.1d,cfos
7644,"Temporal association areas, layer 1",negative,38,BRAC5872.1d,cfos
7645,"Temporal association areas, layer 1",positive,498,BRAC5872.1d,cfos
7646,"Temporal association areas, layer 2/3",negative,27,BRAC5872.1d,cfos
7647,"Temporal association areas, layer 2/3",positive,775,BRAC5872.1d,cfos
7648,"Temporal association areas, layer 4",negative,6,BRAC5872.1d,cfos
7649,"Temporal association areas, layer 4",positive,371,BRAC5872.1d,cfos
7650,"Temporal association areas, layer 5",negative,67,BRAC5872.1d,cfos
7651,"Temporal association areas, layer 5",positive,1636,BRAC5872.1d,cfos
7652,"Temporal association areas, layer 6a",negative,35,BRAC5872.1d,cfos
7653,"Temporal association areas, layer 6a",positive,1125,BRAC5872.1d,cfos
7654,"Temporal association areas, layer 6b",negative,0,BRAC5872.1d,cfos
7655,"Temporal association areas, layer 6b",positive,106,BRAC5872.1d,cfos
7656,Thalamus,negative,68,BRAC5872.1d,cfos
7657,Thalamus,positive,4001,BRAC5872.1d,cfos
7658,Triangular nucleus of septum,negative,47,BRAC5872.1d,cfos
7659,Triangular nucleus of septum,positive,594,BRAC5872.1d,cfos
7660,Tuberal nucleus,negative,399,BRAC5872.1d,cfos
7661,Tuberal nucleus,positive,1291,BRAC5872.1d,cfos
7662,"Tuberomammillary nucleus, dorsal part",negative,43,BRAC5872.1d,cfos
7663,"Tuberomammillary nucleus, dorsal part",positive,82,BRAC5872.1d,cfos
7664,"Tuberomammillary nucleus, ventral part",negative,43,BRAC5872.1d,cfos
7665,"Tuberomammillary nucleus, ventral part",positive,388,BRAC5872.1d,cfos
7666,Vascular organ of the lamina terminalis,negative,8,BRAC5872.1d,cfos
7667,Vascular organ of the lamina terminalis,positive,23,BRAC5872.1d,cfos
7668,Ventral anterior-lateral complex of the thalamus,negative,25,BRAC5872.1d,cfos
7669,Ventral anterior-lateral complex of the thalamus,positive,4981,BRAC5872.1d,cfos
7670,"Ventral auditory area, layer 1",negative,14,BRAC5872.1d,cfos
7671,"Ventral auditory area, layer 1",positive,622,BRAC5872.1d,cfos
7672,"Ventral auditory area, layer 2/3",negative,10,BRAC5872.1d,cfos
7673,"Ventral auditory area, layer 2/3",positive,1170,BRAC5872.1d,cfos
7674,"Ventral auditory area, layer 4",negative,6,BRAC5872.1d,cfos
7675,"Ventral auditory area, layer 4",positive,827,BRAC5872.1d,cfos
7676,"Ventral auditory area, layer 5",negative,14,BRAC5872.1d,cfos
7677,"Ventral auditory area, layer 5",positive,1583,BRAC5872.1d,cfos
7678,"Ventral auditory area, layer 6a",negative,11,BRAC5872.1d,cfos
7679,"Ventral auditory area, layer 6a",positive,887,BRAC5872.1d,cfos
7680,"Ventral auditory area, layer 6b",negative,1,BRAC5872.1d,cfos
7681,"Ventral auditory area, layer 6b",positive,65,BRAC5872.1d,cfos
7682,Ventral medial nucleus of the thalamus,negative,10,BRAC5872.1d,cfos
7683,Ventral medial nucleus of the thalamus,positive,4008,BRAC5872.1d,cfos
7684,Ventral part of the lateral geniculate complex,negative,24,BRAC5872.1d,cfos
7685,Ventral part of the lateral geniculate complex,positive,1981,BRAC5872.1d,cfos
7686,Ventral posterolateral nucleus of the thalamus,negative,11,BRAC5872.1d,cfos
7687,Ventral posterolateral nucleus of the thalamus,positive,5231,BRAC5872.1d,cfos
7688,"Ventral posterolateral nucleus of the thalamus, parvicellular part",negative,1,BRAC5872.1d,cfos
7689,"Ventral posterolateral nucleus of the thalamus, parvicellular part",positive,390,BRAC5872.1d,cfos
7690,Ventral posteromedial nucleus of the thalamus,negative,32,BRAC5872.1d,cfos
7691,Ventral posteromedial nucleus of the thalamus,positive,11964,BRAC5872.1d,cfos
7692,"Ventral posteromedial nucleus of the thalamus, parvicellular part",negative,31,BRAC5872.1d,cfos
7693,"Ventral posteromedial nucleus of the thalamus, parvicellular part",positive,889,BRAC5872.1d,cfos
7694,Ventral premammillary nucleus,negative,9,BRAC5872.1d,cfos
7695,Ventral premammillary nucleus,positive,771,BRAC5872.1d,cfos
7696,Ventral tegmental area,negative,6,BRAC5872.1d,cfos
7697,Ventral tegmental area,positive,487,BRAC5872.1d,cfos
7698,Ventrolateral preoptic nucleus,negative,5,BRAC5872.1d,cfos
7699,Ventrolateral preoptic nucleus,positive,158,BRAC5872.1d,cfos
7700,Ventromedial hypothalamic nucleus,negative,484,BRAC5872.1d,cfos
7701,Ventromedial hypothalamic nucleus,positive,1513,BRAC5872.1d,cfos
7702,Ventromedial preoptic nucleus,negative,48,BRAC5872.1d,cfos
7703,Ventromedial preoptic nucleus,positive,250,BRAC5872.1d,cfos
7704,"Visceral area, layer 1",negative,10,BRAC5872.1d,cfos
7705,"Visceral area, layer 1",positive,721,BRAC5872.1d,cfos
7706,"Visceral area, layer 2/3",negative,13,BRAC5872.1d,cfos
7707,"Visceral area, layer 2/3",positive,1409,BRAC5872.1d,cfos
7708,"Visceral area, layer 4",negative,12,BRAC5872.1d,cfos
7709,"Visceral area, layer 4",positive,486,BRAC5872.1d,cfos
7710,"Visceral area, layer 5",negative,25,BRAC5872.1d,cfos
7711,"Visceral area, layer 5",positive,1757,BRAC5872.1d,cfos
7712,"Visceral area, layer 6a",negative,119,BRAC5872.1d,cfos
7713,"Visceral area, layer 6a",positive,1404,BRAC5872.1d,cfos
7714,"Visceral area, layer 6b",negative,12,BRAC5872.1d,cfos
7715,"Visceral area, layer 6b",positive,168,BRAC5872.1d,cfos
7716,Xiphoid thalamic nucleus,negative,12,BRAC5872.1d,cfos
7717,Xiphoid thalamic nucleus,positive,638,BRAC5872.1d,cfos
7718,Zona incerta,negative,25,BRAC5872.1d,cfos
7719,Zona incerta,positive,6678,BRAC5872.1d,cfos
7720,alveus,negative,50,BRAC5872.1d,cfos
7721,alveus,positive,3051,BRAC5872.1d,cfos
7722,amygdalar capsule,negative,35,BRAC5872.1d,cfos
7723,amygdalar capsule,positive,521,BRAC5872.1d,cfos
7724,"anterior commissure, olfactory limb",negative,17,BRAC5872.1d,cfos
7725,"anterior commissure, olfactory limb",positive,1308,BRAC5872.1d,cfos
7726,"anterior commissure, temporal limb",negative,22,BRAC5872.1d,cfos
7727,"anterior commissure, temporal limb",positive,476,BRAC5872.1d,cfos
7728,auditory radiation,negative,22,BRAC5872.1d,cfos
7729,auditory radiation,positive,962,BRAC5872.1d,cfos
7730,brachium of the superior colliculus,negative,42,BRAC5872.1d,cfos
7731,brachium of the superior colliculus,positive,201,BRAC5872.1d,cfos
7732,cerebal peduncle,negative,22,BRAC5872.1d,cfos
7733,cerebal peduncle,positive,970,BRAC5872.1d,cfos
7734,cerebral aqueduct,negative,2,BRAC5872.1d,cfos
7735,cerebral aqueduct,positive,46,BRAC5872.1d,cfos
7736,choroid plexus,negative,105,BRAC5872.1d,cfos
7737,choroid plexus,positive,513,BRAC5872.1d,cfos
7738,cingulum bundle,negative,118,BRAC5872.1d,cfos
7739,cingulum bundle,positive,4630,BRAC5872.1d,cfos
7740,columns of the fornix,negative,26,BRAC5872.1d,cfos
7741,columns of the fornix,positive,1166,BRAC5872.1d,cfos
7742,commissural branch of stria terminalis,negative,4,BRAC5872.1d,cfos
7743,commissural branch of stria terminalis,positive,135,BRAC5872.1d,cfos
7744,"corpus callosum, anterior forceps",negative,24,BRAC5872.1d,cfos
7745,"corpus callosum, anterior forceps",positive,267,BRAC5872.1d,cfos
7746,"corpus callosum, body",negative,311,BRAC5872.1d,cfos
7747,"corpus callosum, body",positive,6737,BRAC5872.1d,cfos
7748,"corpus callosum, extreme capsule",negative,23,BRAC5872.1d,cfos
7749,"corpus callosum, extreme capsule",positive,451,BRAC5872.1d,cfos
7750,"corpus callosum, posterior forceps",negative,71,BRAC5872.1d,cfos
7751,"corpus callosum, posterior forceps",positive,3199,BRAC5872.1d,cfos
7752,"corpus callosum, splenium",negative,36,BRAC5872.1d,cfos
7753,"corpus callosum, splenium",positive,1780,BRAC5872.1d,cfos
7754,dorsal fornix,negative,1,BRAC5872.1d,cfos
7755,dorsal fornix,positive,116,BRAC5872.1d,cfos
7756,dorsal hippocampal commissure,negative,93,BRAC5872.1d,cfos
7757,dorsal hippocampal commissure,positive,1548,BRAC5872.1d,cfos
7758,external capsule,negative,70,BRAC5872.1d,cfos
7759,external capsule,positive,1569,BRAC5872.1d,cfos
7760,external medullary lamina of the thalamus,negative,0,BRAC5872.1d,cfos
7761,external medullary lamina of the thalamus,positive,655,BRAC5872.1d,cfos
7762,fasciculus retroflexus,negative,21,BRAC5872.1d,cfos
7763,fasciculus retroflexus,positive,666,BRAC5872.1d,cfos
7764,fiber tracts,negative,359,BRAC5872.1d,cfos
7765,fiber tracts,positive,3158,BRAC5872.1d,cfos
7766,fimbria,negative,49,BRAC5872.1d,cfos
7767,fimbria,positive,2615,BRAC5872.1d,cfos
7768,genu of corpus callosum,negative,138,BRAC5872.1d,cfos
7769,genu of corpus callosum,positive,1839,BRAC5872.1d,cfos
7770,habenular commissure,negative,30,BRAC5872.1d,cfos
7771,habenular commissure,positive,81,BRAC5872.1d,cfos
7772,internal capsule,negative,69,BRAC5872.1d,cfos
7773,internal capsule,positive,4006,BRAC5872.1d,cfos
7774,"lateral olfactory tract, body",negative,23,BRAC5872.1d,cfos
7775,"lateral olfactory tract, body",positive,855,BRAC5872.1d,cfos
7776,lateral ventricle,negative,276,BRAC5872.1d,cfos
7777,lateral ventricle,positive,2693,BRAC5872.1d,cfos
7778,mammillary peduncle,negative,1,BRAC5872.1d,cfos
7779,mammillary peduncle,positive,0,BRAC5872.1d,cfos
7780,mammillotegmental tract,negative,0,BRAC5872.1d,cfos
7781,mammillotegmental tract,positive,54,BRAC5872.1d,cfos
7782,mammillothalamic tract,negative,3,BRAC5872.1d,cfos
7783,mammillothalamic tract,positive,505,BRAC5872.1d,cfos
7784,medial corticohypothalamic tract,negative,0,BRAC5872.1d,cfos
7785,medial corticohypothalamic tract,positive,41,BRAC5872.1d,cfos
7786,medial forebrain bundle,negative,0,BRAC5872.1d,cfos
7787,medial forebrain bundle,positive,146,BRAC5872.1d,cfos
7788,medial lemniscus,negative,0,BRAC5872.1d,cfos
7789,medial lemniscus,positive,666,BRAC5872.1d,cfos
7790,nigrostriatal tract,negative,0,BRAC5872.1d,cfos
7791,nigrostriatal tract,positive,497,BRAC5872.1d,cfos
7792,optic chiasm,negative,19,BRAC5872.1d,cfos
7793,optic chiasm,positive,68,BRAC5872.1d,cfos
7794,optic nerve,negative,4,BRAC5872.1d,cfos
7795,optic nerve,positive,0,BRAC5872.1d,cfos
7796,optic radiation,negative,100,BRAC5872.1d,cfos
7797,optic radiation,positive,4267,BRAC5872.1d,cfos
7798,optic tract,negative,187,BRAC5872.1d,cfos
7799,optic tract,positive,1269,BRAC5872.1d,cfos
7800,posterior commissure,negative,6,BRAC5872.1d,cfos
7801,posterior commissure,positive,308,BRAC5872.1d,cfos
7802,"posteromedial visual area, layer 1",negative,23,BRAC5872.1d,cfos
7803,"posteromedial visual area, layer 1",positive,290,BRAC5872.1d,cfos
7804,"posteromedial visual area, layer 2/3",negative,0,BRAC5872.1d,cfos
7805,"posteromedial visual area, layer 2/3",positive,721,BRAC5872.1d,cfos
7806,"posteromedial visual area, layer 4",negative,0,BRAC5872.1d,cfos
7807,"posteromedial visual area, layer 4",positive,361,BRAC5872.1d,cfos
7808,"posteromedial visual area, layer 5",negative,1,BRAC5872.1d,cfos
7809,"posteromedial visual area, layer 5",positive,954,BRAC5872.1d,cfos
7810,"posteromedial visual area, layer 6a",negative,0,BRAC5872.1d,cfos
7811,"posteromedial visual area, layer 6a",positive,499,BRAC5872.1d,cfos
7812,"posteromedial visual area, layer 6b",negative,0,BRAC5872.1d,cfos
7813,"posteromedial visual area, layer 6b",positive,78,BRAC5872.1d,cfos
7814,principal mammillary tract,negative,0,BRAC5872.1d,cfos
7815,principal mammillary tract,positive,151,BRAC5872.1d,cfos
7816,root,negative,480,BRAC5872.1d,cfos
7817,root,positive,3009,BRAC5872.1d,cfos
7818,stria medullaris,negative,6,BRAC5872.1d,cfos
7819,stria medullaris,positive,1584,BRAC5872.1d,cfos
7820,stria terminalis,negative,41,BRAC5872.1d,cfos
7821,stria terminalis,positive,779,BRAC5872.1d,cfos
7822,subependymal zone,negative,24,BRAC5872.1d,cfos
7823,subependymal zone,positive,100,BRAC5872.1d,cfos
7824,superior colliculus commissure,negative,0,BRAC5872.1d,cfos
7825,superior colliculus commissure,positive,25,BRAC5872.1d,cfos
7826,supra-callosal cerebral white matter,negative,39,BRAC5872.1d,cfos
7827,supra-callosal cerebral white matter,positive,2708,BRAC5872.1d,cfos
7828,supraoptic commissures,negative,5,BRAC5872.1d,cfos
7829,supraoptic commissures,positive,45,BRAC5872.1d,cfos
7830,third ventricle,negative,276,BRAC5872.1d,cfos
7831,third ventricle,positive,1673,BRAC5872.1d,cfos
7832,ventral hippocampal commissure,negative,6,BRAC5872.1d,cfos
7833,ventral hippocampal commissure,positive,177,BRAC5872.1d,cfos
7834,Accessory supraoptic group,negative,0,BRAC5872.1c,cfos
7835,Accessory supraoptic group,positive,15,BRAC5872.1c,cfos
7836,"Agranular insular area, dorsal part, layer 1",negative,4,BRAC5872.1c,cfos
7837,"Agranular insular area, dorsal part, layer 1",positive,114,BRAC5872.1c,cfos
7838,"Agranular insular area, dorsal part, layer 2/3",negative,25,BRAC5872.1c,cfos
7839,"Agranular insular area, dorsal part, layer 2/3",positive,438,BRAC5872.1c,cfos
7840,"Agranular insular area, dorsal part, layer 5",negative,61,BRAC5872.1c,cfos
7841,"Agranular insular area, dorsal part, layer 5",positive,1248,BRAC5872.1c,cfos
7842,"Agranular insular area, dorsal part, layer 6a",negative,59,BRAC5872.1c,cfos
7843,"Agranular insular area, dorsal part, layer 6a",positive,846,BRAC5872.1c,cfos
7844,"Agranular insular area, dorsal part, layer 6b",negative,4,BRAC5872.1c,cfos
7845,"Agranular insular area, dorsal part, layer 6b",positive,24,BRAC5872.1c,cfos
7846,"Agranular insular area, posterior part, layer 1",negative,37,BRAC5872.1c,cfos
7847,"Agranular insular area, posterior part, layer 1",positive,619,BRAC5872.1c,cfos
7848,"Agranular insular area, posterior part, layer 2/3",negative,62,BRAC5872.1c,cfos
7849,"Agranular insular area, posterior part, layer 2/3",positive,1929,BRAC5872.1c,cfos
7850,"Agranular insular area, posterior part, layer 5",negative,79,BRAC5872.1c,cfos
7851,"Agranular insular area, posterior part, layer 5",positive,1698,BRAC5872.1c,cfos
7852,"Agranular insular area, posterior part, layer 6a",negative,94,BRAC5872.1c,cfos
7853,"Agranular insular area, posterior part, layer 6a",positive,1335,BRAC5872.1c,cfos
7854,"Agranular insular area, posterior part, layer 6b",negative,5,BRAC5872.1c,cfos
7855,"Agranular insular area, posterior part, layer 6b",positive,63,BRAC5872.1c,cfos
7856,"Agranular insular area, ventral part, layer 1",negative,3,BRAC5872.1c,cfos
7857,"Agranular insular area, ventral part, layer 1",positive,69,BRAC5872.1c,cfos
7858,"Agranular insular area, ventral part, layer 2/3",negative,2,BRAC5872.1c,cfos
7859,"Agranular insular area, ventral part, layer 2/3",positive,716,BRAC5872.1c,cfos
7860,"Agranular insular area, ventral part, layer 5",negative,16,BRAC5872.1c,cfos
7861,"Agranular insular area, ventral part, layer 5",positive,817,BRAC5872.1c,cfos
7862,"Agranular insular area, ventral part, layer 6a",negative,9,BRAC5872.1c,cfos
7863,"Agranular insular area, ventral part, layer 6a",positive,370,BRAC5872.1c,cfos
7864,"Agranular insular area, ventral part, layer 6b",negative,0,BRAC5872.1c,cfos
7865,"Agranular insular area, ventral part, layer 6b",positive,2,BRAC5872.1c,cfos
7866,Anterior amygdalar area,negative,22,BRAC5872.1c,cfos
7867,Anterior amygdalar area,positive,1221,BRAC5872.1c,cfos
7868,"Anterior area, layer 1",negative,2,BRAC5872.1c,cfos
7869,"Anterior area, layer 1",positive,732,BRAC5872.1c,cfos
7870,"Anterior area, layer 2/3",negative,6,BRAC5872.1c,cfos
7871,"Anterior area, layer 2/3",positive,1867,BRAC5872.1c,cfos
7872,"Anterior area, layer 4",negative,1,BRAC5872.1c,cfos
7873,"Anterior area, layer 4",positive,814,BRAC5872.1c,cfos
7874,"Anterior area, layer 5",negative,7,BRAC5872.1c,cfos
7875,"Anterior area, layer 5",positive,1694,BRAC5872.1c,cfos
7876,"Anterior area, layer 6a",negative,9,BRAC5872.1c,cfos
7877,"Anterior area, layer 6a",positive,802,BRAC5872.1c,cfos
7878,"Anterior area, layer 6b",negative,2,BRAC5872.1c,cfos
7879,"Anterior area, layer 6b",positive,130,BRAC5872.1c,cfos
7880,"Anterior cingulate area, dorsal part, layer 1",negative,14,BRAC5872.1c,cfos
7881,"Anterior cingulate area, dorsal part, layer 1",positive,803,BRAC5872.1c,cfos
7882,"Anterior cingulate area, dorsal part, layer 2/3",negative,8,BRAC5872.1c,cfos
7883,"Anterior cingulate area, dorsal part, layer 2/3",positive,1605,BRAC5872.1c,cfos
7884,"Anterior cingulate area, dorsal part, layer 5",negative,9,BRAC5872.1c,cfos
7885,"Anterior cingulate area, dorsal part, layer 5",positive,3914,BRAC5872.1c,cfos
7886,"Anterior cingulate area, dorsal part, layer 6a",negative,10,BRAC5872.1c,cfos
7887,"Anterior cingulate area, dorsal part, layer 6a",positive,1943,BRAC5872.1c,cfos
7888,"Anterior cingulate area, dorsal part, layer 6b",negative,0,BRAC5872.1c,cfos
7889,"Anterior cingulate area, dorsal part, layer 6b",positive,76,BRAC5872.1c,cfos
7890,"Anterior cingulate area, ventral part, 6a",negative,23,BRAC5872.1c,cfos
7891,"Anterior cingulate area, ventral part, 6a",positive,1133,BRAC5872.1c,cfos
7892,"Anterior cingulate area, ventral part, 6b",negative,2,BRAC5872.1c,cfos
7893,"Anterior cingulate area, ventral part, 6b",positive,191,BRAC5872.1c,cfos
7894,"Anterior cingulate area, ventral part, layer 1",negative,13,BRAC5872.1c,cfos
7895,"Anterior cingulate area, ventral part, layer 1",positive,701,BRAC5872.1c,cfos
7896,"Anterior cingulate area, ventral part, layer 2/3",negative,23,BRAC5872.1c,cfos
7897,"Anterior cingulate area, ventral part, layer 2/3",positive,1832,BRAC5872.1c,cfos
7898,"Anterior cingulate area, ventral part, layer 5",negative,27,BRAC5872.1c,cfos
7899,"Anterior cingulate area, ventral part, layer 5",positive,3909,BRAC5872.1c,cfos
7900,Anterior hypothalamic nucleus,negative,19,BRAC5872.1c,cfos
7901,Anterior hypothalamic nucleus,positive,2076,BRAC5872.1c,cfos
7902,Anterior pretectal nucleus,negative,13,BRAC5872.1c,cfos
7903,Anterior pretectal nucleus,positive,3188,BRAC5872.1c,cfos
7904,Anterodorsal nucleus,negative,0,BRAC5872.1c,cfos
7905,Anterodorsal nucleus,positive,1078,BRAC5872.1c,cfos
7906,Anterodorsal preoptic nucleus,negative,5,BRAC5872.1c,cfos
7907,Anterodorsal preoptic nucleus,positive,257,BRAC5872.1c,cfos
7908,"Anterolateral visual area, layer 1",negative,0,BRAC5872.1c,cfos
7909,"Anterolateral visual area, layer 1",positive,121,BRAC5872.1c,cfos
7910,"Anterolateral visual area, layer 2/3",negative,2,BRAC5872.1c,cfos
7911,"Anterolateral visual area, layer 2/3",positive,449,BRAC5872.1c,cfos
7912,"Anterolateral visual area, layer 4",negative,1,BRAC5872.1c,cfos
7913,"Anterolateral visual area, layer 4",positive,299,BRAC5872.1c,cfos
7914,"Anterolateral visual area, layer 5",negative,0,BRAC5872.1c,cfos
7915,"Anterolateral visual area, layer 5",positive,606,BRAC5872.1c,cfos
7916,"Anterolateral visual area, layer 6a",negative,0,BRAC5872.1c,cfos
7917,"Anterolateral visual area, layer 6a",positive,327,BRAC5872.1c,cfos
7918,"Anterolateral visual area, layer 6b",negative,0,BRAC5872.1c,cfos
7919,"Anterolateral visual area, layer 6b",positive,41,BRAC5872.1c,cfos
7920,"Anteromedial nucleus, dorsal part",negative,0,BRAC5872.1c,cfos
7921,"Anteromedial nucleus, dorsal part",positive,1201,BRAC5872.1c,cfos
7922,"Anteromedial nucleus, ventral part",negative,1,BRAC5872.1c,cfos
7923,"Anteromedial nucleus, ventral part",positive,572,BRAC5872.1c,cfos
7924,"Anteromedial visual area, layer 1",negative,2,BRAC5872.1c,cfos
7925,"Anteromedial visual area, layer 1",positive,433,BRAC5872.1c,cfos
7926,"Anteromedial visual area, layer 2/3",negative,6,BRAC5872.1c,cfos
7927,"Anteromedial visual area, layer 2/3",positive,942,BRAC5872.1c,cfos
7928,"Anteromedial visual area, layer 4",negative,3,BRAC5872.1c,cfos
7929,"Anteromedial visual area, layer 4",positive,326,BRAC5872.1c,cfos
7930,"Anteromedial visual area, layer 5",negative,8,BRAC5872.1c,cfos
7931,"Anteromedial visual area, layer 5",positive,1201,BRAC5872.1c,cfos
7932,"Anteromedial visual area, layer 6a",negative,15,BRAC5872.1c,cfos
7933,"Anteromedial visual area, layer 6a",positive,491,BRAC5872.1c,cfos
7934,"Anteromedial visual area, layer 6b",negative,4,BRAC5872.1c,cfos
7935,"Anteromedial visual area, layer 6b",positive,70,BRAC5872.1c,cfos
7936,Anteroventral nucleus of thalamus,negative,0,BRAC5872.1c,cfos
7937,Anteroventral nucleus of thalamus,positive,1618,BRAC5872.1c,cfos
7938,Anteroventral periventricular nucleus,negative,33,BRAC5872.1c,cfos
7939,Anteroventral periventricular nucleus,positive,436,BRAC5872.1c,cfos
7940,Anteroventral preoptic nucleus,negative,1,BRAC5872.1c,cfos
7941,Anteroventral preoptic nucleus,positive,215,BRAC5872.1c,cfos
7942,Arcuate hypothalamic nucleus,negative,132,BRAC5872.1c,cfos
7943,Arcuate hypothalamic nucleus,positive,790,BRAC5872.1c,cfos
7944,"Basolateral amygdalar nucleus, anterior part",negative,47,BRAC5872.1c,cfos
7945,"Basolateral amygdalar nucleus, anterior part",positive,2326,BRAC5872.1c,cfos
7946,"Basolateral amygdalar nucleus, posterior part",negative,170,BRAC5872.1c,cfos
7947,"Basolateral amygdalar nucleus, posterior part",positive,1979,BRAC5872.1c,cfos
7948,"Basolateral amygdalar nucleus, ventral part",negative,75,BRAC5872.1c,cfos
7949,"Basolateral amygdalar nucleus, ventral part",positive,1034,BRAC5872.1c,cfos
7950,"Basomedial amygdalar nucleus, anterior part",negative,116,BRAC5872.1c,cfos
7951,"Basomedial amygdalar nucleus, anterior part",positive,2492,BRAC5872.1c,cfos
7952,"Basomedial amygdalar nucleus, posterior part",negative,166,BRAC5872.1c,cfos
7953,"Basomedial amygdalar nucleus, posterior part",positive,2424,BRAC5872.1c,cfos
7954,Bed nuclei of the stria terminalis,negative,149,BRAC5872.1c,cfos
7955,Bed nuclei of the stria terminalis,positive,3728,BRAC5872.1c,cfos
7956,Bed nucleus of the accessory olfactory tract,negative,5,BRAC5872.1c,cfos
7957,Bed nucleus of the accessory olfactory tract,positive,74,BRAC5872.1c,cfos
7958,Bed nucleus of the anterior commissure,negative,4,BRAC5872.1c,cfos
7959,Bed nucleus of the anterior commissure,positive,22,BRAC5872.1c,cfos
7960,Caudoputamen,negative,900,BRAC5872.1c,cfos
7961,Caudoputamen,positive,58071,BRAC5872.1c,cfos
7962,"Central amygdalar nucleus, capsular part",negative,53,BRAC5872.1c,cfos
7963,"Central amygdalar nucleus, capsular part",positive,820,BRAC5872.1c,cfos
7964,"Central amygdalar nucleus, lateral part",negative,66,BRAC5872.1c,cfos
7965,"Central amygdalar nucleus, lateral part",positive,821,BRAC5872.1c,cfos
7966,"Central amygdalar nucleus, medial part",negative,224,BRAC5872.1c,cfos
7967,"Central amygdalar nucleus, medial part",positive,2273,BRAC5872.1c,cfos
7968,Central lateral nucleus of the thalamus,negative,6,BRAC5872.1c,cfos
7969,Central lateral nucleus of the thalamus,positive,1623,BRAC5872.1c,cfos
7970,Central medial nucleus of the thalamus,negative,1,BRAC5872.1c,cfos
7971,Central medial nucleus of the thalamus,positive,1133,BRAC5872.1c,cfos
7972,Claustrum,negative,77,BRAC5872.1c,cfos
7973,Claustrum,positive,1039,BRAC5872.1c,cfos
7974,"Cortical amygdalar area, anterior part",negative,105,BRAC5872.1c,cfos
7975,"Cortical amygdalar area, anterior part",positive,2934,BRAC5872.1c,cfos
7976,"Cortical amygdalar area, posterior part, lateral zone",negative,203,BRAC5872.1c,cfos
7977,"Cortical amygdalar area, posterior part, lateral zone",positive,1850,BRAC5872.1c,cfos
7978,"Cortical amygdalar area, posterior part, medial zone",negative,297,BRAC5872.1c,cfos
7979,"Cortical amygdalar area, posterior part, medial zone",positive,2427,BRAC5872.1c,cfos
7980,Cortical subplate,negative,39,BRAC5872.1c,cfos
7981,Cortical subplate,positive,958,BRAC5872.1c,cfos
7982,"Dentate gyrus, granule cell layer",negative,91,BRAC5872.1c,cfos
7983,"Dentate gyrus, granule cell layer",positive,2239,BRAC5872.1c,cfos
7984,"Dentate gyrus, molecular layer",negative,163,BRAC5872.1c,cfos
7985,"Dentate gyrus, molecular layer",positive,4309,BRAC5872.1c,cfos
7986,"Dentate gyrus, polymorph layer",negative,23,BRAC5872.1c,cfos
7987,"Dentate gyrus, polymorph layer",positive,879,BRAC5872.1c,cfos
7988,Diagonal band nucleus,negative,11,BRAC5872.1c,cfos
7989,Diagonal band nucleus,positive,2277,BRAC5872.1c,cfos
7990,"Dorsal auditory area, layer 1",negative,2,BRAC5872.1c,cfos
7991,"Dorsal auditory area, layer 1",positive,416,BRAC5872.1c,cfos
7992,"Dorsal auditory area, layer 2/3",negative,3,BRAC5872.1c,cfos
7993,"Dorsal auditory area, layer 2/3",positive,1185,BRAC5872.1c,cfos
7994,"Dorsal auditory area, layer 4",negative,1,BRAC5872.1c,cfos
7995,"Dorsal auditory area, layer 4",positive,541,BRAC5872.1c,cfos
7996,"Dorsal auditory area, layer 5",negative,6,BRAC5872.1c,cfos
7997,"Dorsal auditory area, layer 5",positive,1435,BRAC5872.1c,cfos
7998,"Dorsal auditory area, layer 6a",negative,15,BRAC5872.1c,cfos
7999,"Dorsal auditory area, layer 6a",positive,548,BRAC5872.1c,cfos
8000,"Dorsal auditory area, layer 6b",negative,0,BRAC5872.1c,cfos
8001,"Dorsal auditory area, layer 6b",positive,64,BRAC5872.1c,cfos
8002,"Dorsal part of the lateral geniculate complex, core",negative,13,BRAC5872.1c,cfos
8003,"Dorsal part of the lateral geniculate complex, core",positive,612,BRAC5872.1c,cfos
8004,"Dorsal part of the lateral geniculate complex, ipsilateral zone",negative,3,BRAC5872.1c,cfos
8005,"Dorsal part of the lateral geniculate complex, ipsilateral zone",positive,120,BRAC5872.1c,cfos
8006,"Dorsal part of the lateral geniculate complex, shell",negative,18,BRAC5872.1c,cfos
8007,"Dorsal part of the lateral geniculate complex, shell",positive,330,BRAC5872.1c,cfos
8008,Dorsal peduncular area,negative,3,BRAC5872.1c,cfos
8009,Dorsal peduncular area,positive,58,BRAC5872.1c,cfos
8010,Dorsal premammillary nucleus,negative,22,BRAC5872.1c,cfos
8011,Dorsal premammillary nucleus,positive,239,BRAC5872.1c,cfos
8012,Dorsomedial nucleus of the hypothalamus,negative,107,BRAC5872.1c,cfos
8013,Dorsomedial nucleus of the hypothalamus,positive,1885,BRAC5872.1c,cfos
8014,Ectorhinal area/Layer 1,negative,29,BRAC5872.1c,cfos
8015,Ectorhinal area/Layer 1,positive,337,BRAC5872.1c,cfos
8016,Ectorhinal area/Layer 2/3,negative,46,BRAC5872.1c,cfos
8017,Ectorhinal area/Layer 2/3,positive,1236,BRAC5872.1c,cfos
8018,Ectorhinal area/Layer 5,negative,61,BRAC5872.1c,cfos
8019,Ectorhinal area/Layer 5,positive,1550,BRAC5872.1c,cfos
8020,Ectorhinal area/Layer 6a,negative,60,BRAC5872.1c,cfos
8021,Ectorhinal area/Layer 6a,positive,1049,BRAC5872.1c,cfos
8022,Ectorhinal area/Layer 6b,negative,4,BRAC5872.1c,cfos
8023,Ectorhinal area/Layer 6b,positive,101,BRAC5872.1c,cfos
8024,Edinger-Westphal nucleus,negative,0,BRAC5872.1c,cfos
8025,Edinger-Westphal nucleus,positive,19,BRAC5872.1c,cfos
8026,"Endopiriform nucleus, dorsal part",negative,423,BRAC5872.1c,cfos
8027,"Endopiriform nucleus, dorsal part",positive,4685,BRAC5872.1c,cfos
8028,"Endopiriform nucleus, ventral part",negative,157,BRAC5872.1c,cfos
8029,"Endopiriform nucleus, ventral part",positive,2017,BRAC5872.1c,cfos
8030,"Entorhinal area, lateral part, layer 1",negative,19,BRAC5872.1c,cfos
8031,"Entorhinal area, lateral part, layer 1",positive,839,BRAC5872.1c,cfos
8032,"Entorhinal area, lateral part, layer 2",negative,63,BRAC5872.1c,cfos
8033,"Entorhinal area, lateral part, layer 2",positive,1681,BRAC5872.1c,cfos
8034,"Entorhinal area, lateral part, layer 3",negative,92,BRAC5872.1c,cfos
8035,"Entorhinal area, lateral part, layer 3",positive,1245,BRAC5872.1c,cfos
8036,"Entorhinal area, lateral part, layer 5",negative,132,BRAC5872.1c,cfos
8037,"Entorhinal area, lateral part, layer 5",positive,1007,BRAC5872.1c,cfos
8038,"Entorhinal area, lateral part, layer 6a",negative,50,BRAC5872.1c,cfos
8039,"Entorhinal area, lateral part, layer 6a",positive,338,BRAC5872.1c,cfos
8040,Ethmoid nucleus of the thalamus,negative,0,BRAC5872.1c,cfos
8041,Ethmoid nucleus of the thalamus,positive,640,BRAC5872.1c,cfos
8042,Fasciola cinerea,negative,12,BRAC5872.1c,cfos
8043,Fasciola cinerea,positive,126,BRAC5872.1c,cfos
8044,Field CA1,negative,338,BRAC5872.1c,cfos
8045,Field CA1,positive,11129,BRAC5872.1c,cfos
8046,Field CA2,negative,17,BRAC5872.1c,cfos
8047,Field CA2,positive,572,BRAC5872.1c,cfos
8048,Field CA3,negative,392,BRAC5872.1c,cfos
8049,Field CA3,positive,8861,BRAC5872.1c,cfos
8050,Fields of Forel,negative,5,BRAC5872.1c,cfos
8051,Fields of Forel,positive,739,BRAC5872.1c,cfos
8052,Fundus of striatum,negative,33,BRAC5872.1c,cfos
8053,Fundus of striatum,positive,941,BRAC5872.1c,cfos
8054,"Globus pallidus, external segment",negative,11,BRAC5872.1c,cfos
8055,"Globus pallidus, external segment",positive,2190,BRAC5872.1c,cfos
8056,"Globus pallidus, internal segment",negative,3,BRAC5872.1c,cfos
8057,"Globus pallidus, internal segment",positive,517,BRAC5872.1c,cfos
8058,"Gustatory areas, layer 1",negative,5,BRAC5872.1c,cfos
8059,"Gustatory areas, layer 1",positive,319,BRAC5872.1c,cfos
8060,"Gustatory areas, layer 2/3",negative,6,BRAC5872.1c,cfos
8061,"Gustatory areas, layer 2/3",positive,1126,BRAC5872.1c,cfos
8062,"Gustatory areas, layer 4",negative,3,BRAC5872.1c,cfos
8063,"Gustatory areas, layer 4",positive,461,BRAC5872.1c,cfos
8064,"Gustatory areas, layer 5",negative,15,BRAC5872.1c,cfos
8065,"Gustatory areas, layer 5",positive,1624,BRAC5872.1c,cfos
8066,"Gustatory areas, layer 6a",negative,40,BRAC5872.1c,cfos
8067,"Gustatory areas, layer 6a",positive,1089,BRAC5872.1c,cfos
8068,"Gustatory areas, layer 6b",negative,3,BRAC5872.1c,cfos
8069,"Gustatory areas, layer 6b",positive,62,BRAC5872.1c,cfos
8070,Hippocampal formation,negative,28,BRAC5872.1c,cfos
8071,Hippocampal formation,positive,294,BRAC5872.1c,cfos
8072,Hippocampo-amygdalar transition area,negative,1,BRAC5872.1c,cfos
8073,Hippocampo-amygdalar transition area,positive,47,BRAC5872.1c,cfos
8074,Hypothalamus,negative,468,BRAC5872.1c,cfos
8075,Hypothalamus,positive,7801,BRAC5872.1c,cfos
8076,Induseum griseum,negative,7,BRAC5872.1c,cfos
8077,Induseum griseum,positive,150,BRAC5872.1c,cfos
8078,Interanterodorsal nucleus of the thalamus,negative,1,BRAC5872.1c,cfos
8079,Interanterodorsal nucleus of the thalamus,positive,495,BRAC5872.1c,cfos
8080,Interanteromedial nucleus of the thalamus,negative,0,BRAC5872.1c,cfos
8081,Interanteromedial nucleus of the thalamus,positive,253,BRAC5872.1c,cfos
8082,Intercalated amygdalar nucleus,negative,28,BRAC5872.1c,cfos
8083,Intercalated amygdalar nucleus,positive,720,BRAC5872.1c,cfos
8084,Interfascicular nucleus raphe,negative,0,BRAC5872.1c,cfos
8085,Interfascicular nucleus raphe,positive,42,BRAC5872.1c,cfos
8086,Intergeniculate leaflet of the lateral geniculate complex,negative,5,BRAC5872.1c,cfos
8087,Intergeniculate leaflet of the lateral geniculate complex,positive,148,BRAC5872.1c,cfos
8088,Intermediate geniculate nucleus,negative,2,BRAC5872.1c,cfos
8089,Intermediate geniculate nucleus,positive,30,BRAC5872.1c,cfos
8090,Intermediodorsal nucleus of the thalamus,negative,10,BRAC5872.1c,cfos
8091,Intermediodorsal nucleus of the thalamus,positive,886,BRAC5872.1c,cfos
8092,"Interpeduncular nucleus, rostrolateral",negative,0,BRAC5872.1c,cfos
8093,"Interpeduncular nucleus, rostrolateral",positive,11,BRAC5872.1c,cfos
8094,Interstitial nucleus of Cajal,negative,0,BRAC5872.1c,cfos
8095,Interstitial nucleus of Cajal,positive,133,BRAC5872.1c,cfos
8096,Lateral amygdalar nucleus,negative,166,BRAC5872.1c,cfos
8097,Lateral amygdalar nucleus,positive,2086,BRAC5872.1c,cfos
8098,Lateral dorsal nucleus of thalamus,negative,6,BRAC5872.1c,cfos
8099,Lateral dorsal nucleus of thalamus,positive,3906,BRAC5872.1c,cfos
8100,Lateral habenula,negative,9,BRAC5872.1c,cfos
8101,Lateral habenula,positive,1324,BRAC5872.1c,cfos
8102,Lateral hypothalamic area,negative,169,BRAC5872.1c,cfos
8103,Lateral hypothalamic area,positive,4570,BRAC5872.1c,cfos
8104,Lateral mammillary nucleus,negative,23,BRAC5872.1c,cfos
8105,Lateral mammillary nucleus,positive,92,BRAC5872.1c,cfos
8106,Lateral posterior nucleus of the thalamus,negative,61,BRAC5872.1c,cfos
8107,Lateral posterior nucleus of the thalamus,positive,2704,BRAC5872.1c,cfos
8108,Lateral preoptic area,negative,10,BRAC5872.1c,cfos
8109,Lateral preoptic area,positive,1169,BRAC5872.1c,cfos
8110,"Lateral septal nucleus, caudal (caudodorsal) part",negative,58,BRAC5872.1c,cfos
8111,"Lateral septal nucleus, caudal (caudodorsal) part",positive,512,BRAC5872.1c,cfos
8112,"Lateral septal nucleus, rostral (rostroventral) part",negative,163,BRAC5872.1c,cfos
8113,"Lateral septal nucleus, rostral (rostroventral) part",positive,3516,BRAC5872.1c,cfos
8114,"Lateral septal nucleus, ventral part",negative,113,BRAC5872.1c,cfos
8115,"Lateral septal nucleus, ventral part",positive,1777,BRAC5872.1c,cfos
8116,Lateral terminal nucleus of the accessory optic tract,negative,1,BRAC5872.1c,cfos
8117,Lateral terminal nucleus of the accessory optic tract,positive,35,BRAC5872.1c,cfos
8118,Magnocellular nucleus,negative,7,BRAC5872.1c,cfos
8119,Magnocellular nucleus,positive,793,BRAC5872.1c,cfos
8120,Medial accesory oculomotor nucleus,negative,0,BRAC5872.1c,cfos
8121,Medial accesory oculomotor nucleus,positive,33,BRAC5872.1c,cfos
8122,Medial amygdalar nucleus,negative,560,BRAC5872.1c,cfos
8123,Medial amygdalar nucleus,positive,6443,BRAC5872.1c,cfos
8124,"Medial geniculate complex, dorsal part",negative,18,BRAC5872.1c,cfos
8125,"Medial geniculate complex, dorsal part",positive,57,BRAC5872.1c,cfos
8126,"Medial geniculate complex, medial part",negative,7,BRAC5872.1c,cfos
8127,"Medial geniculate complex, medial part",positive,450,BRAC5872.1c,cfos
8128,"Medial geniculate complex, ventral part",negative,5,BRAC5872.1c,cfos
8129,"Medial geniculate complex, ventral part",positive,205,BRAC5872.1c,cfos
8130,Medial habenula,negative,33,BRAC5872.1c,cfos
8131,Medial habenula,positive,1028,BRAC5872.1c,cfos
8132,"Medial mammillary nucleus, dorsal part",negative,6,BRAC5872.1c,cfos
8133,"Medial mammillary nucleus, dorsal part",positive,21,BRAC5872.1c,cfos
8134,"Medial mammillary nucleus, lateral part",negative,16,BRAC5872.1c,cfos
8135,"Medial mammillary nucleus, lateral part",positive,276,BRAC5872.1c,cfos
8136,"Medial mammillary nucleus, medial part",negative,19,BRAC5872.1c,cfos
8137,"Medial mammillary nucleus, medial part",positive,204,BRAC5872.1c,cfos
8138,"Medial mammillary nucleus, median part",negative,17,BRAC5872.1c,cfos
8139,"Medial mammillary nucleus, median part",positive,121,BRAC5872.1c,cfos
8140,Medial preoptic area,negative,22,BRAC5872.1c,cfos
8141,Medial preoptic area,positive,1386,BRAC5872.1c,cfos
8142,Medial preoptic nucleus,negative,75,BRAC5872.1c,cfos
8143,Medial preoptic nucleus,positive,1445,BRAC5872.1c,cfos
8144,Medial pretectal area,negative,1,BRAC5872.1c,cfos
8145,Medial pretectal area,positive,101,BRAC5872.1c,cfos
8146,Medial septal nucleus,negative,2,BRAC5872.1c,cfos
8147,Medial septal nucleus,positive,1255,BRAC5872.1c,cfos
8148,Medial terminal nucleus of the accessory optic tract,negative,0,BRAC5872.1c,cfos
8149,Medial terminal nucleus of the accessory optic tract,positive,42,BRAC5872.1c,cfos
8150,Median eminence,negative,5,BRAC5872.1c,cfos
8151,Median eminence,positive,36,BRAC5872.1c,cfos
8152,Median preoptic nucleus,negative,6,BRAC5872.1c,cfos
8153,Median preoptic nucleus,positive,74,BRAC5872.1c,cfos
8154,Mediodorsal nucleus of thalamus,negative,12,BRAC5872.1c,cfos
8155,Mediodorsal nucleus of thalamus,positive,5647,BRAC5872.1c,cfos
8156,Midbrain,negative,43,BRAC5872.1c,cfos
8157,Midbrain,positive,7565,BRAC5872.1c,cfos
8158,Midbrain reticular nucleus,negative,7,BRAC5872.1c,cfos
8159,Midbrain reticular nucleus,positive,2646,BRAC5872.1c,cfos
8160,Nucleus accumbens,negative,98,BRAC5872.1c,cfos
8161,Nucleus accumbens,positive,8679,BRAC5872.1c,cfos
8162,Nucleus of Darkschewitsch,negative,0,BRAC5872.1c,cfos
8163,Nucleus of Darkschewitsch,positive,163,BRAC5872.1c,cfos
8164,Nucleus of reuniens,negative,135,BRAC5872.1c,cfos
8165,Nucleus of reuniens,positive,1850,BRAC5872.1c,cfos
8166,"Nucleus of the lateral olfactory tract, layer 3",negative,2,BRAC5872.1c,cfos
8167,"Nucleus of the lateral olfactory tract, layer 3",positive,183,BRAC5872.1c,cfos
8168,"Nucleus of the lateral olfactory tract, molecular layer",negative,1,BRAC5872.1c,cfos
8169,"Nucleus of the lateral olfactory tract, molecular layer",positive,261,BRAC5872.1c,cfos
8170,"Nucleus of the lateral olfactory tract, pyramidal layer",negative,4,BRAC5872.1c,cfos
8171,"Nucleus of the lateral olfactory tract, pyramidal layer",positive,563,BRAC5872.1c,cfos
8172,Nucleus of the optic tract,negative,8,BRAC5872.1c,cfos
8173,Nucleus of the optic tract,positive,416,BRAC5872.1c,cfos
8174,Nucleus of the posterior commissure,negative,16,BRAC5872.1c,cfos
8175,Nucleus of the posterior commissure,positive,1015,BRAC5872.1c,cfos
8176,Olfactory areas,negative,96,BRAC5872.1c,cfos
8177,Olfactory areas,positive,1616,BRAC5872.1c,cfos
8178,Olfactory tubercle,negative,84,BRAC5872.1c,cfos
8179,Olfactory tubercle,positive,7781,BRAC5872.1c,cfos
8180,Olivary pretectal nucleus,negative,0,BRAC5872.1c,cfos
8181,Olivary pretectal nucleus,positive,160,BRAC5872.1c,cfos
8182,Pallidum,negative,31,BRAC5872.1c,cfos
8183,Pallidum,positive,2033,BRAC5872.1c,cfos
8184,Paracentral nucleus,negative,4,BRAC5872.1c,cfos
8185,Paracentral nucleus,positive,942,BRAC5872.1c,cfos
8186,Parafascicular nucleus,negative,0,BRAC5872.1c,cfos
8187,Parafascicular nucleus,positive,1387,BRAC5872.1c,cfos
8188,Parastrial nucleus,negative,14,BRAC5872.1c,cfos
8189,Parastrial nucleus,positive,167,BRAC5872.1c,cfos
8190,Parasubthalamic nucleus,negative,0,BRAC5872.1c,cfos
8191,Parasubthalamic nucleus,positive,613,BRAC5872.1c,cfos
8192,Parataenial nucleus,negative,5,BRAC5872.1c,cfos
8193,Parataenial nucleus,positive,1518,BRAC5872.1c,cfos
8194,Paraventricular hypothalamic nucleus,negative,51,BRAC5872.1c,cfos
8195,Paraventricular hypothalamic nucleus,positive,825,BRAC5872.1c,cfos
8196,"Paraventricular hypothalamic nucleus, descending division",negative,19,BRAC5872.1c,cfos
8197,"Paraventricular hypothalamic nucleus, descending division",positive,523,BRAC5872.1c,cfos
8198,Paraventricular nucleus of the thalamus,negative,20,BRAC5872.1c,cfos
8199,Paraventricular nucleus of the thalamus,positive,3413,BRAC5872.1c,cfos
8200,Periaqueductal gray,negative,21,BRAC5872.1c,cfos
8201,Periaqueductal gray,positive,1703,BRAC5872.1c,cfos
8202,Perifornical nucleus,negative,12,BRAC5872.1c,cfos
8203,Perifornical nucleus,positive,531,BRAC5872.1c,cfos
8204,Peripeduncular nucleus,negative,0,BRAC5872.1c,cfos
8205,Peripeduncular nucleus,positive,25,BRAC5872.1c,cfos
8206,Perireunensis nucleus,negative,8,BRAC5872.1c,cfos
8207,Perireunensis nucleus,positive,501,BRAC5872.1c,cfos
8208,"Perirhinal area, layer 1",negative,1,BRAC5872.1c,cfos
8209,"Perirhinal area, layer 1",positive,306,BRAC5872.1c,cfos
8210,"Perirhinal area, layer 2/3",negative,22,BRAC5872.1c,cfos
8211,"Perirhinal area, layer 2/3",positive,941,BRAC5872.1c,cfos
8212,"Perirhinal area, layer 5",negative,19,BRAC5872.1c,cfos
8213,"Perirhinal area, layer 5",positive,290,BRAC5872.1c,cfos
8214,"Perirhinal area, layer 6a",negative,2,BRAC5872.1c,cfos
8215,"Perirhinal area, layer 6a",positive,14,BRAC5872.1c,cfos
8216,"Perirhinal area, layer 6b",negative,4,BRAC5872.1c,cfos
8217,"Perirhinal area, layer 6b",positive,0,BRAC5872.1c,cfos
8218,"Periventricular hypothalamic nucleus, anterior part",negative,28,BRAC5872.1c,cfos
8219,"Periventricular hypothalamic nucleus, anterior part",positive,91,BRAC5872.1c,cfos
8220,"Periventricular hypothalamic nucleus, intermediate part",negative,55,BRAC5872.1c,cfos
8221,"Periventricular hypothalamic nucleus, intermediate part",positive,271,BRAC5872.1c,cfos
8222,"Periventricular hypothalamic nucleus, posterior part",negative,95,BRAC5872.1c,cfos
8223,"Periventricular hypothalamic nucleus, posterior part",positive,93,BRAC5872.1c,cfos
8224,"Periventricular hypothalamic nucleus, preoptic part",negative,51,BRAC5872.1c,cfos
8225,"Periventricular hypothalamic nucleus, preoptic part",positive,371,BRAC5872.1c,cfos
8226,Piriform area,negative,1020,BRAC5872.1c,cfos
8227,Piriform area,positive,32778,BRAC5872.1c,cfos
8228,Piriform-amygdalar area,negative,178,BRAC5872.1c,cfos
8229,Piriform-amygdalar area,positive,3155,BRAC5872.1c,cfos
8230,Posterior amygdalar nucleus,negative,184,BRAC5872.1c,cfos
8231,Posterior amygdalar nucleus,positive,2203,BRAC5872.1c,cfos
8232,"Posterior auditory area, layer 1",negative,0,BRAC5872.1c,cfos
8233,"Posterior auditory area, layer 1",positive,84,BRAC5872.1c,cfos
8234,"Posterior auditory area, layer 2/3",negative,7,BRAC5872.1c,cfos
8235,"Posterior auditory area, layer 2/3",positive,206,BRAC5872.1c,cfos
8236,"Posterior auditory area, layer 4",negative,0,BRAC5872.1c,cfos
8237,"Posterior auditory area, layer 4",positive,77,BRAC5872.1c,cfos
8238,"Posterior auditory area, layer 5",negative,0,BRAC5872.1c,cfos
8239,"Posterior auditory area, layer 5",positive,286,BRAC5872.1c,cfos
8240,"Posterior auditory area, layer 6a",negative,0,BRAC5872.1c,cfos
8241,"Posterior auditory area, layer 6a",positive,155,BRAC5872.1c,cfos
8242,"Posterior auditory area, layer 6b",negative,0,BRAC5872.1c,cfos
8243,"Posterior auditory area, layer 6b",positive,19,BRAC5872.1c,cfos
8244,Posterior complex of the thalamus,negative,8,BRAC5872.1c,cfos
8245,Posterior complex of the thalamus,positive,4347,BRAC5872.1c,cfos
8246,Posterior hypothalamic nucleus,negative,93,BRAC5872.1c,cfos
8247,Posterior hypothalamic nucleus,positive,2293,BRAC5872.1c,cfos
8248,Posterior intralaminar thalamic nucleus,negative,0,BRAC5872.1c,cfos
8249,Posterior intralaminar thalamic nucleus,positive,82,BRAC5872.1c,cfos
8250,Posterior limiting nucleus of the thalamus,negative,7,BRAC5872.1c,cfos
8251,Posterior limiting nucleus of the thalamus,positive,205,BRAC5872.1c,cfos
8252,Posterior pretectal nucleus,negative,1,BRAC5872.1c,cfos
8253,Posterior pretectal nucleus,positive,375,BRAC5872.1c,cfos
8254,Posterior triangular thalamic nucleus,negative,1,BRAC5872.1c,cfos
8255,Posterior triangular thalamic nucleus,positive,557,BRAC5872.1c,cfos
8256,Posterodorsal preoptic nucleus,negative,0,BRAC5872.1c,cfos
8257,Posterodorsal preoptic nucleus,positive,22,BRAC5872.1c,cfos
8258,Postpiriform transition area,negative,34,BRAC5872.1c,cfos
8259,Postpiriform transition area,positive,476,BRAC5872.1c,cfos
8260,Postsubiculum,negative,0,BRAC5872.1c,cfos
8261,Postsubiculum,positive,21,BRAC5872.1c,cfos
8262,Precommissural nucleus,negative,13,BRAC5872.1c,cfos
8263,Precommissural nucleus,positive,661,BRAC5872.1c,cfos
8264,"Prelimbic area, layer 6a",negative,0,BRAC5872.1c,cfos
8265,"Prelimbic area, layer 6a",positive,79,BRAC5872.1c,cfos
8266,"Prelimbic area, layer 6b",negative,0,BRAC5872.1c,cfos
8267,"Prelimbic area, layer 6b",positive,17,BRAC5872.1c,cfos
8268,Preparasubthalamic nucleus,negative,0,BRAC5872.1c,cfos
8269,Preparasubthalamic nucleus,positive,31,BRAC5872.1c,cfos
8270,"Primary auditory area, layer 1",negative,4,BRAC5872.1c,cfos
8271,"Primary auditory area, layer 1",positive,619,BRAC5872.1c,cfos
8272,"Primary auditory area, layer 2/3",negative,6,BRAC5872.1c,cfos
8273,"Primary auditory area, layer 2/3",positive,1337,BRAC5872.1c,cfos
8274,"Primary auditory area, layer 4",negative,3,BRAC5872.1c,cfos
8275,"Primary auditory area, layer 4",positive,804,BRAC5872.1c,cfos
8276,"Primary auditory area, layer 5",negative,10,BRAC5872.1c,cfos
8277,"Primary auditory area, layer 5",positive,2518,BRAC5872.1c,cfos
8278,"Primary auditory area, layer 6a",negative,16,BRAC5872.1c,cfos
8279,"Primary auditory area, layer 6a",positive,811,BRAC5872.1c,cfos
8280,"Primary auditory area, layer 6b",negative,1,BRAC5872.1c,cfos
8281,"Primary auditory area, layer 6b",positive,105,BRAC5872.1c,cfos
8282,"Primary motor area, Layer 1",negative,9,BRAC5872.1c,cfos
8283,"Primary motor area, Layer 1",positive,1611,BRAC5872.1c,cfos
8284,"Primary motor area, Layer 2/3",negative,24,BRAC5872.1c,cfos
8285,"Primary motor area, Layer 2/3",positive,7306,BRAC5872.1c,cfos
8286,"Primary motor area, Layer 5",negative,15,BRAC5872.1c,cfos
8287,"Primary motor area, Layer 5",positive,8487,BRAC5872.1c,cfos
8288,"Primary motor area, Layer 6a",negative,49,BRAC5872.1c,cfos
8289,"Primary motor area, Layer 6a",positive,7252,BRAC5872.1c,cfos
8290,"Primary motor area, Layer 6b",negative,6,BRAC5872.1c,cfos
8291,"Primary motor area, Layer 6b",positive,374,BRAC5872.1c,cfos
8292,"Primary somatosensory area, barrel field, layer 1",negative,6,BRAC5872.1c,cfos
8293,"Primary somatosensory area, barrel field, layer 1",positive,2033,BRAC5872.1c,cfos
8294,"Primary somatosensory area, barrel field, layer 2/3",negative,6,BRAC5872.1c,cfos
8295,"Primary somatosensory area, barrel field, layer 2/3",positive,5040,BRAC5872.1c,cfos
8296,"Primary somatosensory area, barrel field, layer 4",negative,7,BRAC5872.1c,cfos
8297,"Primary somatosensory area, barrel field, layer 4",positive,4830,BRAC5872.1c,cfos
8298,"Primary somatosensory area, barrel field, layer 5",negative,9,BRAC5872.1c,cfos
8299,"Primary somatosensory area, barrel field, layer 5",positive,5074,BRAC5872.1c,cfos
8300,"Primary somatosensory area, barrel field, layer 6a",negative,74,BRAC5872.1c,cfos
8301,"Primary somatosensory area, barrel field, layer 6a",positive,3439,BRAC5872.1c,cfos
8302,"Primary somatosensory area, barrel field, layer 6b",negative,6,BRAC5872.1c,cfos
8303,"Primary somatosensory area, barrel field, layer 6b",positive,240,BRAC5872.1c,cfos
8304,"Primary somatosensory area, lower limb, layer 1",negative,2,BRAC5872.1c,cfos
8305,"Primary somatosensory area, lower limb, layer 1",positive,759,BRAC5872.1c,cfos
8306,"Primary somatosensory area, lower limb, layer 2/3",negative,5,BRAC5872.1c,cfos
8307,"Primary somatosensory area, lower limb, layer 2/3",positive,2085,BRAC5872.1c,cfos
8308,"Primary somatosensory area, lower limb, layer 4",negative,0,BRAC5872.1c,cfos
8309,"Primary somatosensory area, lower limb, layer 4",positive,914,BRAC5872.1c,cfos
8310,"Primary somatosensory area, lower limb, layer 5",negative,9,BRAC5872.1c,cfos
8311,"Primary somatosensory area, lower limb, layer 5",positive,2349,BRAC5872.1c,cfos
8312,"Primary somatosensory area, lower limb, layer 6a",negative,17,BRAC5872.1c,cfos
8313,"Primary somatosensory area, lower limb, layer 6a",positive,1313,BRAC5872.1c,cfos
8314,"Primary somatosensory area, lower limb, layer 6b",negative,2,BRAC5872.1c,cfos
8315,"Primary somatosensory area, lower limb, layer 6b",positive,102,BRAC5872.1c,cfos
8316,"Primary somatosensory area, mouth, layer 1",negative,10,BRAC5872.1c,cfos
8317,"Primary somatosensory area, mouth, layer 1",positive,1222,BRAC5872.1c,cfos
8318,"Primary somatosensory area, mouth, layer 2/3",negative,4,BRAC5872.1c,cfos
8319,"Primary somatosensory area, mouth, layer 2/3",positive,3658,BRAC5872.1c,cfos
8320,"Primary somatosensory area, mouth, layer 4",negative,3,BRAC5872.1c,cfos
8321,"Primary somatosensory area, mouth, layer 4",positive,2994,BRAC5872.1c,cfos
8322,"Primary somatosensory area, mouth, layer 5",negative,4,BRAC5872.1c,cfos
8323,"Primary somatosensory area, mouth, layer 5",positive,4422,BRAC5872.1c,cfos
8324,"Primary somatosensory area, mouth, layer 6a",negative,27,BRAC5872.1c,cfos
8325,"Primary somatosensory area, mouth, layer 6a",positive,4649,BRAC5872.1c,cfos
8326,"Primary somatosensory area, mouth, layer 6b",negative,7,BRAC5872.1c,cfos
8327,"Primary somatosensory area, mouth, layer 6b",positive,245,BRAC5872.1c,cfos
8328,"Primary somatosensory area, nose, layer 1",negative,2,BRAC5872.1c,cfos
8329,"Primary somatosensory area, nose, layer 1",positive,747,BRAC5872.1c,cfos
8330,"Primary somatosensory area, nose, layer 2/3",negative,2,BRAC5872.1c,cfos
8331,"Primary somatosensory area, nose, layer 2/3",positive,1588,BRAC5872.1c,cfos
8332,"Primary somatosensory area, nose, layer 4",negative,3,BRAC5872.1c,cfos
8333,"Primary somatosensory area, nose, layer 4",positive,1715,BRAC5872.1c,cfos
8334,"Primary somatosensory area, nose, layer 5",negative,2,BRAC5872.1c,cfos
8335,"Primary somatosensory area, nose, layer 5",positive,1681,BRAC5872.1c,cfos
8336,"Primary somatosensory area, nose, layer 6a",negative,7,BRAC5872.1c,cfos
8337,"Primary somatosensory area, nose, layer 6a",positive,1959,BRAC5872.1c,cfos
8338,"Primary somatosensory area, nose, layer 6b",negative,1,BRAC5872.1c,cfos
8339,"Primary somatosensory area, nose, layer 6b",positive,123,BRAC5872.1c,cfos
8340,"Primary somatosensory area, trunk, layer 1",negative,2,BRAC5872.1c,cfos
8341,"Primary somatosensory area, trunk, layer 1",positive,459,BRAC5872.1c,cfos
8342,"Primary somatosensory area, trunk, layer 2/3",negative,3,BRAC5872.1c,cfos
8343,"Primary somatosensory area, trunk, layer 2/3",positive,1563,BRAC5872.1c,cfos
8344,"Primary somatosensory area, trunk, layer 4",negative,0,BRAC5872.1c,cfos
8345,"Primary somatosensory area, trunk, layer 4",positive,644,BRAC5872.1c,cfos
8346,"Primary somatosensory area, trunk, layer 5",negative,2,BRAC5872.1c,cfos
8347,"Primary somatosensory area, trunk, layer 5",positive,1609,BRAC5872.1c,cfos
8348,"Primary somatosensory area, trunk, layer 6a",negative,15,BRAC5872.1c,cfos
8349,"Primary somatosensory area, trunk, layer 6a",positive,661,BRAC5872.1c,cfos
8350,"Primary somatosensory area, trunk, layer 6b",negative,1,BRAC5872.1c,cfos
8351,"Primary somatosensory area, trunk, layer 6b",positive,87,BRAC5872.1c,cfos
8352,"Primary somatosensory area, unassigned, layer 1",negative,0,BRAC5872.1c,cfos
8353,"Primary somatosensory area, unassigned, layer 1",positive,549,BRAC5872.1c,cfos
8354,"Primary somatosensory area, unassigned, layer 2/3",negative,1,BRAC5872.1c,cfos
8355,"Primary somatosensory area, unassigned, layer 2/3",positive,1278,BRAC5872.1c,cfos
8356,"Primary somatosensory area, unassigned, layer 4",negative,1,BRAC5872.1c,cfos
8357,"Primary somatosensory area, unassigned, layer 4",positive,719,BRAC5872.1c,cfos
8358,"Primary somatosensory area, unassigned, layer 5",negative,7,BRAC5872.1c,cfos
8359,"Primary somatosensory area, unassigned, layer 5",positive,1065,BRAC5872.1c,cfos
8360,"Primary somatosensory area, unassigned, layer 6a",negative,3,BRAC5872.1c,cfos
8361,"Primary somatosensory area, unassigned, layer 6a",positive,889,BRAC5872.1c,cfos
8362,"Primary somatosensory area, unassigned, layer 6b",negative,0,BRAC5872.1c,cfos
8363,"Primary somatosensory area, unassigned, layer 6b",positive,55,BRAC5872.1c,cfos
8364,"Primary somatosensory area, upper limb, layer 1",negative,4,BRAC5872.1c,cfos
8365,"Primary somatosensory area, upper limb, layer 1",positive,1261,BRAC5872.1c,cfos
8366,"Primary somatosensory area, upper limb, layer 2/3",negative,7,BRAC5872.1c,cfos
8367,"Primary somatosensory area, upper limb, layer 2/3",positive,3581,BRAC5872.1c,cfos
8368,"Primary somatosensory area, upper limb, layer 4",negative,4,BRAC5872.1c,cfos
8369,"Primary somatosensory area, upper limb, layer 4",positive,2055,BRAC5872.1c,cfos
8370,"Primary somatosensory area, upper limb, layer 5",negative,9,BRAC5872.1c,cfos
8371,"Primary somatosensory area, upper limb, layer 5",positive,3566,BRAC5872.1c,cfos
8372,"Primary somatosensory area, upper limb, layer 6a",negative,26,BRAC5872.1c,cfos
8373,"Primary somatosensory area, upper limb, layer 6a",positive,2652,BRAC5872.1c,cfos
8374,"Primary somatosensory area, upper limb, layer 6b",negative,1,BRAC5872.1c,cfos
8375,"Primary somatosensory area, upper limb, layer 6b",positive,142,BRAC5872.1c,cfos
8376,"Primary visual area, layer 1",negative,3,BRAC5872.1c,cfos
8377,"Primary visual area, layer 1",positive,451,BRAC5872.1c,cfos
8378,"Primary visual area, layer 2/3",negative,1,BRAC5872.1c,cfos
8379,"Primary visual area, layer 2/3",positive,995,BRAC5872.1c,cfos
8380,"Primary visual area, layer 4",negative,0,BRAC5872.1c,cfos
8381,"Primary visual area, layer 4",positive,651,BRAC5872.1c,cfos
8382,"Primary visual area, layer 5",negative,1,BRAC5872.1c,cfos
8383,"Primary visual area, layer 5",positive,1006,BRAC5872.1c,cfos
8384,"Primary visual area, layer 6a",negative,4,BRAC5872.1c,cfos
8385,"Primary visual area, layer 6a",positive,664,BRAC5872.1c,cfos
8386,"Primary visual area, layer 6b",negative,0,BRAC5872.1c,cfos
8387,"Primary visual area, layer 6b",positive,126,BRAC5872.1c,cfos
8388,Prosubiculum,negative,11,BRAC5872.1c,cfos
8389,Prosubiculum,positive,308,BRAC5872.1c,cfos
8390,Red nucleus,negative,0,BRAC5872.1c,cfos
8391,Red nucleus,positive,102,BRAC5872.1c,cfos
8392,Reticular nucleus of the thalamus,negative,4,BRAC5872.1c,cfos
8393,Reticular nucleus of the thalamus,positive,4559,BRAC5872.1c,cfos
8394,Retrochiasmatic area,negative,15,BRAC5872.1c,cfos
8395,Retrochiasmatic area,positive,182,BRAC5872.1c,cfos
8396,Retroparafascicular nucleus,negative,1,BRAC5872.1c,cfos
8397,Retroparafascicular nucleus,positive,319,BRAC5872.1c,cfos
8398,"Retrosplenial area, dorsal part, layer 1",negative,8,BRAC5872.1c,cfos
8399,"Retrosplenial area, dorsal part, layer 1",positive,1066,BRAC5872.1c,cfos
8400,"Retrosplenial area, dorsal part, layer 2/3",negative,5,BRAC5872.1c,cfos
8401,"Retrosplenial area, dorsal part, layer 2/3",positive,3197,BRAC5872.1c,cfos
8402,"Retrosplenial area, dorsal part, layer 5",negative,7,BRAC5872.1c,cfos
8403,"Retrosplenial area, dorsal part, layer 5",positive,4504,BRAC5872.1c,cfos
8404,"Retrosplenial area, dorsal part, layer 6a",negative,4,BRAC5872.1c,cfos
8405,"Retrosplenial area, dorsal part, layer 6a",positive,1767,BRAC5872.1c,cfos
8406,"Retrosplenial area, dorsal part, layer 6b",negative,0,BRAC5872.1c,cfos
8407,"Retrosplenial area, dorsal part, layer 6b",positive,76,BRAC5872.1c,cfos
8408,"Retrosplenial area, lateral agranular part, layer 1",negative,6,BRAC5872.1c,cfos
8409,"Retrosplenial area, lateral agranular part, layer 1",positive,656,BRAC5872.1c,cfos
8410,"Retrosplenial area, lateral agranular part, layer 2/3",negative,3,BRAC5872.1c,cfos
8411,"Retrosplenial area, lateral agranular part, layer 2/3",positive,1676,BRAC5872.1c,cfos
8412,"Retrosplenial area, lateral agranular part, layer 5",negative,9,BRAC5872.1c,cfos
8413,"Retrosplenial area, lateral agranular part, layer 5",positive,2206,BRAC5872.1c,cfos
8414,"Retrosplenial area, lateral agranular part, layer 6a",negative,13,BRAC5872.1c,cfos
8415,"Retrosplenial area, lateral agranular part, layer 6a",positive,912,BRAC5872.1c,cfos
8416,"Retrosplenial area, lateral agranular part, layer 6b",negative,2,BRAC5872.1c,cfos
8417,"Retrosplenial area, lateral agranular part, layer 6b",positive,108,BRAC5872.1c,cfos
8418,"Retrosplenial area, ventral part, layer 1",negative,14,BRAC5872.1c,cfos
8419,"Retrosplenial area, ventral part, layer 1",positive,1387,BRAC5872.1c,cfos
8420,"Retrosplenial area, ventral part, layer 2/3",negative,6,BRAC5872.1c,cfos
8421,"Retrosplenial area, ventral part, layer 2/3",positive,3495,BRAC5872.1c,cfos
8422,"Retrosplenial area, ventral part, layer 5",negative,21,BRAC5872.1c,cfos
8423,"Retrosplenial area, ventral part, layer 5",positive,7755,BRAC5872.1c,cfos
8424,"Retrosplenial area, ventral part, layer 6a",negative,3,BRAC5872.1c,cfos
8425,"Retrosplenial area, ventral part, layer 6a",positive,2081,BRAC5872.1c,cfos
8426,"Retrosplenial area, ventral part, layer 6b",negative,0,BRAC5872.1c,cfos
8427,"Retrosplenial area, ventral part, layer 6b",positive,173,BRAC5872.1c,cfos
8428,Rhomboid nucleus,negative,28,BRAC5872.1c,cfos
8429,Rhomboid nucleus,positive,423,BRAC5872.1c,cfos
8430,Rostral linear nucleus raphe,negative,0,BRAC5872.1c,cfos
8431,Rostral linear nucleus raphe,positive,18,BRAC5872.1c,cfos
8432,"Rostrolateral area, layer 1",negative,2,BRAC5872.1c,cfos
8433,"Rostrolateral area, layer 1",positive,485,BRAC5872.1c,cfos
8434,"Rostrolateral area, layer 2/3",negative,0,BRAC5872.1c,cfos
8435,"Rostrolateral area, layer 2/3",positive,1183,BRAC5872.1c,cfos
8436,"Rostrolateral area, layer 4",negative,0,BRAC5872.1c,cfos
8437,"Rostrolateral area, layer 4",positive,624,BRAC5872.1c,cfos
8438,"Rostrolateral area, layer 5",negative,1,BRAC5872.1c,cfos
8439,"Rostrolateral area, layer 5",positive,884,BRAC5872.1c,cfos
8440,"Rostrolateral area, layer 6a",negative,3,BRAC5872.1c,cfos
8441,"Rostrolateral area, layer 6a",positive,505,BRAC5872.1c,cfos
8442,"Rostrolateral area, layer 6b",negative,0,BRAC5872.1c,cfos
8443,"Rostrolateral area, layer 6b",positive,56,BRAC5872.1c,cfos
8444,"Secondary motor area, layer 1",negative,12,BRAC5872.1c,cfos
8445,"Secondary motor area, layer 1",positive,1329,BRAC5872.1c,cfos
8446,"Secondary motor area, layer 2/3",negative,12,BRAC5872.1c,cfos
8447,"Secondary motor area, layer 2/3",positive,4190,BRAC5872.1c,cfos
8448,"Secondary motor area, layer 5",negative,12,BRAC5872.1c,cfos
8449,"Secondary motor area, layer 5",positive,7154,BRAC5872.1c,cfos
8450,"Secondary motor area, layer 6a",negative,17,BRAC5872.1c,cfos
8451,"Secondary motor area, layer 6a",positive,3942,BRAC5872.1c,cfos
8452,"Secondary motor area, layer 6b",negative,0,BRAC5872.1c,cfos
8453,"Secondary motor area, layer 6b",positive,168,BRAC5872.1c,cfos
8454,Septofimbrial nucleus,negative,20,BRAC5872.1c,cfos
8455,Septofimbrial nucleus,positive,780,BRAC5872.1c,cfos
8456,Septohippocampal nucleus,negative,0,BRAC5872.1c,cfos
8457,Septohippocampal nucleus,positive,39,BRAC5872.1c,cfos
8458,Striatum,negative,259,BRAC5872.1c,cfos
8459,Striatum,positive,5410,BRAC5872.1c,cfos
8460,Subcommissural organ,negative,8,BRAC5872.1c,cfos
8461,Subcommissural organ,positive,25,BRAC5872.1c,cfos
8462,Subfornical organ,negative,0,BRAC5872.1c,cfos
8463,Subfornical organ,positive,111,BRAC5872.1c,cfos
8464,Subgeniculate nucleus,negative,2,BRAC5872.1c,cfos
8465,Subgeniculate nucleus,positive,119,BRAC5872.1c,cfos
8466,Subiculum,negative,17,BRAC5872.1c,cfos
8467,Subiculum,positive,1468,BRAC5872.1c,cfos
8468,Submedial nucleus of the thalamus,negative,20,BRAC5872.1c,cfos
8469,Submedial nucleus of the thalamus,positive,1062,BRAC5872.1c,cfos
8470,Subparafascicular area,negative,13,BRAC5872.1c,cfos
8471,Subparafascicular area,positive,341,BRAC5872.1c,cfos
8472,"Subparafascicular nucleus, magnocellular part",negative,3,BRAC5872.1c,cfos
8473,"Subparafascicular nucleus, magnocellular part",positive,247,BRAC5872.1c,cfos
8474,"Subparafascicular nucleus, parvicellular part",negative,0,BRAC5872.1c,cfos
8475,"Subparafascicular nucleus, parvicellular part",positive,302,BRAC5872.1c,cfos
8476,Subparaventricular zone,negative,37,BRAC5872.1c,cfos
8477,Subparaventricular zone,positive,575,BRAC5872.1c,cfos
8478,Substantia innominata,negative,59,BRAC5872.1c,cfos
8479,Substantia innominata,positive,5979,BRAC5872.1c,cfos
8480,"Substantia nigra, compact part",negative,6,BRAC5872.1c,cfos
8481,"Substantia nigra, compact part",positive,233,BRAC5872.1c,cfos
8482,"Substantia nigra, reticular part",negative,5,BRAC5872.1c,cfos
8483,"Substantia nigra, reticular part",positive,1276,BRAC5872.1c,cfos
8484,Subthalamic nucleus,negative,0,BRAC5872.1c,cfos
8485,Subthalamic nucleus,positive,500,BRAC5872.1c,cfos
8486,"Superior colliculus, motor related, deep white layer",negative,0,BRAC5872.1c,cfos
8487,"Superior colliculus, motor related, deep white layer",positive,12,BRAC5872.1c,cfos
8488,"Superior colliculus, motor related, intermediate gray layer",negative,0,BRAC5872.1c,cfos
8489,"Superior colliculus, motor related, intermediate gray layer",positive,254,BRAC5872.1c,cfos
8490,"Superior colliculus, motor related, intermediate white layer",negative,0,BRAC5872.1c,cfos
8491,"Superior colliculus, motor related, intermediate white layer",positive,125,BRAC5872.1c,cfos
8492,"Superior colliculus, optic layer",negative,2,BRAC5872.1c,cfos
8493,"Superior colliculus, optic layer",positive,40,BRAC5872.1c,cfos
8494,"Superior colliculus, superficial gray layer",negative,3,BRAC5872.1c,cfos
8495,"Superior colliculus, superficial gray layer",positive,3,BRAC5872.1c,cfos
8496,"Superior colliculus, zonal layer",negative,0,BRAC5872.1c,cfos
8497,"Superior colliculus, zonal layer",positive,15,BRAC5872.1c,cfos
8498,"Supplemental somatosensory area, layer 1",negative,34,BRAC5872.1c,cfos
8499,"Supplemental somatosensory area, layer 1",positive,1879,BRAC5872.1c,cfos
8500,"Supplemental somatosensory area, layer 2/3",negative,22,BRAC5872.1c,cfos
8501,"Supplemental somatosensory area, layer 2/3",positive,4696,BRAC5872.1c,cfos
8502,"Supplemental somatosensory area, layer 4",negative,8,BRAC5872.1c,cfos
8503,"Supplemental somatosensory area, layer 4",positive,3204,BRAC5872.1c,cfos
8504,"Supplemental somatosensory area, layer 5",negative,23,BRAC5872.1c,cfos
8505,"Supplemental somatosensory area, layer 5",positive,7051,BRAC5872.1c,cfos
8506,"Supplemental somatosensory area, layer 6a",negative,59,BRAC5872.1c,cfos
8507,"Supplemental somatosensory area, layer 6a",positive,5793,BRAC5872.1c,cfos
8508,"Supplemental somatosensory area, layer 6b",negative,8,BRAC5872.1c,cfos
8509,"Supplemental somatosensory area, layer 6b",positive,544,BRAC5872.1c,cfos
8510,Suprachiasmatic nucleus,negative,34,BRAC5872.1c,cfos
8511,Suprachiasmatic nucleus,positive,416,BRAC5872.1c,cfos
8512,Suprageniculate nucleus,negative,15,BRAC5872.1c,cfos
8513,Suprageniculate nucleus,positive,85,BRAC5872.1c,cfos
8514,Supramammillary nucleus,negative,15,BRAC5872.1c,cfos
8515,Supramammillary nucleus,positive,635,BRAC5872.1c,cfos
8516,Supraoptic nucleus,negative,18,BRAC5872.1c,cfos
8517,Supraoptic nucleus,positive,132,BRAC5872.1c,cfos
8518,"Taenia tecta, dorsal part",negative,23,BRAC5872.1c,cfos
8519,"Taenia tecta, dorsal part",positive,170,BRAC5872.1c,cfos
8520,"Temporal association areas, layer 1",negative,25,BRAC5872.1c,cfos
8521,"Temporal association areas, layer 1",positive,381,BRAC5872.1c,cfos
8522,"Temporal association areas, layer 2/3",negative,34,BRAC5872.1c,cfos
8523,"Temporal association areas, layer 2/3",positive,962,BRAC5872.1c,cfos
8524,"Temporal association areas, layer 4",negative,6,BRAC5872.1c,cfos
8525,"Temporal association areas, layer 4",positive,459,BRAC5872.1c,cfos
8526,"Temporal association areas, layer 5",negative,48,BRAC5872.1c,cfos
8527,"Temporal association areas, layer 5",positive,1861,BRAC5872.1c,cfos
8528,"Temporal association areas, layer 6a",negative,36,BRAC5872.1c,cfos
8529,"Temporal association areas, layer 6a",positive,1039,BRAC5872.1c,cfos
8530,"Temporal association areas, layer 6b",negative,7,BRAC5872.1c,cfos
8531,"Temporal association areas, layer 6b",positive,85,BRAC5872.1c,cfos
8532,Thalamus,negative,41,BRAC5872.1c,cfos
8533,Thalamus,positive,2448,BRAC5872.1c,cfos
8534,Triangular nucleus of septum,negative,52,BRAC5872.1c,cfos
8535,Triangular nucleus of septum,positive,305,BRAC5872.1c,cfos
8536,Tuberal nucleus,negative,246,BRAC5872.1c,cfos
8537,Tuberal nucleus,positive,826,BRAC5872.1c,cfos
8538,"Tuberomammillary nucleus, dorsal part",negative,11,BRAC5872.1c,cfos
8539,"Tuberomammillary nucleus, dorsal part",positive,55,BRAC5872.1c,cfos
8540,"Tuberomammillary nucleus, ventral part",negative,71,BRAC5872.1c,cfos
8541,"Tuberomammillary nucleus, ventral part",positive,243,BRAC5872.1c,cfos
8542,Vascular organ of the lamina terminalis,negative,5,BRAC5872.1c,cfos
8543,Vascular organ of the lamina terminalis,positive,17,BRAC5872.1c,cfos
8544,Ventral anterior-lateral complex of the thalamus,negative,4,BRAC5872.1c,cfos
8545,Ventral anterior-lateral complex of the thalamus,positive,3644,BRAC5872.1c,cfos
8546,"Ventral auditory area, layer 1",negative,3,BRAC5872.1c,cfos
8547,"Ventral auditory area, layer 1",positive,432,BRAC5872.1c,cfos
8548,"Ventral auditory area, layer 2/3",negative,2,BRAC5872.1c,cfos
8549,"Ventral auditory area, layer 2/3",positive,1003,BRAC5872.1c,cfos
8550,"Ventral auditory area, layer 4",negative,5,BRAC5872.1c,cfos
8551,"Ventral auditory area, layer 4",positive,671,BRAC5872.1c,cfos
8552,"Ventral auditory area, layer 5",negative,15,BRAC5872.1c,cfos
8553,"Ventral auditory area, layer 5",positive,1742,BRAC5872.1c,cfos
8554,"Ventral auditory area, layer 6a",negative,3,BRAC5872.1c,cfos
8555,"Ventral auditory area, layer 6a",positive,680,BRAC5872.1c,cfos
8556,"Ventral auditory area, layer 6b",negative,1,BRAC5872.1c,cfos
8557,"Ventral auditory area, layer 6b",positive,73,BRAC5872.1c,cfos
8558,Ventral medial nucleus of the thalamus,negative,7,BRAC5872.1c,cfos
8559,Ventral medial nucleus of the thalamus,positive,2560,BRAC5872.1c,cfos
8560,Ventral part of the lateral geniculate complex,negative,34,BRAC5872.1c,cfos
8561,Ventral part of the lateral geniculate complex,positive,1115,BRAC5872.1c,cfos
8562,Ventral posterolateral nucleus of the thalamus,negative,5,BRAC5872.1c,cfos
8563,Ventral posterolateral nucleus of the thalamus,positive,3956,BRAC5872.1c,cfos
8564,"Ventral posterolateral nucleus of the thalamus, parvicellular part",negative,0,BRAC5872.1c,cfos
8565,"Ventral posterolateral nucleus of the thalamus, parvicellular part",positive,316,BRAC5872.1c,cfos
8566,Ventral posteromedial nucleus of the thalamus,negative,7,BRAC5872.1c,cfos
8567,Ventral posteromedial nucleus of the thalamus,positive,8100,BRAC5872.1c,cfos
8568,"Ventral posteromedial nucleus of the thalamus, parvicellular part",negative,3,BRAC5872.1c,cfos
8569,"Ventral posteromedial nucleus of the thalamus, parvicellular part",positive,606,BRAC5872.1c,cfos
8570,Ventral premammillary nucleus,negative,144,BRAC5872.1c,cfos
8571,Ventral premammillary nucleus,positive,373,BRAC5872.1c,cfos
8572,Ventral tegmental area,negative,2,BRAC5872.1c,cfos
8573,Ventral tegmental area,positive,547,BRAC5872.1c,cfos
8574,Ventrolateral preoptic nucleus,negative,2,BRAC5872.1c,cfos
8575,Ventrolateral preoptic nucleus,positive,131,BRAC5872.1c,cfos
8576,Ventromedial hypothalamic nucleus,negative,162,BRAC5872.1c,cfos
8577,Ventromedial hypothalamic nucleus,positive,1605,BRAC5872.1c,cfos
8578,Ventromedial preoptic nucleus,negative,22,BRAC5872.1c,cfos
8579,Ventromedial preoptic nucleus,positive,116,BRAC5872.1c,cfos
8580,"Visceral area, layer 1",negative,9,BRAC5872.1c,cfos
8581,"Visceral area, layer 1",positive,582,BRAC5872.1c,cfos
8582,"Visceral area, layer 2/3",negative,6,BRAC5872.1c,cfos
8583,"Visceral area, layer 2/3",positive,1383,BRAC5872.1c,cfos
8584,"Visceral area, layer 4",negative,1,BRAC5872.1c,cfos
8585,"Visceral area, layer 4",positive,488,BRAC5872.1c,cfos
8586,"Visceral area, layer 5",negative,21,BRAC5872.1c,cfos
8587,"Visceral area, layer 5",positive,2060,BRAC5872.1c,cfos
8588,"Visceral area, layer 6a",negative,42,BRAC5872.1c,cfos
8589,"Visceral area, layer 6a",positive,1617,BRAC5872.1c,cfos
8590,"Visceral area, layer 6b",negative,4,BRAC5872.1c,cfos
8591,"Visceral area, layer 6b",positive,192,BRAC5872.1c,cfos
8592,Xiphoid thalamic nucleus,negative,33,BRAC5872.1c,cfos
8593,Xiphoid thalamic nucleus,positive,345,BRAC5872.1c,cfos
8594,Zona incerta,negative,38,BRAC5872.1c,cfos
8595,Zona incerta,positive,4383,BRAC5872.1c,cfos
8596,alveus,negative,46,BRAC5872.1c,cfos
8597,alveus,positive,2751,BRAC5872.1c,cfos
8598,amygdalar capsule,negative,24,BRAC5872.1c,cfos
8599,amygdalar capsule,positive,435,BRAC5872.1c,cfos
8600,"anterior commissure, olfactory limb",negative,5,BRAC5872.1c,cfos
8601,"anterior commissure, olfactory limb",positive,438,BRAC5872.1c,cfos
8602,"anterior commissure, temporal limb",negative,18,BRAC5872.1c,cfos
8603,"anterior commissure, temporal limb",positive,449,BRAC5872.1c,cfos
8604,auditory radiation,negative,2,BRAC5872.1c,cfos
8605,auditory radiation,positive,732,BRAC5872.1c,cfos
8606,brachium of the superior colliculus,negative,27,BRAC5872.1c,cfos
8607,brachium of the superior colliculus,positive,173,BRAC5872.1c,cfos
8608,cerebal peduncle,negative,26,BRAC5872.1c,cfos
8609,cerebal peduncle,positive,699,BRAC5872.1c,cfos
8610,cerebral aqueduct,negative,0,BRAC5872.1c,cfos
8611,cerebral aqueduct,positive,12,BRAC5872.1c,cfos
8612,choroid plexus,negative,27,BRAC5872.1c,cfos
8613,choroid plexus,positive,1389,BRAC5872.1c,cfos
8614,cingulum bundle,negative,28,BRAC5872.1c,cfos
8615,cingulum bundle,positive,3205,BRAC5872.1c,cfos
8616,columns of the fornix,negative,31,BRAC5872.1c,cfos
8617,columns of the fornix,positive,589,BRAC5872.1c,cfos
8618,commissural branch of stria terminalis,negative,2,BRAC5872.1c,cfos
8619,commissural branch of stria terminalis,positive,71,BRAC5872.1c,cfos
8620,"corpus callosum, anterior forceps",negative,22,BRAC5872.1c,cfos
8621,"corpus callosum, anterior forceps",positive,264,BRAC5872.1c,cfos
8622,"corpus callosum, body",negative,88,BRAC5872.1c,cfos
8623,"corpus callosum, body",positive,4683,BRAC5872.1c,cfos
8624,"corpus callosum, extreme capsule",negative,27,BRAC5872.1c,cfos
8625,"corpus callosum, extreme capsule",positive,316,BRAC5872.1c,cfos
8626,"corpus callosum, posterior forceps",negative,42,BRAC5872.1c,cfos
8627,"corpus callosum, posterior forceps",positive,2139,BRAC5872.1c,cfos
8628,"corpus callosum, splenium",negative,48,BRAC5872.1c,cfos
8629,"corpus callosum, splenium",positive,1945,BRAC5872.1c,cfos
8630,dorsal fornix,negative,0,BRAC5872.1c,cfos
8631,dorsal fornix,positive,53,BRAC5872.1c,cfos
8632,dorsal hippocampal commissure,negative,52,BRAC5872.1c,cfos
8633,dorsal hippocampal commissure,positive,1344,BRAC5872.1c,cfos
8634,external capsule,negative,39,BRAC5872.1c,cfos
8635,external capsule,positive,1437,BRAC5872.1c,cfos
8636,external medullary lamina of the thalamus,negative,0,BRAC5872.1c,cfos
8637,external medullary lamina of the thalamus,positive,454,BRAC5872.1c,cfos
8638,fasciculus retroflexus,negative,2,BRAC5872.1c,cfos
8639,fasciculus retroflexus,positive,617,BRAC5872.1c,cfos
8640,fiber tracts,negative,135,BRAC5872.1c,cfos
8641,fiber tracts,positive,2071,BRAC5872.1c,cfos
8642,fimbria,negative,21,BRAC5872.1c,cfos
8643,fimbria,positive,3090,BRAC5872.1c,cfos
8644,genu of corpus callosum,negative,20,BRAC5872.1c,cfos
8645,genu of corpus callosum,positive,794,BRAC5872.1c,cfos
8646,habenular commissure,negative,7,BRAC5872.1c,cfos
8647,habenular commissure,positive,190,BRAC5872.1c,cfos
8648,internal capsule,negative,48,BRAC5872.1c,cfos
8649,internal capsule,positive,2495,BRAC5872.1c,cfos
8650,"lateral olfactory tract, body",negative,3,BRAC5872.1c,cfos
8651,"lateral olfactory tract, body",positive,320,BRAC5872.1c,cfos
8652,lateral ventricle,negative,73,BRAC5872.1c,cfos
8653,lateral ventricle,positive,2967,BRAC5872.1c,cfos
8654,mammillary peduncle,negative,0,BRAC5872.1c,cfos
8655,mammillary peduncle,positive,20,BRAC5872.1c,cfos
8656,mammillotegmental tract,negative,0,BRAC5872.1c,cfos
8657,mammillotegmental tract,positive,34,BRAC5872.1c,cfos
8658,mammillothalamic tract,negative,1,BRAC5872.1c,cfos
8659,mammillothalamic tract,positive,325,BRAC5872.1c,cfos
8660,medial corticohypothalamic tract,negative,1,BRAC5872.1c,cfos
8661,medial corticohypothalamic tract,positive,9,BRAC5872.1c,cfos
8662,medial forebrain bundle,negative,0,BRAC5872.1c,cfos
8663,medial forebrain bundle,positive,149,BRAC5872.1c,cfos
8664,medial lemniscus,negative,0,BRAC5872.1c,cfos
8665,medial lemniscus,positive,631,BRAC5872.1c,cfos
8666,nigrostriatal tract,negative,0,BRAC5872.1c,cfos
8667,nigrostriatal tract,positive,362,BRAC5872.1c,cfos
8668,optic chiasm,negative,20,BRAC5872.1c,cfos
8669,optic chiasm,positive,86,BRAC5872.1c,cfos
8670,optic radiation,negative,20,BRAC5872.1c,cfos
8671,optic radiation,positive,3052,BRAC5872.1c,cfos
8672,optic tract,negative,58,BRAC5872.1c,cfos
8673,optic tract,positive,434,BRAC5872.1c,cfos
8674,posterior commissure,negative,7,BRAC5872.1c,cfos
8675,posterior commissure,positive,196,BRAC5872.1c,cfos
8676,"posteromedial visual area, layer 1",negative,2,BRAC5872.1c,cfos
8677,"posteromedial visual area, layer 1",positive,269,BRAC5872.1c,cfos
8678,"posteromedial visual area, layer 2/3",negative,3,BRAC5872.1c,cfos
8679,"posteromedial visual area, layer 2/3",positive,499,BRAC5872.1c,cfos
8680,"posteromedial visual area, layer 4",negative,1,BRAC5872.1c,cfos
8681,"posteromedial visual area, layer 4",positive,173,BRAC5872.1c,cfos
8682,"posteromedial visual area, layer 5",negative,6,BRAC5872.1c,cfos
8683,"posteromedial visual area, layer 5",positive,544,BRAC5872.1c,cfos
8684,"posteromedial visual area, layer 6a",negative,1,BRAC5872.1c,cfos
8685,"posteromedial visual area, layer 6a",positive,319,BRAC5872.1c,cfos
8686,"posteromedial visual area, layer 6b",negative,0,BRAC5872.1c,cfos
8687,"posteromedial visual area, layer 6b",positive,56,BRAC5872.1c,cfos
8688,principal mammillary tract,negative,2,BRAC5872.1c,cfos
8689,principal mammillary tract,positive,104,BRAC5872.1c,cfos
8690,root,negative,166,BRAC5872.1c,cfos
8691,root,positive,2765,BRAC5872.1c,cfos
8692,stria medullaris,negative,0,BRAC5872.1c,cfos
8693,stria medullaris,positive,1331,BRAC5872.1c,cfos
8694,stria terminalis,negative,6,BRAC5872.1c,cfos
8695,stria terminalis,positive,579,BRAC5872.1c,cfos
8696,subependymal zone,negative,27,BRAC5872.1c,cfos
8697,subependymal zone,positive,87,BRAC5872.1c,cfos
8698,supra-callosal cerebral white matter,negative,17,BRAC5872.1c,cfos
8699,supra-callosal cerebral white matter,positive,1736,BRAC5872.1c,cfos
8700,supraoptic commissures,negative,0,BRAC5872.1c,cfos
8701,supraoptic commissures,positive,23,BRAC5872.1c,cfos
8702,third ventricle,negative,106,BRAC5872.1c,cfos
8703,third ventricle,positive,1770,BRAC5872.1c,cfos
8704,ventral hippocampal commissure,negative,1,BRAC5872.1c,cfos
8705,ventral hippocampal commissure,positive,166,BRAC5872.1c,cfos
8706,Accessory supraoptic group,negative,1,BRAC5603.3f,cfos
8707,Accessory supraoptic group,positive,41,BRAC5603.3f,cfos
8708,"Agranular insular area, dorsal part, layer 1",negative,3,BRAC5603.3f,cfos
8709,"Agranular insular area, dorsal part, layer 1",positive,63,BRAC5603.3f,cfos
8710,"Agranular insular area, dorsal part, layer 2/3",negative,7,BRAC5603.3f,cfos
8711,"Agranular insular area, dorsal part, layer 2/3",positive,688,BRAC5603.3f,cfos
8712,"Agranular insular area, dorsal part, layer 5",negative,10,BRAC5603.3f,cfos
8713,"Agranular insular area, dorsal part, layer 5",positive,1475,BRAC5603.3f,cfos
8714,"Agranular insular area, dorsal part, layer 6a",negative,55,BRAC5603.3f,cfos
8715,"Agranular insular area, dorsal part, layer 6a",positive,1232,BRAC5603.3f,cfos
8716,"Agranular insular area, dorsal part, layer 6b",negative,8,BRAC5603.3f,cfos
8717,"Agranular insular area, dorsal part, layer 6b",positive,90,BRAC5603.3f,cfos
8718,"Agranular insular area, posterior part, layer 1",negative,15,BRAC5603.3f,cfos
8719,"Agranular insular area, posterior part, layer 1",positive,921,BRAC5603.3f,cfos
8720,"Agranular insular area, posterior part, layer 2/3",negative,29,BRAC5603.3f,cfos
8721,"Agranular insular area, posterior part, layer 2/3",positive,2831,BRAC5603.3f,cfos
8722,"Agranular insular area, posterior part, layer 5",negative,28,BRAC5603.3f,cfos
8723,"Agranular insular area, posterior part, layer 5",positive,2330,BRAC5603.3f,cfos
8724,"Agranular insular area, posterior part, layer 6a",negative,32,BRAC5603.3f,cfos
8725,"Agranular insular area, posterior part, layer 6a",positive,1549,BRAC5603.3f,cfos
8726,"Agranular insular area, posterior part, layer 6b",negative,1,BRAC5603.3f,cfos
8727,"Agranular insular area, posterior part, layer 6b",positive,100,BRAC5603.3f,cfos
8728,"Agranular insular area, ventral part, layer 1",negative,0,BRAC5603.3f,cfos
8729,"Agranular insular area, ventral part, layer 1",positive,62,BRAC5603.3f,cfos
8730,"Agranular insular area, ventral part, layer 2/3",negative,6,BRAC5603.3f,cfos
8731,"Agranular insular area, ventral part, layer 2/3",positive,849,BRAC5603.3f,cfos
8732,"Agranular insular area, ventral part, layer 5",negative,7,BRAC5603.3f,cfos
8733,"Agranular insular area, ventral part, layer 5",positive,929,BRAC5603.3f,cfos
8734,"Agranular insular area, ventral part, layer 6a",negative,8,BRAC5603.3f,cfos
8735,"Agranular insular area, ventral part, layer 6a",positive,582,BRAC5603.3f,cfos
8736,Anterior amygdalar area,negative,12,BRAC5603.3f,cfos
8737,Anterior amygdalar area,positive,1779,BRAC5603.3f,cfos
8738,"Anterior area, layer 1",negative,6,BRAC5603.3f,cfos
8739,"Anterior area, layer 1",positive,1554,BRAC5603.3f,cfos
8740,"Anterior area, layer 2/3",negative,1,BRAC5603.3f,cfos
8741,"Anterior area, layer 2/3",positive,6617,BRAC5603.3f,cfos
8742,"Anterior area, layer 4",negative,0,BRAC5603.3f,cfos
8743,"Anterior area, layer 4",positive,2603,BRAC5603.3f,cfos
8744,"Anterior area, layer 5",negative,1,BRAC5603.3f,cfos
8745,"Anterior area, layer 5",positive,4175,BRAC5603.3f,cfos
8746,"Anterior area, layer 6a",negative,17,BRAC5603.3f,cfos
8747,"Anterior area, layer 6a",positive,2211,BRAC5603.3f,cfos
8748,"Anterior area, layer 6b",negative,5,BRAC5603.3f,cfos
8749,"Anterior area, layer 6b",positive,373,BRAC5603.3f,cfos
8750,"Anterior cingulate area, dorsal part, layer 1",negative,45,BRAC5603.3f,cfos
8751,"Anterior cingulate area, dorsal part, layer 1",positive,1198,BRAC5603.3f,cfos
8752,"Anterior cingulate area, dorsal part, layer 2/3",negative,22,BRAC5603.3f,cfos
8753,"Anterior cingulate area, dorsal part, layer 2/3",positive,3327,BRAC5603.3f,cfos
8754,"Anterior cingulate area, dorsal part, layer 5",negative,23,BRAC5603.3f,cfos
8755,"Anterior cingulate area, dorsal part, layer 5",positive,6496,BRAC5603.3f,cfos
8756,"Anterior cingulate area, dorsal part, layer 6a",negative,24,BRAC5603.3f,cfos
8757,"Anterior cingulate area, dorsal part, layer 6a",positive,4143,BRAC5603.3f,cfos
8758,"Anterior cingulate area, dorsal part, layer 6b",negative,0,BRAC5603.3f,cfos
8759,"Anterior cingulate area, dorsal part, layer 6b",positive,130,BRAC5603.3f,cfos
8760,"Anterior cingulate area, ventral part, 6a",negative,42,BRAC5603.3f,cfos
8761,"Anterior cingulate area, ventral part, 6a",positive,2040,BRAC5603.3f,cfos
8762,"Anterior cingulate area, ventral part, 6b",negative,5,BRAC5603.3f,cfos
8763,"Anterior cingulate area, ventral part, 6b",positive,299,BRAC5603.3f,cfos
8764,"Anterior cingulate area, ventral part, layer 1",negative,26,BRAC5603.3f,cfos
8765,"Anterior cingulate area, ventral part, layer 1",positive,1350,BRAC5603.3f,cfos
8766,"Anterior cingulate area, ventral part, layer 2/3",negative,11,BRAC5603.3f,cfos
8767,"Anterior cingulate area, ventral part, layer 2/3",positive,4222,BRAC5603.3f,cfos
8768,"Anterior cingulate area, ventral part, layer 5",negative,36,BRAC5603.3f,cfos
8769,"Anterior cingulate area, ventral part, layer 5",positive,7016,BRAC5603.3f,cfos
8770,Anterior hypothalamic nucleus,negative,93,BRAC5603.3f,cfos
8771,Anterior hypothalamic nucleus,positive,2782,BRAC5603.3f,cfos
8772,Anterior pretectal nucleus,negative,15,BRAC5603.3f,cfos
8773,Anterior pretectal nucleus,positive,4254,BRAC5603.3f,cfos
8774,Anterodorsal nucleus,negative,6,BRAC5603.3f,cfos
8775,Anterodorsal nucleus,positive,852,BRAC5603.3f,cfos
8776,Anterodorsal preoptic nucleus,negative,2,BRAC5603.3f,cfos
8777,Anterodorsal preoptic nucleus,positive,657,BRAC5603.3f,cfos
8778,"Anterolateral visual area, layer 1",negative,0,BRAC5603.3f,cfos
8779,"Anterolateral visual area, layer 1",positive,57,BRAC5603.3f,cfos
8780,"Anterolateral visual area, layer 2/3",negative,1,BRAC5603.3f,cfos
8781,"Anterolateral visual area, layer 2/3",positive,415,BRAC5603.3f,cfos
8782,"Anterolateral visual area, layer 4",negative,0,BRAC5603.3f,cfos
8783,"Anterolateral visual area, layer 4",positive,248,BRAC5603.3f,cfos
8784,"Anterolateral visual area, layer 5",negative,0,BRAC5603.3f,cfos
8785,"Anterolateral visual area, layer 5",positive,537,BRAC5603.3f,cfos
8786,"Anterolateral visual area, layer 6a",negative,0,BRAC5603.3f,cfos
8787,"Anterolateral visual area, layer 6a",positive,219,BRAC5603.3f,cfos
8788,"Anterolateral visual area, layer 6b",negative,0,BRAC5603.3f,cfos
8789,"Anterolateral visual area, layer 6b",positive,41,BRAC5603.3f,cfos
8790,"Anteromedial nucleus, dorsal part",negative,1,BRAC5603.3f,cfos
8791,"Anteromedial nucleus, dorsal part",positive,1578,BRAC5603.3f,cfos
8792,"Anteromedial nucleus, ventral part",negative,0,BRAC5603.3f,cfos
8793,"Anteromedial nucleus, ventral part",positive,740,BRAC5603.3f,cfos
8794,"Anteromedial visual area, layer 1",negative,1,BRAC5603.3f,cfos
8795,"Anteromedial visual area, layer 1",positive,607,BRAC5603.3f,cfos
8796,"Anteromedial visual area, layer 2/3",negative,0,BRAC5603.3f,cfos
8797,"Anteromedial visual area, layer 2/3",positive,1988,BRAC5603.3f,cfos
8798,"Anteromedial visual area, layer 4",negative,0,BRAC5603.3f,cfos
8799,"Anteromedial visual area, layer 4",positive,554,BRAC5603.3f,cfos
8800,"Anteromedial visual area, layer 5",negative,3,BRAC5603.3f,cfos
8801,"Anteromedial visual area, layer 5",positive,1536,BRAC5603.3f,cfos
8802,"Anteromedial visual area, layer 6a",negative,9,BRAC5603.3f,cfos
8803,"Anteromedial visual area, layer 6a",positive,601,BRAC5603.3f,cfos
8804,"Anteromedial visual area, layer 6b",negative,1,BRAC5603.3f,cfos
8805,"Anteromedial visual area, layer 6b",positive,118,BRAC5603.3f,cfos
8806,Anteroventral nucleus of thalamus,negative,3,BRAC5603.3f,cfos
8807,Anteroventral nucleus of thalamus,positive,2481,BRAC5603.3f,cfos
8808,Anteroventral periventricular nucleus,negative,6,BRAC5603.3f,cfos
8809,Anteroventral periventricular nucleus,positive,732,BRAC5603.3f,cfos
8810,Anteroventral preoptic nucleus,negative,1,BRAC5603.3f,cfos
8811,Anteroventral preoptic nucleus,positive,300,BRAC5603.3f,cfos
8812,Arcuate hypothalamic nucleus,negative,149,BRAC5603.3f,cfos
8813,Arcuate hypothalamic nucleus,positive,1342,BRAC5603.3f,cfos
8814,"Basolateral amygdalar nucleus, anterior part",negative,35,BRAC5603.3f,cfos
8815,"Basolateral amygdalar nucleus, anterior part",positive,2413,BRAC5603.3f,cfos
8816,"Basolateral amygdalar nucleus, posterior part",negative,33,BRAC5603.3f,cfos
8817,"Basolateral amygdalar nucleus, posterior part",positive,1691,BRAC5603.3f,cfos
8818,"Basolateral amygdalar nucleus, ventral part",negative,13,BRAC5603.3f,cfos
8819,"Basolateral amygdalar nucleus, ventral part",positive,1164,BRAC5603.3f,cfos
8820,"Basomedial amygdalar nucleus, anterior part",negative,40,BRAC5603.3f,cfos
8821,"Basomedial amygdalar nucleus, anterior part",positive,3199,BRAC5603.3f,cfos
8822,"Basomedial amygdalar nucleus, posterior part",negative,61,BRAC5603.3f,cfos
8823,"Basomedial amygdalar nucleus, posterior part",positive,1989,BRAC5603.3f,cfos
8824,Bed nuclei of the stria terminalis,negative,128,BRAC5603.3f,cfos
8825,Bed nuclei of the stria terminalis,positive,5750,BRAC5603.3f,cfos
8826,Bed nucleus of the accessory olfactory tract,negative,13,BRAC5603.3f,cfos
8827,Bed nucleus of the accessory olfactory tract,positive,125,BRAC5603.3f,cfos
8828,Bed nucleus of the anterior commissure,negative,1,BRAC5603.3f,cfos
8829,Bed nucleus of the anterior commissure,positive,22,BRAC5603.3f,cfos
8830,Caudoputamen,negative,732,BRAC5603.3f,cfos
8831,Caudoputamen,positive,89395,BRAC5603.3f,cfos
8832,"Central amygdalar nucleus, capsular part",negative,26,BRAC5603.3f,cfos
8833,"Central amygdalar nucleus, capsular part",positive,778,BRAC5603.3f,cfos
8834,"Central amygdalar nucleus, lateral part",negative,4,BRAC5603.3f,cfos
8835,"Central amygdalar nucleus, lateral part",positive,802,BRAC5603.3f,cfos
8836,"Central amygdalar nucleus, medial part",negative,26,BRAC5603.3f,cfos
8837,"Central amygdalar nucleus, medial part",positive,2523,BRAC5603.3f,cfos
8838,Central lateral nucleus of the thalamus,negative,0,BRAC5603.3f,cfos
8839,Central lateral nucleus of the thalamus,positive,2156,BRAC5603.3f,cfos
8840,Central medial nucleus of the thalamus,negative,2,BRAC5603.3f,cfos
8841,Central medial nucleus of the thalamus,positive,1616,BRAC5603.3f,cfos
8842,Claustrum,negative,44,BRAC5603.3f,cfos
8843,Claustrum,positive,2156,BRAC5603.3f,cfos
8844,"Cortical amygdalar area, anterior part",negative,97,BRAC5603.3f,cfos
8845,"Cortical amygdalar area, anterior part",positive,4122,BRAC5603.3f,cfos
8846,"Cortical amygdalar area, posterior part, lateral zone",negative,52,BRAC5603.3f,cfos
8847,"Cortical amygdalar area, posterior part, lateral zone",positive,3234,BRAC5603.3f,cfos
8848,"Cortical amygdalar area, posterior part, medial zone",negative,8,BRAC5603.3f,cfos
8849,"Cortical amygdalar area, posterior part, medial zone",positive,4002,BRAC5603.3f,cfos
8850,Cortical subplate,negative,10,BRAC5603.3f,cfos
8851,Cortical subplate,positive,1179,BRAC5603.3f,cfos
8852,"Dentate gyrus, granule cell layer",negative,19,BRAC5603.3f,cfos
8853,"Dentate gyrus, granule cell layer",positive,2362,BRAC5603.3f,cfos
8854,"Dentate gyrus, molecular layer",negative,68,BRAC5603.3f,cfos
8855,"Dentate gyrus, molecular layer",positive,4763,BRAC5603.3f,cfos
8856,"Dentate gyrus, polymorph layer",negative,8,BRAC5603.3f,cfos
8857,"Dentate gyrus, polymorph layer",positive,987,BRAC5603.3f,cfos
8858,Diagonal band nucleus,negative,27,BRAC5603.3f,cfos
8859,Diagonal band nucleus,positive,3182,BRAC5603.3f,cfos
8860,"Dorsal auditory area, layer 1",negative,26,BRAC5603.3f,cfos
8861,"Dorsal auditory area, layer 1",positive,464,BRAC5603.3f,cfos
8862,"Dorsal auditory area, layer 2/3",negative,30,BRAC5603.3f,cfos
8863,"Dorsal auditory area, layer 2/3",positive,2552,BRAC5603.3f,cfos
8864,"Dorsal auditory area, layer 4",negative,38,BRAC5603.3f,cfos
8865,"Dorsal auditory area, layer 4",positive,1484,BRAC5603.3f,cfos
8866,"Dorsal auditory area, layer 5",negative,75,BRAC5603.3f,cfos
8867,"Dorsal auditory area, layer 5",positive,2252,BRAC5603.3f,cfos
8868,"Dorsal auditory area, layer 6a",negative,28,BRAC5603.3f,cfos
8869,"Dorsal auditory area, layer 6a",positive,1039,BRAC5603.3f,cfos
8870,"Dorsal auditory area, layer 6b",negative,2,BRAC5603.3f,cfos
8871,"Dorsal auditory area, layer 6b",positive,89,BRAC5603.3f,cfos
8872,"Dorsal part of the lateral geniculate complex, core",negative,9,BRAC5603.3f,cfos
8873,"Dorsal part of the lateral geniculate complex, core",positive,1575,BRAC5603.3f,cfos
8874,"Dorsal part of the lateral geniculate complex, ipsilateral zone",negative,4,BRAC5603.3f,cfos
8875,"Dorsal part of the lateral geniculate complex, ipsilateral zone",positive,282,BRAC5603.3f,cfos
8876,"Dorsal part of the lateral geniculate complex, shell",negative,3,BRAC5603.3f,cfos
8877,"Dorsal part of the lateral geniculate complex, shell",positive,406,BRAC5603.3f,cfos
8878,Dorsal premammillary nucleus,negative,0,BRAC5603.3f,cfos
8879,Dorsal premammillary nucleus,positive,657,BRAC5603.3f,cfos
8880,Dorsomedial nucleus of the hypothalamus,negative,7,BRAC5603.3f,cfos
8881,Dorsomedial nucleus of the hypothalamus,positive,3140,BRAC5603.3f,cfos
8882,Ectorhinal area/Layer 1,negative,8,BRAC5603.3f,cfos
8883,Ectorhinal area/Layer 1,positive,471,BRAC5603.3f,cfos
8884,Ectorhinal area/Layer 2/3,negative,22,BRAC5603.3f,cfos
8885,Ectorhinal area/Layer 2/3,positive,1734,BRAC5603.3f,cfos
8886,Ectorhinal area/Layer 5,negative,27,BRAC5603.3f,cfos
8887,Ectorhinal area/Layer 5,positive,1701,BRAC5603.3f,cfos
8888,Ectorhinal area/Layer 6a,negative,42,BRAC5603.3f,cfos
8889,Ectorhinal area/Layer 6a,positive,939,BRAC5603.3f,cfos
8890,Ectorhinal area/Layer 6b,negative,3,BRAC5603.3f,cfos
8891,Ectorhinal area/Layer 6b,positive,65,BRAC5603.3f,cfos
8892,Edinger-Westphal nucleus,negative,0,BRAC5603.3f,cfos
8893,Edinger-Westphal nucleus,positive,20,BRAC5603.3f,cfos
8894,"Endopiriform nucleus, dorsal part",negative,121,BRAC5603.3f,cfos
8895,"Endopiriform nucleus, dorsal part",positive,5835,BRAC5603.3f,cfos
8896,"Endopiriform nucleus, ventral part",negative,49,BRAC5603.3f,cfos
8897,"Endopiriform nucleus, ventral part",positive,2359,BRAC5603.3f,cfos
8898,"Entorhinal area, lateral part, layer 1",negative,6,BRAC5603.3f,cfos
8899,"Entorhinal area, lateral part, layer 1",positive,837,BRAC5603.3f,cfos
8900,"Entorhinal area, lateral part, layer 2",negative,4,BRAC5603.3f,cfos
8901,"Entorhinal area, lateral part, layer 2",positive,1780,BRAC5603.3f,cfos
8902,"Entorhinal area, lateral part, layer 3",negative,4,BRAC5603.3f,cfos
8903,"Entorhinal area, lateral part, layer 3",positive,1197,BRAC5603.3f,cfos
8904,"Entorhinal area, lateral part, layer 5",negative,13,BRAC5603.3f,cfos
8905,"Entorhinal area, lateral part, layer 5",positive,841,BRAC5603.3f,cfos
8906,"Entorhinal area, lateral part, layer 6a",negative,3,BRAC5603.3f,cfos
8907,"Entorhinal area, lateral part, layer 6a",positive,357,BRAC5603.3f,cfos
8908,Ethmoid nucleus of the thalamus,negative,1,BRAC5603.3f,cfos
8909,Ethmoid nucleus of the thalamus,positive,904,BRAC5603.3f,cfos
8910,Fasciola cinerea,negative,1,BRAC5603.3f,cfos
8911,Fasciola cinerea,positive,163,BRAC5603.3f,cfos
8912,Field CA1,negative,57,BRAC5603.3f,cfos
8913,Field CA1,positive,15697,BRAC5603.3f,cfos
8914,Field CA2,negative,3,BRAC5603.3f,cfos
8915,Field CA2,positive,789,BRAC5603.3f,cfos
8916,Field CA3,negative,43,BRAC5603.3f,cfos
8917,Field CA3,positive,9738,BRAC5603.3f,cfos
8918,Fields of Forel,negative,2,BRAC5603.3f,cfos
8919,Fields of Forel,positive,1136,BRAC5603.3f,cfos
8920,Fundus of striatum,negative,8,BRAC5603.3f,cfos
8921,Fundus of striatum,positive,1824,BRAC5603.3f,cfos
8922,"Globus pallidus, external segment",negative,5,BRAC5603.3f,cfos
8923,"Globus pallidus, external segment",positive,3581,BRAC5603.3f,cfos
8924,"Globus pallidus, internal segment",negative,4,BRAC5603.3f,cfos
8925,"Globus pallidus, internal segment",positive,793,BRAC5603.3f,cfos
8926,"Gustatory areas, layer 1",negative,16,BRAC5603.3f,cfos
8927,"Gustatory areas, layer 1",positive,417,BRAC5603.3f,cfos
8928,"Gustatory areas, layer 2/3",negative,5,BRAC5603.3f,cfos
8929,"Gustatory areas, layer 2/3",positive,2152,BRAC5603.3f,cfos
8930,"Gustatory areas, layer 4",negative,1,BRAC5603.3f,cfos
8931,"Gustatory areas, layer 4",positive,890,BRAC5603.3f,cfos
8932,"Gustatory areas, layer 5",negative,17,BRAC5603.3f,cfos
8933,"Gustatory areas, layer 5",positive,2422,BRAC5603.3f,cfos
8934,"Gustatory areas, layer 6a",negative,60,BRAC5603.3f,cfos
8935,"Gustatory areas, layer 6a",positive,1903,BRAC5603.3f,cfos
8936,"Gustatory areas, layer 6b",negative,5,BRAC5603.3f,cfos
8937,"Gustatory areas, layer 6b",positive,113,BRAC5603.3f,cfos
8938,Hippocampal formation,negative,5,BRAC5603.3f,cfos
8939,Hippocampal formation,positive,365,BRAC5603.3f,cfos
8940,Hippocampo-amygdalar transition area,negative,0,BRAC5603.3f,cfos
8941,Hippocampo-amygdalar transition area,positive,122,BRAC5603.3f,cfos
8942,Hypothalamus,negative,266,BRAC5603.3f,cfos
8943,Hypothalamus,positive,11384,BRAC5603.3f,cfos
8944,Induseum griseum,negative,9,BRAC5603.3f,cfos
8945,Induseum griseum,positive,296,BRAC5603.3f,cfos
8946,Interanterodorsal nucleus of the thalamus,negative,0,BRAC5603.3f,cfos
8947,Interanterodorsal nucleus of the thalamus,positive,765,BRAC5603.3f,cfos
8948,Interanteromedial nucleus of the thalamus,negative,0,BRAC5603.3f,cfos
8949,Interanteromedial nucleus of the thalamus,positive,358,BRAC5603.3f,cfos
8950,Intercalated amygdalar nucleus,negative,7,BRAC5603.3f,cfos
8951,Intercalated amygdalar nucleus,positive,873,BRAC5603.3f,cfos
8952,Interfascicular nucleus raphe,negative,0,BRAC5603.3f,cfos
8953,Interfascicular nucleus raphe,positive,121,BRAC5603.3f,cfos
8954,Intergeniculate leaflet of the lateral geniculate complex,negative,0,BRAC5603.3f,cfos
8955,Intergeniculate leaflet of the lateral geniculate complex,positive,198,BRAC5603.3f,cfos
8956,Intermediate geniculate nucleus,negative,1,BRAC5603.3f,cfos
8957,Intermediate geniculate nucleus,positive,50,BRAC5603.3f,cfos
8958,Intermediodorsal nucleus of the thalamus,negative,3,BRAC5603.3f,cfos
8959,Intermediodorsal nucleus of the thalamus,positive,1155,BRAC5603.3f,cfos
8960,"Interpeduncular nucleus, rostral",negative,0,BRAC5603.3f,cfos
8961,"Interpeduncular nucleus, rostral",positive,38,BRAC5603.3f,cfos
8962,"Interpeduncular nucleus, rostrolateral",negative,0,BRAC5603.3f,cfos
8963,"Interpeduncular nucleus, rostrolateral",positive,5,BRAC5603.3f,cfos
8964,Interstitial nucleus of Cajal,negative,0,BRAC5603.3f,cfos
8965,Interstitial nucleus of Cajal,positive,140,BRAC5603.3f,cfos
8966,Lateral amygdalar nucleus,negative,56,BRAC5603.3f,cfos
8967,Lateral amygdalar nucleus,positive,1441,BRAC5603.3f,cfos
8968,Lateral dorsal nucleus of thalamus,negative,5,BRAC5603.3f,cfos
8969,Lateral dorsal nucleus of thalamus,positive,3697,BRAC5603.3f,cfos
8970,Lateral habenula,negative,3,BRAC5603.3f,cfos
8971,Lateral habenula,positive,1984,BRAC5603.3f,cfos
8972,Lateral hypothalamic area,negative,34,BRAC5603.3f,cfos
8973,Lateral hypothalamic area,positive,7550,BRAC5603.3f,cfos
8974,Lateral mammillary nucleus,negative,3,BRAC5603.3f,cfos
8975,Lateral mammillary nucleus,positive,356,BRAC5603.3f,cfos
8976,Lateral posterior nucleus of the thalamus,negative,14,BRAC5603.3f,cfos
8977,Lateral posterior nucleus of the thalamus,positive,3890,BRAC5603.3f,cfos
8978,Lateral preoptic area,negative,23,BRAC5603.3f,cfos
8979,Lateral preoptic area,positive,1967,BRAC5603.3f,cfos
8980,"Lateral septal nucleus, caudal (caudodorsal) part",negative,92,BRAC5603.3f,cfos
8981,"Lateral septal nucleus, caudal (caudodorsal) part",positive,563,BRAC5603.3f,cfos
8982,"Lateral septal nucleus, rostral (rostroventral) part",negative,423,BRAC5603.3f,cfos
8983,"Lateral septal nucleus, rostral (rostroventral) part",positive,6936,BRAC5603.3f,cfos
8984,"Lateral septal nucleus, ventral part",negative,105,BRAC5603.3f,cfos
8985,"Lateral septal nucleus, ventral part",positive,3917,BRAC5603.3f,cfos
8986,Lateral terminal nucleus of the accessory optic tract,negative,0,BRAC5603.3f,cfos
8987,Lateral terminal nucleus of the accessory optic tract,positive,21,BRAC5603.3f,cfos
8988,"Lateral visual area, layer 1",negative,0,BRAC5603.3f,cfos
8989,"Lateral visual area, layer 1",positive,11,BRAC5603.3f,cfos
8990,"Lateral visual area, layer 2/3",negative,0,BRAC5603.3f,cfos
8991,"Lateral visual area, layer 2/3",positive,103,BRAC5603.3f,cfos
8992,"Lateral visual area, layer 4",negative,0,BRAC5603.3f,cfos
8993,"Lateral visual area, layer 4",positive,116,BRAC5603.3f,cfos
8994,"Lateral visual area, layer 5",negative,0,BRAC5603.3f,cfos
8995,"Lateral visual area, layer 5",positive,216,BRAC5603.3f,cfos
8996,"Lateral visual area, layer 6a",negative,0,BRAC5603.3f,cfos
8997,"Lateral visual area, layer 6a",positive,79,BRAC5603.3f,cfos
8998,"Lateral visual area, layer 6b",negative,0,BRAC5603.3f,cfos
8999,"Lateral visual area, layer 6b",positive,21,BRAC5603.3f,cfos
9000,"Laterointermediate area, layer 5",negative,0,BRAC5603.3f,cfos
9001,"Laterointermediate area, layer 5",positive,58,BRAC5603.3f,cfos
9002,"Laterointermediate area, layer 6a",negative,0,BRAC5603.3f,cfos
9003,"Laterointermediate area, layer 6a",positive,53,BRAC5603.3f,cfos
9004,"Laterointermediate area, layer 6b",negative,0,BRAC5603.3f,cfos
9005,"Laterointermediate area, layer 6b",positive,11,BRAC5603.3f,cfos
9006,Magnocellular nucleus,negative,3,BRAC5603.3f,cfos
9007,Magnocellular nucleus,positive,1326,BRAC5603.3f,cfos
9008,Medial accesory oculomotor nucleus,negative,0,BRAC5603.3f,cfos
9009,Medial accesory oculomotor nucleus,positive,15,BRAC5603.3f,cfos
9010,Medial amygdalar nucleus,negative,179,BRAC5603.3f,cfos
9011,Medial amygdalar nucleus,positive,10233,BRAC5603.3f,cfos
9012,"Medial geniculate complex, dorsal part",negative,0,BRAC5603.3f,cfos
9013,"Medial geniculate complex, dorsal part",positive,77,BRAC5603.3f,cfos
9014,"Medial geniculate complex, medial part",negative,0,BRAC5603.3f,cfos
9015,"Medial geniculate complex, medial part",positive,413,BRAC5603.3f,cfos
9016,"Medial geniculate complex, ventral part",negative,0,BRAC5603.3f,cfos
9017,"Medial geniculate complex, ventral part",positive,207,BRAC5603.3f,cfos
9018,Medial habenula,negative,22,BRAC5603.3f,cfos
9019,Medial habenula,positive,1047,BRAC5603.3f,cfos
9020,"Medial mammillary nucleus, dorsal part",negative,0,BRAC5603.3f,cfos
9021,"Medial mammillary nucleus, dorsal part",positive,165,BRAC5603.3f,cfos
9022,"Medial mammillary nucleus, lateral part",negative,2,BRAC5603.3f,cfos
9023,"Medial mammillary nucleus, lateral part",positive,623,BRAC5603.3f,cfos
9024,"Medial mammillary nucleus, medial part",negative,1,BRAC5603.3f,cfos
9025,"Medial mammillary nucleus, medial part",positive,479,BRAC5603.3f,cfos
9026,"Medial mammillary nucleus, median part",negative,2,BRAC5603.3f,cfos
9027,"Medial mammillary nucleus, median part",positive,369,BRAC5603.3f,cfos
9028,"Medial mammillary nucleus, posterior part",negative,0,BRAC5603.3f,cfos
9029,"Medial mammillary nucleus, posterior part",positive,33,BRAC5603.3f,cfos
9030,Medial preoptic area,negative,15,BRAC5603.3f,cfos
9031,Medial preoptic area,positive,2247,BRAC5603.3f,cfos
9032,Medial preoptic nucleus,negative,62,BRAC5603.3f,cfos
9033,Medial preoptic nucleus,positive,2022,BRAC5603.3f,cfos
9034,Medial pretectal area,negative,0,BRAC5603.3f,cfos
9035,Medial pretectal area,positive,213,BRAC5603.3f,cfos
9036,Medial septal nucleus,negative,2,BRAC5603.3f,cfos
9037,Medial septal nucleus,positive,2363,BRAC5603.3f,cfos
9038,Medial terminal nucleus of the accessory optic tract,negative,0,BRAC5603.3f,cfos
9039,Medial terminal nucleus of the accessory optic tract,positive,75,BRAC5603.3f,cfos
9040,Median eminence,negative,9,BRAC5603.3f,cfos
9041,Median eminence,positive,72,BRAC5603.3f,cfos
9042,Median preoptic nucleus,negative,2,BRAC5603.3f,cfos
9043,Median preoptic nucleus,positive,172,BRAC5603.3f,cfos
9044,Mediodorsal nucleus of thalamus,negative,5,BRAC5603.3f,cfos
9045,Mediodorsal nucleus of thalamus,positive,7227,BRAC5603.3f,cfos
9046,Midbrain,negative,10,BRAC5603.3f,cfos
9047,Midbrain,positive,9933,BRAC5603.3f,cfos
9048,Midbrain reticular nucleus,negative,0,BRAC5603.3f,cfos
9049,Midbrain reticular nucleus,positive,2395,BRAC5603.3f,cfos
9050,Nucleus accumbens,negative,41,BRAC5603.3f,cfos
9051,Nucleus accumbens,positive,18906,BRAC5603.3f,cfos
9052,Nucleus of Darkschewitsch,negative,0,BRAC5603.3f,cfos
9053,Nucleus of Darkschewitsch,positive,200,BRAC5603.3f,cfos
9054,Nucleus of reuniens,negative,3,BRAC5603.3f,cfos
9055,Nucleus of reuniens,positive,3156,BRAC5603.3f,cfos
9056,"Nucleus of the lateral olfactory tract, layer 3",negative,0,BRAC5603.3f,cfos
9057,"Nucleus of the lateral olfactory tract, layer 3",positive,295,BRAC5603.3f,cfos
9058,"Nucleus of the lateral olfactory tract, molecular layer",negative,14,BRAC5603.3f,cfos
9059,"Nucleus of the lateral olfactory tract, molecular layer",positive,362,BRAC5603.3f,cfos
9060,"Nucleus of the lateral olfactory tract, pyramidal layer",negative,1,BRAC5603.3f,cfos
9061,"Nucleus of the lateral olfactory tract, pyramidal layer",positive,968,BRAC5603.3f,cfos
9062,Nucleus of the optic tract,negative,9,BRAC5603.3f,cfos
9063,Nucleus of the optic tract,positive,353,BRAC5603.3f,cfos
9064,Nucleus of the posterior commissure,negative,3,BRAC5603.3f,cfos
9065,Nucleus of the posterior commissure,positive,1886,BRAC5603.3f,cfos
9066,Olfactory areas,negative,40,BRAC5603.3f,cfos
9067,Olfactory areas,positive,2831,BRAC5603.3f,cfos
9068,Olfactory tubercle,negative,199,BRAC5603.3f,cfos
9069,Olfactory tubercle,positive,11108,BRAC5603.3f,cfos
9070,Olivary pretectal nucleus,negative,1,BRAC5603.3f,cfos
9071,Olivary pretectal nucleus,positive,219,BRAC5603.3f,cfos
9072,Pallidum,negative,41,BRAC5603.3f,cfos
9073,Pallidum,positive,2769,BRAC5603.3f,cfos
9074,Paracentral nucleus,negative,1,BRAC5603.3f,cfos
9075,Paracentral nucleus,positive,947,BRAC5603.3f,cfos
9076,Parafascicular nucleus,negative,2,BRAC5603.3f,cfos
9077,Parafascicular nucleus,positive,2487,BRAC5603.3f,cfos
9078,Parastrial nucleus,negative,4,BRAC5603.3f,cfos
9079,Parastrial nucleus,positive,516,BRAC5603.3f,cfos
9080,Parasubthalamic nucleus,negative,1,BRAC5603.3f,cfos
9081,Parasubthalamic nucleus,positive,985,BRAC5603.3f,cfos
9082,Parataenial nucleus,negative,0,BRAC5603.3f,cfos
9083,Parataenial nucleus,positive,1931,BRAC5603.3f,cfos
9084,Paraventricular hypothalamic nucleus,negative,79,BRAC5603.3f,cfos
9085,Paraventricular hypothalamic nucleus,positive,1197,BRAC5603.3f,cfos
9086,"Paraventricular hypothalamic nucleus, descending division",negative,1,BRAC5603.3f,cfos
9087,"Paraventricular hypothalamic nucleus, descending division",positive,945,BRAC5603.3f,cfos
9088,Paraventricular nucleus of the thalamus,negative,9,BRAC5603.3f,cfos
9089,Paraventricular nucleus of the thalamus,positive,4464,BRAC5603.3f,cfos
9090,Periaqueductal gray,negative,1,BRAC5603.3f,cfos
9091,Periaqueductal gray,positive,1586,BRAC5603.3f,cfos
9092,Perifornical nucleus,negative,1,BRAC5603.3f,cfos
9093,Perifornical nucleus,positive,815,BRAC5603.3f,cfos
9094,Peripeduncular nucleus,negative,0,BRAC5603.3f,cfos
9095,Peripeduncular nucleus,positive,35,BRAC5603.3f,cfos
9096,Perireunensis nucleus,negative,1,BRAC5603.3f,cfos
9097,Perireunensis nucleus,positive,832,BRAC5603.3f,cfos
9098,"Perirhinal area, layer 1",negative,4,BRAC5603.3f,cfos
9099,"Perirhinal area, layer 1",positive,383,BRAC5603.3f,cfos
9100,"Perirhinal area, layer 2/3",negative,2,BRAC5603.3f,cfos
9101,"Perirhinal area, layer 2/3",positive,984,BRAC5603.3f,cfos
9102,"Perirhinal area, layer 5",negative,0,BRAC5603.3f,cfos
9103,"Perirhinal area, layer 5",positive,305,BRAC5603.3f,cfos
9104,"Perirhinal area, layer 6a",negative,0,BRAC5603.3f,cfos
9105,"Perirhinal area, layer 6a",positive,25,BRAC5603.3f,cfos
9106,"Perirhinal area, layer 6b",negative,0,BRAC5603.3f,cfos
9107,"Perirhinal area, layer 6b",positive,2,BRAC5603.3f,cfos
9108,"Periventricular hypothalamic nucleus, anterior part",negative,19,BRAC5603.3f,cfos
9109,"Periventricular hypothalamic nucleus, anterior part",positive,386,BRAC5603.3f,cfos
9110,"Periventricular hypothalamic nucleus, intermediate part",negative,59,BRAC5603.3f,cfos
9111,"Periventricular hypothalamic nucleus, intermediate part",positive,582,BRAC5603.3f,cfos
9112,"Periventricular hypothalamic nucleus, posterior part",negative,24,BRAC5603.3f,cfos
9113,"Periventricular hypothalamic nucleus, posterior part",positive,464,BRAC5603.3f,cfos
9114,"Periventricular hypothalamic nucleus, preoptic part",negative,11,BRAC5603.3f,cfos
9115,"Periventricular hypothalamic nucleus, preoptic part",positive,648,BRAC5603.3f,cfos
9116,Piriform area,negative,285,BRAC5603.3f,cfos
9117,Piriform area,positive,44178,BRAC5603.3f,cfos
9118,Piriform-amygdalar area,negative,40,BRAC5603.3f,cfos
9119,Piriform-amygdalar area,positive,4245,BRAC5603.3f,cfos
9120,Posterior amygdalar nucleus,negative,8,BRAC5603.3f,cfos
9121,Posterior amygdalar nucleus,positive,2361,BRAC5603.3f,cfos
9122,"Posterior auditory area, layer 1",negative,0,BRAC5603.3f,cfos
9123,"Posterior auditory area, layer 1",positive,17,BRAC5603.3f,cfos
9124,"Posterior auditory area, layer 2/3",negative,0,BRAC5603.3f,cfos
9125,"Posterior auditory area, layer 2/3",positive,163,BRAC5603.3f,cfos
9126,"Posterior auditory area, layer 4",negative,0,BRAC5603.3f,cfos
9127,"Posterior auditory area, layer 4",positive,132,BRAC5603.3f,cfos
9128,"Posterior auditory area, layer 5",negative,0,BRAC5603.3f,cfos
9129,"Posterior auditory area, layer 5",positive,313,BRAC5603.3f,cfos
9130,"Posterior auditory area, layer 6a",negative,0,BRAC5603.3f,cfos
9131,"Posterior auditory area, layer 6a",positive,131,BRAC5603.3f,cfos
9132,"Posterior auditory area, layer 6b",negative,0,BRAC5603.3f,cfos
9133,"Posterior auditory area, layer 6b",positive,23,BRAC5603.3f,cfos
9134,Posterior complex of the thalamus,negative,2,BRAC5603.3f,cfos
9135,Posterior complex of the thalamus,positive,5938,BRAC5603.3f,cfos
9136,Posterior hypothalamic nucleus,negative,62,BRAC5603.3f,cfos
9137,Posterior hypothalamic nucleus,positive,4692,BRAC5603.3f,cfos
9138,Posterior intralaminar thalamic nucleus,negative,0,BRAC5603.3f,cfos
9139,Posterior intralaminar thalamic nucleus,positive,108,BRAC5603.3f,cfos
9140,Posterior limiting nucleus of the thalamus,negative,1,BRAC5603.3f,cfos
9141,Posterior limiting nucleus of the thalamus,positive,327,BRAC5603.3f,cfos
9142,Posterior pretectal nucleus,negative,0,BRAC5603.3f,cfos
9143,Posterior pretectal nucleus,positive,595,BRAC5603.3f,cfos
9144,Posterior triangular thalamic nucleus,negative,2,BRAC5603.3f,cfos
9145,Posterior triangular thalamic nucleus,positive,752,BRAC5603.3f,cfos
9146,Posterodorsal preoptic nucleus,negative,0,BRAC5603.3f,cfos
9147,Posterodorsal preoptic nucleus,positive,95,BRAC5603.3f,cfos
9148,Postpiriform transition area,negative,3,BRAC5603.3f,cfos
9149,Postpiriform transition area,positive,1350,BRAC5603.3f,cfos
9150,Postsubiculum,negative,0,BRAC5603.3f,cfos
9151,Postsubiculum,positive,10,BRAC5603.3f,cfos
9152,Precommissural nucleus,negative,3,BRAC5603.3f,cfos
9153,Precommissural nucleus,positive,890,BRAC5603.3f,cfos
9154,Preparasubthalamic nucleus,negative,0,BRAC5603.3f,cfos
9155,Preparasubthalamic nucleus,positive,72,BRAC5603.3f,cfos
9156,"Primary auditory area, layer 1",negative,35,BRAC5603.3f,cfos
9157,"Primary auditory area, layer 1",positive,608,BRAC5603.3f,cfos
9158,"Primary auditory area, layer 2/3",negative,31,BRAC5603.3f,cfos
9159,"Primary auditory area, layer 2/3",positive,2260,BRAC5603.3f,cfos
9160,"Primary auditory area, layer 4",negative,14,BRAC5603.3f,cfos
9161,"Primary auditory area, layer 4",positive,1617,BRAC5603.3f,cfos
9162,"Primary auditory area, layer 5",negative,45,BRAC5603.3f,cfos
9163,"Primary auditory area, layer 5",positive,2561,BRAC5603.3f,cfos
9164,"Primary auditory area, layer 6a",negative,5,BRAC5603.3f,cfos
9165,"Primary auditory area, layer 6a",positive,817,BRAC5603.3f,cfos
9166,"Primary auditory area, layer 6b",negative,1,BRAC5603.3f,cfos
9167,"Primary auditory area, layer 6b",positive,73,BRAC5603.3f,cfos
9168,"Primary motor area, Layer 1",negative,53,BRAC5603.3f,cfos
9169,"Primary motor area, Layer 1",positive,2588,BRAC5603.3f,cfos
9170,"Primary motor area, Layer 2/3",negative,245,BRAC5603.3f,cfos
9171,"Primary motor area, Layer 2/3",positive,16320,BRAC5603.3f,cfos
9172,"Primary motor area, Layer 5",negative,154,BRAC5603.3f,cfos
9173,"Primary motor area, Layer 5",positive,13717,BRAC5603.3f,cfos
9174,"Primary motor area, Layer 6a",negative,256,BRAC5603.3f,cfos
9175,"Primary motor area, Layer 6a",positive,11890,BRAC5603.3f,cfos
9176,"Primary motor area, Layer 6b",negative,31,BRAC5603.3f,cfos
9177,"Primary motor area, Layer 6b",positive,641,BRAC5603.3f,cfos
9178,"Primary somatosensory area, barrel field, layer 1",negative,11,BRAC5603.3f,cfos
9179,"Primary somatosensory area, barrel field, layer 1",positive,3855,BRAC5603.3f,cfos
9180,"Primary somatosensory area, barrel field, layer 2/3",negative,10,BRAC5603.3f,cfos
9181,"Primary somatosensory area, barrel field, layer 2/3",positive,17238,BRAC5603.3f,cfos
9182,"Primary somatosensory area, barrel field, layer 4",negative,8,BRAC5603.3f,cfos
9183,"Primary somatosensory area, barrel field, layer 4",positive,17947,BRAC5603.3f,cfos
9184,"Primary somatosensory area, barrel field, layer 5",negative,4,BRAC5603.3f,cfos
9185,"Primary somatosensory area, barrel field, layer 5",positive,11359,BRAC5603.3f,cfos
9186,"Primary somatosensory area, barrel field, layer 6a",negative,10,BRAC5603.3f,cfos
9187,"Primary somatosensory area, barrel field, layer 6a",positive,10423,BRAC5603.3f,cfos
9188,"Primary somatosensory area, barrel field, layer 6b",negative,0,BRAC5603.3f,cfos
9189,"Primary somatosensory area, barrel field, layer 6b",positive,714,BRAC5603.3f,cfos
9190,"Primary somatosensory area, lower limb, layer 1",negative,54,BRAC5603.3f,cfos
9191,"Primary somatosensory area, lower limb, layer 1",positive,1483,BRAC5603.3f,cfos
9192,"Primary somatosensory area, lower limb, layer 2/3",negative,128,BRAC5603.3f,cfos
9193,"Primary somatosensory area, lower limb, layer 2/3",positive,6710,BRAC5603.3f,cfos
9194,"Primary somatosensory area, lower limb, layer 4",negative,13,BRAC5603.3f,cfos
9195,"Primary somatosensory area, lower limb, layer 4",positive,2645,BRAC5603.3f,cfos
9196,"Primary somatosensory area, lower limb, layer 5",negative,6,BRAC5603.3f,cfos
9197,"Primary somatosensory area, lower limb, layer 5",positive,4322,BRAC5603.3f,cfos
9198,"Primary somatosensory area, lower limb, layer 6a",negative,35,BRAC5603.3f,cfos
9199,"Primary somatosensory area, lower limb, layer 6a",positive,2622,BRAC5603.3f,cfos
9200,"Primary somatosensory area, lower limb, layer 6b",negative,5,BRAC5603.3f,cfos
9201,"Primary somatosensory area, lower limb, layer 6b",positive,114,BRAC5603.3f,cfos
9202,"Primary somatosensory area, mouth, layer 1",negative,26,BRAC5603.3f,cfos
9203,"Primary somatosensory area, mouth, layer 1",positive,2048,BRAC5603.3f,cfos
9204,"Primary somatosensory area, mouth, layer 2/3",negative,3,BRAC5603.3f,cfos
9205,"Primary somatosensory area, mouth, layer 2/3",positive,7278,BRAC5603.3f,cfos
9206,"Primary somatosensory area, mouth, layer 4",negative,3,BRAC5603.3f,cfos
9207,"Primary somatosensory area, mouth, layer 4",positive,7011,BRAC5603.3f,cfos
9208,"Primary somatosensory area, mouth, layer 5",negative,7,BRAC5603.3f,cfos
9209,"Primary somatosensory area, mouth, layer 5",positive,7429,BRAC5603.3f,cfos
9210,"Primary somatosensory area, mouth, layer 6a",negative,69,BRAC5603.3f,cfos
9211,"Primary somatosensory area, mouth, layer 6a",positive,9874,BRAC5603.3f,cfos
9212,"Primary somatosensory area, mouth, layer 6b",negative,9,BRAC5603.3f,cfos
9213,"Primary somatosensory area, mouth, layer 6b",positive,385,BRAC5603.3f,cfos
9214,"Primary somatosensory area, nose, layer 1",negative,8,BRAC5603.3f,cfos
9215,"Primary somatosensory area, nose, layer 1",positive,1881,BRAC5603.3f,cfos
9216,"Primary somatosensory area, nose, layer 2/3",negative,3,BRAC5603.3f,cfos
9217,"Primary somatosensory area, nose, layer 2/3",positive,5318,BRAC5603.3f,cfos
9218,"Primary somatosensory area, nose, layer 4",negative,2,BRAC5603.3f,cfos
9219,"Primary somatosensory area, nose, layer 4",positive,6179,BRAC5603.3f,cfos
9220,"Primary somatosensory area, nose, layer 5",negative,12,BRAC5603.3f,cfos
9221,"Primary somatosensory area, nose, layer 5",positive,4146,BRAC5603.3f,cfos
9222,"Primary somatosensory area, nose, layer 6a",negative,27,BRAC5603.3f,cfos
9223,"Primary somatosensory area, nose, layer 6a",positive,4737,BRAC5603.3f,cfos
9224,"Primary somatosensory area, nose, layer 6b",negative,2,BRAC5603.3f,cfos
9225,"Primary somatosensory area, nose, layer 6b",positive,192,BRAC5603.3f,cfos
9226,"Primary somatosensory area, trunk, layer 1",negative,3,BRAC5603.3f,cfos
9227,"Primary somatosensory area, trunk, layer 1",positive,832,BRAC5603.3f,cfos
9228,"Primary somatosensory area, trunk, layer 2/3",negative,0,BRAC5603.3f,cfos
9229,"Primary somatosensory area, trunk, layer 2/3",positive,5629,BRAC5603.3f,cfos
9230,"Primary somatosensory area, trunk, layer 4",negative,1,BRAC5603.3f,cfos
9231,"Primary somatosensory area, trunk, layer 4",positive,2175,BRAC5603.3f,cfos
9232,"Primary somatosensory area, trunk, layer 5",negative,4,BRAC5603.3f,cfos
9233,"Primary somatosensory area, trunk, layer 5",positive,3709,BRAC5603.3f,cfos
9234,"Primary somatosensory area, trunk, layer 6a",negative,2,BRAC5603.3f,cfos
9235,"Primary somatosensory area, trunk, layer 6a",positive,2081,BRAC5603.3f,cfos
9236,"Primary somatosensory area, trunk, layer 6b",negative,0,BRAC5603.3f,cfos
9237,"Primary somatosensory area, trunk, layer 6b",positive,286,BRAC5603.3f,cfos
9238,"Primary somatosensory area, unassigned, layer 1",negative,7,BRAC5603.3f,cfos
9239,"Primary somatosensory area, unassigned, layer 1",positive,1078,BRAC5603.3f,cfos
9240,"Primary somatosensory area, unassigned, layer 2/3",negative,2,BRAC5603.3f,cfos
9241,"Primary somatosensory area, unassigned, layer 2/3",positive,4536,BRAC5603.3f,cfos
9242,"Primary somatosensory area, unassigned, layer 4",negative,3,BRAC5603.3f,cfos
9243,"Primary somatosensory area, unassigned, layer 4",positive,2840,BRAC5603.3f,cfos
9244,"Primary somatosensory area, unassigned, layer 5",negative,0,BRAC5603.3f,cfos
9245,"Primary somatosensory area, unassigned, layer 5",positive,2697,BRAC5603.3f,cfos
9246,"Primary somatosensory area, unassigned, layer 6a",negative,6,BRAC5603.3f,cfos
9247,"Primary somatosensory area, unassigned, layer 6a",positive,2110,BRAC5603.3f,cfos
9248,"Primary somatosensory area, unassigned, layer 6b",negative,3,BRAC5603.3f,cfos
9249,"Primary somatosensory area, unassigned, layer 6b",positive,103,BRAC5603.3f,cfos
9250,"Primary somatosensory area, upper limb, layer 1",negative,15,BRAC5603.3f,cfos
9251,"Primary somatosensory area, upper limb, layer 1",positive,2544,BRAC5603.3f,cfos
9252,"Primary somatosensory area, upper limb, layer 2/3",negative,24,BRAC5603.3f,cfos
9253,"Primary somatosensory area, upper limb, layer 2/3",positive,11222,BRAC5603.3f,cfos
9254,"Primary somatosensory area, upper limb, layer 4",negative,9,BRAC5603.3f,cfos
9255,"Primary somatosensory area, upper limb, layer 4",positive,6108,BRAC5603.3f,cfos
9256,"Primary somatosensory area, upper limb, layer 5",negative,40,BRAC5603.3f,cfos
9257,"Primary somatosensory area, upper limb, layer 5",positive,6959,BRAC5603.3f,cfos
9258,"Primary somatosensory area, upper limb, layer 6a",negative,28,BRAC5603.3f,cfos
9259,"Primary somatosensory area, upper limb, layer 6a",positive,5456,BRAC5603.3f,cfos
9260,"Primary somatosensory area, upper limb, layer 6b",negative,10,BRAC5603.3f,cfos
9261,"Primary somatosensory area, upper limb, layer 6b",positive,256,BRAC5603.3f,cfos
9262,"Primary visual area, layer 1",negative,0,BRAC5603.3f,cfos
9263,"Primary visual area, layer 1",positive,441,BRAC5603.3f,cfos
9264,"Primary visual area, layer 2/3",negative,2,BRAC5603.3f,cfos
9265,"Primary visual area, layer 2/3",positive,2094,BRAC5603.3f,cfos
9266,"Primary visual area, layer 4",negative,1,BRAC5603.3f,cfos
9267,"Primary visual area, layer 4",positive,1699,BRAC5603.3f,cfos
9268,"Primary visual area, layer 5",negative,0,BRAC5603.3f,cfos
9269,"Primary visual area, layer 5",positive,2176,BRAC5603.3f,cfos
9270,"Primary visual area, layer 6a",negative,0,BRAC5603.3f,cfos
9271,"Primary visual area, layer 6a",positive,1201,BRAC5603.3f,cfos
9272,"Primary visual area, layer 6b",negative,0,BRAC5603.3f,cfos
9273,"Primary visual area, layer 6b",positive,243,BRAC5603.3f,cfos
9274,Prosubiculum,negative,1,BRAC5603.3f,cfos
9275,Prosubiculum,positive,289,BRAC5603.3f,cfos
9276,Red nucleus,negative,0,BRAC5603.3f,cfos
9277,Red nucleus,positive,88,BRAC5603.3f,cfos
9278,Reticular nucleus of the thalamus,negative,14,BRAC5603.3f,cfos
9279,Reticular nucleus of the thalamus,positive,4376,BRAC5603.3f,cfos
9280,Retrochiasmatic area,negative,49,BRAC5603.3f,cfos
9281,Retrochiasmatic area,positive,176,BRAC5603.3f,cfos
9282,Retroparafascicular nucleus,negative,0,BRAC5603.3f,cfos
9283,Retroparafascicular nucleus,positive,339,BRAC5603.3f,cfos
9284,"Retrosplenial area, dorsal part, layer 1",negative,10,BRAC5603.3f,cfos
9285,"Retrosplenial area, dorsal part, layer 1",positive,1458,BRAC5603.3f,cfos
9286,"Retrosplenial area, dorsal part, layer 2/3",negative,9,BRAC5603.3f,cfos
9287,"Retrosplenial area, dorsal part, layer 2/3",positive,6393,BRAC5603.3f,cfos
9288,"Retrosplenial area, dorsal part, layer 5",negative,6,BRAC5603.3f,cfos
9289,"Retrosplenial area, dorsal part, layer 5",positive,6384,BRAC5603.3f,cfos
9290,"Retrosplenial area, dorsal part, layer 6a",negative,3,BRAC5603.3f,cfos
9291,"Retrosplenial area, dorsal part, layer 6a",positive,3349,BRAC5603.3f,cfos
9292,"Retrosplenial area, dorsal part, layer 6b",negative,0,BRAC5603.3f,cfos
9293,"Retrosplenial area, dorsal part, layer 6b",positive,169,BRAC5603.3f,cfos
9294,"Retrosplenial area, lateral agranular part, layer 1",negative,2,BRAC5603.3f,cfos
9295,"Retrosplenial area, lateral agranular part, layer 1",positive,1112,BRAC5603.3f,cfos
9296,"Retrosplenial area, lateral agranular part, layer 2/3",negative,1,BRAC5603.3f,cfos
9297,"Retrosplenial area, lateral agranular part, layer 2/3",positive,4404,BRAC5603.3f,cfos
9298,"Retrosplenial area, lateral agranular part, layer 5",negative,3,BRAC5603.3f,cfos
9299,"Retrosplenial area, lateral agranular part, layer 5",positive,3868,BRAC5603.3f,cfos
9300,"Retrosplenial area, lateral agranular part, layer 6a",negative,4,BRAC5603.3f,cfos
9301,"Retrosplenial area, lateral agranular part, layer 6a",positive,1872,BRAC5603.3f,cfos
9302,"Retrosplenial area, lateral agranular part, layer 6b",negative,0,BRAC5603.3f,cfos
9303,"Retrosplenial area, lateral agranular part, layer 6b",positive,185,BRAC5603.3f,cfos
9304,"Retrosplenial area, ventral part, layer 1",negative,16,BRAC5603.3f,cfos
9305,"Retrosplenial area, ventral part, layer 1",positive,1712,BRAC5603.3f,cfos
9306,"Retrosplenial area, ventral part, layer 2/3",negative,13,BRAC5603.3f,cfos
9307,"Retrosplenial area, ventral part, layer 2/3",positive,5054,BRAC5603.3f,cfos
9308,"Retrosplenial area, ventral part, layer 5",negative,18,BRAC5603.3f,cfos
9309,"Retrosplenial area, ventral part, layer 5",positive,8841,BRAC5603.3f,cfos
9310,"Retrosplenial area, ventral part, layer 6a",negative,8,BRAC5603.3f,cfos
9311,"Retrosplenial area, ventral part, layer 6a",positive,3076,BRAC5603.3f,cfos
9312,"Retrosplenial area, ventral part, layer 6b",negative,2,BRAC5603.3f,cfos
9313,"Retrosplenial area, ventral part, layer 6b",positive,274,BRAC5603.3f,cfos
9314,Rhomboid nucleus,negative,0,BRAC5603.3f,cfos
9315,Rhomboid nucleus,positive,702,BRAC5603.3f,cfos
9316,Rostral linear nucleus raphe,negative,0,BRAC5603.3f,cfos
9317,Rostral linear nucleus raphe,positive,31,BRAC5603.3f,cfos
9318,"Rostrolateral area, layer 1",negative,2,BRAC5603.3f,cfos
9319,"Rostrolateral area, layer 1",positive,564,BRAC5603.3f,cfos
9320,"Rostrolateral area, layer 2/3",negative,2,BRAC5603.3f,cfos
9321,"Rostrolateral area, layer 2/3",positive,2130,BRAC5603.3f,cfos
9322,"Rostrolateral area, layer 4",negative,1,BRAC5603.3f,cfos
9323,"Rostrolateral area, layer 4",positive,1441,BRAC5603.3f,cfos
9324,"Rostrolateral area, layer 5",negative,2,BRAC5603.3f,cfos
9325,"Rostrolateral area, layer 5",positive,1566,BRAC5603.3f,cfos
9326,"Rostrolateral area, layer 6a",negative,0,BRAC5603.3f,cfos
9327,"Rostrolateral area, layer 6a",positive,769,BRAC5603.3f,cfos
9328,"Rostrolateral area, layer 6b",negative,1,BRAC5603.3f,cfos
9329,"Rostrolateral area, layer 6b",positive,135,BRAC5603.3f,cfos
9330,"Secondary motor area, layer 1",negative,52,BRAC5603.3f,cfos
9331,"Secondary motor area, layer 1",positive,1906,BRAC5603.3f,cfos
9332,"Secondary motor area, layer 2/3",negative,83,BRAC5603.3f,cfos
9333,"Secondary motor area, layer 2/3",positive,10130,BRAC5603.3f,cfos
9334,"Secondary motor area, layer 5",negative,56,BRAC5603.3f,cfos
9335,"Secondary motor area, layer 5",positive,11705,BRAC5603.3f,cfos
9336,"Secondary motor area, layer 6a",negative,99,BRAC5603.3f,cfos
9337,"Secondary motor area, layer 6a",positive,7423,BRAC5603.3f,cfos
9338,"Secondary motor area, layer 6b",negative,2,BRAC5603.3f,cfos
9339,"Secondary motor area, layer 6b",positive,205,BRAC5603.3f,cfos
9340,Septofimbrial nucleus,negative,24,BRAC5603.3f,cfos
9341,Septofimbrial nucleus,positive,1053,BRAC5603.3f,cfos
9342,Septohippocampal nucleus,negative,22,BRAC5603.3f,cfos
9343,Septohippocampal nucleus,positive,74,BRAC5603.3f,cfos
9344,Striatum,negative,349,BRAC5603.3f,cfos
9345,Striatum,positive,8416,BRAC5603.3f,cfos
9346,Subcommissural organ,negative,0,BRAC5603.3f,cfos
9347,Subcommissural organ,positive,55,BRAC5603.3f,cfos
9348,Subfornical organ,negative,14,BRAC5603.3f,cfos
9349,Subfornical organ,positive,24,BRAC5603.3f,cfos
9350,Subgeniculate nucleus,negative,1,BRAC5603.3f,cfos
9351,Subgeniculate nucleus,positive,191,BRAC5603.3f,cfos
9352,Subiculum,negative,15,BRAC5603.3f,cfos
9353,Subiculum,positive,1254,BRAC5603.3f,cfos
9354,Submedial nucleus of the thalamus,negative,3,BRAC5603.3f,cfos
9355,Submedial nucleus of the thalamus,positive,1568,BRAC5603.3f,cfos
9356,Subparafascicular area,negative,1,BRAC5603.3f,cfos
9357,Subparafascicular area,positive,475,BRAC5603.3f,cfos
9358,"Subparafascicular nucleus, magnocellular part",negative,1,BRAC5603.3f,cfos
9359,"Subparafascicular nucleus, magnocellular part",positive,349,BRAC5603.3f,cfos
9360,"Subparafascicular nucleus, parvicellular part",negative,1,BRAC5603.3f,cfos
9361,"Subparafascicular nucleus, parvicellular part",positive,417,BRAC5603.3f,cfos
9362,Subparaventricular zone,negative,86,BRAC5603.3f,cfos
9363,Subparaventricular zone,positive,905,BRAC5603.3f,cfos
9364,Substantia innominata,negative,110,BRAC5603.3f,cfos
9365,Substantia innominata,positive,8952,BRAC5603.3f,cfos
9366,"Substantia nigra, compact part",negative,0,BRAC5603.3f,cfos
9367,"Substantia nigra, compact part",positive,170,BRAC5603.3f,cfos
9368,"Substantia nigra, reticular part",negative,2,BRAC5603.3f,cfos
9369,"Substantia nigra, reticular part",positive,691,BRAC5603.3f,cfos
9370,Subthalamic nucleus,negative,1,BRAC5603.3f,cfos
9371,Subthalamic nucleus,positive,1225,BRAC5603.3f,cfos
9372,"Superior colliculus, motor related, deep gray layer",negative,1,BRAC5603.3f,cfos
9373,"Superior colliculus, motor related, deep gray layer",positive,38,BRAC5603.3f,cfos
9374,"Superior colliculus, motor related, deep white layer",negative,0,BRAC5603.3f,cfos
9375,"Superior colliculus, motor related, deep white layer",positive,29,BRAC5603.3f,cfos
9376,"Superior colliculus, motor related, intermediate gray layer",negative,0,BRAC5603.3f,cfos
9377,"Superior colliculus, motor related, intermediate gray layer",positive,604,BRAC5603.3f,cfos
9378,"Superior colliculus, motor related, intermediate white layer",negative,0,BRAC5603.3f,cfos
9379,"Superior colliculus, motor related, intermediate white layer",positive,262,BRAC5603.3f,cfos
9380,"Superior colliculus, optic layer",negative,0,BRAC5603.3f,cfos
9381,"Superior colliculus, optic layer",positive,85,BRAC5603.3f,cfos
9382,"Superior colliculus, superficial gray layer",negative,0,BRAC5603.3f,cfos
9383,"Superior colliculus, superficial gray layer",positive,28,BRAC5603.3f,cfos
9384,"Superior colliculus, zonal layer",negative,0,BRAC5603.3f,cfos
9385,"Superior colliculus, zonal layer",positive,9,BRAC5603.3f,cfos
9386,"Supplemental somatosensory area, layer 1",negative,61,BRAC5603.3f,cfos
9387,"Supplemental somatosensory area, layer 1",positive,3167,BRAC5603.3f,cfos
9388,"Supplemental somatosensory area, layer 2/3",negative,14,BRAC5603.3f,cfos
9389,"Supplemental somatosensory area, layer 2/3",positive,11832,BRAC5603.3f,cfos
9390,"Supplemental somatosensory area, layer 4",negative,6,BRAC5603.3f,cfos
9391,"Supplemental somatosensory area, layer 4",positive,10708,BRAC5603.3f,cfos
9392,"Supplemental somatosensory area, layer 5",negative,13,BRAC5603.3f,cfos
9393,"Supplemental somatosensory area, layer 5",positive,13610,BRAC5603.3f,cfos
9394,"Supplemental somatosensory area, layer 6a",negative,72,BRAC5603.3f,cfos
9395,"Supplemental somatosensory area, layer 6a",positive,11076,BRAC5603.3f,cfos
9396,"Supplemental somatosensory area, layer 6b",negative,7,BRAC5603.3f,cfos
9397,"Supplemental somatosensory area, layer 6b",positive,819,BRAC5603.3f,cfos
9398,Suprachiasmatic nucleus,negative,24,BRAC5603.3f,cfos
9399,Suprachiasmatic nucleus,positive,642,BRAC5603.3f,cfos
9400,Suprageniculate nucleus,negative,0,BRAC5603.3f,cfos
9401,Suprageniculate nucleus,positive,127,BRAC5603.3f,cfos
9402,Supramammillary nucleus,negative,0,BRAC5603.3f,cfos
9403,Supramammillary nucleus,positive,1613,BRAC5603.3f,cfos
9404,Supraoptic nucleus,negative,7,BRAC5603.3f,cfos
9405,Supraoptic nucleus,positive,200,BRAC5603.3f,cfos
9406,"Temporal association areas, layer 1",negative,18,BRAC5603.3f,cfos
9407,"Temporal association areas, layer 1",positive,515,BRAC5603.3f,cfos
9408,"Temporal association areas, layer 2/3",negative,39,BRAC5603.3f,cfos
9409,"Temporal association areas, layer 2/3",positive,1553,BRAC5603.3f,cfos
9410,"Temporal association areas, layer 4",negative,18,BRAC5603.3f,cfos
9411,"Temporal association areas, layer 4",positive,734,BRAC5603.3f,cfos
9412,"Temporal association areas, layer 5",negative,32,BRAC5603.3f,cfos
9413,"Temporal association areas, layer 5",positive,2041,BRAC5603.3f,cfos
9414,"Temporal association areas, layer 6a",negative,23,BRAC5603.3f,cfos
9415,"Temporal association areas, layer 6a",positive,1081,BRAC5603.3f,cfos
9416,"Temporal association areas, layer 6b",negative,0,BRAC5603.3f,cfos
9417,"Temporal association areas, layer 6b",positive,109,BRAC5603.3f,cfos
9418,Thalamus,negative,10,BRAC5603.3f,cfos
9419,Thalamus,positive,3597,BRAC5603.3f,cfos
9420,Triangular nucleus of septum,negative,47,BRAC5603.3f,cfos
9421,Triangular nucleus of septum,positive,604,BRAC5603.3f,cfos
9422,Tuberal nucleus,negative,29,BRAC5603.3f,cfos
9423,Tuberal nucleus,positive,1650,BRAC5603.3f,cfos
9424,"Tuberomammillary nucleus, dorsal part",negative,0,BRAC5603.3f,cfos
9425,"Tuberomammillary nucleus, dorsal part",positive,221,BRAC5603.3f,cfos
9426,"Tuberomammillary nucleus, ventral part",negative,6,BRAC5603.3f,cfos
9427,"Tuberomammillary nucleus, ventral part",positive,362,BRAC5603.3f,cfos
9428,Vascular organ of the lamina terminalis,negative,3,BRAC5603.3f,cfos
9429,Vascular organ of the lamina terminalis,positive,41,BRAC5603.3f,cfos
9430,Ventral anterior-lateral complex of the thalamus,negative,5,BRAC5603.3f,cfos
9431,Ventral anterior-lateral complex of the thalamus,positive,4579,BRAC5603.3f,cfos
9432,"Ventral auditory area, layer 1",negative,3,BRAC5603.3f,cfos
9433,"Ventral auditory area, layer 1",positive,414,BRAC5603.3f,cfos
9434,"Ventral auditory area, layer 2/3",negative,6,BRAC5603.3f,cfos
9435,"Ventral auditory area, layer 2/3",positive,2128,BRAC5603.3f,cfos
9436,"Ventral auditory area, layer 4",negative,0,BRAC5603.3f,cfos
9437,"Ventral auditory area, layer 4",positive,1622,BRAC5603.3f,cfos
9438,"Ventral auditory area, layer 5",negative,7,BRAC5603.3f,cfos
9439,"Ventral auditory area, layer 5",positive,2512,BRAC5603.3f,cfos
9440,"Ventral auditory area, layer 6a",negative,3,BRAC5603.3f,cfos
9441,"Ventral auditory area, layer 6a",positive,1014,BRAC5603.3f,cfos
9442,"Ventral auditory area, layer 6b",negative,0,BRAC5603.3f,cfos
9443,"Ventral auditory area, layer 6b",positive,77,BRAC5603.3f,cfos
9444,Ventral medial nucleus of the thalamus,negative,3,BRAC5603.3f,cfos
9445,Ventral medial nucleus of the thalamus,positive,3397,BRAC5603.3f,cfos
9446,Ventral part of the lateral geniculate complex,negative,6,BRAC5603.3f,cfos
9447,Ventral part of the lateral geniculate complex,positive,1914,BRAC5603.3f,cfos
9448,Ventral posterolateral nucleus of the thalamus,negative,5,BRAC5603.3f,cfos
9449,Ventral posterolateral nucleus of the thalamus,positive,3770,BRAC5603.3f,cfos
9450,"Ventral posterolateral nucleus of the thalamus, parvicellular part",negative,0,BRAC5603.3f,cfos
9451,"Ventral posterolateral nucleus of the thalamus, parvicellular part",positive,381,BRAC5603.3f,cfos
9452,Ventral posteromedial nucleus of the thalamus,negative,13,BRAC5603.3f,cfos
9453,Ventral posteromedial nucleus of the thalamus,positive,10519,BRAC5603.3f,cfos
9454,"Ventral posteromedial nucleus of the thalamus, parvicellular part",negative,12,BRAC5603.3f,cfos
9455,"Ventral posteromedial nucleus of the thalamus, parvicellular part",positive,839,BRAC5603.3f,cfos
9456,Ventral premammillary nucleus,negative,8,BRAC5603.3f,cfos
9457,Ventral premammillary nucleus,positive,1243,BRAC5603.3f,cfos
9458,Ventral tegmental area,negative,1,BRAC5603.3f,cfos
9459,Ventral tegmental area,positive,401,BRAC5603.3f,cfos
9460,Ventrolateral preoptic nucleus,negative,7,BRAC5603.3f,cfos
9461,Ventrolateral preoptic nucleus,positive,141,BRAC5603.3f,cfos
9462,Ventromedial hypothalamic nucleus,negative,19,BRAC5603.3f,cfos
9463,Ventromedial hypothalamic nucleus,positive,1610,BRAC5603.3f,cfos
9464,Ventromedial preoptic nucleus,negative,7,BRAC5603.3f,cfos
9465,Ventromedial preoptic nucleus,positive,245,BRAC5603.3f,cfos
9466,"Visceral area, layer 1",negative,11,BRAC5603.3f,cfos
9467,"Visceral area, layer 1",positive,752,BRAC5603.3f,cfos
9468,"Visceral area, layer 2/3",negative,11,BRAC5603.3f,cfos
9469,"Visceral area, layer 2/3",positive,2284,BRAC5603.3f,cfos
9470,"Visceral area, layer 4",negative,0,BRAC5603.3f,cfos
9471,"Visceral area, layer 4",positive,886,BRAC5603.3f,cfos
9472,"Visceral area, layer 5",negative,8,BRAC5603.3f,cfos
9473,"Visceral area, layer 5",positive,2742,BRAC5603.3f,cfos
9474,"Visceral area, layer 6a",negative,30,BRAC5603.3f,cfos
9475,"Visceral area, layer 6a",positive,1991,BRAC5603.3f,cfos
9476,"Visceral area, layer 6b",negative,0,BRAC5603.3f,cfos
9477,"Visceral area, layer 6b",positive,153,BRAC5603.3f,cfos
9478,Xiphoid thalamic nucleus,negative,5,BRAC5603.3f,cfos
9479,Xiphoid thalamic nucleus,positive,641,BRAC5603.3f,cfos
9480,Zona incerta,negative,16,BRAC5603.3f,cfos
9481,Zona incerta,positive,6403,BRAC5603.3f,cfos
9482,alveus,negative,13,BRAC5603.3f,cfos
9483,alveus,positive,2826,BRAC5603.3f,cfos
9484,amygdalar capsule,negative,14,BRAC5603.3f,cfos
9485,amygdalar capsule,positive,364,BRAC5603.3f,cfos
9486,"anterior commissure, olfactory limb",negative,8,BRAC5603.3f,cfos
9487,"anterior commissure, olfactory limb",positive,457,BRAC5603.3f,cfos
9488,"anterior commissure, temporal limb",negative,4,BRAC5603.3f,cfos
9489,"anterior commissure, temporal limb",positive,611,BRAC5603.3f,cfos
9490,auditory radiation,negative,10,BRAC5603.3f,cfos
9491,auditory radiation,positive,967,BRAC5603.3f,cfos
9492,brachium of the superior colliculus,negative,0,BRAC5603.3f,cfos
9493,brachium of the superior colliculus,positive,168,BRAC5603.3f,cfos
9494,cerebal peduncle,negative,15,BRAC5603.3f,cfos
9495,cerebal peduncle,positive,1023,BRAC5603.3f,cfos
9496,cerebral aqueduct,negative,0,BRAC5603.3f,cfos
9497,cerebral aqueduct,positive,3,BRAC5603.3f,cfos
9498,choroid plexus,negative,34,BRAC5603.3f,cfos
9499,choroid plexus,positive,538,BRAC5603.3f,cfos
9500,cingulum bundle,negative,53,BRAC5603.3f,cfos
9501,cingulum bundle,positive,5059,BRAC5603.3f,cfos
9502,columns of the fornix,negative,10,BRAC5603.3f,cfos
9503,columns of the fornix,positive,820,BRAC5603.3f,cfos
9504,commissural branch of stria terminalis,negative,0,BRAC5603.3f,cfos
9505,commissural branch of stria terminalis,positive,144,BRAC5603.3f,cfos
9506,"corpus callosum, anterior forceps",negative,19,BRAC5603.3f,cfos
9507,"corpus callosum, anterior forceps",positive,35,BRAC5603.3f,cfos
9508,"corpus callosum, body",negative,228,BRAC5603.3f,cfos
9509,"corpus callosum, body",positive,5238,BRAC5603.3f,cfos
9510,"corpus callosum, extreme capsule",negative,8,BRAC5603.3f,cfos
9511,"corpus callosum, extreme capsule",positive,343,BRAC5603.3f,cfos
9512,"corpus callosum, posterior forceps",negative,6,BRAC5603.3f,cfos
9513,"corpus callosum, posterior forceps",positive,2846,BRAC5603.3f,cfos
9514,"corpus callosum, splenium",negative,11,BRAC5603.3f,cfos
9515,"corpus callosum, splenium",positive,3125,BRAC5603.3f,cfos
9516,dorsal fornix,negative,1,BRAC5603.3f,cfos
9517,dorsal fornix,positive,13,BRAC5603.3f,cfos
9518,dorsal hippocampal commissure,negative,3,BRAC5603.3f,cfos
9519,dorsal hippocampal commissure,positive,1513,BRAC5603.3f,cfos
9520,external capsule,negative,45,BRAC5603.3f,cfos
9521,external capsule,positive,1622,BRAC5603.3f,cfos
9522,external medullary lamina of the thalamus,negative,1,BRAC5603.3f,cfos
9523,external medullary lamina of the thalamus,positive,404,BRAC5603.3f,cfos
9524,fasciculus retroflexus,negative,0,BRAC5603.3f,cfos
9525,fasciculus retroflexus,positive,898,BRAC5603.3f,cfos
9526,fiber tracts,negative,76,BRAC5603.3f,cfos
9527,fiber tracts,positive,3057,BRAC5603.3f,cfos
9528,fimbria,negative,41,BRAC5603.3f,cfos
9529,fimbria,positive,1885,BRAC5603.3f,cfos
9530,genu of corpus callosum,negative,126,BRAC5603.3f,cfos
9531,genu of corpus callosum,positive,514,BRAC5603.3f,cfos
9532,habenular commissure,negative,2,BRAC5603.3f,cfos
9533,habenular commissure,positive,97,BRAC5603.3f,cfos
9534,internal capsule,negative,10,BRAC5603.3f,cfos
9535,internal capsule,positive,2609,BRAC5603.3f,cfos
9536,"lateral olfactory tract, body",negative,21,BRAC5603.3f,cfos
9537,"lateral olfactory tract, body",positive,435,BRAC5603.3f,cfos
9538,lateral ventricle,negative,172,BRAC5603.3f,cfos
9539,lateral ventricle,positive,1898,BRAC5603.3f,cfos
9540,mammillary peduncle,negative,0,BRAC5603.3f,cfos
9541,mammillary peduncle,positive,12,BRAC5603.3f,cfos
9542,mammillotegmental tract,negative,0,BRAC5603.3f,cfos
9543,mammillotegmental tract,positive,49,BRAC5603.3f,cfos
9544,mammillothalamic tract,negative,1,BRAC5603.3f,cfos
9545,mammillothalamic tract,positive,504,BRAC5603.3f,cfos
9546,medial corticohypothalamic tract,negative,0,BRAC5603.3f,cfos
9547,medial corticohypothalamic tract,positive,8,BRAC5603.3f,cfos
9548,medial forebrain bundle,negative,0,BRAC5603.3f,cfos
9549,medial forebrain bundle,positive,246,BRAC5603.3f,cfos
9550,medial lemniscus,negative,0,BRAC5603.3f,cfos
9551,medial lemniscus,positive,645,BRAC5603.3f,cfos
9552,nigrostriatal tract,negative,2,BRAC5603.3f,cfos
9553,nigrostriatal tract,positive,393,BRAC5603.3f,cfos
9554,optic chiasm,negative,21,BRAC5603.3f,cfos
9555,optic chiasm,positive,146,BRAC5603.3f,cfos
9556,optic nerve,negative,31,BRAC5603.3f,cfos
9557,optic nerve,positive,13,BRAC5603.3f,cfos
9558,optic radiation,negative,35,BRAC5603.3f,cfos
9559,optic radiation,positive,3415,BRAC5603.3f,cfos
9560,optic tract,negative,92,BRAC5603.3f,cfos
9561,optic tract,positive,1127,BRAC5603.3f,cfos
9562,posterior commissure,negative,0,BRAC5603.3f,cfos
9563,posterior commissure,positive,211,BRAC5603.3f,cfos
9564,"posteromedial visual area, layer 1",negative,0,BRAC5603.3f,cfos
9565,"posteromedial visual area, layer 1",positive,249,BRAC5603.3f,cfos
9566,"posteromedial visual area, layer 2/3",negative,1,BRAC5603.3f,cfos
9567,"posteromedial visual area, layer 2/3",positive,1124,BRAC5603.3f,cfos
9568,"posteromedial visual area, layer 4",negative,1,BRAC5603.3f,cfos
9569,"posteromedial visual area, layer 4",positive,560,BRAC5603.3f,cfos
9570,"posteromedial visual area, layer 5",negative,0,BRAC5603.3f,cfos
9571,"posteromedial visual area, layer 5",positive,1178,BRAC5603.3f,cfos
9572,"posteromedial visual area, layer 6a",negative,0,BRAC5603.3f,cfos
9573,"posteromedial visual area, layer 6a",positive,579,BRAC5603.3f,cfos
9574,"posteromedial visual area, layer 6b",negative,0,BRAC5603.3f,cfos
9575,"posteromedial visual area, layer 6b",positive,87,BRAC5603.3f,cfos
9576,principal mammillary tract,negative,0,BRAC5603.3f,cfos
9577,principal mammillary tract,positive,122,BRAC5603.3f,cfos
9578,root,negative,140,BRAC5603.3f,cfos
9579,root,positive,3396,BRAC5603.3f,cfos
9580,stria medullaris,negative,3,BRAC5603.3f,cfos
9581,stria medullaris,positive,1546,BRAC5603.3f,cfos
9582,stria terminalis,negative,29,BRAC5603.3f,cfos
9583,stria terminalis,positive,374,BRAC5603.3f,cfos
9584,subependymal zone,negative,73,BRAC5603.3f,cfos
9585,subependymal zone,positive,65,BRAC5603.3f,cfos
9586,supra-callosal cerebral white matter,negative,81,BRAC5603.3f,cfos
9587,supra-callosal cerebral white matter,positive,2686,BRAC5603.3f,cfos
9588,supraoptic commissures,negative,1,BRAC5603.3f,cfos
9589,supraoptic commissures,positive,67,BRAC5603.3f,cfos
9590,third ventricle,negative,90,BRAC5603.3f,cfos
9591,third ventricle,positive,1402,BRAC5603.3f,cfos
9592,ventral hippocampal commissure,negative,1,BRAC5603.3f,cfos
9593,ventral hippocampal commissure,positive,162,BRAC5603.3f,cfos
