,filename,Injected,Unnamed: 0_x,Event,Event start ,Event end ,Ramp_start,Ramp_end,Unnamed: 0_y,sex_x,Gal_positive_x,state_x,estrous_stage_x,ID_mouse_x,Genotype_x,Behaviour_6hFD,Cm(pF)_x,Adaptive_x,I_zero_x,I_zero_reclassified_x,60mV_x,Firing_freq_(Hz)_I0_x,Instant_freq_(Hz)_x,isi_(ms)_x,cat_categ_x,CaT_x,Ih_x,Ih_at_-120mV_x,AP_ampl_x,AP_halfwidth_x,AP_time_to_peak_x,area(mV_ms)_x,rheobase_at_-60mV_(pA)_x,AHP_(mV)_x,Vm_x,Input_Resistance_x,sPSC_frequency_x,sPSC_Amplitude(pA)_x,sPSCs_Rise time_x,sPSCs (decay)_x,AC-I0_x,AC_-60_x,Comments_x,Unnamed: 35_x,latency,num_spike,Unnamed: 0,sex_y,Gal_positive_y,state_y,estrous_stage_y,ID_mouse_y,Genotype_y,Cm(pF)_y,Adaptive_y,I_zero_y,I_zero_reclassified_y,60mV_y,Firing_freq_(Hz)_I0_y,Instant_freq_(Hz)_y,isi_(ms)_y,cat_categ_y,CaT_y,Ih_y,Ih_at_-120mV_y,AP_ampl_y,AP_halfwidth_y,AP_time_to_peak_y,area(mV_ms)_y,rheobase_at_-60mV_(pA)_y,AHP_(mV)_y,Vm_y,Input_Resistance_y,sPSC_frequency_y,sPSC_Amplitude(pA)_y,sPSCs_Rise time_y,sPSCs (decay)_y,AC-I0_y,AC_-60_y,Comments_y,Unnamed: 35_y
0,S1C1 14022023,25,0,1,2080.0,0.0,1080.0,2080.0,269,F,no,virgin-Gal-,M,JKAM 55.2e,Gal-cre KI87; Rosa26 Tomato (Ai9),Agg+,72.46212121,no,silent,silent,silent,0.0,0.0,0.0,no,0.0,yes,4.61,0.0,0.0,0.0,0.0,110.0,0.0,-58.47140187,166.1,1.797900262,9.9,1.5,9.86,,,,,1000.0,1,269,F,no,virgin-Gal-,M,JKAM 55.2e,Gal-cre KI87; Rosa26 Tomato (Ai9),72.46212121,no,silent,silent,silent,0.0,0.0,0.0,no,0.0,yes,4.61,0.0,0.0,0.0,0.0,110.0,0.0,-58.47140187,166.1,1.797900262,9.9,1.5,9.86,,,,
1,S1C1 14022023,35,1,2,2080.0,0.0,1080.0,2080.0,269,F,no,virgin-Gal-,M,JKAM 55.2e,Gal-cre KI87; Rosa26 Tomato (Ai9),Agg+,72.46212121,no,silent,silent,silent,0.0,0.0,0.0,no,0.0,yes,4.61,0.0,0.0,0.0,0.0,110.0,0.0,-58.47140187,166.1,1.797900262,9.9,1.5,9.86,,,,,1000.0,1,269,F,no,virgin-Gal-,M,JKAM 55.2e,Gal-cre KI87; Rosa26 Tomato (Ai9),72.46212121,no,silent,silent,silent,0.0,0.0,0.0,no,0.0,yes,4.61,0.0,0.0,0.0,0.0,110.0,0.0,-58.47140187,166.1,1.797900262,9.9,1.5,9.86,,,,
2,S1C1 14022023,45,2,3,2080.0,0.0,1080.0,2080.0,269,F,no,virgin-Gal-,M,JKAM 55.2e,Gal-cre KI87; Rosa26 Tomato (Ai9),Agg+,72.46212121,no,silent,silent,silent,0.0,0.0,0.0,no,0.0,yes,4.61,0.0,0.0,0.0,0.0,110.0,0.0,-58.47140187,166.1,1.797900262,9.9,1.5,9.86,,,,,1000.0,1,269,F,no,virgin-Gal-,M,JKAM 55.2e,Gal-cre KI87; Rosa26 Tomato (Ai9),72.46212121,no,silent,silent,silent,0.0,0.0,0.0,no,0.0,yes,4.61,0.0,0.0,0.0,0.0,110.0,0.0,-58.47140187,166.1,1.797900262,9.9,1.5,9.86,,,,
3,S1C1 14022023,55,3,4,2080.0,0.0,1080.0,2080.0,269,F,no,virgin-Gal-,M,JKAM 55.2e,Gal-cre KI87; Rosa26 Tomato (Ai9),Agg+,72.46212121,no,silent,silent,silent,0.0,0.0,0.0,no,0.0,yes,4.61,0.0,0.0,0.0,0.0,110.0,0.0,-58.47140187,166.1,1.797900262,9.9,1.5,9.86,,,,,1000.0,1,269,F,no,virgin-Gal-,M,JKAM 55.2e,Gal-cre KI87; Rosa26 Tomato (Ai9),72.46212121,no,silent,silent,silent,0.0,0.0,0.0,no,0.0,yes,4.61,0.0,0.0,0.0,0.0,110.0,0.0,-58.47140187,166.1,1.797900262,9.9,1.5,9.86,,,,
4,S1C1 14022023,65,4,5,2080.0,0.0,1080.0,2080.0,269,F,no,virgin-Gal-,M,JKAM 55.2e,Gal-cre KI87; Rosa26 Tomato (Ai9),Agg+,72.46212121,no,silent,silent,silent,0.0,0.0,0.0,no,0.0,yes,4.61,0.0,0.0,0.0,0.0,110.0,0.0,-58.47140187,166.1,1.797900262,9.9,1.5,9.86,,,,,1000.0,1,269,F,no,virgin-Gal-,M,JKAM 55.2e,Gal-cre KI87; Rosa26 Tomato (Ai9),72.46212121,no,silent,silent,silent,0.0,0.0,0.0,no,0.0,yes,4.61,0.0,0.0,0.0,0.0,110.0,0.0,-58.47140187,166.1,1.797900262,9.9,1.5,9.86,,,,
5,S1C1 14022023,75,5,6,2080.0,0.0,1080.0,2080.0,269,F,no,virgin-Gal-,M,JKAM 55.2e,Gal-cre KI87; Rosa26 Tomato (Ai9),Agg+,72.46212121,no,silent,silent,silent,0.0,0.0,0.0,no,0.0,yes,4.61,0.0,0.0,0.0,0.0,110.0,0.0,-58.47140187,166.1,1.797900262,9.9,1.5,9.86,,,,,1000.0,1,269,F,no,virgin-Gal-,M,JKAM 55.2e,Gal-cre KI87; Rosa26 Tomato (Ai9),72.46212121,no,silent,silent,silent,0.0,0.0,0.0,no,0.0,yes,4.61,0.0,0.0,0.0,0.0,110.0,0.0,-58.47140187,166.1,1.797900262,9.9,1.5,9.86,,,,
6,S1C1 14022023,85,6,7,2080.0,0.0,1080.0,2080.0,269,F,no,virgin-Gal-,M,JKAM 55.2e,Gal-cre KI87; Rosa26 Tomato (Ai9),Agg+,72.46212121,no,silent,silent,silent,0.0,0.0,0.0,no,0.0,yes,4.61,0.0,0.0,0.0,0.0,110.0,0.0,-58.47140187,166.1,1.797900262,9.9,1.5,9.86,,,,,1000.0,1,269,F,no,virgin-Gal-,M,JKAM 55.2e,Gal-cre KI87; Rosa26 Tomato (Ai9),72.46212121,no,silent,silent,silent,0.0,0.0,0.0,no,0.0,yes,4.61,0.0,0.0,0.0,0.0,110.0,0.0,-58.47140187,166.1,1.797900262,9.9,1.5,9.86,,,,
7,S1C1 14022023,95,7,8,2080.0,0.0,1080.0,2080.0,269,F,no,virgin-Gal-,M,JKAM 55.2e,Gal-cre KI87; Rosa26 Tomato (Ai9),Agg+,72.46212121,no,silent,silent,silent,0.0,0.0,0.0,no,0.0,yes,4.61,0.0,0.0,0.0,0.0,110.0,0.0,-58.47140187,166.1,1.797900262,9.9,1.5,9.86,,,,,1000.0,1,269,F,no,virgin-Gal-,M,JKAM 55.2e,Gal-cre KI87; Rosa26 Tomato (Ai9),72.46212121,no,silent,silent,silent,0.0,0.0,0.0,no,0.0,yes,4.61,0.0,0.0,0.0,0.0,110.0,0.0,-58.47140187,166.1,1.797900262,9.9,1.5,9.86,,,,
8,S1C1 14022023,105,8,9,2027.10144042968,2028.6015625,1080.0,2080.0,269,F,no,virgin-Gal-,M,JKAM 55.2e,Gal-cre KI87; Rosa26 Tomato (Ai9),Agg+,72.46212121,no,silent,silent,silent,0.0,0.0,0.0,no,0.0,yes,4.61,0.0,0.0,0.0,0.0,110.0,0.0,-58.47140187,166.1,1.797900262,9.9,1.5,9.86,,,,,947.10144042968,1,269,F,no,virgin-Gal-,M,JKAM 55.2e,Gal-cre KI87; Rosa26 Tomato (Ai9),72.46212121,no,silent,silent,silent,0.0,0.0,0.0,no,0.0,yes,4.61,0.0,0.0,0.0,0.0,110.0,0.0,-58.47140187,166.1,1.797900262,9.9,1.5,9.86,,,,
9,S1C1 14022023,115,9,10,1972.10144042968,1973.49621582031,1080.0,2080.0,269,F,no,virgin-Gal-,M,JKAM 55.2e,Gal-cre KI87; Rosa26 Tomato (Ai9),Agg+,72.46212121,no,silent,silent,silent,0.0,0.0,0.0,no,0.0,yes,4.61,0.0,0.0,0.0,0.0,110.0,0.0,-58.47140187,166.1,1.797900262,9.9,1.5,9.86,,,,,892.10144042968,1,269,F,no,virgin-Gal-,M,JKAM 55.2e,Gal-cre KI87; Rosa26 Tomato (Ai9),72.46212121,no,silent,silent,silent,0.0,0.0,0.0,no,0.0,yes,4.61,0.0,0.0,0.0,0.0,110.0,0.0,-58.47140187,166.1,1.797900262,9.9,1.5,9.86,,,,
10,S1C1 14022023,125,10,11,1882.5,1883.99621582031,1080.0,2080.0,269,F,no,virgin-Gal-,M,JKAM 55.2e,Gal-cre KI87; Rosa26 Tomato (Ai9),Agg+,72.46212121,no,silent,silent,silent,0.0,0.0,0.0,no,0.0,yes,4.61,0.0,0.0,0.0,0.0,110.0,0.0,-58.47140187,166.1,1.797900262,9.9,1.5,9.86,,,,,802.5,2,269,F,no,virgin-Gal-,M,JKAM 55.2e,Gal-cre KI87; Rosa26 Tomato (Ai9),72.46212121,no,silent,silent,silent,0.0,0.0,0.0,no,0.0,yes,4.61,0.0,0.0,0.0,0.0,110.0,0.0,-58.47140187,166.1,1.797900262,9.9,1.5,9.86,,,,
11,S1C1 14022023,135,12,12,1910.10144042968,1911.49621582031,1080.0,2080.0,269,F,no,virgin-Gal-,M,JKAM 55.2e,Gal-cre KI87; Rosa26 Tomato (Ai9),Agg+,72.46212121,no,silent,silent,silent,0.0,0.0,0.0,no,0.0,yes,4.61,0.0,0.0,0.0,0.0,110.0,0.0,-58.47140187,166.1,1.797900262,9.9,1.5,9.86,,,,,830.10144042968,2,269,F,no,virgin-Gal-,M,JKAM 55.2e,Gal-cre KI87; Rosa26 Tomato (Ai9),72.46212121,no,silent,silent,silent,0.0,0.0,0.0,no,0.0,yes,4.61,0.0,0.0,0.0,0.0,110.0,0.0,-58.47140187,166.1,1.797900262,9.9,1.5,9.86,,,,
12,S1C1 14022023,145,14,13,1811.39855957031,1812.70300292968,1080.0,2080.0,269,F,no,virgin-Gal-,M,JKAM 55.2e,Gal-cre KI87; Rosa26 Tomato (Ai9),Agg+,72.46212121,no,silent,silent,silent,0.0,0.0,0.0,no,0.0,yes,4.61,0.0,0.0,0.0,0.0,110.0,0.0,-58.47140187,166.1,1.797900262,9.9,1.5,9.86,,,,,731.39855957031,3,269,F,no,virgin-Gal-,M,JKAM 55.2e,Gal-cre KI87; Rosa26 Tomato (Ai9),72.46212121,no,silent,silent,silent,0.0,0.0,0.0,no,0.0,yes,4.61,0.0,0.0,0.0,0.0,110.0,0.0,-58.47140187,166.1,1.797900262,9.9,1.5,9.86,,,,
13,S1C1 15022023,25,0,1,1476.19995117187,1479.69995117187,1080.0,2080.0,252,F,Unknown,virgin,E,JKAM WT,WT,Agg+,43.45218801,yes,silent,silent,silent,0.0,0.0,0.0,yes,19.9,yes,11.26,0.0,0.0,0.0,0.0,8.0,0.0,-61.14101032,679.2,1.566666667,12.65,1.8,14.35,,,,,396.19995117187,5,252,F,Unknown,virgin,E,JKAM WT,WT,43.45218801,yes,silent,silent,silent,0.0,0.0,0.0,yes,19.9,yes,11.26,0.0,0.0,0.0,0.0,8.0,0.0,-61.14101032,679.2,1.566666667,12.65,1.8,14.35,,,,
14,S1C1 15022023,35,5,2,1420.40002441406,1424.00012207031,1080.0,2080.0,252,F,Unknown,virgin,E,JKAM WT,WT,Agg+,43.45218801,yes,silent,silent,silent,0.0,0.0,0.0,yes,19.9,yes,11.26,0.0,0.0,0.0,0.0,8.0,0.0,-61.14101032,679.2,1.566666667,12.65,1.8,14.35,,,,,340.40002441406,7,252,F,Unknown,virgin,E,JKAM WT,WT,43.45218801,yes,silent,silent,silent,0.0,0.0,0.0,yes,19.9,yes,11.26,0.0,0.0,0.0,0.0,8.0,0.0,-61.14101032,679.2,1.566666667,12.65,1.8,14.35,,,,
15,S1C1 15022023,45,12,3,1409.2001953125,1412.80078125,1080.0,2080.0,252,F,Unknown,virgin,E,JKAM WT,WT,Agg+,43.45218801,yes,silent,silent,silent,0.0,0.0,0.0,yes,19.9,yes,11.26,0.0,0.0,0.0,0.0,8.0,0.0,-61.14101032,679.2,1.566666667,12.65,1.8,14.35,,,,,329.2001953125,8,252,F,Unknown,virgin,E,JKAM WT,WT,43.45218801,yes,silent,silent,silent,0.0,0.0,0.0,yes,19.9,yes,11.26,0.0,0.0,0.0,0.0,8.0,0.0,-61.14101032,679.2,1.566666667,12.65,1.8,14.35,,,,
16,S1C1 15022023,55,20,4,1344.2001953125,1347.69909667968,1080.0,2080.0,252,F,Unknown,virgin,E,JKAM WT,WT,Agg+,43.45218801,yes,silent,silent,silent,0.0,0.0,0.0,yes,19.9,yes,11.26,0.0,0.0,0.0,0.0,8.0,0.0,-61.14101032,679.2,1.566666667,12.65,1.8,14.35,,,,,264.2001953125,10,252,F,Unknown,virgin,E,JKAM WT,WT,43.45218801,yes,silent,silent,silent,0.0,0.0,0.0,yes,19.9,yes,11.26,0.0,0.0,0.0,0.0,8.0,0.0,-61.14101032,679.2,1.566666667,12.65,1.8,14.35,,,,
17,S1C1 15022023,65,30,5,1303.80102539062,1307.40258789062,1080.0,2080.0,252,F,Unknown,virgin,E,JKAM WT,WT,Agg+,43.45218801,yes,silent,silent,silent,0.0,0.0,0.0,yes,19.9,yes,11.26,0.0,0.0,0.0,0.0,8.0,0.0,-61.14101032,679.2,1.566666667,12.65,1.8,14.35,,,,,223.80102539062,10,252,F,Unknown,virgin,E,JKAM WT,WT,43.45218801,yes,silent,silent,silent,0.0,0.0,0.0,yes,19.9,yes,11.26,0.0,0.0,0.0,0.0,8.0,0.0,-61.14101032,679.2,1.566666667,12.65,1.8,14.35,,,,
18,S1C1 15022023,75,40,6,1271.59948730468,1275.099609375,1080.0,2080.0,252,F,Unknown,virgin,E,JKAM WT,WT,Agg+,43.45218801,yes,silent,silent,silent,0.0,0.0,0.0,yes,19.9,yes,11.26,0.0,0.0,0.0,0.0,8.0,0.0,-61.14101032,679.2,1.566666667,12.65,1.8,14.35,,,,,191.59948730468,8,252,F,Unknown,virgin,E,JKAM WT,WT,43.45218801,yes,silent,silent,silent,0.0,0.0,0.0,yes,19.9,yes,11.26,0.0,0.0,0.0,0.0,8.0,0.0,-61.14101032,679.2,1.566666667,12.65,1.8,14.35,,,,
19,S1C1 15022023,85,48,7,1279.0,1282.599609375,1080.0,2080.0,252,F,Unknown,virgin,E,JKAM WT,WT,Agg+,43.45218801,yes,silent,silent,silent,0.0,0.0,0.0,yes,19.9,yes,11.26,0.0,0.0,0.0,0.0,8.0,0.0,-61.14101032,679.2,1.566666667,12.65,1.8,14.35,,,,,199.0,8,252,F,Unknown,virgin,E,JKAM WT,WT,43.45218801,yes,silent,silent,silent,0.0,0.0,0.0,yes,19.9,yes,11.26,0.0,0.0,0.0,0.0,8.0,0.0,-61.14101032,679.2,1.566666667,12.65,1.8,14.35,,,,
20,S1C1 15022023,95,56,8,1244.5,1247.90258789062,1080.0,2080.0,252,F,Unknown,virgin,E,JKAM WT,WT,Agg+,43.45218801,yes,silent,silent,silent,0.0,0.0,0.0,yes,19.9,yes,11.26,0.0,0.0,0.0,0.0,8.0,0.0,-61.14101032,679.2,1.566666667,12.65,1.8,14.35,,,,,164.5,7,252,F,Unknown,virgin,E,JKAM WT,WT,43.45218801,yes,silent,silent,silent,0.0,0.0,0.0,yes,19.9,yes,11.26,0.0,0.0,0.0,0.0,8.0,0.0,-61.14101032,679.2,1.566666667,12.65,1.8,14.35,,,,
21,S1C1 15022023,105,63,9,1245.39855957031,1248.796875,1080.0,2080.0,252,F,Unknown,virgin,E,JKAM WT,WT,Agg+,43.45218801,yes,silent,silent,silent,0.0,0.0,0.0,yes,19.9,yes,11.26,0.0,0.0,0.0,0.0,8.0,0.0,-61.14101032,679.2,1.566666667,12.65,1.8,14.35,,,,,165.39855957031,6,252,F,Unknown,virgin,E,JKAM WT,WT,43.45218801,yes,silent,silent,silent,0.0,0.0,0.0,yes,19.9,yes,11.26,0.0,0.0,0.0,0.0,8.0,0.0,-61.14101032,679.2,1.566666667,12.65,1.8,14.35,,,,
22,S1C1 15022023,115,69,10,1242.19921875,1245.6015625,1080.0,2080.0,252,F,Unknown,virgin,E,JKAM WT,WT,Agg+,43.45218801,yes,silent,silent,silent,0.0,0.0,0.0,yes,19.9,yes,11.26,0.0,0.0,0.0,0.0,8.0,0.0,-61.14101032,679.2,1.566666667,12.65,1.8,14.35,,,,,162.19921875,6,252,F,Unknown,virgin,E,JKAM WT,WT,43.45218801,yes,silent,silent,silent,0.0,0.0,0.0,yes,19.9,yes,11.26,0.0,0.0,0.0,0.0,8.0,0.0,-61.14101032,679.2,1.566666667,12.65,1.8,14.35,,,,
23,S1C1 15022023,125,75,11,1227.80102539062,1231.20300292968,1080.0,2080.0,252,F,Unknown,virgin,E,JKAM WT,WT,Agg+,43.45218801,yes,silent,silent,silent,0.0,0.0,0.0,yes,19.9,yes,11.26,0.0,0.0,0.0,0.0,8.0,0.0,-61.14101032,679.2,1.566666667,12.65,1.8,14.35,,,,,147.80102539062,5,252,F,Unknown,virgin,E,JKAM WT,WT,43.45218801,yes,silent,silent,silent,0.0,0.0,0.0,yes,19.9,yes,11.26,0.0,0.0,0.0,0.0,8.0,0.0,-61.14101032,679.2,1.566666667,12.65,1.8,14.35,,,,
24,S1C1 15022023,135,80,11,1548.60144042968,1572.90258789062,1080.0,2080.0,252,F,Unknown,virgin,E,JKAM WT,WT,Agg+,43.45218801,yes,silent,silent,silent,0.0,0.0,0.0,yes,19.9,yes,11.26,0.0,0.0,0.0,0.0,8.0,0.0,-61.14101032,679.2,1.566666667,12.65,1.8,14.35,,,,,468.60144042968,7,252,F,Unknown,virgin,E,JKAM WT,WT,43.45218801,yes,silent,silent,silent,0.0,0.0,0.0,yes,19.9,yes,11.26,0.0,0.0,0.0,0.0,8.0,0.0,-61.14101032,679.2,1.566666667,12.65,1.8,14.35,,,,
25,S1C1 15022023,145,87,13,1210.60144042968,1214.1015625,1080.0,2080.0,252,F,Unknown,virgin,E,JKAM WT,WT,Agg+,43.45218801,yes,silent,silent,silent,0.0,0.0,0.0,yes,19.9,yes,11.26,0.0,0.0,0.0,0.0,8.0,0.0,-61.14101032,679.2,1.566666667,12.65,1.8,14.35,,,,,130.60144042968,6,252,F,Unknown,virgin,E,JKAM WT,WT,43.45218801,yes,silent,silent,silent,0.0,0.0,0.0,yes,19.9,yes,11.26,0.0,0.0,0.0,0.0,8.0,0.0,-61.14101032,679.2,1.566666667,12.65,1.8,14.35,,,,
26,S1C1 20012023,25,0,1,2080.0,0.0,1080.0,2080.0,0,F,no,Virgin-Gal -,P,JKAM54.2d,Gal-cre KI87; Rosa26 Tomato (Ai9),Pre,65.7343063,no,tonic,tonic,silent,0.31,0.58,3182.0,no,0.0,yes,7.63,94.6,1.15,0.67,109.0,30.0,-56.71,-49.12813827,250.106759,0.683098592,7.78,1.0,6.4965,,,,,1000.0,2,0,F,no,Virgin-Gal -,P,JKAM54.2d,Gal-cre KI87; Rosa26 Tomato (Ai9),65.7343063,no,tonic,tonic,silent,0.31,0.58,3182.0,no,0.0,yes,7.63,94.6,1.15,0.67,109.0,30.0,-56.71,-49.12813827,250.106759,0.683098592,7.78,1.0,6.4965,,,,
27,S1C1 20012023,25,0,1,2080.0,0.0,1080.0,2080.0,0,F,no,Virgin-Gal -,P,JKAM54.2d,Gal-cre KI87; Rosa26 Tomato (Ai9),Pre,65.7343063,no,tonic,tonic,silent,0.31,0.58,3182.0,no,0.0,yes,7.63,94.6,1.15,0.67,109.0,30.0,-56.71,-49.12813827,250.106759,0.683098592,7.78,1.0,6.4965,,,,,1000.0,2,139,F,no,Virgin-Gal -,P,JKAM54.2d,Gal-cre KI87; Rosa26 Tomato (Ai9),65.7343063,no,tonic,tonic,silent,0.31,0.58,3182.0,no,0.0,yes,7.63,94.6,1.15,0.67,109.0,30.0,-56.71,-49.12813827,250.106759,0.683098592,7.78,1.0,6.4965,,,,
28,S1C1 20012023,35,1,2,2080.0,0.0,1080.0,2080.0,0,F,no,Virgin-Gal -,P,JKAM54.2d,Gal-cre KI87; Rosa26 Tomato (Ai9),Pre,65.7343063,no,tonic,tonic,silent,0.31,0.58,3182.0,no,0.0,yes,7.63,94.6,1.15,0.67,109.0,30.0,-56.71,-49.12813827,250.106759,0.683098592,7.78,1.0,6.4965,,,,,1000.0,2,0,F,no,Virgin-Gal -,P,JKAM54.2d,Gal-cre KI87; Rosa26 Tomato (Ai9),65.7343063,no,tonic,tonic,silent,0.31,0.58,3182.0,no,0.0,yes,7.63,94.6,1.15,0.67,109.0,30.0,-56.71,-49.12813827,250.106759,0.683098592,7.78,1.0,6.4965,,,,
29,S1C1 20012023,35,1,2,2080.0,0.0,1080.0,2080.0,0,F,no,Virgin-Gal -,P,JKAM54.2d,Gal-cre KI87; Rosa26 Tomato (Ai9),Pre,65.7343063,no,tonic,tonic,silent,0.31,0.58,3182.0,no,0.0,yes,7.63,94.6,1.15,0.67,109.0,30.0,-56.71,-49.12813827,250.106759,0.683098592,7.78,1.0,6.4965,,,,,1000.0,2,139,F,no,Virgin-Gal -,P,JKAM54.2d,Gal-cre KI87; Rosa26 Tomato (Ai9),65.7343063,no,tonic,tonic,silent,0.31,0.58,3182.0,no,0.0,yes,7.63,94.6,1.15,0.67,109.0,30.0,-56.71,-49.12813827,250.106759,0.683098592,7.78,1.0,6.4965,,,,
30,S1C1 20012023,45,2,3,2020.80004882812,2022.39965820312,1080.0,2080.0,0,F,no,Virgin-Gal -,P,JKAM54.2d,Gal-cre KI87; Rosa26 Tomato (Ai9),Pre,65.7343063,no,tonic,tonic,silent,0.31,0.58,3182.0,no,0.0,yes,7.63,94.6,1.15,0.67,109.0,30.0,-56.71,-49.12813827,250.106759,0.683098592,7.78,1.0,6.4965,,,,,940.80004882812,4,0,F,no,Virgin-Gal -,P,JKAM54.2d,Gal-cre KI87; Rosa26 Tomato (Ai9),65.7343063,no,tonic,tonic,silent,0.31,0.58,3182.0,no,0.0,yes,7.63,94.6,1.15,0.67,109.0,30.0,-56.71,-49.12813827,250.106759,0.683098592,7.78,1.0,6.4965,,,,
31,S1C1 20012023,45,2,3,2020.80004882812,2022.39965820312,1080.0,2080.0,0,F,no,Virgin-Gal -,P,JKAM54.2d,Gal-cre KI87; Rosa26 Tomato (Ai9),Pre,65.7343063,no,tonic,tonic,silent,0.31,0.58,3182.0,no,0.0,yes,7.63,94.6,1.15,0.67,109.0,30.0,-56.71,-49.12813827,250.106759,0.683098592,7.78,1.0,6.4965,,,,,940.80004882812,4,139,F,no,Virgin-Gal -,P,JKAM54.2d,Gal-cre KI87; Rosa26 Tomato (Ai9),65.7343063,no,tonic,tonic,silent,0.31,0.58,3182.0,no,0.0,yes,7.63,94.6,1.15,0.67,109.0,30.0,-56.71,-49.12813827,250.106759,0.683098592,7.78,1.0,6.4965,,,,
32,S1C1 20012023,55,4,4,1923.80102539062,1925.40258789062,1080.0,2080.0,0,F,no,Virgin-Gal -,P,JKAM54.2d,Gal-cre KI87; Rosa26 Tomato (Ai9),Pre,65.7343063,no,tonic,tonic,silent,0.31,0.58,3182.0,no,0.0,yes,7.63,94.6,1.15,0.67,109.0,30.0,-56.71,-49.12813827,250.106759,0.683098592,7.78,1.0,6.4965,,,,,843.80102539062,4,0,F,no,Virgin-Gal -,P,JKAM54.2d,Gal-cre KI87; Rosa26 Tomato (Ai9),65.7343063,no,tonic,tonic,silent,0.31,0.58,3182.0,no,0.0,yes,7.63,94.6,1.15,0.67,109.0,30.0,-56.71,-49.12813827,250.106759,0.683098592,7.78,1.0,6.4965,,,,
33,S1C1 20012023,55,4,4,1923.80102539062,1925.40258789062,1080.0,2080.0,0,F,no,Virgin-Gal -,P,JKAM54.2d,Gal-cre KI87; Rosa26 Tomato (Ai9),Pre,65.7343063,no,tonic,tonic,silent,0.31,0.58,3182.0,no,0.0,yes,7.63,94.6,1.15,0.67,109.0,30.0,-56.71,-49.12813827,250.106759,0.683098592,7.78,1.0,6.4965,,,,,843.80102539062,4,139,F,no,Virgin-Gal -,P,JKAM54.2d,Gal-cre KI87; Rosa26 Tomato (Ai9),65.7343063,no,tonic,tonic,silent,0.31,0.58,3182.0,no,0.0,yes,7.63,94.6,1.15,0.67,109.0,30.0,-56.71,-49.12813827,250.106759,0.683098592,7.78,1.0,6.4965,,,,
34,S1C1 20012023,65,6,5,1795.0,1796.599609375,1080.0,2080.0,0,F,no,Virgin-Gal -,P,JKAM54.2d,Gal-cre KI87; Rosa26 Tomato (Ai9),Pre,65.7343063,no,tonic,tonic,silent,0.31,0.58,3182.0,no,0.0,yes,7.63,94.6,1.15,0.67,109.0,30.0,-56.71,-49.12813827,250.106759,0.683098592,7.78,1.0,6.4965,,,,,715.0,8,0,F,no,Virgin-Gal -,P,JKAM54.2d,Gal-cre KI87; Rosa26 Tomato (Ai9),65.7343063,no,tonic,tonic,silent,0.31,0.58,3182.0,no,0.0,yes,7.63,94.6,1.15,0.67,109.0,30.0,-56.71,-49.12813827,250.106759,0.683098592,7.78,1.0,6.4965,,,,
35,S1C1 20012023,65,6,5,1795.0,1796.599609375,1080.0,2080.0,0,F,no,Virgin-Gal -,P,JKAM54.2d,Gal-cre KI87; Rosa26 Tomato (Ai9),Pre,65.7343063,no,tonic,tonic,silent,0.31,0.58,3182.0,no,0.0,yes,7.63,94.6,1.15,0.67,109.0,30.0,-56.71,-49.12813827,250.106759,0.683098592,7.78,1.0,6.4965,,,,,715.0,8,139,F,no,Virgin-Gal -,P,JKAM54.2d,Gal-cre KI87; Rosa26 Tomato (Ai9),65.7343063,no,tonic,tonic,silent,0.31,0.58,3182.0,no,0.0,yes,7.63,94.6,1.15,0.67,109.0,30.0,-56.71,-49.12813827,250.106759,0.683098592,7.78,1.0,6.4965,,,,
36,S1C1 20012023,75,10,6,1808.19921875,1809.798828125,1080.0,2080.0,0,F,no,Virgin-Gal -,P,JKAM54.2d,Gal-cre KI87; Rosa26 Tomato (Ai9),Pre,65.7343063,no,tonic,tonic,silent,0.31,0.58,3182.0,no,0.0,yes,7.63,94.6,1.15,0.67,109.0,30.0,-56.71,-49.12813827,250.106759,0.683098592,7.78,1.0,6.4965,,,,,728.19921875,8,0,F,no,Virgin-Gal -,P,JKAM54.2d,Gal-cre KI87; Rosa26 Tomato (Ai9),65.7343063,no,tonic,tonic,silent,0.31,0.58,3182.0,no,0.0,yes,7.63,94.6,1.15,0.67,109.0,30.0,-56.71,-49.12813827,250.106759,0.683098592,7.78,1.0,6.4965,,,,
37,S1C1 20012023,75,10,6,1808.19921875,1809.798828125,1080.0,2080.0,0,F,no,Virgin-Gal -,P,JKAM54.2d,Gal-cre KI87; Rosa26 Tomato (Ai9),Pre,65.7343063,no,tonic,tonic,silent,0.31,0.58,3182.0,no,0.0,yes,7.63,94.6,1.15,0.67,109.0,30.0,-56.71,-49.12813827,250.106759,0.683098592,7.78,1.0,6.4965,,,,,728.19921875,8,139,F,no,Virgin-Gal -,P,JKAM54.2d,Gal-cre KI87; Rosa26 Tomato (Ai9),65.7343063,no,tonic,tonic,silent,0.31,0.58,3182.0,no,0.0,yes,7.63,94.6,1.15,0.67,109.0,30.0,-56.71,-49.12813827,250.106759,0.683098592,7.78,1.0,6.4965,,,,
38,S1C1 20012023,85,14,7,1778.0,1779.599609375,1080.0,2080.0,0,F,no,Virgin-Gal -,P,JKAM54.2d,Gal-cre KI87; Rosa26 Tomato (Ai9),Pre,65.7343063,no,tonic,tonic,silent,0.31,0.58,3182.0,no,0.0,yes,7.63,94.6,1.15,0.67,109.0,30.0,-56.71,-49.12813827,250.106759,0.683098592,7.78,1.0,6.4965,,,,,698.0,12,0,F,no,Virgin-Gal -,P,JKAM54.2d,Gal-cre KI87; Rosa26 Tomato (Ai9),65.7343063,no,tonic,tonic,silent,0.31,0.58,3182.0,no,0.0,yes,7.63,94.6,1.15,0.67,109.0,30.0,-56.71,-49.12813827,250.106759,0.683098592,7.78,1.0,6.4965,,,,
39,S1C1 20012023,85,14,7,1778.0,1779.599609375,1080.0,2080.0,0,F,no,Virgin-Gal -,P,JKAM54.2d,Gal-cre KI87; Rosa26 Tomato (Ai9),Pre,65.7343063,no,tonic,tonic,silent,0.31,0.58,3182.0,no,0.0,yes,7.63,94.6,1.15,0.67,109.0,30.0,-56.71,-49.12813827,250.106759,0.683098592,7.78,1.0,6.4965,,,,,698.0,12,139,F,no,Virgin-Gal -,P,JKAM54.2d,Gal-cre KI87; Rosa26 Tomato (Ai9),65.7343063,no,tonic,tonic,silent,0.31,0.58,3182.0,no,0.0,yes,7.63,94.6,1.15,0.67,109.0,30.0,-56.71,-49.12813827,250.106759,0.683098592,7.78,1.0,6.4965,,,,
40,S1C1 20012023,95,20,8,1700.89855957031,1702.49621582031,1080.0,2080.0,0,F,no,Virgin-Gal -,P,JKAM54.2d,Gal-cre KI87; Rosa26 Tomato (Ai9),Pre,65.7343063,no,tonic,tonic,silent,0.31,0.58,3182.0,no,0.0,yes,7.63,94.6,1.15,0.67,109.0,30.0,-56.71,-49.12813827,250.106759,0.683098592,7.78,1.0,6.4965,,,,,620.89855957031,14,0,F,no,Virgin-Gal -,P,JKAM54.2d,Gal-cre KI87; Rosa26 Tomato (Ai9),65.7343063,no,tonic,tonic,silent,0.31,0.58,3182.0,no,0.0,yes,7.63,94.6,1.15,0.67,109.0,30.0,-56.71,-49.12813827,250.106759,0.683098592,7.78,1.0,6.4965,,,,
41,S1C1 20012023,95,20,8,1700.89855957031,1702.49621582031,1080.0,2080.0,0,F,no,Virgin-Gal -,P,JKAM54.2d,Gal-cre KI87; Rosa26 Tomato (Ai9),Pre,65.7343063,no,tonic,tonic,silent,0.31,0.58,3182.0,no,0.0,yes,7.63,94.6,1.15,0.67,109.0,30.0,-56.71,-49.12813827,250.106759,0.683098592,7.78,1.0,6.4965,,,,,620.89855957031,14,139,F,no,Virgin-Gal -,P,JKAM54.2d,Gal-cre KI87; Rosa26 Tomato (Ai9),65.7343063,no,tonic,tonic,silent,0.31,0.58,3182.0,no,0.0,yes,7.63,94.6,1.15,0.67,109.0,30.0,-56.71,-49.12813827,250.106759,0.683098592,7.78,1.0,6.4965,,,,
42,S1C1 20012023,105,27,9,1672.10144042968,1673.796875,1080.0,2080.0,0,F,no,Virgin-Gal -,P,JKAM54.2d,Gal-cre KI87; Rosa26 Tomato (Ai9),Pre,65.7343063,no,tonic,tonic,silent,0.31,0.58,3182.0,no,0.0,yes,7.63,94.6,1.15,0.67,109.0,30.0,-56.71,-49.12813827,250.106759,0.683098592,7.78,1.0,6.4965,,,,,592.10144042968,16,0,F,no,Virgin-Gal -,P,JKAM54.2d,Gal-cre KI87; Rosa26 Tomato (Ai9),65.7343063,no,tonic,tonic,silent,0.31,0.58,3182.0,no,0.0,yes,7.63,94.6,1.15,0.67,109.0,30.0,-56.71,-49.12813827,250.106759,0.683098592,7.78,1.0,6.4965,,,,
43,S1C1 20012023,105,27,9,1672.10144042968,1673.796875,1080.0,2080.0,0,F,no,Virgin-Gal -,P,JKAM54.2d,Gal-cre KI87; Rosa26 Tomato (Ai9),Pre,65.7343063,no,tonic,tonic,silent,0.31,0.58,3182.0,no,0.0,yes,7.63,94.6,1.15,0.67,109.0,30.0,-56.71,-49.12813827,250.106759,0.683098592,7.78,1.0,6.4965,,,,,592.10144042968,16,139,F,no,Virgin-Gal -,P,JKAM54.2d,Gal-cre KI87; Rosa26 Tomato (Ai9),65.7343063,no,tonic,tonic,silent,0.31,0.58,3182.0,no,0.0,yes,7.63,94.6,1.15,0.67,109.0,30.0,-56.71,-49.12813827,250.106759,0.683098592,7.78,1.0,6.4965,,,,
44,S1C1 20012023,115,35,10,1614.69921875,1616.40258789062,1080.0,2080.0,0,F,no,Virgin-Gal -,P,JKAM54.2d,Gal-cre KI87; Rosa26 Tomato (Ai9),Pre,65.7343063,no,tonic,tonic,silent,0.31,0.58,3182.0,no,0.0,yes,7.63,94.6,1.15,0.67,109.0,30.0,-56.71,-49.12813827,250.106759,0.683098592,7.78,1.0,6.4965,,,,,534.69921875,20,0,F,no,Virgin-Gal -,P,JKAM54.2d,Gal-cre KI87; Rosa26 Tomato (Ai9),65.7343063,no,tonic,tonic,silent,0.31,0.58,3182.0,no,0.0,yes,7.63,94.6,1.15,0.67,109.0,30.0,-56.71,-49.12813827,250.106759,0.683098592,7.78,1.0,6.4965,,,,
45,S1C1 20012023,115,35,10,1614.69921875,1616.40258789062,1080.0,2080.0,0,F,no,Virgin-Gal -,P,JKAM54.2d,Gal-cre KI87; Rosa26 Tomato (Ai9),Pre,65.7343063,no,tonic,tonic,silent,0.31,0.58,3182.0,no,0.0,yes,7.63,94.6,1.15,0.67,109.0,30.0,-56.71,-49.12813827,250.106759,0.683098592,7.78,1.0,6.4965,,,,,534.69921875,20,139,F,no,Virgin-Gal -,P,JKAM54.2d,Gal-cre KI87; Rosa26 Tomato (Ai9),65.7343063,no,tonic,tonic,silent,0.31,0.58,3182.0,no,0.0,yes,7.63,94.6,1.15,0.67,109.0,30.0,-56.71,-49.12813827,250.106759,0.683098592,7.78,1.0,6.4965,,,,
46,S1C1 20012023,125,45,11,1630.19921875,1631.90258789062,1080.0,2080.0,0,F,no,Virgin-Gal -,P,JKAM54.2d,Gal-cre KI87; Rosa26 Tomato (Ai9),Pre,65.7343063,no,tonic,tonic,silent,0.31,0.58,3182.0,no,0.0,yes,7.63,94.6,1.15,0.67,109.0,30.0,-56.71,-49.12813827,250.106759,0.683098592,7.78,1.0,6.4965,,,,,550.19921875,22,0,F,no,Virgin-Gal -,P,JKAM54.2d,Gal-cre KI87; Rosa26 Tomato (Ai9),65.7343063,no,tonic,tonic,silent,0.31,0.58,3182.0,no,0.0,yes,7.63,94.6,1.15,0.67,109.0,30.0,-56.71,-49.12813827,250.106759,0.683098592,7.78,1.0,6.4965,,,,
47,S1C1 20012023,125,45,11,1630.19921875,1631.90258789062,1080.0,2080.0,0,F,no,Virgin-Gal -,P,JKAM54.2d,Gal-cre KI87; Rosa26 Tomato (Ai9),Pre,65.7343063,no,tonic,tonic,silent,0.31,0.58,3182.0,no,0.0,yes,7.63,94.6,1.15,0.67,109.0,30.0,-56.71,-49.12813827,250.106759,0.683098592,7.78,1.0,6.4965,,,,,550.19921875,22,139,F,no,Virgin-Gal -,P,JKAM54.2d,Gal-cre KI87; Rosa26 Tomato (Ai9),65.7343063,no,tonic,tonic,silent,0.31,0.58,3182.0,no,0.0,yes,7.63,94.6,1.15,0.67,109.0,30.0,-56.71,-49.12813827,250.106759,0.683098592,7.78,1.0,6.4965,,,,
48,S1C1 20012023,135,56,12,1567.89855957031,1569.49621582031,1080.0,2080.0,0,F,no,Virgin-Gal -,P,JKAM54.2d,Gal-cre KI87; Rosa26 Tomato (Ai9),Pre,65.7343063,no,tonic,tonic,silent,0.31,0.58,3182.0,no,0.0,yes,7.63,94.6,1.15,0.67,109.0,30.0,-56.71,-49.12813827,250.106759,0.683098592,7.78,1.0,6.4965,,,,,487.89855957031,28,0,F,no,Virgin-Gal -,P,JKAM54.2d,Gal-cre KI87; Rosa26 Tomato (Ai9),65.7343063,no,tonic,tonic,silent,0.31,0.58,3182.0,no,0.0,yes,7.63,94.6,1.15,0.67,109.0,30.0,-56.71,-49.12813827,250.106759,0.683098592,7.78,1.0,6.4965,,,,
49,S1C1 20012023,135,56,12,1567.89855957031,1569.49621582031,1080.0,2080.0,0,F,no,Virgin-Gal -,P,JKAM54.2d,Gal-cre KI87; Rosa26 Tomato (Ai9),Pre,65.7343063,no,tonic,tonic,silent,0.31,0.58,3182.0,no,0.0,yes,7.63,94.6,1.15,0.67,109.0,30.0,-56.71,-49.12813827,250.106759,0.683098592,7.78,1.0,6.4965,,,,,487.89855957031,28,139,F,no,Virgin-Gal -,P,JKAM54.2d,Gal-cre KI87; Rosa26 Tomato (Ai9),65.7343063,no,tonic,tonic,silent,0.31,0.58,3182.0,no,0.0,yes,7.63,94.6,1.15,0.67,109.0,30.0,-56.71,-49.12813827,250.106759,0.683098592,7.78,1.0,6.4965,,,,
50,S1C1 20012023,145,70,13,1538.19921875,1539.90258789062,1080.0,2080.0,0,F,no,Virgin-Gal -,P,JKAM54.2d,Gal-cre KI87; Rosa26 Tomato (Ai9),Pre,65.7343063,no,tonic,tonic,silent,0.31,0.58,3182.0,no,0.0,yes,7.63,94.6,1.15,0.67,109.0,30.0,-56.71,-49.12813827,250.106759,0.683098592,7.78,1.0,6.4965,,,,,458.19921875,36,0,F,no,Virgin-Gal -,P,JKAM54.2d,Gal-cre KI87; Rosa26 Tomato (Ai9),65.7343063,no,tonic,tonic,silent,0.31,0.58,3182.0,no,0.0,yes,7.63,94.6,1.15,0.67,109.0,30.0,-56.71,-49.12813827,250.106759,0.683098592,7.78,1.0,6.4965,,,,
51,S1C1 20012023,145,70,13,1538.19921875,1539.90258789062,1080.0,2080.0,0,F,no,Virgin-Gal -,P,JKAM54.2d,Gal-cre KI87; Rosa26 Tomato (Ai9),Pre,65.7343063,no,tonic,tonic,silent,0.31,0.58,3182.0,no,0.0,yes,7.63,94.6,1.15,0.67,109.0,30.0,-56.71,-49.12813827,250.106759,0.683098592,7.78,1.0,6.4965,,,,,458.19921875,36,139,F,no,Virgin-Gal -,P,JKAM54.2d,Gal-cre KI87; Rosa26 Tomato (Ai9),65.7343063,no,tonic,tonic,silent,0.31,0.58,3182.0,no,0.0,yes,7.63,94.6,1.15,0.67,109.0,30.0,-56.71,-49.12813827,250.106759,0.683098592,7.78,1.0,6.4965,,,,
52,S1C1 21022023,25,0,1,2080.0,0.0,1080.0,2080.0,249,F,Unknown,virgin,P to E,BRAC 7344.5c,WT,Agg+,30.39403974,yes,silent,silent,silent,0.0,0.0,0.0,no,0.0,yes,1.04,0.0,0.0,0.0,0.0,3.0,0.0,-44.69640829,791.17,0.186666667,11.43,1.8,27.11,,,,,1000.0,1,249,F,Unknown,virgin,P to E,BRAC 7344.5c,WT,30.39403974,yes,silent,silent,silent,0.0,0.0,0.0,no,0.0,yes,1.04,0.0,0.0,0.0,0.0,3.0,0.0,-44.69640829,791.17,0.186666667,11.43,1.8,27.11,,,,
53,S1C1 21022023,35,1,2,2080.0,0.0,1080.0,2080.0,249,F,Unknown,virgin,P to E,BRAC 7344.5c,WT,Agg+,30.39403974,yes,silent,silent,silent,0.0,0.0,0.0,no,0.0,yes,1.04,0.0,0.0,0.0,0.0,3.0,0.0,-44.69640829,791.17,0.186666667,11.43,1.8,27.11,,,,,1000.0,1,249,F,Unknown,virgin,P to E,BRAC 7344.5c,WT,30.39403974,yes,silent,silent,silent,0.0,0.0,0.0,no,0.0,yes,1.04,0.0,0.0,0.0,0.0,3.0,0.0,-44.69640829,791.17,0.186666667,11.43,1.8,27.11,,,,
54,S1C1 21022023,45,2,3,2080.0,0.0,1080.0,2080.0,249,F,Unknown,virgin,P to E,BRAC 7344.5c,WT,Agg+,30.39403974,yes,silent,silent,silent,0.0,0.0,0.0,no,0.0,yes,1.04,0.0,0.0,0.0,0.0,3.0,0.0,-44.69640829,791.17,0.186666667,11.43,1.8,27.11,,,,,1000.0,1,249,F,Unknown,virgin,P to E,BRAC 7344.5c,WT,30.39403974,yes,silent,silent,silent,0.0,0.0,0.0,no,0.0,yes,1.04,0.0,0.0,0.0,0.0,3.0,0.0,-44.69640829,791.17,0.186666667,11.43,1.8,27.11,,,,
55,S1C1 21022023,55,3,4,1989.69921875,1993.099609375,1080.0,2080.0,249,F,Unknown,virgin,P to E,BRAC 7344.5c,WT,Agg+,30.39403974,yes,silent,silent,silent,0.0,0.0,0.0,no,0.0,yes,1.04,0.0,0.0,0.0,0.0,3.0,0.0,-44.69640829,791.17,0.186666667,11.43,1.8,27.11,,,,,909.69921875,1,249,F,Unknown,virgin,P to E,BRAC 7344.5c,WT,30.39403974,yes,silent,silent,silent,0.0,0.0,0.0,no,0.0,yes,1.04,0.0,0.0,0.0,0.0,3.0,0.0,-44.69640829,791.17,0.186666667,11.43,1.8,27.11,,,,
56,S1C1 21022023,65,4,5,1857.90051269531,1861.00012207031,1080.0,2080.0,249,F,Unknown,virgin,P to E,BRAC 7344.5c,WT,Agg+,30.39403974,yes,silent,silent,silent,0.0,0.0,0.0,no,0.0,yes,1.04,0.0,0.0,0.0,0.0,3.0,0.0,-44.69640829,791.17,0.186666667,11.43,1.8,27.11,,,,,777.90051269531,2,249,F,Unknown,virgin,P to E,BRAC 7344.5c,WT,30.39403974,yes,silent,silent,silent,0.0,0.0,0.0,no,0.0,yes,1.04,0.0,0.0,0.0,0.0,3.0,0.0,-44.69640829,791.17,0.186666667,11.43,1.8,27.11,,,,
57,S1C1 21022023,75,6,6,1887.09948730468,1890.599609375,1080.0,2080.0,249,F,Unknown,virgin,P to E,BRAC 7344.5c,WT,Agg+,30.39403974,yes,silent,silent,silent,0.0,0.0,0.0,no,0.0,yes,1.04,0.0,0.0,0.0,0.0,3.0,0.0,-44.69640829,791.17,0.186666667,11.43,1.8,27.11,,,,,807.09948730468,3,249,F,Unknown,virgin,P to E,BRAC 7344.5c,WT,30.39403974,yes,silent,silent,silent,0.0,0.0,0.0,no,0.0,yes,1.04,0.0,0.0,0.0,0.0,3.0,0.0,-44.69640829,791.17,0.186666667,11.43,1.8,27.11,,,,
58,S1C1 21022023,85,9,7,1770.30102539062,1773.50012207031,1080.0,2080.0,249,F,Unknown,virgin,P to E,BRAC 7344.5c,WT,Agg+,30.39403974,yes,silent,silent,silent,0.0,0.0,0.0,no,0.0,yes,1.04,0.0,0.0,0.0,0.0,3.0,0.0,-44.69640829,791.17,0.186666667,11.43,1.8,27.11,,,,,690.30102539062,3,249,F,Unknown,virgin,P to E,BRAC 7344.5c,WT,30.39403974,yes,silent,silent,silent,0.0,0.0,0.0,no,0.0,yes,1.04,0.0,0.0,0.0,0.0,3.0,0.0,-44.69640829,791.17,0.186666667,11.43,1.8,27.11,,,,
59,S1C1 21022023,95,12,8,1743.0,1746.20300292968,1080.0,2080.0,249,F,Unknown,virgin,P to E,BRAC 7344.5c,WT,Agg+,30.39403974,yes,silent,silent,silent,0.0,0.0,0.0,no,0.0,yes,1.04,0.0,0.0,0.0,0.0,3.0,0.0,-44.69640829,791.17,0.186666667,11.43,1.8,27.11,,,,,663.0,5,249,F,Unknown,virgin,P to E,BRAC 7344.5c,WT,30.39403974,yes,silent,silent,silent,0.0,0.0,0.0,no,0.0,yes,1.04,0.0,0.0,0.0,0.0,3.0,0.0,-44.69640829,791.17,0.186666667,11.43,1.8,27.11,,,,
60,S1C1 21022023,105,17,9,1716.10144042968,1719.40258789062,1080.0,2080.0,249,F,Unknown,virgin,P to E,BRAC 7344.5c,WT,Agg+,30.39403974,yes,silent,silent,silent,0.0,0.0,0.0,no,0.0,yes,1.04,0.0,0.0,0.0,0.0,3.0,0.0,-44.69640829,791.17,0.186666667,11.43,1.8,27.11,,,,,636.10144042968,6,249,F,Unknown,virgin,P to E,BRAC 7344.5c,WT,30.39403974,yes,silent,silent,silent,0.0,0.0,0.0,no,0.0,yes,1.04,0.0,0.0,0.0,0.0,3.0,0.0,-44.69640829,791.17,0.186666667,11.43,1.8,27.11,,,,
61,S1C1 21022023,115,23,10,1619.19921875,1622.1015625,1080.0,2080.0,249,F,Unknown,virgin,P to E,BRAC 7344.5c,WT,Agg+,30.39403974,yes,silent,silent,silent,0.0,0.0,0.0,no,0.0,yes,1.04,0.0,0.0,0.0,0.0,3.0,0.0,-44.69640829,791.17,0.186666667,11.43,1.8,27.11,,,,,539.19921875,6,249,F,Unknown,virgin,P to E,BRAC 7344.5c,WT,30.39403974,yes,silent,silent,silent,0.0,0.0,0.0,no,0.0,yes,1.04,0.0,0.0,0.0,0.0,3.0,0.0,-44.69640829,791.17,0.186666667,11.43,1.8,27.11,,,,
62,S1C1 21022023,125,29,11,1663.69921875,1666.99621582031,1080.0,2080.0,249,F,Unknown,virgin,P to E,BRAC 7344.5c,WT,Agg+,30.39403974,yes,silent,silent,silent,0.0,0.0,0.0,no,0.0,yes,1.04,0.0,0.0,0.0,0.0,3.0,0.0,-44.69640829,791.17,0.186666667,11.43,1.8,27.11,,,,,583.69921875,8,249,F,Unknown,virgin,P to E,BRAC 7344.5c,WT,30.39403974,yes,silent,silent,silent,0.0,0.0,0.0,no,0.0,yes,1.04,0.0,0.0,0.0,0.0,3.0,0.0,-44.69640829,791.17,0.186666667,11.43,1.8,27.11,,,,
63,S1C1 21022023,135,37,12,1652.39855957031,1655.796875,1080.0,2080.0,249,F,Unknown,virgin,P to E,BRAC 7344.5c,WT,Agg+,30.39403974,yes,silent,silent,silent,0.0,0.0,0.0,no,0.0,yes,1.04,0.0,0.0,0.0,0.0,3.0,0.0,-44.69640829,791.17,0.186666667,11.43,1.8,27.11,,,,,572.39855957031,8,249,F,Unknown,virgin,P to E,BRAC 7344.5c,WT,30.39403974,yes,silent,silent,silent,0.0,0.0,0.0,no,0.0,yes,1.04,0.0,0.0,0.0,0.0,3.0,0.0,-44.69640829,791.17,0.186666667,11.43,1.8,27.11,,,,
64,S1C1 21022023,145,45,13,1598.89855957031,1602.20300292968,1080.0,2080.0,249,F,Unknown,virgin,P to E,BRAC 7344.5c,WT,Agg+,30.39403974,yes,silent,silent,silent,0.0,0.0,0.0,no,0.0,yes,1.04,0.0,0.0,0.0,0.0,3.0,0.0,-44.69640829,791.17,0.186666667,11.43,1.8,27.11,,,,,518.89855957031,7,249,F,Unknown,virgin,P to E,BRAC 7344.5c,WT,30.39403974,yes,silent,silent,silent,0.0,0.0,0.0,no,0.0,yes,1.04,0.0,0.0,0.0,0.0,3.0,0.0,-44.69640829,791.17,0.186666667,11.43,1.8,27.11,,,,
65,S1C1 24012023,25,0,1,2080.0,0.0,1080.0,2080.0,246,F,Unknown,virgin,P to E,BRAC7344.5d,WT,Agg+,49.9243327,?,silent,silent,silent,0.0,0.0,0.0,no,0.0,no,0.0,0.0,0.0,0.0,0.0,130.0,0.0,-62.07669346,292.9436713,0.450847458,7.1968,1.3,10.529,,,,,1000.0,1,246,F,Unknown,virgin,P to E,BRAC7344.5d,WT,49.9243327,?,silent,silent,silent,0.0,0.0,0.0,no,0.0,no,0.0,0.0,0.0,0.0,0.0,130.0,0.0,-62.07669346,292.9436713,0.450847458,7.1968,1.3,10.529,,,,
66,S1C1 24012023,35,1,2,2080.0,0.0,1080.0,2080.0,246,F,Unknown,virgin,P to E,BRAC7344.5d,WT,Agg+,49.9243327,?,silent,silent,silent,0.0,0.0,0.0,no,0.0,no,0.0,0.0,0.0,0.0,0.0,130.0,0.0,-62.07669346,292.9436713,0.450847458,7.1968,1.3,10.529,,,,,1000.0,1,246,F,Unknown,virgin,P to E,BRAC7344.5d,WT,49.9243327,?,silent,silent,silent,0.0,0.0,0.0,no,0.0,no,0.0,0.0,0.0,0.0,0.0,130.0,0.0,-62.07669346,292.9436713,0.450847458,7.1968,1.3,10.529,,,,
67,S1C1 24012023,45,2,3,2080.0,0.0,1080.0,2080.0,246,F,Unknown,virgin,P to E,BRAC7344.5d,WT,Agg+,49.9243327,?,silent,silent,silent,0.0,0.0,0.0,no,0.0,no,0.0,0.0,0.0,0.0,0.0,130.0,0.0,-62.07669346,292.9436713,0.450847458,7.1968,1.3,10.529,,,,,1000.0,1,246,F,Unknown,virgin,P to E,BRAC7344.5d,WT,49.9243327,?,silent,silent,silent,0.0,0.0,0.0,no,0.0,no,0.0,0.0,0.0,0.0,0.0,130.0,0.0,-62.07669346,292.9436713,0.450847458,7.1968,1.3,10.529,,,,
68,S1C1 24012023,55,3,4,2080.0,0.0,1080.0,2080.0,246,F,Unknown,virgin,P to E,BRAC7344.5d,WT,Agg+,49.9243327,?,silent,silent,silent,0.0,0.0,0.0,no,0.0,no,0.0,0.0,0.0,0.0,0.0,130.0,0.0,-62.07669346,292.9436713,0.450847458,7.1968,1.3,10.529,,,,,1000.0,1,246,F,Unknown,virgin,P to E,BRAC7344.5d,WT,49.9243327,?,silent,silent,silent,0.0,0.0,0.0,no,0.0,no,0.0,0.0,0.0,0.0,0.0,130.0,0.0,-62.07669346,292.9436713,0.450847458,7.1968,1.3,10.529,,,,
69,S1C1 24012023,65,4,5,2080.0,0.0,1080.0,2080.0,246,F,Unknown,virgin,P to E,BRAC7344.5d,WT,Agg+,49.9243327,?,silent,silent,silent,0.0,0.0,0.0,no,0.0,no,0.0,0.0,0.0,0.0,0.0,130.0,0.0,-62.07669346,292.9436713,0.450847458,7.1968,1.3,10.529,,,,,1000.0,1,246,F,Unknown,virgin,P to E,BRAC7344.5d,WT,49.9243327,?,silent,silent,silent,0.0,0.0,0.0,no,0.0,no,0.0,0.0,0.0,0.0,0.0,130.0,0.0,-62.07669346,292.9436713,0.450847458,7.1968,1.3,10.529,,,,
70,S1C1 24012023,75,5,6,2080.0,0.0,1080.0,2080.0,246,F,Unknown,virgin,P to E,BRAC7344.5d,WT,Agg+,49.9243327,?,silent,silent,silent,0.0,0.0,0.0,no,0.0,no,0.0,0.0,0.0,0.0,0.0,130.0,0.0,-62.07669346,292.9436713,0.450847458,7.1968,1.3,10.529,,,,,1000.0,1,246,F,Unknown,virgin,P to E,BRAC7344.5d,WT,49.9243327,?,silent,silent,silent,0.0,0.0,0.0,no,0.0,no,0.0,0.0,0.0,0.0,0.0,130.0,0.0,-62.07669346,292.9436713,0.450847458,7.1968,1.3,10.529,,,,
71,S1C1 24012023,85,6,7,2080.0,0.0,1080.0,2080.0,246,F,Unknown,virgin,P to E,BRAC7344.5d,WT,Agg+,49.9243327,?,silent,silent,silent,0.0,0.0,0.0,no,0.0,no,0.0,0.0,0.0,0.0,0.0,130.0,0.0,-62.07669346,292.9436713,0.450847458,7.1968,1.3,10.529,,,,,1000.0,1,246,F,Unknown,virgin,P to E,BRAC7344.5d,WT,49.9243327,?,silent,silent,silent,0.0,0.0,0.0,no,0.0,no,0.0,0.0,0.0,0.0,0.0,130.0,0.0,-62.07669346,292.9436713,0.450847458,7.1968,1.3,10.529,,,,
72,S1C1 24012023,95,7,8,2080.0,0.0,1080.0,2080.0,246,F,Unknown,virgin,P to E,BRAC7344.5d,WT,Agg+,49.9243327,?,silent,silent,silent,0.0,0.0,0.0,no,0.0,no,0.0,0.0,0.0,0.0,0.0,130.0,0.0,-62.07669346,292.9436713,0.450847458,7.1968,1.3,10.529,,,,,1000.0,1,246,F,Unknown,virgin,P to E,BRAC7344.5d,WT,49.9243327,?,silent,silent,silent,0.0,0.0,0.0,no,0.0,no,0.0,0.0,0.0,0.0,0.0,130.0,0.0,-62.07669346,292.9436713,0.450847458,7.1968,1.3,10.529,,,,
73,S1C1 24012023,105,8,9,2080.0,0.0,1080.0,2080.0,246,F,Unknown,virgin,P to E,BRAC7344.5d,WT,Agg+,49.9243327,?,silent,silent,silent,0.0,0.0,0.0,no,0.0,no,0.0,0.0,0.0,0.0,0.0,130.0,0.0,-62.07669346,292.9436713,0.450847458,7.1968,1.3,10.529,,,,,1000.0,1,246,F,Unknown,virgin,P to E,BRAC7344.5d,WT,49.9243327,?,silent,silent,silent,0.0,0.0,0.0,no,0.0,no,0.0,0.0,0.0,0.0,0.0,130.0,0.0,-62.07669346,292.9436713,0.450847458,7.1968,1.3,10.529,,,,
74,S1C1 24012023,115,9,10,2080.0,0.0,1080.0,2080.0,246,F,Unknown,virgin,P to E,BRAC7344.5d,WT,Agg+,49.9243327,?,silent,silent,silent,0.0,0.0,0.0,no,0.0,no,0.0,0.0,0.0,0.0,0.0,130.0,0.0,-62.07669346,292.9436713,0.450847458,7.1968,1.3,10.529,,,,,1000.0,1,246,F,Unknown,virgin,P to E,BRAC7344.5d,WT,49.9243327,?,silent,silent,silent,0.0,0.0,0.0,no,0.0,no,0.0,0.0,0.0,0.0,0.0,130.0,0.0,-62.07669346,292.9436713,0.450847458,7.1968,1.3,10.529,,,,
75,S1C1 24012023,125,10,11,2080.0,0.0,1080.0,2080.0,246,F,Unknown,virgin,P to E,BRAC7344.5d,WT,Agg+,49.9243327,?,silent,silent,silent,0.0,0.0,0.0,no,0.0,no,0.0,0.0,0.0,0.0,0.0,130.0,0.0,-62.07669346,292.9436713,0.450847458,7.1968,1.3,10.529,,,,,1000.0,1,246,F,Unknown,virgin,P to E,BRAC7344.5d,WT,49.9243327,?,silent,silent,silent,0.0,0.0,0.0,no,0.0,no,0.0,0.0,0.0,0.0,0.0,130.0,0.0,-62.07669346,292.9436713,0.450847458,7.1968,1.3,10.529,,,,
76,S1C1 24012023,135,11,12,2080.0,0.0,1080.0,2080.0,246,F,Unknown,virgin,P to E,BRAC7344.5d,WT,Agg+,49.9243327,?,silent,silent,silent,0.0,0.0,0.0,no,0.0,no,0.0,0.0,0.0,0.0,0.0,130.0,0.0,-62.07669346,292.9436713,0.450847458,7.1968,1.3,10.529,,,,,1000.0,1,246,F,Unknown,virgin,P to E,BRAC7344.5d,WT,49.9243327,?,silent,silent,silent,0.0,0.0,0.0,no,0.0,no,0.0,0.0,0.0,0.0,0.0,130.0,0.0,-62.07669346,292.9436713,0.450847458,7.1968,1.3,10.529,,,,
77,S1C1 24012023,145,12,13,2052.80102539062,2054.703125,1080.0,2080.0,246,F,Unknown,virgin,P to E,BRAC7344.5d,WT,Agg+,49.9243327,?,silent,silent,silent,0.0,0.0,0.0,no,0.0,no,0.0,0.0,0.0,0.0,0.0,130.0,0.0,-62.07669346,292.9436713,0.450847458,7.1968,1.3,10.529,,,,,972.80102539062,1,246,F,Unknown,virgin,P to E,BRAC7344.5d,WT,49.9243327,?,silent,silent,silent,0.0,0.0,0.0,no,0.0,no,0.0,0.0,0.0,0.0,0.0,130.0,0.0,-62.07669346,292.9436713,0.450847458,7.1968,1.3,10.529,,,,
78,S1C1 27022023,25,0,1,2080.0,0.0,1080.0,2080.0,256,F,Unknown,virgin,D,JKAM WT,WT,Agg+,50.97922849,no,phasic,phasic,silent,0.91,2.82,1095.0,no,0.0,yes,3.33,98.9,1.0,0.62,103.0,,-51.5,-46.5509606,554.0,0.835205993,12.33,1.3,9.82,,,,,1000.0,1,256,F,Unknown,virgin,D,JKAM WT,WT,50.97922849,no,phasic,phasic,silent,0.91,2.82,1095.0,no,0.0,yes,3.33,98.9,1.0,0.62,103.0,,-51.5,-46.5509606,554.0,0.835205993,12.33,1.3,9.82,,,,
79,S1C1 27022023,35,1,2,2080.0,0.0,1080.0,2080.0,256,F,Unknown,virgin,D,JKAM WT,WT,Agg+,50.97922849,no,phasic,phasic,silent,0.91,2.82,1095.0,no,0.0,yes,3.33,98.9,1.0,0.62,103.0,,-51.5,-46.5509606,554.0,0.835205993,12.33,1.3,9.82,,,,,1000.0,1,256,F,Unknown,virgin,D,JKAM WT,WT,50.97922849,no,phasic,phasic,silent,0.91,2.82,1095.0,no,0.0,yes,3.33,98.9,1.0,0.62,103.0,,-51.5,-46.5509606,554.0,0.835205993,12.33,1.3,9.82,,,,
80,S1C1 27022023,45,2,3,2002.40051269531,2005.599609375,1080.0,2080.0,256,F,Unknown,virgin,D,JKAM WT,WT,Agg+,50.97922849,no,phasic,phasic,silent,0.91,2.82,1095.0,no,0.0,yes,3.33,98.9,1.0,0.62,103.0,,-51.5,-46.5509606,554.0,0.835205993,12.33,1.3,9.82,,,,,922.40051269531,1,256,F,Unknown,virgin,D,JKAM WT,WT,50.97922849,no,phasic,phasic,silent,0.91,2.82,1095.0,no,0.0,yes,3.33,98.9,1.0,0.62,103.0,,-51.5,-46.5509606,554.0,0.835205993,12.33,1.3,9.82,,,,
81,S1C1 27022023,55,3,4,1794.40051269531,1797.298828125,1080.0,2080.0,256,F,Unknown,virgin,D,JKAM WT,WT,Agg+,50.97922849,no,phasic,phasic,silent,0.91,2.82,1095.0,no,0.0,yes,3.33,98.9,1.0,0.62,103.0,,-51.5,-46.5509606,554.0,0.835205993,12.33,1.3,9.82,,,,,714.40051269531,3,256,F,Unknown,virgin,D,JKAM WT,WT,50.97922849,no,phasic,phasic,silent,0.91,2.82,1095.0,no,0.0,yes,3.33,98.9,1.0,0.62,103.0,,-51.5,-46.5509606,554.0,0.835205993,12.33,1.3,9.82,,,,
82,S1C1 27022023,65,6,5,1675.0,1678.00012207031,1080.0,2080.0,256,F,Unknown,virgin,D,JKAM WT,WT,Agg+,50.97922849,no,phasic,phasic,silent,0.91,2.82,1095.0,no,0.0,yes,3.33,98.9,1.0,0.62,103.0,,-51.5,-46.5509606,554.0,0.835205993,12.33,1.3,9.82,,,,,595.0,6,256,F,Unknown,virgin,D,JKAM WT,WT,50.97922849,no,phasic,phasic,silent,0.91,2.82,1095.0,no,0.0,yes,3.33,98.9,1.0,0.62,103.0,,-51.5,-46.5509606,554.0,0.835205993,12.33,1.3,9.82,,,,
83,S1C1 27022023,75,12,6,1606.80102539062,1610.099609375,1080.0,2080.0,256,F,Unknown,virgin,D,JKAM WT,WT,Agg+,50.97922849,no,phasic,phasic,silent,0.91,2.82,1095.0,no,0.0,yes,3.33,98.9,1.0,0.62,103.0,,-51.5,-46.5509606,554.0,0.835205993,12.33,1.3,9.82,,,,,526.80102539062,8,256,F,Unknown,virgin,D,JKAM WT,WT,50.97922849,no,phasic,phasic,silent,0.91,2.82,1095.0,no,0.0,yes,3.33,98.9,1.0,0.62,103.0,,-51.5,-46.5509606,554.0,0.835205993,12.33,1.3,9.82,,,,
84,S1C1 27022023,85,20,7,1524.69921875,1528.099609375,1080.0,2080.0,256,F,Unknown,virgin,D,JKAM WT,WT,Agg+,50.97922849,no,phasic,phasic,silent,0.91,2.82,1095.0,no,0.0,yes,3.33,98.9,1.0,0.62,103.0,,-51.5,-46.5509606,554.0,0.835205993,12.33,1.3,9.82,,,,,444.69921875,11,256,F,Unknown,virgin,D,JKAM WT,WT,50.97922849,no,phasic,phasic,silent,0.91,2.82,1095.0,no,0.0,yes,3.33,98.9,1.0,0.62,103.0,,-51.5,-46.5509606,554.0,0.835205993,12.33,1.3,9.82,,,,
85,S1C1 27022023,95,31,8,1492.39855957031,1495.796875,1080.0,2080.0,256,F,Unknown,virgin,D,JKAM WT,WT,Agg+,50.97922849,no,phasic,phasic,silent,0.91,2.82,1095.0,no,0.0,yes,3.33,98.9,1.0,0.62,103.0,,-51.5,-46.5509606,554.0,0.835205993,12.33,1.3,9.82,,,,,412.39855957031,14,256,F,Unknown,virgin,D,JKAM WT,WT,50.97922849,no,phasic,phasic,silent,0.91,2.82,1095.0,no,0.0,yes,3.33,98.9,1.0,0.62,103.0,,-51.5,-46.5509606,554.0,0.835205993,12.33,1.3,9.82,,,,
86,S1C1 27022023,105,45,9,1472.60144042968,1475.99621582031,1080.0,2080.0,256,F,Unknown,virgin,D,JKAM WT,WT,Agg+,50.97922849,no,phasic,phasic,silent,0.91,2.82,1095.0,no,0.0,yes,3.33,98.9,1.0,0.62,103.0,,-51.5,-46.5509606,554.0,0.835205993,12.33,1.3,9.82,,,,,392.60144042968,16,256,F,Unknown,virgin,D,JKAM WT,WT,50.97922849,no,phasic,phasic,silent,0.91,2.82,1095.0,no,0.0,yes,3.33,98.9,1.0,0.62,103.0,,-51.5,-46.5509606,554.0,0.835205993,12.33,1.3,9.82,,,,
87,S1C1 27022023,115,61,10,1378.5,1381.90258789062,1080.0,2080.0,256,F,Unknown,virgin,D,JKAM WT,WT,Agg+,50.97922849,no,phasic,phasic,silent,0.91,2.82,1095.0,no,0.0,yes,3.33,98.9,1.0,0.62,103.0,,-51.5,-46.5509606,554.0,0.835205993,12.33,1.3,9.82,,,,,298.5,19,256,F,Unknown,virgin,D,JKAM WT,WT,50.97922849,no,phasic,phasic,silent,0.91,2.82,1095.0,no,0.0,yes,3.33,98.9,1.0,0.62,103.0,,-51.5,-46.5509606,554.0,0.835205993,12.33,1.3,9.82,,,,
88,S1C1 27022023,125,80,11,1377.30102539062,1380.70300292968,1080.0,2080.0,256,F,Unknown,virgin,D,JKAM WT,WT,Agg+,50.97922849,no,phasic,phasic,silent,0.91,2.82,1095.0,no,0.0,yes,3.33,98.9,1.0,0.62,103.0,,-51.5,-46.5509606,554.0,0.835205993,12.33,1.3,9.82,,,,,297.30102539062,14,256,F,Unknown,virgin,D,JKAM WT,WT,50.97922849,no,phasic,phasic,silent,0.91,2.82,1095.0,no,0.0,yes,3.33,98.9,1.0,0.62,103.0,,-51.5,-46.5509606,554.0,0.835205993,12.33,1.3,9.82,,,,
89,S1C1 27022023,135,94,12,1376.39855957031,1379.99621582031,1080.0,2080.0,256,F,Unknown,virgin,D,JKAM WT,WT,Agg+,50.97922849,no,phasic,phasic,silent,0.91,2.82,1095.0,no,0.0,yes,3.33,98.9,1.0,0.62,103.0,,-51.5,-46.5509606,554.0,0.835205993,12.33,1.3,9.82,,,,,296.39855957031,14,256,F,Unknown,virgin,D,JKAM WT,WT,50.97922849,no,phasic,phasic,silent,0.91,2.82,1095.0,no,0.0,yes,3.33,98.9,1.0,0.62,103.0,,-51.5,-46.5509606,554.0,0.835205993,12.33,1.3,9.82,,,,
90,S1C1 27022023,145,108,13,1375.69921875,1379.40258789062,1080.0,2080.0,256,F,Unknown,virgin,D,JKAM WT,WT,Agg+,50.97922849,no,phasic,phasic,silent,0.91,2.82,1095.0,no,0.0,yes,3.33,98.9,1.0,0.62,103.0,,-51.5,-46.5509606,554.0,0.835205993,12.33,1.3,9.82,,,,,295.69921875,13,256,F,Unknown,virgin,D,JKAM WT,WT,50.97922849,no,phasic,phasic,silent,0.91,2.82,1095.0,no,0.0,yes,3.33,98.9,1.0,0.62,103.0,,-51.5,-46.5509606,554.0,0.835205993,12.33,1.3,9.82,,,,
91,S1C2 14022023,25,0,1,1375.5,1377.09997558593,1080.0,2080.0,270,F,no,virgin-Gal-,M,JKAM 55.2e,Gal-cre KI87; Rosa26 Tomato (Ai9),Agg+,37.38005051,no,tonic,tonic,phasic,10.26,10.4,97.42,yes,29.24,no,0.0,98.4,1.71,0.62,132.0,3.0,-53.7,-47.42190501,635.432,0.881578947,16.25,1.0,6.94,,,,,295.5,9,270,F,no,virgin-Gal-,M,JKAM 55.2e,Gal-cre KI87; Rosa26 Tomato (Ai9),37.38005051,no,tonic,tonic,phasic,10.26,10.4,97.42,yes,29.24,no,0.0,98.4,1.71,0.62,132.0,3.0,-53.7,-47.42190501,635.432,0.881578947,16.25,1.0,6.94,,,,
92,S1C2 14022023,35,9,2,1270.60009765625,1272.2001953125,1080.0,2080.0,270,F,no,virgin-Gal-,M,JKAM 55.2e,Gal-cre KI87; Rosa26 Tomato (Ai9),Agg+,37.38005051,no,tonic,tonic,phasic,10.26,10.4,97.42,yes,29.24,no,0.0,98.4,1.71,0.62,132.0,3.0,-53.7,-47.42190501,635.432,0.881578947,16.25,1.0,6.94,,,,,190.60009765625,12,270,F,no,virgin-Gal-,M,JKAM 55.2e,Gal-cre KI87; Rosa26 Tomato (Ai9),37.38005051,no,tonic,tonic,phasic,10.26,10.4,97.42,yes,29.24,no,0.0,98.4,1.71,0.62,132.0,3.0,-53.7,-47.42190501,635.432,0.881578947,16.25,1.0,6.94,,,,
93,S1C2 14022023,45,21,3,1268.0,1269.599609375,1080.0,2080.0,270,F,no,virgin-Gal-,M,JKAM 55.2e,Gal-cre KI87; Rosa26 Tomato (Ai9),Agg+,37.38005051,no,tonic,tonic,phasic,10.26,10.4,97.42,yes,29.24,no,0.0,98.4,1.71,0.62,132.0,3.0,-53.7,-47.42190501,635.432,0.881578947,16.25,1.0,6.94,,,,,188.0,12,270,F,no,virgin-Gal-,M,JKAM 55.2e,Gal-cre KI87; Rosa26 Tomato (Ai9),37.38005051,no,tonic,tonic,phasic,10.26,10.4,97.42,yes,29.24,no,0.0,98.4,1.71,0.62,132.0,3.0,-53.7,-47.42190501,635.432,0.881578947,16.25,1.0,6.94,,,,
94,S1C2 14022023,55,33,4,1264.2001953125,1265.89965820312,1080.0,2080.0,270,F,no,virgin-Gal-,M,JKAM 55.2e,Gal-cre KI87; Rosa26 Tomato (Ai9),Agg+,37.38005051,no,tonic,tonic,phasic,10.26,10.4,97.42,yes,29.24,no,0.0,98.4,1.71,0.62,132.0,3.0,-53.7,-47.42190501,635.432,0.881578947,16.25,1.0,6.94,,,,,184.2001953125,14,270,F,no,virgin-Gal-,M,JKAM 55.2e,Gal-cre KI87; Rosa26 Tomato (Ai9),37.38005051,no,tonic,tonic,phasic,10.26,10.4,97.42,yes,29.24,no,0.0,98.4,1.71,0.62,132.0,3.0,-53.7,-47.42190501,635.432,0.881578947,16.25,1.0,6.94,,,,
95,S1C2 14022023,65,47,5,1270.40051269531,1272.099609375,1080.0,2080.0,270,F,no,virgin-Gal-,M,JKAM 55.2e,Gal-cre KI87; Rosa26 Tomato (Ai9),Agg+,37.38005051,no,tonic,tonic,phasic,10.26,10.4,97.42,yes,29.24,no,0.0,98.4,1.71,0.62,132.0,3.0,-53.7,-47.42190501,635.432,0.881578947,16.25,1.0,6.94,,,,,190.40051269531,11,270,F,no,virgin-Gal-,M,JKAM 55.2e,Gal-cre KI87; Rosa26 Tomato (Ai9),37.38005051,no,tonic,tonic,phasic,10.26,10.4,97.42,yes,29.24,no,0.0,98.4,1.71,0.62,132.0,3.0,-53.7,-47.42190501,635.432,0.881578947,16.25,1.0,6.94,,,,
96,S1C2 14022023,75,58,6,1290.59948730468,1292.298828125,1080.0,2080.0,270,F,no,virgin-Gal-,M,JKAM 55.2e,Gal-cre KI87; Rosa26 Tomato (Ai9),Agg+,37.38005051,no,tonic,tonic,phasic,10.26,10.4,97.42,yes,29.24,no,0.0,98.4,1.71,0.62,132.0,3.0,-53.7,-47.42190501,635.432,0.881578947,16.25,1.0,6.94,,,,,210.59948730468,11,270,F,no,virgin-Gal-,M,JKAM 55.2e,Gal-cre KI87; Rosa26 Tomato (Ai9),37.38005051,no,tonic,tonic,phasic,10.26,10.4,97.42,yes,29.24,no,0.0,98.4,1.71,0.62,132.0,3.0,-53.7,-47.42190501,635.432,0.881578947,16.25,1.0,6.94,,,,
97,S1C2 14022023,85,69,7,1322.90051269531,1324.50012207031,1080.0,2080.0,270,F,no,virgin-Gal-,M,JKAM 55.2e,Gal-cre KI87; Rosa26 Tomato (Ai9),Agg+,37.38005051,no,tonic,tonic,phasic,10.26,10.4,97.42,yes,29.24,no,0.0,98.4,1.71,0.62,132.0,3.0,-53.7,-47.42190501,635.432,0.881578947,16.25,1.0,6.94,,,,,242.90051269531,12,270,F,no,virgin-Gal-,M,JKAM 55.2e,Gal-cre KI87; Rosa26 Tomato (Ai9),37.38005051,no,tonic,tonic,phasic,10.26,10.4,97.42,yes,29.24,no,0.0,98.4,1.71,0.62,132.0,3.0,-53.7,-47.42190501,635.432,0.881578947,16.25,1.0,6.94,,,,
98,S1C2 14022023,95,81,8,1367.39855957031,1369.1015625,1080.0,2080.0,270,F,no,virgin-Gal-,M,JKAM 55.2e,Gal-cre KI87; Rosa26 Tomato (Ai9),Agg+,37.38005051,no,tonic,tonic,phasic,10.26,10.4,97.42,yes,29.24,no,0.0,98.4,1.71,0.62,132.0,3.0,-53.7,-47.42190501,635.432,0.881578947,16.25,1.0,6.94,,,,,287.39855957031,10,270,F,no,virgin-Gal-,M,JKAM 55.2e,Gal-cre KI87; Rosa26 Tomato (Ai9),37.38005051,no,tonic,tonic,phasic,10.26,10.4,97.42,yes,29.24,no,0.0,98.4,1.71,0.62,132.0,3.0,-53.7,-47.42190501,635.432,0.881578947,16.25,1.0,6.94,,,,
99,S1C2 14022023,105,91,9,1457.30102539062,1458.99621582031,1080.0,2080.0,270,F,no,virgin-Gal-,M,JKAM 55.2e,Gal-cre KI87; Rosa26 Tomato (Ai9),Agg+,37.38005051,no,tonic,tonic,phasic,10.26,10.4,97.42,yes,29.24,no,0.0,98.4,1.71,0.62,132.0,3.0,-53.7,-47.42190501,635.432,0.881578947,16.25,1.0,6.94,,,,,377.30102539062,9,270,F,no,virgin-Gal-,M,JKAM 55.2e,Gal-cre KI87; Rosa26 Tomato (Ai9),37.38005051,no,tonic,tonic,phasic,10.26,10.4,97.42,yes,29.24,no,0.0,98.4,1.71,0.62,132.0,3.0,-53.7,-47.42190501,635.432,0.881578947,16.25,1.0,6.94,,,,
100,S1C2 14022023,115,100,10,1462.80102539062,1464.49621582031,1080.0,2080.0,270,F,no,virgin-Gal-,M,JKAM 55.2e,Gal-cre KI87; Rosa26 Tomato (Ai9),Agg+,37.38005051,no,tonic,tonic,phasic,10.26,10.4,97.42,yes,29.24,no,0.0,98.4,1.71,0.62,132.0,3.0,-53.7,-47.42190501,635.432,0.881578947,16.25,1.0,6.94,,,,,382.80102539062,8,270,F,no,virgin-Gal-,M,JKAM 55.2e,Gal-cre KI87; Rosa26 Tomato (Ai9),37.38005051,no,tonic,tonic,phasic,10.26,10.4,97.42,yes,29.24,no,0.0,98.4,1.71,0.62,132.0,3.0,-53.7,-47.42190501,635.432,0.881578947,16.25,1.0,6.94,,,,
101,S1C2 14022023,125,108,11,1495.19921875,1496.90258789062,1080.0,2080.0,270,F,no,virgin-Gal-,M,JKAM 55.2e,Gal-cre KI87; Rosa26 Tomato (Ai9),Agg+,37.38005051,no,tonic,tonic,phasic,10.26,10.4,97.42,yes,29.24,no,0.0,98.4,1.71,0.62,132.0,3.0,-53.7,-47.42190501,635.432,0.881578947,16.25,1.0,6.94,,,,,415.19921875,8,270,F,no,virgin-Gal-,M,JKAM 55.2e,Gal-cre KI87; Rosa26 Tomato (Ai9),37.38005051,no,tonic,tonic,phasic,10.26,10.4,97.42,yes,29.24,no,0.0,98.4,1.71,0.62,132.0,3.0,-53.7,-47.42190501,635.432,0.881578947,16.25,1.0,6.94,,,,
102,S1C2 14022023,135,116,12,1536.60144042968,1538.296875,1080.0,2080.0,270,F,no,virgin-Gal-,M,JKAM 55.2e,Gal-cre KI87; Rosa26 Tomato (Ai9),Agg+,37.38005051,no,tonic,tonic,phasic,10.26,10.4,97.42,yes,29.24,no,0.0,98.4,1.71,0.62,132.0,3.0,-53.7,-47.42190501,635.432,0.881578947,16.25,1.0,6.94,,,,,456.60144042968,9,270,F,no,virgin-Gal-,M,JKAM 55.2e,Gal-cre KI87; Rosa26 Tomato (Ai9),37.38005051,no,tonic,tonic,phasic,10.26,10.4,97.42,yes,29.24,no,0.0,98.4,1.71,0.62,132.0,3.0,-53.7,-47.42190501,635.432,0.881578947,16.25,1.0,6.94,,,,
103,S1C2 14022023,145,125,13,1543.30102539062,1544.99621582031,1080.0,2080.0,270,F,no,virgin-Gal-,M,JKAM 55.2e,Gal-cre KI87; Rosa26 Tomato (Ai9),Agg+,37.38005051,no,tonic,tonic,phasic,10.26,10.4,97.42,yes,29.24,no,0.0,98.4,1.71,0.62,132.0,3.0,-53.7,-47.42190501,635.432,0.881578947,16.25,1.0,6.94,,,,,463.30102539062,8,270,F,no,virgin-Gal-,M,JKAM 55.2e,Gal-cre KI87; Rosa26 Tomato (Ai9),37.38005051,no,tonic,tonic,phasic,10.26,10.4,97.42,yes,29.24,no,0.0,98.4,1.71,0.62,132.0,3.0,-53.7,-47.42190501,635.432,0.881578947,16.25,1.0,6.94,,,,
104,S1C2 15022023,25,0,1,1384.80004882812,1388.59997558593,1080.0,2080.0,253,F,Unknown,virgin,E,JKAM WT,WT,Agg+,20.13100437,yes,phasic,phasic,silent,0.16,0.66,6078.0,no,0.0,no,0.0,79.7,5.19,3.06,420.0,3.0,-51.94,-48.37390838,791.6,0.091891892,10.67,1.4,4.82,,,,,304.80004882812,4,253,F,Unknown,virgin,E,JKAM WT,WT,20.13100437,yes,phasic,phasic,silent,0.16,0.66,6078.0,no,0.0,no,0.0,79.7,5.19,3.06,420.0,3.0,-51.94,-48.37390838,791.6,0.091891892,10.67,1.4,4.82,,,,
105,S1C2 15022023,35,4,2,1302.7001953125,1307.00012207031,1080.0,2080.0,253,F,Unknown,virgin,E,JKAM WT,WT,Agg+,20.13100437,yes,phasic,phasic,silent,0.16,0.66,6078.0,no,0.0,no,0.0,79.7,5.19,3.06,420.0,3.0,-51.94,-48.37390838,791.6,0.091891892,10.67,1.4,4.82,,,,,222.7001953125,4,253,F,Unknown,virgin,E,JKAM WT,WT,20.13100437,yes,phasic,phasic,silent,0.16,0.66,6078.0,no,0.0,no,0.0,79.7,5.19,3.06,420.0,3.0,-51.94,-48.37390838,791.6,0.091891892,10.67,1.4,4.82,,,,
106,S1C2 15022023,45,8,3,1271.80004882812,1275.80078125,1080.0,2080.0,253,F,Unknown,virgin,E,JKAM WT,WT,Agg+,20.13100437,yes,phasic,phasic,silent,0.16,0.66,6078.0,no,0.0,no,0.0,79.7,5.19,3.06,420.0,3.0,-51.94,-48.37390838,791.6,0.091891892,10.67,1.4,4.82,,,,,191.80004882812,4,253,F,Unknown,virgin,E,JKAM WT,WT,20.13100437,yes,phasic,phasic,silent,0.16,0.66,6078.0,no,0.0,no,0.0,79.7,5.19,3.06,420.0,3.0,-51.94,-48.37390838,791.6,0.091891892,10.67,1.4,4.82,,,,
107,S1C2 15022023,55,12,4,1241.30004882812,1245.00109863281,1080.0,2080.0,253,F,Unknown,virgin,E,JKAM WT,WT,Agg+,20.13100437,yes,phasic,phasic,silent,0.16,0.66,6078.0,no,0.0,no,0.0,79.7,5.19,3.06,420.0,3.0,-51.94,-48.37390838,791.6,0.091891892,10.67,1.4,4.82,,,,,161.30004882812,5,253,F,Unknown,virgin,E,JKAM WT,WT,20.13100437,yes,phasic,phasic,silent,0.16,0.66,6078.0,no,0.0,no,0.0,79.7,5.19,3.06,420.0,3.0,-51.94,-48.37390838,791.6,0.091891892,10.67,1.4,4.82,,,,
108,S1C2 15022023,65,17,5,1213.09948730468,1216.798828125,1080.0,2080.0,253,F,Unknown,virgin,E,JKAM WT,WT,Agg+,20.13100437,yes,phasic,phasic,silent,0.16,0.66,6078.0,no,0.0,no,0.0,79.7,5.19,3.06,420.0,3.0,-51.94,-48.37390838,791.6,0.091891892,10.67,1.4,4.82,,,,,133.09948730468,5,253,F,Unknown,virgin,E,JKAM WT,WT,20.13100437,yes,phasic,phasic,silent,0.16,0.66,6078.0,no,0.0,no,0.0,79.7,5.19,3.06,420.0,3.0,-51.94,-48.37390838,791.6,0.091891892,10.67,1.4,4.82,,,,
109,S1C2 15022023,75,22,6,1209.5,1213.00012207031,1080.0,2080.0,253,F,Unknown,virgin,E,JKAM WT,WT,Agg+,20.13100437,yes,phasic,phasic,silent,0.16,0.66,6078.0,no,0.0,no,0.0,79.7,5.19,3.06,420.0,3.0,-51.94,-48.37390838,791.6,0.091891892,10.67,1.4,4.82,,,,,129.5,4,253,F,Unknown,virgin,E,JKAM WT,WT,20.13100437,yes,phasic,phasic,silent,0.16,0.66,6078.0,no,0.0,no,0.0,79.7,5.19,3.06,420.0,3.0,-51.94,-48.37390838,791.6,0.091891892,10.67,1.4,4.82,,,,
110,S1C2 15022023,85,26,7,1236.30102539062,1240.00012207031,1080.0,2080.0,253,F,Unknown,virgin,E,JKAM WT,WT,Agg+,20.13100437,yes,phasic,phasic,silent,0.16,0.66,6078.0,no,0.0,no,0.0,79.7,5.19,3.06,420.0,3.0,-51.94,-48.37390838,791.6,0.091891892,10.67,1.4,4.82,,,,,156.30102539062,5,253,F,Unknown,virgin,E,JKAM WT,WT,20.13100437,yes,phasic,phasic,silent,0.16,0.66,6078.0,no,0.0,no,0.0,79.7,5.19,3.06,420.0,3.0,-51.94,-48.37390838,791.6,0.091891892,10.67,1.4,4.82,,,,
111,S1C2 15022023,95,31,8,1192.5,1196.1015625,1080.0,2080.0,253,F,Unknown,virgin,E,JKAM WT,WT,Agg+,20.13100437,yes,phasic,phasic,silent,0.16,0.66,6078.0,no,0.0,no,0.0,79.7,5.19,3.06,420.0,3.0,-51.94,-48.37390838,791.6,0.091891892,10.67,1.4,4.82,,,,,112.5,3,253,F,Unknown,virgin,E,JKAM WT,WT,20.13100437,yes,phasic,phasic,silent,0.16,0.66,6078.0,no,0.0,no,0.0,79.7,5.19,3.06,420.0,3.0,-51.94,-48.37390838,791.6,0.091891892,10.67,1.4,4.82,,,,
112,S1C2 15022023,105,34,9,1186.0,1189.40258789062,1080.0,2080.0,253,F,Unknown,virgin,E,JKAM WT,WT,Agg+,20.13100437,yes,phasic,phasic,silent,0.16,0.66,6078.0,no,0.0,no,0.0,79.7,5.19,3.06,420.0,3.0,-51.94,-48.37390838,791.6,0.091891892,10.67,1.4,4.82,,,,,106.0,3,253,F,Unknown,virgin,E,JKAM WT,WT,20.13100437,yes,phasic,phasic,silent,0.16,0.66,6078.0,no,0.0,no,0.0,79.7,5.19,3.06,420.0,3.0,-51.94,-48.37390838,791.6,0.091891892,10.67,1.4,4.82,,,,
113,S1C2 15022023,115,37,10,1196.5,1199.99621582031,1080.0,2080.0,253,F,Unknown,virgin,E,JKAM WT,WT,Agg+,20.13100437,yes,phasic,phasic,silent,0.16,0.66,6078.0,no,0.0,no,0.0,79.7,5.19,3.06,420.0,3.0,-51.94,-48.37390838,791.6,0.091891892,10.67,1.4,4.82,,,,,116.5,4,253,F,Unknown,virgin,E,JKAM WT,WT,20.13100437,yes,phasic,phasic,silent,0.16,0.66,6078.0,no,0.0,no,0.0,79.7,5.19,3.06,420.0,3.0,-51.94,-48.37390838,791.6,0.091891892,10.67,1.4,4.82,,,,
114,S1C2 15022023,125,41,11,1187.80102539062,1191.296875,1080.0,2080.0,253,F,Unknown,virgin,E,JKAM WT,WT,Agg+,20.13100437,yes,phasic,phasic,silent,0.16,0.66,6078.0,no,0.0,no,0.0,79.7,5.19,3.06,420.0,3.0,-51.94,-48.37390838,791.6,0.091891892,10.67,1.4,4.82,,,,,107.80102539062,5,253,F,Unknown,virgin,E,JKAM WT,WT,20.13100437,yes,phasic,phasic,silent,0.16,0.66,6078.0,no,0.0,no,0.0,79.7,5.19,3.06,420.0,3.0,-51.94,-48.37390838,791.6,0.091891892,10.67,1.4,4.82,,,,
115,S1C2 15022023,135,46,12,1181.60144042968,1184.99621582031,1080.0,2080.0,253,F,Unknown,virgin,E,JKAM WT,WT,Agg+,20.13100437,yes,phasic,phasic,silent,0.16,0.66,6078.0,no,0.0,no,0.0,79.7,5.19,3.06,420.0,3.0,-51.94,-48.37390838,791.6,0.091891892,10.67,1.4,4.82,,,,,101.60144042968,4,253,F,Unknown,virgin,E,JKAM WT,WT,20.13100437,yes,phasic,phasic,silent,0.16,0.66,6078.0,no,0.0,no,0.0,79.7,5.19,3.06,420.0,3.0,-51.94,-48.37390838,791.6,0.091891892,10.67,1.4,4.82,,,,
116,S1C2 15022023,145,50,13,1188.80102539062,1192.296875,1080.0,2080.0,253,F,Unknown,virgin,E,JKAM WT,WT,Agg+,20.13100437,yes,phasic,phasic,silent,0.16,0.66,6078.0,no,0.0,no,0.0,79.7,5.19,3.06,420.0,3.0,-51.94,-48.37390838,791.6,0.091891892,10.67,1.4,4.82,,,,,108.80102539062,4,253,F,Unknown,virgin,E,JKAM WT,WT,20.13100437,yes,phasic,phasic,silent,0.16,0.66,6078.0,no,0.0,no,0.0,79.7,5.19,3.06,420.0,3.0,-51.94,-48.37390838,791.6,0.091891892,10.67,1.4,4.82,,,,
117,S1C2 20012023,25,0,1,2080.0,0.0,1080.0,2080.0,1,F,no,Virgin-Gal -,P,JKAM54.2d,Gal-cre KI87; Rosa26 Tomato (Ai9),Pre,75.82205647,?,tonic,tonic,silent,0.03,0.09,32461.0,no,0.0,yes,23.04,104.24,0.0,0.4,92.64,120.0,-58.9,-50.49784823,122.2854532,0.826315789,16.755,1.1,8.8464,,,,,1000.0,2,1,F,no,Virgin-Gal -,P,JKAM54.2d,Gal-cre KI87; Rosa26 Tomato (Ai9),75.82205647,?,tonic,tonic,silent,0.03,0.09,32461.0,no,0.0,yes,23.04,104.24,0.0,0.4,92.64,120.0,-58.9,-50.49784823,122.2854532,0.826315789,16.755,1.1,8.8464,,,,
118,S1C2 20012023,25,0,1,2080.0,0.0,1080.0,2080.0,1,F,no,Virgin-Gal -,P,JKAM54.2d,Gal-cre KI87; Rosa26 Tomato (Ai9),Pre,75.82205647,?,tonic,tonic,silent,0.03,0.09,32461.0,no,0.0,yes,23.04,104.24,0.0,0.4,92.64,120.0,-58.9,-50.49784823,122.2854532,0.826315789,16.755,1.1,8.8464,,,,,1000.0,2,140,F,no,Virgin-Gal -,P,JKAM54.2d,Gal-cre KI87; Rosa26 Tomato (Ai9),75.82205647,?,tonic,tonic,silent,0.03,0.09,32461.0,no,0.0,yes,23.04,104.24,0.0,0.4,92.64,120.0,-58.9,-50.49784823,122.2854532,0.826315789,16.755,1.1,8.8464,,,,
119,S1C2 20012023,35,1,2,2080.0,0.0,1080.0,2080.0,1,F,no,Virgin-Gal -,P,JKAM54.2d,Gal-cre KI87; Rosa26 Tomato (Ai9),Pre,75.82205647,?,tonic,tonic,silent,0.03,0.09,32461.0,no,0.0,yes,23.04,104.24,0.0,0.4,92.64,120.0,-58.9,-50.49784823,122.2854532,0.826315789,16.755,1.1,8.8464,,,,,1000.0,2,1,F,no,Virgin-Gal -,P,JKAM54.2d,Gal-cre KI87; Rosa26 Tomato (Ai9),75.82205647,?,tonic,tonic,silent,0.03,0.09,32461.0,no,0.0,yes,23.04,104.24,0.0,0.4,92.64,120.0,-58.9,-50.49784823,122.2854532,0.826315789,16.755,1.1,8.8464,,,,
120,S1C2 20012023,35,1,2,2080.0,0.0,1080.0,2080.0,1,F,no,Virgin-Gal -,P,JKAM54.2d,Gal-cre KI87; Rosa26 Tomato (Ai9),Pre,75.82205647,?,tonic,tonic,silent,0.03,0.09,32461.0,no,0.0,yes,23.04,104.24,0.0,0.4,92.64,120.0,-58.9,-50.49784823,122.2854532,0.826315789,16.755,1.1,8.8464,,,,,1000.0,2,140,F,no,Virgin-Gal -,P,JKAM54.2d,Gal-cre KI87; Rosa26 Tomato (Ai9),75.82205647,?,tonic,tonic,silent,0.03,0.09,32461.0,no,0.0,yes,23.04,104.24,0.0,0.4,92.64,120.0,-58.9,-50.49784823,122.2854532,0.826315789,16.755,1.1,8.8464,,,,
121,S1C2 20012023,45,2,3,2080.0,0.0,1080.0,2080.0,1,F,no,Virgin-Gal -,P,JKAM54.2d,Gal-cre KI87; Rosa26 Tomato (Ai9),Pre,75.82205647,?,tonic,tonic,silent,0.03,0.09,32461.0,no,0.0,yes,23.04,104.24,0.0,0.4,92.64,120.0,-58.9,-50.49784823,122.2854532,0.826315789,16.755,1.1,8.8464,,,,,1000.0,2,1,F,no,Virgin-Gal -,P,JKAM54.2d,Gal-cre KI87; Rosa26 Tomato (Ai9),75.82205647,?,tonic,tonic,silent,0.03,0.09,32461.0,no,0.0,yes,23.04,104.24,0.0,0.4,92.64,120.0,-58.9,-50.49784823,122.2854532,0.826315789,16.755,1.1,8.8464,,,,
122,S1C2 20012023,45,2,3,2080.0,0.0,1080.0,2080.0,1,F,no,Virgin-Gal -,P,JKAM54.2d,Gal-cre KI87; Rosa26 Tomato (Ai9),Pre,75.82205647,?,tonic,tonic,silent,0.03,0.09,32461.0,no,0.0,yes,23.04,104.24,0.0,0.4,92.64,120.0,-58.9,-50.49784823,122.2854532,0.826315789,16.755,1.1,8.8464,,,,,1000.0,2,140,F,no,Virgin-Gal -,P,JKAM54.2d,Gal-cre KI87; Rosa26 Tomato (Ai9),75.82205647,?,tonic,tonic,silent,0.03,0.09,32461.0,no,0.0,yes,23.04,104.24,0.0,0.4,92.64,120.0,-58.9,-50.49784823,122.2854532,0.826315789,16.755,1.1,8.8464,,,,
123,S1C2 20012023,55,3,4,2080.0,0.0,1080.0,2080.0,1,F,no,Virgin-Gal -,P,JKAM54.2d,Gal-cre KI87; Rosa26 Tomato (Ai9),Pre,75.82205647,?,tonic,tonic,silent,0.03,0.09,32461.0,no,0.0,yes,23.04,104.24,0.0,0.4,92.64,120.0,-58.9,-50.49784823,122.2854532,0.826315789,16.755,1.1,8.8464,,,,,1000.0,2,1,F,no,Virgin-Gal -,P,JKAM54.2d,Gal-cre KI87; Rosa26 Tomato (Ai9),75.82205647,?,tonic,tonic,silent,0.03,0.09,32461.0,no,0.0,yes,23.04,104.24,0.0,0.4,92.64,120.0,-58.9,-50.49784823,122.2854532,0.826315789,16.755,1.1,8.8464,,,,
124,S1C2 20012023,55,3,4,2080.0,0.0,1080.0,2080.0,1,F,no,Virgin-Gal -,P,JKAM54.2d,Gal-cre KI87; Rosa26 Tomato (Ai9),Pre,75.82205647,?,tonic,tonic,silent,0.03,0.09,32461.0,no,0.0,yes,23.04,104.24,0.0,0.4,92.64,120.0,-58.9,-50.49784823,122.2854532,0.826315789,16.755,1.1,8.8464,,,,,1000.0,2,140,F,no,Virgin-Gal -,P,JKAM54.2d,Gal-cre KI87; Rosa26 Tomato (Ai9),75.82205647,?,tonic,tonic,silent,0.03,0.09,32461.0,no,0.0,yes,23.04,104.24,0.0,0.4,92.64,120.0,-58.9,-50.49784823,122.2854532,0.826315789,16.755,1.1,8.8464,,,,
125,S1C2 20012023,65,4,5,2080.0,0.0,1080.0,2080.0,1,F,no,Virgin-Gal -,P,JKAM54.2d,Gal-cre KI87; Rosa26 Tomato (Ai9),Pre,75.82205647,?,tonic,tonic,silent,0.03,0.09,32461.0,no,0.0,yes,23.04,104.24,0.0,0.4,92.64,120.0,-58.9,-50.49784823,122.2854532,0.826315789,16.755,1.1,8.8464,,,,,1000.0,2,1,F,no,Virgin-Gal -,P,JKAM54.2d,Gal-cre KI87; Rosa26 Tomato (Ai9),75.82205647,?,tonic,tonic,silent,0.03,0.09,32461.0,no,0.0,yes,23.04,104.24,0.0,0.4,92.64,120.0,-58.9,-50.49784823,122.2854532,0.826315789,16.755,1.1,8.8464,,,,
126,S1C2 20012023,65,4,5,2080.0,0.0,1080.0,2080.0,1,F,no,Virgin-Gal -,P,JKAM54.2d,Gal-cre KI87; Rosa26 Tomato (Ai9),Pre,75.82205647,?,tonic,tonic,silent,0.03,0.09,32461.0,no,0.0,yes,23.04,104.24,0.0,0.4,92.64,120.0,-58.9,-50.49784823,122.2854532,0.826315789,16.755,1.1,8.8464,,,,,1000.0,2,140,F,no,Virgin-Gal -,P,JKAM54.2d,Gal-cre KI87; Rosa26 Tomato (Ai9),75.82205647,?,tonic,tonic,silent,0.03,0.09,32461.0,no,0.0,yes,23.04,104.24,0.0,0.4,92.64,120.0,-58.9,-50.49784823,122.2854532,0.826315789,16.755,1.1,8.8464,,,,
127,S1C2 20012023,75,5,6,2080.0,0.0,1080.0,2080.0,1,F,no,Virgin-Gal -,P,JKAM54.2d,Gal-cre KI87; Rosa26 Tomato (Ai9),Pre,75.82205647,?,tonic,tonic,silent,0.03,0.09,32461.0,no,0.0,yes,23.04,104.24,0.0,0.4,92.64,120.0,-58.9,-50.49784823,122.2854532,0.826315789,16.755,1.1,8.8464,,,,,1000.0,2,1,F,no,Virgin-Gal -,P,JKAM54.2d,Gal-cre KI87; Rosa26 Tomato (Ai9),75.82205647,?,tonic,tonic,silent,0.03,0.09,32461.0,no,0.0,yes,23.04,104.24,0.0,0.4,92.64,120.0,-58.9,-50.49784823,122.2854532,0.826315789,16.755,1.1,8.8464,,,,
128,S1C2 20012023,75,5,6,2080.0,0.0,1080.0,2080.0,1,F,no,Virgin-Gal -,P,JKAM54.2d,Gal-cre KI87; Rosa26 Tomato (Ai9),Pre,75.82205647,?,tonic,tonic,silent,0.03,0.09,32461.0,no,0.0,yes,23.04,104.24,0.0,0.4,92.64,120.0,-58.9,-50.49784823,122.2854532,0.826315789,16.755,1.1,8.8464,,,,,1000.0,2,140,F,no,Virgin-Gal -,P,JKAM54.2d,Gal-cre KI87; Rosa26 Tomato (Ai9),75.82205647,?,tonic,tonic,silent,0.03,0.09,32461.0,no,0.0,yes,23.04,104.24,0.0,0.4,92.64,120.0,-58.9,-50.49784823,122.2854532,0.826315789,16.755,1.1,8.8464,,,,
129,S1C2 20012023,85,6,7,2080.0,0.0,1080.0,2080.0,1,F,no,Virgin-Gal -,P,JKAM54.2d,Gal-cre KI87; Rosa26 Tomato (Ai9),Pre,75.82205647,?,tonic,tonic,silent,0.03,0.09,32461.0,no,0.0,yes,23.04,104.24,0.0,0.4,92.64,120.0,-58.9,-50.49784823,122.2854532,0.826315789,16.755,1.1,8.8464,,,,,1000.0,2,1,F,no,Virgin-Gal -,P,JKAM54.2d,Gal-cre KI87; Rosa26 Tomato (Ai9),75.82205647,?,tonic,tonic,silent,0.03,0.09,32461.0,no,0.0,yes,23.04,104.24,0.0,0.4,92.64,120.0,-58.9,-50.49784823,122.2854532,0.826315789,16.755,1.1,8.8464,,,,
130,S1C2 20012023,85,6,7,2080.0,0.0,1080.0,2080.0,1,F,no,Virgin-Gal -,P,JKAM54.2d,Gal-cre KI87; Rosa26 Tomato (Ai9),Pre,75.82205647,?,tonic,tonic,silent,0.03,0.09,32461.0,no,0.0,yes,23.04,104.24,0.0,0.4,92.64,120.0,-58.9,-50.49784823,122.2854532,0.826315789,16.755,1.1,8.8464,,,,,1000.0,2,140,F,no,Virgin-Gal -,P,JKAM54.2d,Gal-cre KI87; Rosa26 Tomato (Ai9),75.82205647,?,tonic,tonic,silent,0.03,0.09,32461.0,no,0.0,yes,23.04,104.24,0.0,0.4,92.64,120.0,-58.9,-50.49784823,122.2854532,0.826315789,16.755,1.1,8.8464,,,,
131,S1C2 20012023,95,7,8,2080.0,0.0,1080.0,2080.0,1,F,no,Virgin-Gal -,P,JKAM54.2d,Gal-cre KI87; Rosa26 Tomato (Ai9),Pre,75.82205647,?,tonic,tonic,silent,0.03,0.09,32461.0,no,0.0,yes,23.04,104.24,0.0,0.4,92.64,120.0,-58.9,-50.49784823,122.2854532,0.826315789,16.755,1.1,8.8464,,,,,1000.0,2,1,F,no,Virgin-Gal -,P,JKAM54.2d,Gal-cre KI87; Rosa26 Tomato (Ai9),75.82205647,?,tonic,tonic,silent,0.03,0.09,32461.0,no,0.0,yes,23.04,104.24,0.0,0.4,92.64,120.0,-58.9,-50.49784823,122.2854532,0.826315789,16.755,1.1,8.8464,,,,
132,S1C2 20012023,95,7,8,2080.0,0.0,1080.0,2080.0,1,F,no,Virgin-Gal -,P,JKAM54.2d,Gal-cre KI87; Rosa26 Tomato (Ai9),Pre,75.82205647,?,tonic,tonic,silent,0.03,0.09,32461.0,no,0.0,yes,23.04,104.24,0.0,0.4,92.64,120.0,-58.9,-50.49784823,122.2854532,0.826315789,16.755,1.1,8.8464,,,,,1000.0,2,140,F,no,Virgin-Gal -,P,JKAM54.2d,Gal-cre KI87; Rosa26 Tomato (Ai9),75.82205647,?,tonic,tonic,silent,0.03,0.09,32461.0,no,0.0,yes,23.04,104.24,0.0,0.4,92.64,120.0,-58.9,-50.49784823,122.2854532,0.826315789,16.755,1.1,8.8464,,,,
133,S1C2 20012023,105,8,9,2080.0,0.0,1080.0,2080.0,1,F,no,Virgin-Gal -,P,JKAM54.2d,Gal-cre KI87; Rosa26 Tomato (Ai9),Pre,75.82205647,?,tonic,tonic,silent,0.03,0.09,32461.0,no,0.0,yes,23.04,104.24,0.0,0.4,92.64,120.0,-58.9,-50.49784823,122.2854532,0.826315789,16.755,1.1,8.8464,,,,,1000.0,2,1,F,no,Virgin-Gal -,P,JKAM54.2d,Gal-cre KI87; Rosa26 Tomato (Ai9),75.82205647,?,tonic,tonic,silent,0.03,0.09,32461.0,no,0.0,yes,23.04,104.24,0.0,0.4,92.64,120.0,-58.9,-50.49784823,122.2854532,0.826315789,16.755,1.1,8.8464,,,,
134,S1C2 20012023,105,8,9,2080.0,0.0,1080.0,2080.0,1,F,no,Virgin-Gal -,P,JKAM54.2d,Gal-cre KI87; Rosa26 Tomato (Ai9),Pre,75.82205647,?,tonic,tonic,silent,0.03,0.09,32461.0,no,0.0,yes,23.04,104.24,0.0,0.4,92.64,120.0,-58.9,-50.49784823,122.2854532,0.826315789,16.755,1.1,8.8464,,,,,1000.0,2,140,F,no,Virgin-Gal -,P,JKAM54.2d,Gal-cre KI87; Rosa26 Tomato (Ai9),75.82205647,?,tonic,tonic,silent,0.03,0.09,32461.0,no,0.0,yes,23.04,104.24,0.0,0.4,92.64,120.0,-58.9,-50.49784823,122.2854532,0.826315789,16.755,1.1,8.8464,,,,
135,S1C2 20012023,115,9,10,2080.0,0.0,1080.0,2080.0,1,F,no,Virgin-Gal -,P,JKAM54.2d,Gal-cre KI87; Rosa26 Tomato (Ai9),Pre,75.82205647,?,tonic,tonic,silent,0.03,0.09,32461.0,no,0.0,yes,23.04,104.24,0.0,0.4,92.64,120.0,-58.9,-50.49784823,122.2854532,0.826315789,16.755,1.1,8.8464,,,,,1000.0,2,1,F,no,Virgin-Gal -,P,JKAM54.2d,Gal-cre KI87; Rosa26 Tomato (Ai9),75.82205647,?,tonic,tonic,silent,0.03,0.09,32461.0,no,0.0,yes,23.04,104.24,0.0,0.4,92.64,120.0,-58.9,-50.49784823,122.2854532,0.826315789,16.755,1.1,8.8464,,,,
136,S1C2 20012023,115,9,10,2080.0,0.0,1080.0,2080.0,1,F,no,Virgin-Gal -,P,JKAM54.2d,Gal-cre KI87; Rosa26 Tomato (Ai9),Pre,75.82205647,?,tonic,tonic,silent,0.03,0.09,32461.0,no,0.0,yes,23.04,104.24,0.0,0.4,92.64,120.0,-58.9,-50.49784823,122.2854532,0.826315789,16.755,1.1,8.8464,,,,,1000.0,2,140,F,no,Virgin-Gal -,P,JKAM54.2d,Gal-cre KI87; Rosa26 Tomato (Ai9),75.82205647,?,tonic,tonic,silent,0.03,0.09,32461.0,no,0.0,yes,23.04,104.24,0.0,0.4,92.64,120.0,-58.9,-50.49784823,122.2854532,0.826315789,16.755,1.1,8.8464,,,,
137,S1C2 20012023,125,10,11,2080.0,0.0,1080.0,2080.0,1,F,no,Virgin-Gal -,P,JKAM54.2d,Gal-cre KI87; Rosa26 Tomato (Ai9),Pre,75.82205647,?,tonic,tonic,silent,0.03,0.09,32461.0,no,0.0,yes,23.04,104.24,0.0,0.4,92.64,120.0,-58.9,-50.49784823,122.2854532,0.826315789,16.755,1.1,8.8464,,,,,1000.0,2,1,F,no,Virgin-Gal -,P,JKAM54.2d,Gal-cre KI87; Rosa26 Tomato (Ai9),75.82205647,?,tonic,tonic,silent,0.03,0.09,32461.0,no,0.0,yes,23.04,104.24,0.0,0.4,92.64,120.0,-58.9,-50.49784823,122.2854532,0.826315789,16.755,1.1,8.8464,,,,
138,S1C2 20012023,125,10,11,2080.0,0.0,1080.0,2080.0,1,F,no,Virgin-Gal -,P,JKAM54.2d,Gal-cre KI87; Rosa26 Tomato (Ai9),Pre,75.82205647,?,tonic,tonic,silent,0.03,0.09,32461.0,no,0.0,yes,23.04,104.24,0.0,0.4,92.64,120.0,-58.9,-50.49784823,122.2854532,0.826315789,16.755,1.1,8.8464,,,,,1000.0,2,140,F,no,Virgin-Gal -,P,JKAM54.2d,Gal-cre KI87; Rosa26 Tomato (Ai9),75.82205647,?,tonic,tonic,silent,0.03,0.09,32461.0,no,0.0,yes,23.04,104.24,0.0,0.4,92.64,120.0,-58.9,-50.49784823,122.2854532,0.826315789,16.755,1.1,8.8464,,,,
139,S1C2 20012023,135,11,12,2066.6015625,2068.1015625,1080.0,2080.0,1,F,no,Virgin-Gal -,P,JKAM54.2d,Gal-cre KI87; Rosa26 Tomato (Ai9),Pre,75.82205647,?,tonic,tonic,silent,0.03,0.09,32461.0,no,0.0,yes,23.04,104.24,0.0,0.4,92.64,120.0,-58.9,-50.49784823,122.2854532,0.826315789,16.755,1.1,8.8464,,,,,986.6015625,2,1,F,no,Virgin-Gal -,P,JKAM54.2d,Gal-cre KI87; Rosa26 Tomato (Ai9),75.82205647,?,tonic,tonic,silent,0.03,0.09,32461.0,no,0.0,yes,23.04,104.24,0.0,0.4,92.64,120.0,-58.9,-50.49784823,122.2854532,0.826315789,16.755,1.1,8.8464,,,,
140,S1C2 20012023,135,11,12,2066.6015625,2068.1015625,1080.0,2080.0,1,F,no,Virgin-Gal -,P,JKAM54.2d,Gal-cre KI87; Rosa26 Tomato (Ai9),Pre,75.82205647,?,tonic,tonic,silent,0.03,0.09,32461.0,no,0.0,yes,23.04,104.24,0.0,0.4,92.64,120.0,-58.9,-50.49784823,122.2854532,0.826315789,16.755,1.1,8.8464,,,,,986.6015625,2,140,F,no,Virgin-Gal -,P,JKAM54.2d,Gal-cre KI87; Rosa26 Tomato (Ai9),75.82205647,?,tonic,tonic,silent,0.03,0.09,32461.0,no,0.0,yes,23.04,104.24,0.0,0.4,92.64,120.0,-58.9,-50.49784823,122.2854532,0.826315789,16.755,1.1,8.8464,,,,
141,S1C2 20012023,145,12,13,2067.6015625,2069.1015625,1080.0,2080.0,1,F,no,Virgin-Gal -,P,JKAM54.2d,Gal-cre KI87; Rosa26 Tomato (Ai9),Pre,75.82205647,?,tonic,tonic,silent,0.03,0.09,32461.0,no,0.0,yes,23.04,104.24,0.0,0.4,92.64,120.0,-58.9,-50.49784823,122.2854532,0.826315789,16.755,1.1,8.8464,,,,,987.6015625,2,1,F,no,Virgin-Gal -,P,JKAM54.2d,Gal-cre KI87; Rosa26 Tomato (Ai9),75.82205647,?,tonic,tonic,silent,0.03,0.09,32461.0,no,0.0,yes,23.04,104.24,0.0,0.4,92.64,120.0,-58.9,-50.49784823,122.2854532,0.826315789,16.755,1.1,8.8464,,,,
142,S1C2 20012023,145,12,13,2067.6015625,2069.1015625,1080.0,2080.0,1,F,no,Virgin-Gal -,P,JKAM54.2d,Gal-cre KI87; Rosa26 Tomato (Ai9),Pre,75.82205647,?,tonic,tonic,silent,0.03,0.09,32461.0,no,0.0,yes,23.04,104.24,0.0,0.4,92.64,120.0,-58.9,-50.49784823,122.2854532,0.826315789,16.755,1.1,8.8464,,,,,987.6015625,2,140,F,no,Virgin-Gal -,P,JKAM54.2d,Gal-cre KI87; Rosa26 Tomato (Ai9),75.82205647,?,tonic,tonic,silent,0.03,0.09,32461.0,no,0.0,yes,23.04,104.24,0.0,0.4,92.64,120.0,-58.9,-50.49784823,122.2854532,0.826315789,16.755,1.1,8.8464,,,,
143,S1C2 22012023,25,0,1,2080.0,0.0,1080.0,2080.0,5,F,no,Virgin-Gal -,P,JKAM54.2b,Gal-cre KI87; Rosa26 Tomato (Ai9),Pre,57.69416988,yes,silent,silent,silent,0.0,0.0,0.0,yes,13.61,yes,2.12,0.0,0.0,0.0,0.0,24.0,0.0,-57.80112748,405.255776,0.5,12.015,1.0,6.17,,,,,1000.0,2,5,F,no,Virgin-Gal -,P,JKAM54.2b,Gal-cre KI87; Rosa26 Tomato (Ai9),57.69416988,yes,silent,silent,silent,0.0,0.0,0.0,yes,13.61,yes,2.12,0.0,0.0,0.0,0.0,24.0,0.0,-57.80112748,405.255776,0.5,12.015,1.0,6.17,,,,
144,S1C2 22012023,25,0,1,2080.0,0.0,1080.0,2080.0,5,F,no,Virgin-Gal -,P,JKAM54.2b,Gal-cre KI87; Rosa26 Tomato (Ai9),Pre,57.69416988,yes,silent,silent,silent,0.0,0.0,0.0,yes,13.61,yes,2.12,0.0,0.0,0.0,0.0,24.0,0.0,-57.80112748,405.255776,0.5,12.015,1.0,6.17,,,,,1000.0,2,144,F,no,Virgin-Gal -,P,JKAM54.2b,Gal-cre KI87; Rosa26 Tomato (Ai9),57.69416988,yes,silent,silent,silent,0.0,0.0,0.0,yes,13.61,yes,2.12,0.0,0.0,0.0,0.0,24.0,0.0,-57.80112748,405.255776,0.5,12.015,1.0,6.17,,,,
145,S1C2 22012023,35,1,2,1840.80004882812,1842.39965820312,1080.0,2080.0,5,F,no,Virgin-Gal -,P,JKAM54.2b,Gal-cre KI87; Rosa26 Tomato (Ai9),Pre,57.69416988,yes,silent,silent,silent,0.0,0.0,0.0,yes,13.61,yes,2.12,0.0,0.0,0.0,0.0,24.0,0.0,-57.80112748,405.255776,0.5,12.015,1.0,6.17,,,,,760.80004882812,2,5,F,no,Virgin-Gal -,P,JKAM54.2b,Gal-cre KI87; Rosa26 Tomato (Ai9),57.69416988,yes,silent,silent,silent,0.0,0.0,0.0,yes,13.61,yes,2.12,0.0,0.0,0.0,0.0,24.0,0.0,-57.80112748,405.255776,0.5,12.015,1.0,6.17,,,,
146,S1C2 22012023,35,1,2,1840.80004882812,1842.39965820312,1080.0,2080.0,5,F,no,Virgin-Gal -,P,JKAM54.2b,Gal-cre KI87; Rosa26 Tomato (Ai9),Pre,57.69416988,yes,silent,silent,silent,0.0,0.0,0.0,yes,13.61,yes,2.12,0.0,0.0,0.0,0.0,24.0,0.0,-57.80112748,405.255776,0.5,12.015,1.0,6.17,,,,,760.80004882812,2,144,F,no,Virgin-Gal -,P,JKAM54.2b,Gal-cre KI87; Rosa26 Tomato (Ai9),57.69416988,yes,silent,silent,silent,0.0,0.0,0.0,yes,13.61,yes,2.12,0.0,0.0,0.0,0.0,24.0,0.0,-57.80112748,405.255776,0.5,12.015,1.0,6.17,,,,
147,S1C2 22012023,45,2,3,1769.7001953125,1771.19909667968,1080.0,2080.0,5,F,no,Virgin-Gal -,P,JKAM54.2b,Gal-cre KI87; Rosa26 Tomato (Ai9),Pre,57.69416988,yes,silent,silent,silent,0.0,0.0,0.0,yes,13.61,yes,2.12,0.0,0.0,0.0,0.0,24.0,0.0,-57.80112748,405.255776,0.5,12.015,1.0,6.17,,,,,689.7001953125,4,5,F,no,Virgin-Gal -,P,JKAM54.2b,Gal-cre KI87; Rosa26 Tomato (Ai9),57.69416988,yes,silent,silent,silent,0.0,0.0,0.0,yes,13.61,yes,2.12,0.0,0.0,0.0,0.0,24.0,0.0,-57.80112748,405.255776,0.5,12.015,1.0,6.17,,,,
148,S1C2 22012023,45,2,3,1769.7001953125,1771.19909667968,1080.0,2080.0,5,F,no,Virgin-Gal -,P,JKAM54.2b,Gal-cre KI87; Rosa26 Tomato (Ai9),Pre,57.69416988,yes,silent,silent,silent,0.0,0.0,0.0,yes,13.61,yes,2.12,0.0,0.0,0.0,0.0,24.0,0.0,-57.80112748,405.255776,0.5,12.015,1.0,6.17,,,,,689.7001953125,4,144,F,no,Virgin-Gal -,P,JKAM54.2b,Gal-cre KI87; Rosa26 Tomato (Ai9),57.69416988,yes,silent,silent,silent,0.0,0.0,0.0,yes,13.61,yes,2.12,0.0,0.0,0.0,0.0,24.0,0.0,-57.80112748,405.255776,0.5,12.015,1.0,6.17,,,,
149,S1C2 22012023,55,4,4,1639.69921875,1641.099609375,1080.0,2080.0,5,F,no,Virgin-Gal -,P,JKAM54.2b,Gal-cre KI87; Rosa26 Tomato (Ai9),Pre,57.69416988,yes,silent,silent,silent,0.0,0.0,0.0,yes,13.61,yes,2.12,0.0,0.0,0.0,0.0,24.0,0.0,-57.80112748,405.255776,0.5,12.015,1.0,6.17,,,,,559.69921875,8,5,F,no,Virgin-Gal -,P,JKAM54.2b,Gal-cre KI87; Rosa26 Tomato (Ai9),57.69416988,yes,silent,silent,silent,0.0,0.0,0.0,yes,13.61,yes,2.12,0.0,0.0,0.0,0.0,24.0,0.0,-57.80112748,405.255776,0.5,12.015,1.0,6.17,,,,
150,S1C2 22012023,55,4,4,1639.69921875,1641.099609375,1080.0,2080.0,5,F,no,Virgin-Gal -,P,JKAM54.2b,Gal-cre KI87; Rosa26 Tomato (Ai9),Pre,57.69416988,yes,silent,silent,silent,0.0,0.0,0.0,yes,13.61,yes,2.12,0.0,0.0,0.0,0.0,24.0,0.0,-57.80112748,405.255776,0.5,12.015,1.0,6.17,,,,,559.69921875,8,144,F,no,Virgin-Gal -,P,JKAM54.2b,Gal-cre KI87; Rosa26 Tomato (Ai9),57.69416988,yes,silent,silent,silent,0.0,0.0,0.0,yes,13.61,yes,2.12,0.0,0.0,0.0,0.0,24.0,0.0,-57.80112748,405.255776,0.5,12.015,1.0,6.17,,,,
151,S1C2 22012023,65,8,5,1588.5,1589.90258789062,1080.0,2080.0,5,F,no,Virgin-Gal -,P,JKAM54.2b,Gal-cre KI87; Rosa26 Tomato (Ai9),Pre,57.69416988,yes,silent,silent,silent,0.0,0.0,0.0,yes,13.61,yes,2.12,0.0,0.0,0.0,0.0,24.0,0.0,-57.80112748,405.255776,0.5,12.015,1.0,6.17,,,,,508.5,14,5,F,no,Virgin-Gal -,P,JKAM54.2b,Gal-cre KI87; Rosa26 Tomato (Ai9),57.69416988,yes,silent,silent,silent,0.0,0.0,0.0,yes,13.61,yes,2.12,0.0,0.0,0.0,0.0,24.0,0.0,-57.80112748,405.255776,0.5,12.015,1.0,6.17,,,,
152,S1C2 22012023,65,8,5,1588.5,1589.90258789062,1080.0,2080.0,5,F,no,Virgin-Gal -,P,JKAM54.2b,Gal-cre KI87; Rosa26 Tomato (Ai9),Pre,57.69416988,yes,silent,silent,silent,0.0,0.0,0.0,yes,13.61,yes,2.12,0.0,0.0,0.0,0.0,24.0,0.0,-57.80112748,405.255776,0.5,12.015,1.0,6.17,,,,,508.5,14,144,F,no,Virgin-Gal -,P,JKAM54.2b,Gal-cre KI87; Rosa26 Tomato (Ai9),57.69416988,yes,silent,silent,silent,0.0,0.0,0.0,yes,13.61,yes,2.12,0.0,0.0,0.0,0.0,24.0,0.0,-57.80112748,405.255776,0.5,12.015,1.0,6.17,,,,
153,S1C2 22012023,75,15,6,1579.09948730468,1580.599609375,1080.0,2080.0,5,F,no,Virgin-Gal -,P,JKAM54.2b,Gal-cre KI87; Rosa26 Tomato (Ai9),Pre,57.69416988,yes,silent,silent,silent,0.0,0.0,0.0,yes,13.61,yes,2.12,0.0,0.0,0.0,0.0,24.0,0.0,-57.80112748,405.255776,0.5,12.015,1.0,6.17,,,,,499.09948730468,18,5,F,no,Virgin-Gal -,P,JKAM54.2b,Gal-cre KI87; Rosa26 Tomato (Ai9),57.69416988,yes,silent,silent,silent,0.0,0.0,0.0,yes,13.61,yes,2.12,0.0,0.0,0.0,0.0,24.0,0.0,-57.80112748,405.255776,0.5,12.015,1.0,6.17,,,,
154,S1C2 22012023,75,15,6,1579.09948730468,1580.599609375,1080.0,2080.0,5,F,no,Virgin-Gal -,P,JKAM54.2b,Gal-cre KI87; Rosa26 Tomato (Ai9),Pre,57.69416988,yes,silent,silent,silent,0.0,0.0,0.0,yes,13.61,yes,2.12,0.0,0.0,0.0,0.0,24.0,0.0,-57.80112748,405.255776,0.5,12.015,1.0,6.17,,,,,499.09948730468,18,144,F,no,Virgin-Gal -,P,JKAM54.2b,Gal-cre KI87; Rosa26 Tomato (Ai9),57.69416988,yes,silent,silent,silent,0.0,0.0,0.0,yes,13.61,yes,2.12,0.0,0.0,0.0,0.0,24.0,0.0,-57.80112748,405.255776,0.5,12.015,1.0,6.17,,,,
155,S1C2 22012023,85,24,7,1492.59948730468,1494.298828125,1080.0,2080.0,5,F,no,Virgin-Gal -,P,JKAM54.2b,Gal-cre KI87; Rosa26 Tomato (Ai9),Pre,57.69416988,yes,silent,silent,silent,0.0,0.0,0.0,yes,13.61,yes,2.12,0.0,0.0,0.0,0.0,24.0,0.0,-57.80112748,405.255776,0.5,12.015,1.0,6.17,,,,,412.59948730468,18,5,F,no,Virgin-Gal -,P,JKAM54.2b,Gal-cre KI87; Rosa26 Tomato (Ai9),57.69416988,yes,silent,silent,silent,0.0,0.0,0.0,yes,13.61,yes,2.12,0.0,0.0,0.0,0.0,24.0,0.0,-57.80112748,405.255776,0.5,12.015,1.0,6.17,,,,
156,S1C2 22012023,85,24,7,1492.59948730468,1494.298828125,1080.0,2080.0,5,F,no,Virgin-Gal -,P,JKAM54.2b,Gal-cre KI87; Rosa26 Tomato (Ai9),Pre,57.69416988,yes,silent,silent,silent,0.0,0.0,0.0,yes,13.61,yes,2.12,0.0,0.0,0.0,0.0,24.0,0.0,-57.80112748,405.255776,0.5,12.015,1.0,6.17,,,,,412.59948730468,18,144,F,no,Virgin-Gal -,P,JKAM54.2b,Gal-cre KI87; Rosa26 Tomato (Ai9),57.69416988,yes,silent,silent,silent,0.0,0.0,0.0,yes,13.61,yes,2.12,0.0,0.0,0.0,0.0,24.0,0.0,-57.80112748,405.255776,0.5,12.015,1.0,6.17,,,,
157,S1C2 22012023,95,33,8,1483.69921875,1485.49621582031,1080.0,2080.0,5,F,no,Virgin-Gal -,P,JKAM54.2b,Gal-cre KI87; Rosa26 Tomato (Ai9),Pre,57.69416988,yes,silent,silent,silent,0.0,0.0,0.0,yes,13.61,yes,2.12,0.0,0.0,0.0,0.0,24.0,0.0,-57.80112748,405.255776,0.5,12.015,1.0,6.17,,,,,403.69921875,14,5,F,no,Virgin-Gal -,P,JKAM54.2b,Gal-cre KI87; Rosa26 Tomato (Ai9),57.69416988,yes,silent,silent,silent,0.0,0.0,0.0,yes,13.61,yes,2.12,0.0,0.0,0.0,0.0,24.0,0.0,-57.80112748,405.255776,0.5,12.015,1.0,6.17,,,,
158,S1C2 22012023,95,33,8,1483.69921875,1485.49621582031,1080.0,2080.0,5,F,no,Virgin-Gal -,P,JKAM54.2b,Gal-cre KI87; Rosa26 Tomato (Ai9),Pre,57.69416988,yes,silent,silent,silent,0.0,0.0,0.0,yes,13.61,yes,2.12,0.0,0.0,0.0,0.0,24.0,0.0,-57.80112748,405.255776,0.5,12.015,1.0,6.17,,,,,403.69921875,14,144,F,no,Virgin-Gal -,P,JKAM54.2b,Gal-cre KI87; Rosa26 Tomato (Ai9),57.69416988,yes,silent,silent,silent,0.0,0.0,0.0,yes,13.61,yes,2.12,0.0,0.0,0.0,0.0,24.0,0.0,-57.80112748,405.255776,0.5,12.015,1.0,6.17,,,,
159,S1C2 22012023,105,40,9,1432.60144042968,1434.40258789062,1080.0,2080.0,5,F,no,Virgin-Gal -,P,JKAM54.2b,Gal-cre KI87; Rosa26 Tomato (Ai9),Pre,57.69416988,yes,silent,silent,silent,0.0,0.0,0.0,yes,13.61,yes,2.12,0.0,0.0,0.0,0.0,24.0,0.0,-57.80112748,405.255776,0.5,12.015,1.0,6.17,,,,,352.60144042968,18,5,F,no,Virgin-Gal -,P,JKAM54.2b,Gal-cre KI87; Rosa26 Tomato (Ai9),57.69416988,yes,silent,silent,silent,0.0,0.0,0.0,yes,13.61,yes,2.12,0.0,0.0,0.0,0.0,24.0,0.0,-57.80112748,405.255776,0.5,12.015,1.0,6.17,,,,
160,S1C2 22012023,105,40,9,1432.60144042968,1434.40258789062,1080.0,2080.0,5,F,no,Virgin-Gal -,P,JKAM54.2b,Gal-cre KI87; Rosa26 Tomato (Ai9),Pre,57.69416988,yes,silent,silent,silent,0.0,0.0,0.0,yes,13.61,yes,2.12,0.0,0.0,0.0,0.0,24.0,0.0,-57.80112748,405.255776,0.5,12.015,1.0,6.17,,,,,352.60144042968,18,144,F,no,Virgin-Gal -,P,JKAM54.2b,Gal-cre KI87; Rosa26 Tomato (Ai9),57.69416988,yes,silent,silent,silent,0.0,0.0,0.0,yes,13.61,yes,2.12,0.0,0.0,0.0,0.0,24.0,0.0,-57.80112748,405.255776,0.5,12.015,1.0,6.17,,,,
161,S1C2 22012023,115,49,10,1386.80102539062,1388.49621582031,1080.0,2080.0,5,F,no,Virgin-Gal -,P,JKAM54.2b,Gal-cre KI87; Rosa26 Tomato (Ai9),Pre,57.69416988,yes,silent,silent,silent,0.0,0.0,0.0,yes,13.61,yes,2.12,0.0,0.0,0.0,0.0,24.0,0.0,-57.80112748,405.255776,0.5,12.015,1.0,6.17,,,,,306.80102539062,18,5,F,no,Virgin-Gal -,P,JKAM54.2b,Gal-cre KI87; Rosa26 Tomato (Ai9),57.69416988,yes,silent,silent,silent,0.0,0.0,0.0,yes,13.61,yes,2.12,0.0,0.0,0.0,0.0,24.0,0.0,-57.80112748,405.255776,0.5,12.015,1.0,6.17,,,,
162,S1C2 22012023,115,49,10,1386.80102539062,1388.49621582031,1080.0,2080.0,5,F,no,Virgin-Gal -,P,JKAM54.2b,Gal-cre KI87; Rosa26 Tomato (Ai9),Pre,57.69416988,yes,silent,silent,silent,0.0,0.0,0.0,yes,13.61,yes,2.12,0.0,0.0,0.0,0.0,24.0,0.0,-57.80112748,405.255776,0.5,12.015,1.0,6.17,,,,,306.80102539062,18,144,F,no,Virgin-Gal -,P,JKAM54.2b,Gal-cre KI87; Rosa26 Tomato (Ai9),57.69416988,yes,silent,silent,silent,0.0,0.0,0.0,yes,13.61,yes,2.12,0.0,0.0,0.0,0.0,24.0,0.0,-57.80112748,405.255776,0.5,12.015,1.0,6.17,,,,
163,S1C2 22012023,125,58,11,1385.10144042968,1386.796875,1080.0,2080.0,5,F,no,Virgin-Gal -,P,JKAM54.2b,Gal-cre KI87; Rosa26 Tomato (Ai9),Pre,57.69416988,yes,silent,silent,silent,0.0,0.0,0.0,yes,13.61,yes,2.12,0.0,0.0,0.0,0.0,24.0,0.0,-57.80112748,405.255776,0.5,12.015,1.0,6.17,,,,,305.10144042968,16,5,F,no,Virgin-Gal -,P,JKAM54.2b,Gal-cre KI87; Rosa26 Tomato (Ai9),57.69416988,yes,silent,silent,silent,0.0,0.0,0.0,yes,13.61,yes,2.12,0.0,0.0,0.0,0.0,24.0,0.0,-57.80112748,405.255776,0.5,12.015,1.0,6.17,,,,
164,S1C2 22012023,125,58,11,1385.10144042968,1386.796875,1080.0,2080.0,5,F,no,Virgin-Gal -,P,JKAM54.2b,Gal-cre KI87; Rosa26 Tomato (Ai9),Pre,57.69416988,yes,silent,silent,silent,0.0,0.0,0.0,yes,13.61,yes,2.12,0.0,0.0,0.0,0.0,24.0,0.0,-57.80112748,405.255776,0.5,12.015,1.0,6.17,,,,,305.10144042968,16,144,F,no,Virgin-Gal -,P,JKAM54.2b,Gal-cre KI87; Rosa26 Tomato (Ai9),57.69416988,yes,silent,silent,silent,0.0,0.0,0.0,yes,13.61,yes,2.12,0.0,0.0,0.0,0.0,24.0,0.0,-57.80112748,405.255776,0.5,12.015,1.0,6.17,,,,
165,S1C2 22012023,135,66,12,1372.0,1373.796875,1080.0,2080.0,5,F,no,Virgin-Gal -,P,JKAM54.2b,Gal-cre KI87; Rosa26 Tomato (Ai9),Pre,57.69416988,yes,silent,silent,silent,0.0,0.0,0.0,yes,13.61,yes,2.12,0.0,0.0,0.0,0.0,24.0,0.0,-57.80112748,405.255776,0.5,12.015,1.0,6.17,,,,,292.0,20,5,F,no,Virgin-Gal -,P,JKAM54.2b,Gal-cre KI87; Rosa26 Tomato (Ai9),57.69416988,yes,silent,silent,silent,0.0,0.0,0.0,yes,13.61,yes,2.12,0.0,0.0,0.0,0.0,24.0,0.0,-57.80112748,405.255776,0.5,12.015,1.0,6.17,,,,
166,S1C2 22012023,135,66,12,1372.0,1373.796875,1080.0,2080.0,5,F,no,Virgin-Gal -,P,JKAM54.2b,Gal-cre KI87; Rosa26 Tomato (Ai9),Pre,57.69416988,yes,silent,silent,silent,0.0,0.0,0.0,yes,13.61,yes,2.12,0.0,0.0,0.0,0.0,24.0,0.0,-57.80112748,405.255776,0.5,12.015,1.0,6.17,,,,,292.0,20,144,F,no,Virgin-Gal -,P,JKAM54.2b,Gal-cre KI87; Rosa26 Tomato (Ai9),57.69416988,yes,silent,silent,silent,0.0,0.0,0.0,yes,13.61,yes,2.12,0.0,0.0,0.0,0.0,24.0,0.0,-57.80112748,405.255776,0.5,12.015,1.0,6.17,,,,
167,S1C2 22012023,145,76,13,1336.5,1338.20300292968,1080.0,2080.0,5,F,no,Virgin-Gal -,P,JKAM54.2b,Gal-cre KI87; Rosa26 Tomato (Ai9),Pre,57.69416988,yes,silent,silent,silent,0.0,0.0,0.0,yes,13.61,yes,2.12,0.0,0.0,0.0,0.0,24.0,0.0,-57.80112748,405.255776,0.5,12.015,1.0,6.17,,,,,256.5,20,5,F,no,Virgin-Gal -,P,JKAM54.2b,Gal-cre KI87; Rosa26 Tomato (Ai9),57.69416988,yes,silent,silent,silent,0.0,0.0,0.0,yes,13.61,yes,2.12,0.0,0.0,0.0,0.0,24.0,0.0,-57.80112748,405.255776,0.5,12.015,1.0,6.17,,,,
168,S1C2 22012023,145,76,13,1336.5,1338.20300292968,1080.0,2080.0,5,F,no,Virgin-Gal -,P,JKAM54.2b,Gal-cre KI87; Rosa26 Tomato (Ai9),Pre,57.69416988,yes,silent,silent,silent,0.0,0.0,0.0,yes,13.61,yes,2.12,0.0,0.0,0.0,0.0,24.0,0.0,-57.80112748,405.255776,0.5,12.015,1.0,6.17,,,,,256.5,20,144,F,no,Virgin-Gal -,P,JKAM54.2b,Gal-cre KI87; Rosa26 Tomato (Ai9),57.69416988,yes,silent,silent,silent,0.0,0.0,0.0,yes,13.61,yes,2.12,0.0,0.0,0.0,0.0,24.0,0.0,-57.80112748,405.255776,0.5,12.015,1.0,6.17,,,,
169,S1C2 24012023,25,0,1,2080.0,0.0,1080.0,2080.0,247,F,Unknown,virgin,P to E,BRAC7344.5d,WT,Agg+,34.89111732,yes,tonic,tonic,silent,0.83,1.17,1190.0,no,0.0,no,0.0,87.46,2.66,1.37,210.0,24.0,-51.35,-37.25370896,741.7270756,2.173333333,12.24,0.9,5.1697,,,,,1000.0,1,247,F,Unknown,virgin,P to E,BRAC7344.5d,WT,34.89111732,yes,tonic,tonic,silent,0.83,1.17,1190.0,no,0.0,no,0.0,87.46,2.66,1.37,210.0,24.0,-51.35,-37.25370896,741.7270756,2.173333333,12.24,0.9,5.1697,,,,
170,S1C2 24012023,35,1,2,1794.10009765625,1796.00012207031,1080.0,2080.0,247,F,Unknown,virgin,P to E,BRAC7344.5d,WT,Agg+,34.89111732,yes,tonic,tonic,silent,0.83,1.17,1190.0,no,0.0,no,0.0,87.46,2.66,1.37,210.0,24.0,-51.35,-37.25370896,741.7270756,2.173333333,12.24,0.9,5.1697,,,,,714.10009765625,2,247,F,Unknown,virgin,P to E,BRAC7344.5d,WT,34.89111732,yes,tonic,tonic,silent,0.83,1.17,1190.0,no,0.0,no,0.0,87.46,2.66,1.37,210.0,24.0,-51.35,-37.25370896,741.7270756,2.173333333,12.24,0.9,5.1697,,,,
171,S1C2 24012023,45,3,3,1759.7001953125,1761.599609375,1080.0,2080.0,247,F,Unknown,virgin,P to E,BRAC7344.5d,WT,Agg+,34.89111732,yes,tonic,tonic,silent,0.83,1.17,1190.0,no,0.0,no,0.0,87.46,2.66,1.37,210.0,24.0,-51.35,-37.25370896,741.7270756,2.173333333,12.24,0.9,5.1697,,,,,679.7001953125,4,247,F,Unknown,virgin,P to E,BRAC7344.5d,WT,34.89111732,yes,tonic,tonic,silent,0.83,1.17,1190.0,no,0.0,no,0.0,87.46,2.66,1.37,210.0,24.0,-51.35,-37.25370896,741.7270756,2.173333333,12.24,0.9,5.1697,,,,
172,S1C2 24012023,55,7,4,1657.40051269531,1659.298828125,1080.0,2080.0,247,F,Unknown,virgin,P to E,BRAC7344.5d,WT,Agg+,34.89111732,yes,tonic,tonic,silent,0.83,1.17,1190.0,no,0.0,no,0.0,87.46,2.66,1.37,210.0,24.0,-51.35,-37.25370896,741.7270756,2.173333333,12.24,0.9,5.1697,,,,,577.40051269531,6,247,F,Unknown,virgin,P to E,BRAC7344.5d,WT,34.89111732,yes,tonic,tonic,silent,0.83,1.17,1190.0,no,0.0,no,0.0,87.46,2.66,1.37,210.0,24.0,-51.35,-37.25370896,741.7270756,2.173333333,12.24,0.9,5.1697,,,,
173,S1C2 24012023,65,13,5,1563.30102539062,1565.19909667968,1080.0,2080.0,247,F,Unknown,virgin,P to E,BRAC7344.5d,WT,Agg+,34.89111732,yes,tonic,tonic,silent,0.83,1.17,1190.0,no,0.0,no,0.0,87.46,2.66,1.37,210.0,24.0,-51.35,-37.25370896,741.7270756,2.173333333,12.24,0.9,5.1697,,,,,483.30102539062,7,247,F,Unknown,virgin,P to E,BRAC7344.5d,WT,34.89111732,yes,tonic,tonic,silent,0.83,1.17,1190.0,no,0.0,no,0.0,87.46,2.66,1.37,210.0,24.0,-51.35,-37.25370896,741.7270756,2.173333333,12.24,0.9,5.1697,,,,
174,S1C2 24012023,75,20,6,1519.5,1521.40258789062,1080.0,2080.0,247,F,Unknown,virgin,P to E,BRAC7344.5d,WT,Agg+,34.89111732,yes,tonic,tonic,silent,0.83,1.17,1190.0,no,0.0,no,0.0,87.46,2.66,1.37,210.0,24.0,-51.35,-37.25370896,741.7270756,2.173333333,12.24,0.9,5.1697,,,,,439.5,8,247,F,Unknown,virgin,P to E,BRAC7344.5d,WT,34.89111732,yes,tonic,tonic,silent,0.83,1.17,1190.0,no,0.0,no,0.0,87.46,2.66,1.37,210.0,24.0,-51.35,-37.25370896,741.7270756,2.173333333,12.24,0.9,5.1697,,,,
175,S1C2 24012023,85,28,7,1460.5,1462.40258789062,1080.0,2080.0,247,F,Unknown,virgin,P to E,BRAC7344.5d,WT,Agg+,34.89111732,yes,tonic,tonic,silent,0.83,1.17,1190.0,no,0.0,no,0.0,87.46,2.66,1.37,210.0,24.0,-51.35,-37.25370896,741.7270756,2.173333333,12.24,0.9,5.1697,,,,,380.5,11,247,F,Unknown,virgin,P to E,BRAC7344.5d,WT,34.89111732,yes,tonic,tonic,silent,0.83,1.17,1190.0,no,0.0,no,0.0,87.46,2.66,1.37,210.0,24.0,-51.35,-37.25370896,741.7270756,2.173333333,12.24,0.9,5.1697,,,,
176,S1C2 24012023,95,39,8,1402.89855957031,1404.90258789062,1080.0,2080.0,247,F,Unknown,virgin,P to E,BRAC7344.5d,WT,Agg+,34.89111732,yes,tonic,tonic,silent,0.83,1.17,1190.0,no,0.0,no,0.0,87.46,2.66,1.37,210.0,24.0,-51.35,-37.25370896,741.7270756,2.173333333,12.24,0.9,5.1697,,,,,322.89855957031,11,247,F,Unknown,virgin,P to E,BRAC7344.5d,WT,34.89111732,yes,tonic,tonic,silent,0.83,1.17,1190.0,no,0.0,no,0.0,87.46,2.66,1.37,210.0,24.0,-51.35,-37.25370896,741.7270756,2.173333333,12.24,0.9,5.1697,,,,
177,S1C2 24012023,105,50,9,1380.80102539062,1382.70300292968,1080.0,2080.0,247,F,Unknown,virgin,P to E,BRAC7344.5d,WT,Agg+,34.89111732,yes,tonic,tonic,silent,0.83,1.17,1190.0,no,0.0,no,0.0,87.46,2.66,1.37,210.0,24.0,-51.35,-37.25370896,741.7270756,2.173333333,12.24,0.9,5.1697,,,,,300.80102539062,11,247,F,Unknown,virgin,P to E,BRAC7344.5d,WT,34.89111732,yes,tonic,tonic,silent,0.83,1.17,1190.0,no,0.0,no,0.0,87.46,2.66,1.37,210.0,24.0,-51.35,-37.25370896,741.7270756,2.173333333,12.24,0.9,5.1697,,,,
178,S1C2 24012023,115,61,10,1360.80102539062,1362.70300292968,1080.0,2080.0,247,F,Unknown,virgin,P to E,BRAC7344.5d,WT,Agg+,34.89111732,yes,tonic,tonic,silent,0.83,1.17,1190.0,no,0.0,no,0.0,87.46,2.66,1.37,210.0,24.0,-51.35,-37.25370896,741.7270756,2.173333333,12.24,0.9,5.1697,,,,,280.80102539062,8,247,F,Unknown,virgin,P to E,BRAC7344.5d,WT,34.89111732,yes,tonic,tonic,silent,0.83,1.17,1190.0,no,0.0,no,0.0,87.46,2.66,1.37,210.0,24.0,-51.35,-37.25370896,741.7270756,2.173333333,12.24,0.9,5.1697,,,,
179,S1C2 24012023,125,69,11,1336.80102539062,1338.70300292968,1080.0,2080.0,247,F,Unknown,virgin,P to E,BRAC7344.5d,WT,Agg+,34.89111732,yes,tonic,tonic,silent,0.83,1.17,1190.0,no,0.0,no,0.0,87.46,2.66,1.37,210.0,24.0,-51.35,-37.25370896,741.7270756,2.173333333,12.24,0.9,5.1697,,,,,256.80102539062,11,247,F,Unknown,virgin,P to E,BRAC7344.5d,WT,34.89111732,yes,tonic,tonic,silent,0.83,1.17,1190.0,no,0.0,no,0.0,87.46,2.66,1.37,210.0,24.0,-51.35,-37.25370896,741.7270756,2.173333333,12.24,0.9,5.1697,,,,
180,S1C2 24012023,135,80,12,1329.30102539062,1331.20300292968,1080.0,2080.0,247,F,Unknown,virgin,P to E,BRAC7344.5d,WT,Agg+,34.89111732,yes,tonic,tonic,silent,0.83,1.17,1190.0,no,0.0,no,0.0,87.46,2.66,1.37,210.0,24.0,-51.35,-37.25370896,741.7270756,2.173333333,12.24,0.9,5.1697,,,,,249.30102539062,11,247,F,Unknown,virgin,P to E,BRAC7344.5d,WT,34.89111732,yes,tonic,tonic,silent,0.83,1.17,1190.0,no,0.0,no,0.0,87.46,2.66,1.37,210.0,24.0,-51.35,-37.25370896,741.7270756,2.173333333,12.24,0.9,5.1697,,,,
181,S1C2 24012023,145,91,13,1324.80102539062,1326.70300292968,1080.0,2080.0,247,F,Unknown,virgin,P to E,BRAC7344.5d,WT,Agg+,34.89111732,yes,tonic,tonic,silent,0.83,1.17,1190.0,no,0.0,no,0.0,87.46,2.66,1.37,210.0,24.0,-51.35,-37.25370896,741.7270756,2.173333333,12.24,0.9,5.1697,,,,,244.80102539062,11,247,F,Unknown,virgin,P to E,BRAC7344.5d,WT,34.89111732,yes,tonic,tonic,silent,0.83,1.17,1190.0,no,0.0,no,0.0,87.46,2.66,1.37,210.0,24.0,-51.35,-37.25370896,741.7270756,2.173333333,12.24,0.9,5.1697,,,,
182,S1C2 27022023,25,0,1,1574.59997558593,1577.69995117187,1080.0,2080.0,257,F,Unknown,virgin,D,JKAM WT,WT,Agg+,69.66403162,no,silent,silent,silent,0.0,0.0,0.0,no,0.0,yes,3.45,0.0,0.0,0.0,0.0,9.0,0.0,-60.53016523,689.6,0.603174603,24.075,1.2,6.2,,,,,494.59997558593,2,257,F,Unknown,virgin,D,JKAM WT,WT,69.66403162,no,silent,silent,silent,0.0,0.0,0.0,no,0.0,yes,3.45,0.0,0.0,0.0,0.0,9.0,0.0,-60.53016523,689.6,0.603174603,24.075,1.2,6.2,,,,
183,S1C2 27022023,35,2,2,1404.7001953125,1407.7001953125,1080.0,2080.0,257,F,Unknown,virgin,D,JKAM WT,WT,Agg+,69.66403162,no,silent,silent,silent,0.0,0.0,0.0,no,0.0,yes,3.45,0.0,0.0,0.0,0.0,9.0,0.0,-60.53016523,689.6,0.603174603,24.075,1.2,6.2,,,,,324.7001953125,3,257,F,Unknown,virgin,D,JKAM WT,WT,69.66403162,no,silent,silent,silent,0.0,0.0,0.0,no,0.0,yes,3.45,0.0,0.0,0.0,0.0,9.0,0.0,-60.53016523,689.6,0.603174603,24.075,1.2,6.2,,,,
184,S1C2 27022023,45,5,3,1407.5,1410.599609375,1080.0,2080.0,257,F,Unknown,virgin,D,JKAM WT,WT,Agg+,69.66403162,no,silent,silent,silent,0.0,0.0,0.0,no,0.0,yes,3.45,0.0,0.0,0.0,0.0,9.0,0.0,-60.53016523,689.6,0.603174603,24.075,1.2,6.2,,,,,327.5,4,257,F,Unknown,virgin,D,JKAM WT,WT,69.66403162,no,silent,silent,silent,0.0,0.0,0.0,no,0.0,yes,3.45,0.0,0.0,0.0,0.0,9.0,0.0,-60.53016523,689.6,0.603174603,24.075,1.2,6.2,,,,
185,S1C2 27022023,55,9,4,1349.40051269531,1352.69909667968,1080.0,2080.0,257,F,Unknown,virgin,D,JKAM WT,WT,Agg+,69.66403162,no,silent,silent,silent,0.0,0.0,0.0,no,0.0,yes,3.45,0.0,0.0,0.0,0.0,9.0,0.0,-60.53016523,689.6,0.603174603,24.075,1.2,6.2,,,,,269.40051269531,5,257,F,Unknown,virgin,D,JKAM WT,WT,69.66403162,no,silent,silent,silent,0.0,0.0,0.0,no,0.0,yes,3.45,0.0,0.0,0.0,0.0,9.0,0.0,-60.53016523,689.6,0.603174603,24.075,1.2,6.2,,,,
186,S1C2 27022023,65,14,5,1336.30102539062,1339.69909667968,1080.0,2080.0,257,F,Unknown,virgin,D,JKAM WT,WT,Agg+,69.66403162,no,silent,silent,silent,0.0,0.0,0.0,no,0.0,yes,3.45,0.0,0.0,0.0,0.0,9.0,0.0,-60.53016523,689.6,0.603174603,24.075,1.2,6.2,,,,,256.30102539062,5,257,F,Unknown,virgin,D,JKAM WT,WT,69.66403162,no,silent,silent,silent,0.0,0.0,0.0,no,0.0,yes,3.45,0.0,0.0,0.0,0.0,9.0,0.0,-60.53016523,689.6,0.603174603,24.075,1.2,6.2,,,,
187,S1C2 27022023,75,19,6,1305.19921875,1308.599609375,1080.0,2080.0,257,F,Unknown,virgin,D,JKAM WT,WT,Agg+,69.66403162,no,silent,silent,silent,0.0,0.0,0.0,no,0.0,yes,3.45,0.0,0.0,0.0,0.0,9.0,0.0,-60.53016523,689.6,0.603174603,24.075,1.2,6.2,,,,,225.19921875,5,257,F,Unknown,virgin,D,JKAM WT,WT,69.66403162,no,silent,silent,silent,0.0,0.0,0.0,no,0.0,yes,3.45,0.0,0.0,0.0,0.0,9.0,0.0,-60.53016523,689.6,0.603174603,24.075,1.2,6.2,,,,
188,S1C2 27022023,85,24,7,1348.40051269531,1351.798828125,1080.0,2080.0,257,F,Unknown,virgin,D,JKAM WT,WT,Agg+,69.66403162,no,silent,silent,silent,0.0,0.0,0.0,no,0.0,yes,3.45,0.0,0.0,0.0,0.0,9.0,0.0,-60.53016523,689.6,0.603174603,24.075,1.2,6.2,,,,,268.40051269531,6,257,F,Unknown,virgin,D,JKAM WT,WT,69.66403162,no,silent,silent,silent,0.0,0.0,0.0,no,0.0,yes,3.45,0.0,0.0,0.0,0.0,9.0,0.0,-60.53016523,689.6,0.603174603,24.075,1.2,6.2,,,,
189,S1C2 27022023,95,30,8,1269.30102539062,1272.70300292968,1080.0,2080.0,257,F,Unknown,virgin,D,JKAM WT,WT,Agg+,69.66403162,no,silent,silent,silent,0.0,0.0,0.0,no,0.0,yes,3.45,0.0,0.0,0.0,0.0,9.0,0.0,-60.53016523,689.6,0.603174603,24.075,1.2,6.2,,,,,189.30102539062,6,257,F,Unknown,virgin,D,JKAM WT,WT,69.66403162,no,silent,silent,silent,0.0,0.0,0.0,no,0.0,yes,3.45,0.0,0.0,0.0,0.0,9.0,0.0,-60.53016523,689.6,0.603174603,24.075,1.2,6.2,,,,
190,S1C2 27022023,105,36,9,1315.69921875,1319.20300292968,1080.0,2080.0,257,F,Unknown,virgin,D,JKAM WT,WT,Agg+,69.66403162,no,silent,silent,silent,0.0,0.0,0.0,no,0.0,yes,3.45,0.0,0.0,0.0,0.0,9.0,0.0,-60.53016523,689.6,0.603174603,24.075,1.2,6.2,,,,,235.69921875,7,257,F,Unknown,virgin,D,JKAM WT,WT,69.66403162,no,silent,silent,silent,0.0,0.0,0.0,no,0.0,yes,3.45,0.0,0.0,0.0,0.0,9.0,0.0,-60.53016523,689.6,0.603174603,24.075,1.2,6.2,,,,
191,S1C2 27022023,115,43,10,1277.69921875,1281.20300292968,1080.0,2080.0,257,F,Unknown,virgin,D,JKAM WT,WT,Agg+,69.66403162,no,silent,silent,silent,0.0,0.0,0.0,no,0.0,yes,3.45,0.0,0.0,0.0,0.0,9.0,0.0,-60.53016523,689.6,0.603174603,24.075,1.2,6.2,,,,,197.69921875,7,257,F,Unknown,virgin,D,JKAM WT,WT,69.66403162,no,silent,silent,silent,0.0,0.0,0.0,no,0.0,yes,3.45,0.0,0.0,0.0,0.0,9.0,0.0,-60.53016523,689.6,0.603174603,24.075,1.2,6.2,,,,
192,S1C2 27022023,125,50,11,1269.69921875,1273.1015625,1080.0,2080.0,257,F,Unknown,virgin,D,JKAM WT,WT,Agg+,69.66403162,no,silent,silent,silent,0.0,0.0,0.0,no,0.0,yes,3.45,0.0,0.0,0.0,0.0,9.0,0.0,-60.53016523,689.6,0.603174603,24.075,1.2,6.2,,,,,189.69921875,8,257,F,Unknown,virgin,D,JKAM WT,WT,69.66403162,no,silent,silent,silent,0.0,0.0,0.0,no,0.0,yes,3.45,0.0,0.0,0.0,0.0,9.0,0.0,-60.53016523,689.6,0.603174603,24.075,1.2,6.2,,,,
193,S1C2 27022023,135,58,12,1252.80102539062,1256.296875,1080.0,2080.0,257,F,Unknown,virgin,D,JKAM WT,WT,Agg+,69.66403162,no,silent,silent,silent,0.0,0.0,0.0,no,0.0,yes,3.45,0.0,0.0,0.0,0.0,9.0,0.0,-60.53016523,689.6,0.603174603,24.075,1.2,6.2,,,,,172.80102539062,7,257,F,Unknown,virgin,D,JKAM WT,WT,69.66403162,no,silent,silent,silent,0.0,0.0,0.0,no,0.0,yes,3.45,0.0,0.0,0.0,0.0,9.0,0.0,-60.53016523,689.6,0.603174603,24.075,1.2,6.2,,,,
194,S1C2 27022023,145,65,13,1242.10144042968,1245.49621582031,1080.0,2080.0,257,F,Unknown,virgin,D,JKAM WT,WT,Agg+,69.66403162,no,silent,silent,silent,0.0,0.0,0.0,no,0.0,yes,3.45,0.0,0.0,0.0,0.0,9.0,0.0,-60.53016523,689.6,0.603174603,24.075,1.2,6.2,,,,,162.10144042968,8,257,F,Unknown,virgin,D,JKAM WT,WT,69.66403162,no,silent,silent,silent,0.0,0.0,0.0,no,0.0,yes,3.45,0.0,0.0,0.0,0.0,9.0,0.0,-60.53016523,689.6,0.603174603,24.075,1.2,6.2,,,,
195,S1C3 14022023,25,0,1,1873.19995117187,1875.59997558593,1080.0,2080.0,262,F,yes,virgin-Gal+,M,JKAM 55.2e,Gal-cre KI87; Rosa26 Tomato (Ai9),Agg+,50.52123288,no,silent,silent,silent,0.0,0.0,0.0,no,0.0,yes,3.54,0.0,0.0,0.0,0.0,18.0,0.0,-45.18191627,777.0,0.338435374,8.06,1.9,10.6,,,,,793.19995117187,1,262,F,yes,virgin-Gal+,M,JKAM 55.2e,Gal-cre KI87; Rosa26 Tomato (Ai9),50.52123288,no,silent,silent,silent,0.0,0.0,0.0,no,0.0,yes,3.54,0.0,0.0,0.0,0.0,18.0,0.0,-45.18191627,777.0,0.338435374,8.06,1.9,10.6,,,,
196,S1C3 14022023,35,1,2,1801.60009765625,1804.10009765625,1080.0,2080.0,262,F,yes,virgin-Gal+,M,JKAM 55.2e,Gal-cre KI87; Rosa26 Tomato (Ai9),Agg+,50.52123288,no,silent,silent,silent,0.0,0.0,0.0,no,0.0,yes,3.54,0.0,0.0,0.0,0.0,18.0,0.0,-45.18191627,777.0,0.338435374,8.06,1.9,10.6,,,,,721.60009765625,2,262,F,yes,virgin-Gal+,M,JKAM 55.2e,Gal-cre KI87; Rosa26 Tomato (Ai9),50.52123288,no,silent,silent,silent,0.0,0.0,0.0,no,0.0,yes,3.54,0.0,0.0,0.0,0.0,18.0,0.0,-45.18191627,777.0,0.338435374,8.06,1.9,10.6,,,,
197,S1C3 14022023,45,3,3,1617.2001953125,1619.69909667968,1080.0,2080.0,262,F,yes,virgin-Gal+,M,JKAM 55.2e,Gal-cre KI87; Rosa26 Tomato (Ai9),Agg+,50.52123288,no,silent,silent,silent,0.0,0.0,0.0,no,0.0,yes,3.54,0.0,0.0,0.0,0.0,18.0,0.0,-45.18191627,777.0,0.338435374,8.06,1.9,10.6,,,,,537.2001953125,3,262,F,yes,virgin-Gal+,M,JKAM 55.2e,Gal-cre KI87; Rosa26 Tomato (Ai9),50.52123288,no,silent,silent,silent,0.0,0.0,0.0,no,0.0,yes,3.54,0.0,0.0,0.0,0.0,18.0,0.0,-45.18191627,777.0,0.338435374,8.06,1.9,10.6,,,,
198,S1C3 14022023,55,6,4,1593.19921875,1595.69909667968,1080.0,2080.0,262,F,yes,virgin-Gal+,M,JKAM 55.2e,Gal-cre KI87; Rosa26 Tomato (Ai9),Agg+,50.52123288,no,silent,silent,silent,0.0,0.0,0.0,no,0.0,yes,3.54,0.0,0.0,0.0,0.0,18.0,0.0,-45.18191627,777.0,0.338435374,8.06,1.9,10.6,,,,,513.19921875,4,262,F,yes,virgin-Gal+,M,JKAM 55.2e,Gal-cre KI87; Rosa26 Tomato (Ai9),50.52123288,no,silent,silent,silent,0.0,0.0,0.0,no,0.0,yes,3.54,0.0,0.0,0.0,0.0,18.0,0.0,-45.18191627,777.0,0.338435374,8.06,1.9,10.6,,,,
199,S1C3 14022023,65,10,5,1514.0,1516.50012207031,1080.0,2080.0,262,F,yes,virgin-Gal+,M,JKAM 55.2e,Gal-cre KI87; Rosa26 Tomato (Ai9),Agg+,50.52123288,no,silent,silent,silent,0.0,0.0,0.0,no,0.0,yes,3.54,0.0,0.0,0.0,0.0,18.0,0.0,-45.18191627,777.0,0.338435374,8.06,1.9,10.6,,,,,434.0,6,262,F,yes,virgin-Gal+,M,JKAM 55.2e,Gal-cre KI87; Rosa26 Tomato (Ai9),50.52123288,no,silent,silent,silent,0.0,0.0,0.0,no,0.0,yes,3.54,0.0,0.0,0.0,0.0,18.0,0.0,-45.18191627,777.0,0.338435374,8.06,1.9,10.6,,,,
200,S1C3 14022023,75,16,6,1483.90051269531,1486.50012207031,1080.0,2080.0,262,F,yes,virgin-Gal+,M,JKAM 55.2e,Gal-cre KI87; Rosa26 Tomato (Ai9),Agg+,50.52123288,no,silent,silent,silent,0.0,0.0,0.0,no,0.0,yes,3.54,0.0,0.0,0.0,0.0,18.0,0.0,-45.18191627,777.0,0.338435374,8.06,1.9,10.6,,,,,403.90051269531,7,262,F,yes,virgin-Gal+,M,JKAM 55.2e,Gal-cre KI87; Rosa26 Tomato (Ai9),50.52123288,no,silent,silent,silent,0.0,0.0,0.0,no,0.0,yes,3.54,0.0,0.0,0.0,0.0,18.0,0.0,-45.18191627,777.0,0.338435374,8.06,1.9,10.6,,,,
201,S1C3 14022023,85,23,7,1428.19921875,1430.798828125,1080.0,2080.0,262,F,yes,virgin-Gal+,M,JKAM 55.2e,Gal-cre KI87; Rosa26 Tomato (Ai9),Agg+,50.52123288,no,silent,silent,silent,0.0,0.0,0.0,no,0.0,yes,3.54,0.0,0.0,0.0,0.0,18.0,0.0,-45.18191627,777.0,0.338435374,8.06,1.9,10.6,,,,,348.19921875,10,262,F,yes,virgin-Gal+,M,JKAM 55.2e,Gal-cre KI87; Rosa26 Tomato (Ai9),50.52123288,no,silent,silent,silent,0.0,0.0,0.0,no,0.0,yes,3.54,0.0,0.0,0.0,0.0,18.0,0.0,-45.18191627,777.0,0.338435374,8.06,1.9,10.6,,,,
202,S1C3 14022023,95,33,8,1407.5,1410.20300292968,1080.0,2080.0,262,F,yes,virgin-Gal+,M,JKAM 55.2e,Gal-cre KI87; Rosa26 Tomato (Ai9),Agg+,50.52123288,no,silent,silent,silent,0.0,0.0,0.0,no,0.0,yes,3.54,0.0,0.0,0.0,0.0,18.0,0.0,-45.18191627,777.0,0.338435374,8.06,1.9,10.6,,,,,327.5,12,262,F,yes,virgin-Gal+,M,JKAM 55.2e,Gal-cre KI87; Rosa26 Tomato (Ai9),50.52123288,no,silent,silent,silent,0.0,0.0,0.0,no,0.0,yes,3.54,0.0,0.0,0.0,0.0,18.0,0.0,-45.18191627,777.0,0.338435374,8.06,1.9,10.6,,,,
203,S1C3 14022023,105,45,9,1393.89855957031,1396.49621582031,1080.0,2080.0,262,F,yes,virgin-Gal+,M,JKAM 55.2e,Gal-cre KI87; Rosa26 Tomato (Ai9),Agg+,50.52123288,no,silent,silent,silent,0.0,0.0,0.0,no,0.0,yes,3.54,0.0,0.0,0.0,0.0,18.0,0.0,-45.18191627,777.0,0.338435374,8.06,1.9,10.6,,,,,313.89855957031,13,262,F,yes,virgin-Gal+,M,JKAM 55.2e,Gal-cre KI87; Rosa26 Tomato (Ai9),50.52123288,no,silent,silent,silent,0.0,0.0,0.0,no,0.0,yes,3.54,0.0,0.0,0.0,0.0,18.0,0.0,-45.18191627,777.0,0.338435374,8.06,1.9,10.6,,,,
204,S1C3 14022023,115,58,10,1343.89855957031,1346.49621582031,1080.0,2080.0,262,F,yes,virgin-Gal+,M,JKAM 55.2e,Gal-cre KI87; Rosa26 Tomato (Ai9),Agg+,50.52123288,no,silent,silent,silent,0.0,0.0,0.0,no,0.0,yes,3.54,0.0,0.0,0.0,0.0,18.0,0.0,-45.18191627,777.0,0.338435374,8.06,1.9,10.6,,,,,263.89855957031,16,262,F,yes,virgin-Gal+,M,JKAM 55.2e,Gal-cre KI87; Rosa26 Tomato (Ai9),50.52123288,no,silent,silent,silent,0.0,0.0,0.0,no,0.0,yes,3.54,0.0,0.0,0.0,0.0,18.0,0.0,-45.18191627,777.0,0.338435374,8.06,1.9,10.6,,,,
205,S1C3 14022023,125,74,11,1333.10144042968,1335.70300292968,1080.0,2080.0,262,F,yes,virgin-Gal+,M,JKAM 55.2e,Gal-cre KI87; Rosa26 Tomato (Ai9),Agg+,50.52123288,no,silent,silent,silent,0.0,0.0,0.0,no,0.0,yes,3.54,0.0,0.0,0.0,0.0,18.0,0.0,-45.18191627,777.0,0.338435374,8.06,1.9,10.6,,,,,253.10144042968,17,262,F,yes,virgin-Gal+,M,JKAM 55.2e,Gal-cre KI87; Rosa26 Tomato (Ai9),50.52123288,no,silent,silent,silent,0.0,0.0,0.0,no,0.0,yes,3.54,0.0,0.0,0.0,0.0,18.0,0.0,-45.18191627,777.0,0.338435374,8.06,1.9,10.6,,,,
206,S1C3 14022023,135,91,12,1316.30102539062,1318.90258789062,1080.0,2080.0,262,F,yes,virgin-Gal+,M,JKAM 55.2e,Gal-cre KI87; Rosa26 Tomato (Ai9),Agg+,50.52123288,no,silent,silent,silent,0.0,0.0,0.0,no,0.0,yes,3.54,0.0,0.0,0.0,0.0,18.0,0.0,-45.18191627,777.0,0.338435374,8.06,1.9,10.6,,,,,236.30102539062,16,262,F,yes,virgin-Gal+,M,JKAM 55.2e,Gal-cre KI87; Rosa26 Tomato (Ai9),50.52123288,no,silent,silent,silent,0.0,0.0,0.0,no,0.0,yes,3.54,0.0,0.0,0.0,0.0,18.0,0.0,-45.18191627,777.0,0.338435374,8.06,1.9,10.6,,,,
207,S1C3 14022023,145,107,13,1290.89855957031,1293.40258789062,1080.0,2080.0,262,F,yes,virgin-Gal+,M,JKAM 55.2e,Gal-cre KI87; Rosa26 Tomato (Ai9),Agg+,50.52123288,no,silent,silent,silent,0.0,0.0,0.0,no,0.0,yes,3.54,0.0,0.0,0.0,0.0,18.0,0.0,-45.18191627,777.0,0.338435374,8.06,1.9,10.6,,,,,210.89855957031,15,262,F,yes,virgin-Gal+,M,JKAM 55.2e,Gal-cre KI87; Rosa26 Tomato (Ai9),50.52123288,no,silent,silent,silent,0.0,0.0,0.0,no,0.0,yes,3.54,0.0,0.0,0.0,0.0,18.0,0.0,-45.18191627,777.0,0.338435374,8.06,1.9,10.6,,,,
208,S1C3 15022023,25,0,1,1305.80004882812,1307.90014648437,1080.0,2080.0,254,F,Unknown,virgin,E,JKAM WT,WT,Agg+,24.21464108,yes,phasic,phasic,silent,0.36,0.79,2725.0,yes,6.68,yes,4.52,82.24,3.8,1.58,286.0,3.0,-56.75,-49.49449883,1131.4,1.343234323,18.46,1.1,5.35,,,,,225.80004882812,5,254,F,Unknown,virgin,E,JKAM WT,WT,24.21464108,yes,phasic,phasic,silent,0.36,0.79,2725.0,yes,6.68,yes,4.52,82.24,3.8,1.58,286.0,3.0,-56.75,-49.49449883,1131.4,1.343234323,18.46,1.1,5.35,,,,
209,S1C3 15022023,35,5,2,1248.2001953125,1250.2001953125,1080.0,2080.0,254,F,Unknown,virgin,E,JKAM WT,WT,Agg+,24.21464108,yes,phasic,phasic,silent,0.36,0.79,2725.0,yes,6.68,yes,4.52,82.24,3.8,1.58,286.0,3.0,-56.75,-49.49449883,1131.4,1.343234323,18.46,1.1,5.35,,,,,168.2001953125,3,254,F,Unknown,virgin,E,JKAM WT,WT,24.21464108,yes,phasic,phasic,silent,0.36,0.79,2725.0,yes,6.68,yes,4.52,82.24,3.8,1.58,286.0,3.0,-56.75,-49.49449883,1131.4,1.343234323,18.46,1.1,5.35,,,,
210,S1C3 15022023,45,8,3,1225.40051269531,1227.39965820312,1080.0,2080.0,254,F,Unknown,virgin,E,JKAM WT,WT,Agg+,24.21464108,yes,phasic,phasic,silent,0.36,0.79,2725.0,yes,6.68,yes,4.52,82.24,3.8,1.58,286.0,3.0,-56.75,-49.49449883,1131.4,1.343234323,18.46,1.1,5.35,,,,,145.40051269531,3,254,F,Unknown,virgin,E,JKAM WT,WT,24.21464108,yes,phasic,phasic,silent,0.36,0.79,2725.0,yes,6.68,yes,4.52,82.24,3.8,1.58,286.0,3.0,-56.75,-49.49449883,1131.4,1.343234323,18.46,1.1,5.35,,,,
211,S1C3 15022023,55,11,4,1232.40051269531,1234.39965820312,1080.0,2080.0,254,F,Unknown,virgin,E,JKAM WT,WT,Agg+,24.21464108,yes,phasic,phasic,silent,0.36,0.79,2725.0,yes,6.68,yes,4.52,82.24,3.8,1.58,286.0,3.0,-56.75,-49.49449883,1131.4,1.343234323,18.46,1.1,5.35,,,,,152.40051269531,4,254,F,Unknown,virgin,E,JKAM WT,WT,24.21464108,yes,phasic,phasic,silent,0.36,0.79,2725.0,yes,6.68,yes,4.52,82.24,3.8,1.58,286.0,3.0,-56.75,-49.49449883,1131.4,1.343234323,18.46,1.1,5.35,,,,
212,S1C3 15022023,65,15,5,1197.5,1199.50012207031,1080.0,2080.0,254,F,Unknown,virgin,E,JKAM WT,WT,Agg+,24.21464108,yes,phasic,phasic,silent,0.36,0.79,2725.0,yes,6.68,yes,4.52,82.24,3.8,1.58,286.0,3.0,-56.75,-49.49449883,1131.4,1.343234323,18.46,1.1,5.35,,,,,117.5,3,254,F,Unknown,virgin,E,JKAM WT,WT,24.21464108,yes,phasic,phasic,silent,0.36,0.79,2725.0,yes,6.68,yes,4.52,82.24,3.8,1.58,286.0,3.0,-56.75,-49.49449883,1131.4,1.343234323,18.46,1.1,5.35,,,,
213,S1C3 15022023,75,18,6,1204.0,1205.90258789062,1080.0,2080.0,254,F,Unknown,virgin,E,JKAM WT,WT,Agg+,24.21464108,yes,phasic,phasic,silent,0.36,0.79,2725.0,yes,6.68,yes,4.52,82.24,3.8,1.58,286.0,3.0,-56.75,-49.49449883,1131.4,1.343234323,18.46,1.1,5.35,,,,,124.0,3,254,F,Unknown,virgin,E,JKAM WT,WT,24.21464108,yes,phasic,phasic,silent,0.36,0.79,2725.0,yes,6.68,yes,4.52,82.24,3.8,1.58,286.0,3.0,-56.75,-49.49449883,1131.4,1.343234323,18.46,1.1,5.35,,,,
214,S1C3 15022023,85,21,7,1204.80102539062,1206.69909667968,1080.0,2080.0,254,F,Unknown,virgin,E,JKAM WT,WT,Agg+,24.21464108,yes,phasic,phasic,silent,0.36,0.79,2725.0,yes,6.68,yes,4.52,82.24,3.8,1.58,286.0,3.0,-56.75,-49.49449883,1131.4,1.343234323,18.46,1.1,5.35,,,,,124.80102539062,3,254,F,Unknown,virgin,E,JKAM WT,WT,24.21464108,yes,phasic,phasic,silent,0.36,0.79,2725.0,yes,6.68,yes,4.52,82.24,3.8,1.58,286.0,3.0,-56.75,-49.49449883,1131.4,1.343234323,18.46,1.1,5.35,,,,
215,S1C3 15022023,95,24,8,1198.80102539062,1200.70300292968,1080.0,2080.0,254,F,Unknown,virgin,E,JKAM WT,WT,Agg+,24.21464108,yes,phasic,phasic,silent,0.36,0.79,2725.0,yes,6.68,yes,4.52,82.24,3.8,1.58,286.0,3.0,-56.75,-49.49449883,1131.4,1.343234323,18.46,1.1,5.35,,,,,118.80102539062,3,254,F,Unknown,virgin,E,JKAM WT,WT,24.21464108,yes,phasic,phasic,silent,0.36,0.79,2725.0,yes,6.68,yes,4.52,82.24,3.8,1.58,286.0,3.0,-56.75,-49.49449883,1131.4,1.343234323,18.46,1.1,5.35,,,,
216,S1C3 15022023,105,27,9,1181.89855957031,1183.70300292968,1080.0,2080.0,254,F,Unknown,virgin,E,JKAM WT,WT,Agg+,24.21464108,yes,phasic,phasic,silent,0.36,0.79,2725.0,yes,6.68,yes,4.52,82.24,3.8,1.58,286.0,3.0,-56.75,-49.49449883,1131.4,1.343234323,18.46,1.1,5.35,,,,,101.89855957031,3,254,F,Unknown,virgin,E,JKAM WT,WT,24.21464108,yes,phasic,phasic,silent,0.36,0.79,2725.0,yes,6.68,yes,4.52,82.24,3.8,1.58,286.0,3.0,-56.75,-49.49449883,1131.4,1.343234323,18.46,1.1,5.35,,,,
217,S1C3 15022023,115,30,10,1185.89855957031,1187.70300292968,1080.0,2080.0,254,F,Unknown,virgin,E,JKAM WT,WT,Agg+,24.21464108,yes,phasic,phasic,silent,0.36,0.79,2725.0,yes,6.68,yes,4.52,82.24,3.8,1.58,286.0,3.0,-56.75,-49.49449883,1131.4,1.343234323,18.46,1.1,5.35,,,,,105.89855957031,3,254,F,Unknown,virgin,E,JKAM WT,WT,24.21464108,yes,phasic,phasic,silent,0.36,0.79,2725.0,yes,6.68,yes,4.52,82.24,3.8,1.58,286.0,3.0,-56.75,-49.49449883,1131.4,1.343234323,18.46,1.1,5.35,,,,
218,S1C3 15022023,125,33,11,1173.89855957031,1175.796875,1080.0,2080.0,254,F,Unknown,virgin,E,JKAM WT,WT,Agg+,24.21464108,yes,phasic,phasic,silent,0.36,0.79,2725.0,yes,6.68,yes,4.52,82.24,3.8,1.58,286.0,3.0,-56.75,-49.49449883,1131.4,1.343234323,18.46,1.1,5.35,,,,,93.89855957031,3,254,F,Unknown,virgin,E,JKAM WT,WT,24.21464108,yes,phasic,phasic,silent,0.36,0.79,2725.0,yes,6.68,yes,4.52,82.24,3.8,1.58,286.0,3.0,-56.75,-49.49449883,1131.4,1.343234323,18.46,1.1,5.35,,,,
219,S1C3 15022023,135,36,12,1166.39855957031,1168.296875,1080.0,2080.0,254,F,Unknown,virgin,E,JKAM WT,WT,Agg+,24.21464108,yes,phasic,phasic,silent,0.36,0.79,2725.0,yes,6.68,yes,4.52,82.24,3.8,1.58,286.0,3.0,-56.75,-49.49449883,1131.4,1.343234323,18.46,1.1,5.35,,,,,86.39855957031,3,254,F,Unknown,virgin,E,JKAM WT,WT,24.21464108,yes,phasic,phasic,silent,0.36,0.79,2725.0,yes,6.68,yes,4.52,82.24,3.8,1.58,286.0,3.0,-56.75,-49.49449883,1131.4,1.343234323,18.46,1.1,5.35,,,,
220,S1C3 15022023,145,39,13,1169.10144042968,1170.90258789062,1080.0,2080.0,254,F,Unknown,virgin,E,JKAM WT,WT,Agg+,24.21464108,yes,phasic,phasic,silent,0.36,0.79,2725.0,yes,6.68,yes,4.52,82.24,3.8,1.58,286.0,3.0,-56.75,-49.49449883,1131.4,1.343234323,18.46,1.1,5.35,,,,,89.10144042968,3,254,F,Unknown,virgin,E,JKAM WT,WT,24.21464108,yes,phasic,phasic,silent,0.36,0.79,2725.0,yes,6.68,yes,4.52,82.24,3.8,1.58,286.0,3.0,-56.75,-49.49449883,1131.4,1.343234323,18.46,1.1,5.35,,,,
221,S1C3 20012023,25,0,1,2080.0,0.0,1080.0,2080.0,2,F,no,Virgin-Gal -,P,JKAM54.2d,Gal-cre KI87; Rosa26 Tomato (Ai9),Pre,50.91115175,yes,silent,silent,silent,0.0,0.0,0.0,no,0.0,no,0.0,0.0,0.0,0.0,0.0,42.0,0.0,-53.08462366,672.7667844,3.153536787,9.6,1.1,8.3191,,,,,1000.0,2,2,F,no,Virgin-Gal -,P,JKAM54.2d,Gal-cre KI87; Rosa26 Tomato (Ai9),50.91115175,yes,silent,silent,silent,0.0,0.0,0.0,no,0.0,no,0.0,0.0,0.0,0.0,0.0,42.0,0.0,-53.08462366,672.7667844,3.153536787,9.6,1.1,8.3191,,,,
222,S1C3 20012023,25,0,1,2080.0,0.0,1080.0,2080.0,2,F,no,Virgin-Gal -,P,JKAM54.2d,Gal-cre KI87; Rosa26 Tomato (Ai9),Pre,50.91115175,yes,silent,silent,silent,0.0,0.0,0.0,no,0.0,no,0.0,0.0,0.0,0.0,0.0,42.0,0.0,-53.08462366,672.7667844,3.153536787,9.6,1.1,8.3191,,,,,1000.0,2,141,F,no,Virgin-Gal -,P,JKAM54.2d,Gal-cre KI87; Rosa26 Tomato (Ai9),50.91115175,yes,silent,silent,silent,0.0,0.0,0.0,no,0.0,no,0.0,0.0,0.0,0.0,0.0,42.0,0.0,-53.08462366,672.7667844,3.153536787,9.6,1.1,8.3191,,,,
223,S1C3 20012023,35,1,2,2080.0,0.0,1080.0,2080.0,2,F,no,Virgin-Gal -,P,JKAM54.2d,Gal-cre KI87; Rosa26 Tomato (Ai9),Pre,50.91115175,yes,silent,silent,silent,0.0,0.0,0.0,no,0.0,no,0.0,0.0,0.0,0.0,0.0,42.0,0.0,-53.08462366,672.7667844,3.153536787,9.6,1.1,8.3191,,,,,1000.0,2,2,F,no,Virgin-Gal -,P,JKAM54.2d,Gal-cre KI87; Rosa26 Tomato (Ai9),50.91115175,yes,silent,silent,silent,0.0,0.0,0.0,no,0.0,no,0.0,0.0,0.0,0.0,0.0,42.0,0.0,-53.08462366,672.7667844,3.153536787,9.6,1.1,8.3191,,,,
224,S1C3 20012023,35,1,2,2080.0,0.0,1080.0,2080.0,2,F,no,Virgin-Gal -,P,JKAM54.2d,Gal-cre KI87; Rosa26 Tomato (Ai9),Pre,50.91115175,yes,silent,silent,silent,0.0,0.0,0.0,no,0.0,no,0.0,0.0,0.0,0.0,0.0,42.0,0.0,-53.08462366,672.7667844,3.153536787,9.6,1.1,8.3191,,,,,1000.0,2,141,F,no,Virgin-Gal -,P,JKAM54.2d,Gal-cre KI87; Rosa26 Tomato (Ai9),50.91115175,yes,silent,silent,silent,0.0,0.0,0.0,no,0.0,no,0.0,0.0,0.0,0.0,0.0,42.0,0.0,-53.08462366,672.7667844,3.153536787,9.6,1.1,8.3191,,,,
225,S1C3 20012023,45,2,3,2080.0,0.0,1080.0,2080.0,2,F,no,Virgin-Gal -,P,JKAM54.2d,Gal-cre KI87; Rosa26 Tomato (Ai9),Pre,50.91115175,yes,silent,silent,silent,0.0,0.0,0.0,no,0.0,no,0.0,0.0,0.0,0.0,0.0,42.0,0.0,-53.08462366,672.7667844,3.153536787,9.6,1.1,8.3191,,,,,1000.0,2,2,F,no,Virgin-Gal -,P,JKAM54.2d,Gal-cre KI87; Rosa26 Tomato (Ai9),50.91115175,yes,silent,silent,silent,0.0,0.0,0.0,no,0.0,no,0.0,0.0,0.0,0.0,0.0,42.0,0.0,-53.08462366,672.7667844,3.153536787,9.6,1.1,8.3191,,,,
226,S1C3 20012023,45,2,3,2080.0,0.0,1080.0,2080.0,2,F,no,Virgin-Gal -,P,JKAM54.2d,Gal-cre KI87; Rosa26 Tomato (Ai9),Pre,50.91115175,yes,silent,silent,silent,0.0,0.0,0.0,no,0.0,no,0.0,0.0,0.0,0.0,0.0,42.0,0.0,-53.08462366,672.7667844,3.153536787,9.6,1.1,8.3191,,,,,1000.0,2,141,F,no,Virgin-Gal -,P,JKAM54.2d,Gal-cre KI87; Rosa26 Tomato (Ai9),50.91115175,yes,silent,silent,silent,0.0,0.0,0.0,no,0.0,no,0.0,0.0,0.0,0.0,0.0,42.0,0.0,-53.08462366,672.7667844,3.153536787,9.6,1.1,8.3191,,,,
227,S1C3 20012023,55,3,4,2080.0,0.0,1080.0,2080.0,2,F,no,Virgin-Gal -,P,JKAM54.2d,Gal-cre KI87; Rosa26 Tomato (Ai9),Pre,50.91115175,yes,silent,silent,silent,0.0,0.0,0.0,no,0.0,no,0.0,0.0,0.0,0.0,0.0,42.0,0.0,-53.08462366,672.7667844,3.153536787,9.6,1.1,8.3191,,,,,1000.0,2,2,F,no,Virgin-Gal -,P,JKAM54.2d,Gal-cre KI87; Rosa26 Tomato (Ai9),50.91115175,yes,silent,silent,silent,0.0,0.0,0.0,no,0.0,no,0.0,0.0,0.0,0.0,0.0,42.0,0.0,-53.08462366,672.7667844,3.153536787,9.6,1.1,8.3191,,,,
228,S1C3 20012023,55,3,4,2080.0,0.0,1080.0,2080.0,2,F,no,Virgin-Gal -,P,JKAM54.2d,Gal-cre KI87; Rosa26 Tomato (Ai9),Pre,50.91115175,yes,silent,silent,silent,0.0,0.0,0.0,no,0.0,no,0.0,0.0,0.0,0.0,0.0,42.0,0.0,-53.08462366,672.7667844,3.153536787,9.6,1.1,8.3191,,,,,1000.0,2,141,F,no,Virgin-Gal -,P,JKAM54.2d,Gal-cre KI87; Rosa26 Tomato (Ai9),50.91115175,yes,silent,silent,silent,0.0,0.0,0.0,no,0.0,no,0.0,0.0,0.0,0.0,0.0,42.0,0.0,-53.08462366,672.7667844,3.153536787,9.6,1.1,8.3191,,,,
229,S1C3 20012023,65,4,5,1835.09948730468,1837.599609375,1080.0,2080.0,2,F,no,Virgin-Gal -,P,JKAM54.2d,Gal-cre KI87; Rosa26 Tomato (Ai9),Pre,50.91115175,yes,silent,silent,silent,0.0,0.0,0.0,no,0.0,no,0.0,0.0,0.0,0.0,0.0,42.0,0.0,-53.08462366,672.7667844,3.153536787,9.6,1.1,8.3191,,,,,755.09948730468,2,2,F,no,Virgin-Gal -,P,JKAM54.2d,Gal-cre KI87; Rosa26 Tomato (Ai9),50.91115175,yes,silent,silent,silent,0.0,0.0,0.0,no,0.0,no,0.0,0.0,0.0,0.0,0.0,42.0,0.0,-53.08462366,672.7667844,3.153536787,9.6,1.1,8.3191,,,,
230,S1C3 20012023,65,4,5,1835.09948730468,1837.599609375,1080.0,2080.0,2,F,no,Virgin-Gal -,P,JKAM54.2d,Gal-cre KI87; Rosa26 Tomato (Ai9),Pre,50.91115175,yes,silent,silent,silent,0.0,0.0,0.0,no,0.0,no,0.0,0.0,0.0,0.0,0.0,42.0,0.0,-53.08462366,672.7667844,3.153536787,9.6,1.1,8.3191,,,,,755.09948730468,2,141,F,no,Virgin-Gal -,P,JKAM54.2d,Gal-cre KI87; Rosa26 Tomato (Ai9),50.91115175,yes,silent,silent,silent,0.0,0.0,0.0,no,0.0,no,0.0,0.0,0.0,0.0,0.0,42.0,0.0,-53.08462366,672.7667844,3.153536787,9.6,1.1,8.3191,,,,
231,S1C3 20012023,75,5,6,1842.19921875,1844.69909667968,1080.0,2080.0,2,F,no,Virgin-Gal -,P,JKAM54.2d,Gal-cre KI87; Rosa26 Tomato (Ai9),Pre,50.91115175,yes,silent,silent,silent,0.0,0.0,0.0,no,0.0,no,0.0,0.0,0.0,0.0,0.0,42.0,0.0,-53.08462366,672.7667844,3.153536787,9.6,1.1,8.3191,,,,,762.19921875,2,2,F,no,Virgin-Gal -,P,JKAM54.2d,Gal-cre KI87; Rosa26 Tomato (Ai9),50.91115175,yes,silent,silent,silent,0.0,0.0,0.0,no,0.0,no,0.0,0.0,0.0,0.0,0.0,42.0,0.0,-53.08462366,672.7667844,3.153536787,9.6,1.1,8.3191,,,,
232,S1C3 20012023,75,5,6,1842.19921875,1844.69909667968,1080.0,2080.0,2,F,no,Virgin-Gal -,P,JKAM54.2d,Gal-cre KI87; Rosa26 Tomato (Ai9),Pre,50.91115175,yes,silent,silent,silent,0.0,0.0,0.0,no,0.0,no,0.0,0.0,0.0,0.0,0.0,42.0,0.0,-53.08462366,672.7667844,3.153536787,9.6,1.1,8.3191,,,,,762.19921875,2,141,F,no,Virgin-Gal -,P,JKAM54.2d,Gal-cre KI87; Rosa26 Tomato (Ai9),50.91115175,yes,silent,silent,silent,0.0,0.0,0.0,no,0.0,no,0.0,0.0,0.0,0.0,0.0,42.0,0.0,-53.08462366,672.7667844,3.153536787,9.6,1.1,8.3191,,,,
233,S1C3 20012023,85,6,7,1663.40051269531,1665.90258789062,1080.0,2080.0,2,F,no,Virgin-Gal -,P,JKAM54.2d,Gal-cre KI87; Rosa26 Tomato (Ai9),Pre,50.91115175,yes,silent,silent,silent,0.0,0.0,0.0,no,0.0,no,0.0,0.0,0.0,0.0,0.0,42.0,0.0,-53.08462366,672.7667844,3.153536787,9.6,1.1,8.3191,,,,,583.40051269531,4,2,F,no,Virgin-Gal -,P,JKAM54.2d,Gal-cre KI87; Rosa26 Tomato (Ai9),50.91115175,yes,silent,silent,silent,0.0,0.0,0.0,no,0.0,no,0.0,0.0,0.0,0.0,0.0,42.0,0.0,-53.08462366,672.7667844,3.153536787,9.6,1.1,8.3191,,,,
234,S1C3 20012023,85,6,7,1663.40051269531,1665.90258789062,1080.0,2080.0,2,F,no,Virgin-Gal -,P,JKAM54.2d,Gal-cre KI87; Rosa26 Tomato (Ai9),Pre,50.91115175,yes,silent,silent,silent,0.0,0.0,0.0,no,0.0,no,0.0,0.0,0.0,0.0,0.0,42.0,0.0,-53.08462366,672.7667844,3.153536787,9.6,1.1,8.3191,,,,,583.40051269531,4,141,F,no,Virgin-Gal -,P,JKAM54.2d,Gal-cre KI87; Rosa26 Tomato (Ai9),50.91115175,yes,silent,silent,silent,0.0,0.0,0.0,no,0.0,no,0.0,0.0,0.0,0.0,0.0,42.0,0.0,-53.08462366,672.7667844,3.153536787,9.6,1.1,8.3191,,,,
235,S1C3 20012023,95,8,8,1664.39855957031,1666.99621582031,1080.0,2080.0,2,F,no,Virgin-Gal -,P,JKAM54.2d,Gal-cre KI87; Rosa26 Tomato (Ai9),Pre,50.91115175,yes,silent,silent,silent,0.0,0.0,0.0,no,0.0,no,0.0,0.0,0.0,0.0,0.0,42.0,0.0,-53.08462366,672.7667844,3.153536787,9.6,1.1,8.3191,,,,,584.39855957031,6,2,F,no,Virgin-Gal -,P,JKAM54.2d,Gal-cre KI87; Rosa26 Tomato (Ai9),50.91115175,yes,silent,silent,silent,0.0,0.0,0.0,no,0.0,no,0.0,0.0,0.0,0.0,0.0,42.0,0.0,-53.08462366,672.7667844,3.153536787,9.6,1.1,8.3191,,,,
236,S1C3 20012023,95,8,8,1664.39855957031,1666.99621582031,1080.0,2080.0,2,F,no,Virgin-Gal -,P,JKAM54.2d,Gal-cre KI87; Rosa26 Tomato (Ai9),Pre,50.91115175,yes,silent,silent,silent,0.0,0.0,0.0,no,0.0,no,0.0,0.0,0.0,0.0,0.0,42.0,0.0,-53.08462366,672.7667844,3.153536787,9.6,1.1,8.3191,,,,,584.39855957031,6,141,F,no,Virgin-Gal -,P,JKAM54.2d,Gal-cre KI87; Rosa26 Tomato (Ai9),50.91115175,yes,silent,silent,silent,0.0,0.0,0.0,no,0.0,no,0.0,0.0,0.0,0.0,0.0,42.0,0.0,-53.08462366,672.7667844,3.153536787,9.6,1.1,8.3191,,,,
237,S1C3 20012023,105,11,9,1875.69921875,2078.99609375,1080.0,2080.0,2,F,no,Virgin-Gal -,P,JKAM54.2d,Gal-cre KI87; Rosa26 Tomato (Ai9),Pre,50.91115175,yes,silent,silent,silent,0.0,0.0,0.0,no,0.0,no,0.0,0.0,0.0,0.0,0.0,42.0,0.0,-53.08462366,672.7667844,3.153536787,9.6,1.1,8.3191,,,,,795.69921875,2,2,F,no,Virgin-Gal -,P,JKAM54.2d,Gal-cre KI87; Rosa26 Tomato (Ai9),50.91115175,yes,silent,silent,silent,0.0,0.0,0.0,no,0.0,no,0.0,0.0,0.0,0.0,0.0,42.0,0.0,-53.08462366,672.7667844,3.153536787,9.6,1.1,8.3191,,,,
238,S1C3 20012023,105,11,9,1875.69921875,2078.99609375,1080.0,2080.0,2,F,no,Virgin-Gal -,P,JKAM54.2d,Gal-cre KI87; Rosa26 Tomato (Ai9),Pre,50.91115175,yes,silent,silent,silent,0.0,0.0,0.0,no,0.0,no,0.0,0.0,0.0,0.0,0.0,42.0,0.0,-53.08462366,672.7667844,3.153536787,9.6,1.1,8.3191,,,,,795.69921875,2,141,F,no,Virgin-Gal -,P,JKAM54.2d,Gal-cre KI87; Rosa26 Tomato (Ai9),50.91115175,yes,silent,silent,silent,0.0,0.0,0.0,no,0.0,no,0.0,0.0,0.0,0.0,0.0,42.0,0.0,-53.08462366,672.7667844,3.153536787,9.6,1.1,8.3191,,,,
239,S1C3 20012023,115,12,10,1646.60144042968,1649.40258789062,1080.0,2080.0,2,F,no,Virgin-Gal -,P,JKAM54.2d,Gal-cre KI87; Rosa26 Tomato (Ai9),Pre,50.91115175,yes,silent,silent,silent,0.0,0.0,0.0,no,0.0,no,0.0,0.0,0.0,0.0,0.0,42.0,0.0,-53.08462366,672.7667844,3.153536787,9.6,1.1,8.3191,,,,,566.60144042968,6,2,F,no,Virgin-Gal -,P,JKAM54.2d,Gal-cre KI87; Rosa26 Tomato (Ai9),50.91115175,yes,silent,silent,silent,0.0,0.0,0.0,no,0.0,no,0.0,0.0,0.0,0.0,0.0,42.0,0.0,-53.08462366,672.7667844,3.153536787,9.6,1.1,8.3191,,,,
240,S1C3 20012023,115,12,10,1646.60144042968,1649.40258789062,1080.0,2080.0,2,F,no,Virgin-Gal -,P,JKAM54.2d,Gal-cre KI87; Rosa26 Tomato (Ai9),Pre,50.91115175,yes,silent,silent,silent,0.0,0.0,0.0,no,0.0,no,0.0,0.0,0.0,0.0,0.0,42.0,0.0,-53.08462366,672.7667844,3.153536787,9.6,1.1,8.3191,,,,,566.60144042968,6,141,F,no,Virgin-Gal -,P,JKAM54.2d,Gal-cre KI87; Rosa26 Tomato (Ai9),50.91115175,yes,silent,silent,silent,0.0,0.0,0.0,no,0.0,no,0.0,0.0,0.0,0.0,0.0,42.0,0.0,-53.08462366,672.7667844,3.153536787,9.6,1.1,8.3191,,,,
241,S1C3 20012023,125,15,11,1502.19921875,1504.6015625,1080.0,2080.0,2,F,no,Virgin-Gal -,P,JKAM54.2d,Gal-cre KI87; Rosa26 Tomato (Ai9),Pre,50.91115175,yes,silent,silent,silent,0.0,0.0,0.0,no,0.0,no,0.0,0.0,0.0,0.0,0.0,42.0,0.0,-53.08462366,672.7667844,3.153536787,9.6,1.1,8.3191,,,,,422.19921875,6,2,F,no,Virgin-Gal -,P,JKAM54.2d,Gal-cre KI87; Rosa26 Tomato (Ai9),50.91115175,yes,silent,silent,silent,0.0,0.0,0.0,no,0.0,no,0.0,0.0,0.0,0.0,0.0,42.0,0.0,-53.08462366,672.7667844,3.153536787,9.6,1.1,8.3191,,,,
242,S1C3 20012023,125,15,11,1502.19921875,1504.6015625,1080.0,2080.0,2,F,no,Virgin-Gal -,P,JKAM54.2d,Gal-cre KI87; Rosa26 Tomato (Ai9),Pre,50.91115175,yes,silent,silent,silent,0.0,0.0,0.0,no,0.0,no,0.0,0.0,0.0,0.0,0.0,42.0,0.0,-53.08462366,672.7667844,3.153536787,9.6,1.1,8.3191,,,,,422.19921875,6,141,F,no,Virgin-Gal -,P,JKAM54.2d,Gal-cre KI87; Rosa26 Tomato (Ai9),50.91115175,yes,silent,silent,silent,0.0,0.0,0.0,no,0.0,no,0.0,0.0,0.0,0.0,0.0,42.0,0.0,-53.08462366,672.7667844,3.153536787,9.6,1.1,8.3191,,,,
243,S1C3 20012023,135,18,12,1540.80102539062,1543.40258789062,1080.0,2080.0,2,F,no,Virgin-Gal -,P,JKAM54.2d,Gal-cre KI87; Rosa26 Tomato (Ai9),Pre,50.91115175,yes,silent,silent,silent,0.0,0.0,0.0,no,0.0,no,0.0,0.0,0.0,0.0,0.0,42.0,0.0,-53.08462366,672.7667844,3.153536787,9.6,1.1,8.3191,,,,,460.80102539062,8,2,F,no,Virgin-Gal -,P,JKAM54.2d,Gal-cre KI87; Rosa26 Tomato (Ai9),50.91115175,yes,silent,silent,silent,0.0,0.0,0.0,no,0.0,no,0.0,0.0,0.0,0.0,0.0,42.0,0.0,-53.08462366,672.7667844,3.153536787,9.6,1.1,8.3191,,,,
244,S1C3 20012023,135,18,12,1540.80102539062,1543.40258789062,1080.0,2080.0,2,F,no,Virgin-Gal -,P,JKAM54.2d,Gal-cre KI87; Rosa26 Tomato (Ai9),Pre,50.91115175,yes,silent,silent,silent,0.0,0.0,0.0,no,0.0,no,0.0,0.0,0.0,0.0,0.0,42.0,0.0,-53.08462366,672.7667844,3.153536787,9.6,1.1,8.3191,,,,,460.80102539062,8,141,F,no,Virgin-Gal -,P,JKAM54.2d,Gal-cre KI87; Rosa26 Tomato (Ai9),50.91115175,yes,silent,silent,silent,0.0,0.0,0.0,no,0.0,no,0.0,0.0,0.0,0.0,0.0,42.0,0.0,-53.08462366,672.7667844,3.153536787,9.6,1.1,8.3191,,,,
245,S1C3 20012023,145,22,13,1445.10144042968,1447.6015625,1080.0,2080.0,2,F,no,Virgin-Gal -,P,JKAM54.2d,Gal-cre KI87; Rosa26 Tomato (Ai9),Pre,50.91115175,yes,silent,silent,silent,0.0,0.0,0.0,no,0.0,no,0.0,0.0,0.0,0.0,0.0,42.0,0.0,-53.08462366,672.7667844,3.153536787,9.6,1.1,8.3191,,,,,365.10144042968,4,2,F,no,Virgin-Gal -,P,JKAM54.2d,Gal-cre KI87; Rosa26 Tomato (Ai9),50.91115175,yes,silent,silent,silent,0.0,0.0,0.0,no,0.0,no,0.0,0.0,0.0,0.0,0.0,42.0,0.0,-53.08462366,672.7667844,3.153536787,9.6,1.1,8.3191,,,,
246,S1C3 20012023,145,22,13,1445.10144042968,1447.6015625,1080.0,2080.0,2,F,no,Virgin-Gal -,P,JKAM54.2d,Gal-cre KI87; Rosa26 Tomato (Ai9),Pre,50.91115175,yes,silent,silent,silent,0.0,0.0,0.0,no,0.0,no,0.0,0.0,0.0,0.0,0.0,42.0,0.0,-53.08462366,672.7667844,3.153536787,9.6,1.1,8.3191,,,,,365.10144042968,4,141,F,no,Virgin-Gal -,P,JKAM54.2d,Gal-cre KI87; Rosa26 Tomato (Ai9),50.91115175,yes,silent,silent,silent,0.0,0.0,0.0,no,0.0,no,0.0,0.0,0.0,0.0,0.0,42.0,0.0,-53.08462366,672.7667844,3.153536787,9.6,1.1,8.3191,,,,
247,S1C3 22012023,25,0,1,1703.59997558593,1705.40014648437,1080.0,2080.0,6,F,no,Virgin-Gal -,M,JKAM54.2b,Gal-cre KI87; Rosa26 Tomato (Ai9),Pre,47.08339957,yes,tonic,tonic,silent,0.44,0.63,2242.0,yes,10.56,yes,7.93,89.2,3.36,1.37,266.0,12.0,-61.8,-45.86970101,697.065263,0.266343826,9.6,1.3,8.9,,,,,623.59997558593,4,6,F,no,Virgin-Gal -,M,JKAM54.2b,Gal-cre KI87; Rosa26 Tomato (Ai9),47.08339957,yes,tonic,tonic,silent,0.44,0.63,2242.0,yes,10.56,yes,7.93,89.2,3.36,1.37,266.0,12.0,-61.8,-45.86970101,697.065263,0.266343826,9.6,1.3,8.9,,,,
248,S1C3 22012023,25,0,1,1703.59997558593,1705.40014648437,1080.0,2080.0,6,F,no,Virgin-Gal -,M,JKAM54.2b,Gal-cre KI87; Rosa26 Tomato (Ai9),Pre,47.08339957,yes,tonic,tonic,silent,0.44,0.63,2242.0,yes,10.56,yes,7.93,89.2,3.36,1.37,266.0,12.0,-61.8,-45.86970101,697.065263,0.266343826,9.6,1.3,8.9,,,,,623.59997558593,4,145,F,no,Virgin-Gal -,M,JKAM54.2b,Gal-cre KI87; Rosa26 Tomato (Ai9),47.08339957,yes,tonic,tonic,silent,0.44,0.63,2242.0,yes,10.56,yes,7.93,89.2,3.36,1.37,266.0,12.0,-61.8,-45.86970101,697.065263,0.266343826,9.6,1.3,8.9,,,,
249,S1C3 22012023,35,2,2,1565.90002441406,1567.50012207031,1080.0,2080.0,6,F,no,Virgin-Gal -,M,JKAM54.2b,Gal-cre KI87; Rosa26 Tomato (Ai9),Pre,47.08339957,yes,tonic,tonic,silent,0.44,0.63,2242.0,yes,10.56,yes,7.93,89.2,3.36,1.37,266.0,12.0,-61.8,-45.86970101,697.065263,0.266343826,9.6,1.3,8.9,,,,,485.90002441406,6,6,F,no,Virgin-Gal -,M,JKAM54.2b,Gal-cre KI87; Rosa26 Tomato (Ai9),47.08339957,yes,tonic,tonic,silent,0.44,0.63,2242.0,yes,10.56,yes,7.93,89.2,3.36,1.37,266.0,12.0,-61.8,-45.86970101,697.065263,0.266343826,9.6,1.3,8.9,,,,
250,S1C3 22012023,35,2,2,1565.90002441406,1567.50012207031,1080.0,2080.0,6,F,no,Virgin-Gal -,M,JKAM54.2b,Gal-cre KI87; Rosa26 Tomato (Ai9),Pre,47.08339957,yes,tonic,tonic,silent,0.44,0.63,2242.0,yes,10.56,yes,7.93,89.2,3.36,1.37,266.0,12.0,-61.8,-45.86970101,697.065263,0.266343826,9.6,1.3,8.9,,,,,485.90002441406,6,145,F,no,Virgin-Gal -,M,JKAM54.2b,Gal-cre KI87; Rosa26 Tomato (Ai9),47.08339957,yes,tonic,tonic,silent,0.44,0.63,2242.0,yes,10.56,yes,7.93,89.2,3.36,1.37,266.0,12.0,-61.8,-45.86970101,697.065263,0.266343826,9.6,1.3,8.9,,,,
251,S1C3 22012023,45,5,3,1465.80004882812,1467.19909667968,1080.0,2080.0,6,F,no,Virgin-Gal -,M,JKAM54.2b,Gal-cre KI87; Rosa26 Tomato (Ai9),Pre,47.08339957,yes,tonic,tonic,silent,0.44,0.63,2242.0,yes,10.56,yes,7.93,89.2,3.36,1.37,266.0,12.0,-61.8,-45.86970101,697.065263,0.266343826,9.6,1.3,8.9,,,,,385.80004882812,8,6,F,no,Virgin-Gal -,M,JKAM54.2b,Gal-cre KI87; Rosa26 Tomato (Ai9),47.08339957,yes,tonic,tonic,silent,0.44,0.63,2242.0,yes,10.56,yes,7.93,89.2,3.36,1.37,266.0,12.0,-61.8,-45.86970101,697.065263,0.266343826,9.6,1.3,8.9,,,,
252,S1C3 22012023,45,5,3,1465.80004882812,1467.19909667968,1080.0,2080.0,6,F,no,Virgin-Gal -,M,JKAM54.2b,Gal-cre KI87; Rosa26 Tomato (Ai9),Pre,47.08339957,yes,tonic,tonic,silent,0.44,0.63,2242.0,yes,10.56,yes,7.93,89.2,3.36,1.37,266.0,12.0,-61.8,-45.86970101,697.065263,0.266343826,9.6,1.3,8.9,,,,,385.80004882812,8,145,F,no,Virgin-Gal -,M,JKAM54.2b,Gal-cre KI87; Rosa26 Tomato (Ai9),47.08339957,yes,tonic,tonic,silent,0.44,0.63,2242.0,yes,10.56,yes,7.93,89.2,3.36,1.37,266.0,12.0,-61.8,-45.86970101,697.065263,0.266343826,9.6,1.3,8.9,,,,
253,S1C3 22012023,55,9,4,1446.0,1447.599609375,1080.0,2080.0,6,F,no,Virgin-Gal -,M,JKAM54.2b,Gal-cre KI87; Rosa26 Tomato (Ai9),Pre,47.08339957,yes,tonic,tonic,silent,0.44,0.63,2242.0,yes,10.56,yes,7.93,89.2,3.36,1.37,266.0,12.0,-61.8,-45.86970101,697.065263,0.266343826,9.6,1.3,8.9,,,,,366.0,8,6,F,no,Virgin-Gal -,M,JKAM54.2b,Gal-cre KI87; Rosa26 Tomato (Ai9),47.08339957,yes,tonic,tonic,silent,0.44,0.63,2242.0,yes,10.56,yes,7.93,89.2,3.36,1.37,266.0,12.0,-61.8,-45.86970101,697.065263,0.266343826,9.6,1.3,8.9,,,,
254,S1C3 22012023,55,9,4,1446.0,1447.599609375,1080.0,2080.0,6,F,no,Virgin-Gal -,M,JKAM54.2b,Gal-cre KI87; Rosa26 Tomato (Ai9),Pre,47.08339957,yes,tonic,tonic,silent,0.44,0.63,2242.0,yes,10.56,yes,7.93,89.2,3.36,1.37,266.0,12.0,-61.8,-45.86970101,697.065263,0.266343826,9.6,1.3,8.9,,,,,366.0,8,145,F,no,Virgin-Gal -,M,JKAM54.2b,Gal-cre KI87; Rosa26 Tomato (Ai9),47.08339957,yes,tonic,tonic,silent,0.44,0.63,2242.0,yes,10.56,yes,7.93,89.2,3.36,1.37,266.0,12.0,-61.8,-45.86970101,697.065263,0.266343826,9.6,1.3,8.9,,,,
255,S1C3 22012023,65,13,5,1388.19921875,1390.00012207031,1080.0,2080.0,6,F,no,Virgin-Gal -,M,JKAM54.2b,Gal-cre KI87; Rosa26 Tomato (Ai9),Pre,47.08339957,yes,tonic,tonic,silent,0.44,0.63,2242.0,yes,10.56,yes,7.93,89.2,3.36,1.37,266.0,12.0,-61.8,-45.86970101,697.065263,0.266343826,9.6,1.3,8.9,,,,,308.19921875,10,6,F,no,Virgin-Gal -,M,JKAM54.2b,Gal-cre KI87; Rosa26 Tomato (Ai9),47.08339957,yes,tonic,tonic,silent,0.44,0.63,2242.0,yes,10.56,yes,7.93,89.2,3.36,1.37,266.0,12.0,-61.8,-45.86970101,697.065263,0.266343826,9.6,1.3,8.9,,,,
256,S1C3 22012023,65,13,5,1388.19921875,1390.00012207031,1080.0,2080.0,6,F,no,Virgin-Gal -,M,JKAM54.2b,Gal-cre KI87; Rosa26 Tomato (Ai9),Pre,47.08339957,yes,tonic,tonic,silent,0.44,0.63,2242.0,yes,10.56,yes,7.93,89.2,3.36,1.37,266.0,12.0,-61.8,-45.86970101,697.065263,0.266343826,9.6,1.3,8.9,,,,,308.19921875,10,145,F,no,Virgin-Gal -,M,JKAM54.2b,Gal-cre KI87; Rosa26 Tomato (Ai9),47.08339957,yes,tonic,tonic,silent,0.44,0.63,2242.0,yes,10.56,yes,7.93,89.2,3.36,1.37,266.0,12.0,-61.8,-45.86970101,697.065263,0.266343826,9.6,1.3,8.9,,,,
257,S1C3 22012023,75,18,6,1374.09948730468,1376.19909667968,1080.0,2080.0,6,F,no,Virgin-Gal -,M,JKAM54.2b,Gal-cre KI87; Rosa26 Tomato (Ai9),Pre,47.08339957,yes,tonic,tonic,silent,0.44,0.63,2242.0,yes,10.56,yes,7.93,89.2,3.36,1.37,266.0,12.0,-61.8,-45.86970101,697.065263,0.266343826,9.6,1.3,8.9,,,,,294.09948730468,10,6,F,no,Virgin-Gal -,M,JKAM54.2b,Gal-cre KI87; Rosa26 Tomato (Ai9),47.08339957,yes,tonic,tonic,silent,0.44,0.63,2242.0,yes,10.56,yes,7.93,89.2,3.36,1.37,266.0,12.0,-61.8,-45.86970101,697.065263,0.266343826,9.6,1.3,8.9,,,,
258,S1C3 22012023,75,18,6,1374.09948730468,1376.19909667968,1080.0,2080.0,6,F,no,Virgin-Gal -,M,JKAM54.2b,Gal-cre KI87; Rosa26 Tomato (Ai9),Pre,47.08339957,yes,tonic,tonic,silent,0.44,0.63,2242.0,yes,10.56,yes,7.93,89.2,3.36,1.37,266.0,12.0,-61.8,-45.86970101,697.065263,0.266343826,9.6,1.3,8.9,,,,,294.09948730468,10,145,F,no,Virgin-Gal -,M,JKAM54.2b,Gal-cre KI87; Rosa26 Tomato (Ai9),47.08339957,yes,tonic,tonic,silent,0.44,0.63,2242.0,yes,10.56,yes,7.93,89.2,3.36,1.37,266.0,12.0,-61.8,-45.86970101,697.065263,0.266343826,9.6,1.3,8.9,,,,
259,S1C3 22012023,85,23,7,1342.5,1344.50012207031,1080.0,2080.0,6,F,no,Virgin-Gal -,M,JKAM54.2b,Gal-cre KI87; Rosa26 Tomato (Ai9),Pre,47.08339957,yes,tonic,tonic,silent,0.44,0.63,2242.0,yes,10.56,yes,7.93,89.2,3.36,1.37,266.0,12.0,-61.8,-45.86970101,697.065263,0.266343826,9.6,1.3,8.9,,,,,262.5,12,6,F,no,Virgin-Gal -,M,JKAM54.2b,Gal-cre KI87; Rosa26 Tomato (Ai9),47.08339957,yes,tonic,tonic,silent,0.44,0.63,2242.0,yes,10.56,yes,7.93,89.2,3.36,1.37,266.0,12.0,-61.8,-45.86970101,697.065263,0.266343826,9.6,1.3,8.9,,,,
260,S1C3 22012023,85,23,7,1342.5,1344.50012207031,1080.0,2080.0,6,F,no,Virgin-Gal -,M,JKAM54.2b,Gal-cre KI87; Rosa26 Tomato (Ai9),Pre,47.08339957,yes,tonic,tonic,silent,0.44,0.63,2242.0,yes,10.56,yes,7.93,89.2,3.36,1.37,266.0,12.0,-61.8,-45.86970101,697.065263,0.266343826,9.6,1.3,8.9,,,,,262.5,12,145,F,no,Virgin-Gal -,M,JKAM54.2b,Gal-cre KI87; Rosa26 Tomato (Ai9),47.08339957,yes,tonic,tonic,silent,0.44,0.63,2242.0,yes,10.56,yes,7.93,89.2,3.36,1.37,266.0,12.0,-61.8,-45.86970101,697.065263,0.266343826,9.6,1.3,8.9,,,,
261,S1C3 22012023,95,29,8,1344.0,1345.70300292968,1080.0,2080.0,6,F,no,Virgin-Gal -,M,JKAM54.2b,Gal-cre KI87; Rosa26 Tomato (Ai9),Pre,47.08339957,yes,tonic,tonic,silent,0.44,0.63,2242.0,yes,10.56,yes,7.93,89.2,3.36,1.37,266.0,12.0,-61.8,-45.86970101,697.065263,0.266343826,9.6,1.3,8.9,,,,,264.0,14,6,F,no,Virgin-Gal -,M,JKAM54.2b,Gal-cre KI87; Rosa26 Tomato (Ai9),47.08339957,yes,tonic,tonic,silent,0.44,0.63,2242.0,yes,10.56,yes,7.93,89.2,3.36,1.37,266.0,12.0,-61.8,-45.86970101,697.065263,0.266343826,9.6,1.3,8.9,,,,
262,S1C3 22012023,95,29,8,1344.0,1345.70300292968,1080.0,2080.0,6,F,no,Virgin-Gal -,M,JKAM54.2b,Gal-cre KI87; Rosa26 Tomato (Ai9),Pre,47.08339957,yes,tonic,tonic,silent,0.44,0.63,2242.0,yes,10.56,yes,7.93,89.2,3.36,1.37,266.0,12.0,-61.8,-45.86970101,697.065263,0.266343826,9.6,1.3,8.9,,,,,264.0,14,145,F,no,Virgin-Gal -,M,JKAM54.2b,Gal-cre KI87; Rosa26 Tomato (Ai9),47.08339957,yes,tonic,tonic,silent,0.44,0.63,2242.0,yes,10.56,yes,7.93,89.2,3.36,1.37,266.0,12.0,-61.8,-45.86970101,697.065263,0.266343826,9.6,1.3,8.9,,,,
263,S1C3 22012023,105,36,9,1298.5,1300.20300292968,1080.0,2080.0,6,F,no,Virgin-Gal -,M,JKAM54.2b,Gal-cre KI87; Rosa26 Tomato (Ai9),Pre,47.08339957,yes,tonic,tonic,silent,0.44,0.63,2242.0,yes,10.56,yes,7.93,89.2,3.36,1.37,266.0,12.0,-61.8,-45.86970101,697.065263,0.266343826,9.6,1.3,8.9,,,,,218.5,12,6,F,no,Virgin-Gal -,M,JKAM54.2b,Gal-cre KI87; Rosa26 Tomato (Ai9),47.08339957,yes,tonic,tonic,silent,0.44,0.63,2242.0,yes,10.56,yes,7.93,89.2,3.36,1.37,266.0,12.0,-61.8,-45.86970101,697.065263,0.266343826,9.6,1.3,8.9,,,,
264,S1C3 22012023,105,36,9,1298.5,1300.20300292968,1080.0,2080.0,6,F,no,Virgin-Gal -,M,JKAM54.2b,Gal-cre KI87; Rosa26 Tomato (Ai9),Pre,47.08339957,yes,tonic,tonic,silent,0.44,0.63,2242.0,yes,10.56,yes,7.93,89.2,3.36,1.37,266.0,12.0,-61.8,-45.86970101,697.065263,0.266343826,9.6,1.3,8.9,,,,,218.5,12,145,F,no,Virgin-Gal -,M,JKAM54.2b,Gal-cre KI87; Rosa26 Tomato (Ai9),47.08339957,yes,tonic,tonic,silent,0.44,0.63,2242.0,yes,10.56,yes,7.93,89.2,3.36,1.37,266.0,12.0,-61.8,-45.86970101,697.065263,0.266343826,9.6,1.3,8.9,,,,
265,S1C3 22012023,115,42,10,1279.0,1280.90258789062,1080.0,2080.0,6,F,no,Virgin-Gal -,M,JKAM54.2b,Gal-cre KI87; Rosa26 Tomato (Ai9),Pre,47.08339957,yes,tonic,tonic,silent,0.44,0.63,2242.0,yes,10.56,yes,7.93,89.2,3.36,1.37,266.0,12.0,-61.8,-45.86970101,697.065263,0.266343826,9.6,1.3,8.9,,,,,199.0,14,6,F,no,Virgin-Gal -,M,JKAM54.2b,Gal-cre KI87; Rosa26 Tomato (Ai9),47.08339957,yes,tonic,tonic,silent,0.44,0.63,2242.0,yes,10.56,yes,7.93,89.2,3.36,1.37,266.0,12.0,-61.8,-45.86970101,697.065263,0.266343826,9.6,1.3,8.9,,,,
266,S1C3 22012023,115,42,10,1279.0,1280.90258789062,1080.0,2080.0,6,F,no,Virgin-Gal -,M,JKAM54.2b,Gal-cre KI87; Rosa26 Tomato (Ai9),Pre,47.08339957,yes,tonic,tonic,silent,0.44,0.63,2242.0,yes,10.56,yes,7.93,89.2,3.36,1.37,266.0,12.0,-61.8,-45.86970101,697.065263,0.266343826,9.6,1.3,8.9,,,,,199.0,14,145,F,no,Virgin-Gal -,M,JKAM54.2b,Gal-cre KI87; Rosa26 Tomato (Ai9),47.08339957,yes,tonic,tonic,silent,0.44,0.63,2242.0,yes,10.56,yes,7.93,89.2,3.36,1.37,266.0,12.0,-61.8,-45.86970101,697.065263,0.266343826,9.6,1.3,8.9,,,,
267,S1C3 22012023,125,49,11,1278.30102539062,1280.1015625,1080.0,2080.0,6,F,no,Virgin-Gal -,M,JKAM54.2b,Gal-cre KI87; Rosa26 Tomato (Ai9),Pre,47.08339957,yes,tonic,tonic,silent,0.44,0.63,2242.0,yes,10.56,yes,7.93,89.2,3.36,1.37,266.0,12.0,-61.8,-45.86970101,697.065263,0.266343826,9.6,1.3,8.9,,,,,198.30102539062,14,6,F,no,Virgin-Gal -,M,JKAM54.2b,Gal-cre KI87; Rosa26 Tomato (Ai9),47.08339957,yes,tonic,tonic,silent,0.44,0.63,2242.0,yes,10.56,yes,7.93,89.2,3.36,1.37,266.0,12.0,-61.8,-45.86970101,697.065263,0.266343826,9.6,1.3,8.9,,,,
268,S1C3 22012023,125,49,11,1278.30102539062,1280.1015625,1080.0,2080.0,6,F,no,Virgin-Gal -,M,JKAM54.2b,Gal-cre KI87; Rosa26 Tomato (Ai9),Pre,47.08339957,yes,tonic,tonic,silent,0.44,0.63,2242.0,yes,10.56,yes,7.93,89.2,3.36,1.37,266.0,12.0,-61.8,-45.86970101,697.065263,0.266343826,9.6,1.3,8.9,,,,,198.30102539062,14,145,F,no,Virgin-Gal -,M,JKAM54.2b,Gal-cre KI87; Rosa26 Tomato (Ai9),47.08339957,yes,tonic,tonic,silent,0.44,0.63,2242.0,yes,10.56,yes,7.93,89.2,3.36,1.37,266.0,12.0,-61.8,-45.86970101,697.065263,0.266343826,9.6,1.3,8.9,,,,
269,S1C3 22012023,135,56,12,1260.39855957031,1262.296875,1080.0,2080.0,6,F,no,Virgin-Gal -,M,JKAM54.2b,Gal-cre KI87; Rosa26 Tomato (Ai9),Pre,47.08339957,yes,tonic,tonic,silent,0.44,0.63,2242.0,yes,10.56,yes,7.93,89.2,3.36,1.37,266.0,12.0,-61.8,-45.86970101,697.065263,0.266343826,9.6,1.3,8.9,,,,,180.39855957031,10,6,F,no,Virgin-Gal -,M,JKAM54.2b,Gal-cre KI87; Rosa26 Tomato (Ai9),47.08339957,yes,tonic,tonic,silent,0.44,0.63,2242.0,yes,10.56,yes,7.93,89.2,3.36,1.37,266.0,12.0,-61.8,-45.86970101,697.065263,0.266343826,9.6,1.3,8.9,,,,
270,S1C3 22012023,135,56,12,1260.39855957031,1262.296875,1080.0,2080.0,6,F,no,Virgin-Gal -,M,JKAM54.2b,Gal-cre KI87; Rosa26 Tomato (Ai9),Pre,47.08339957,yes,tonic,tonic,silent,0.44,0.63,2242.0,yes,10.56,yes,7.93,89.2,3.36,1.37,266.0,12.0,-61.8,-45.86970101,697.065263,0.266343826,9.6,1.3,8.9,,,,,180.39855957031,10,145,F,no,Virgin-Gal -,M,JKAM54.2b,Gal-cre KI87; Rosa26 Tomato (Ai9),47.08339957,yes,tonic,tonic,silent,0.44,0.63,2242.0,yes,10.56,yes,7.93,89.2,3.36,1.37,266.0,12.0,-61.8,-45.86970101,697.065263,0.266343826,9.6,1.3,8.9,,,,
271,S1C3 22012023,145,61,13,1263.5,1265.40258789062,1080.0,2080.0,6,F,no,Virgin-Gal -,M,JKAM54.2b,Gal-cre KI87; Rosa26 Tomato (Ai9),Pre,47.08339957,yes,tonic,tonic,silent,0.44,0.63,2242.0,yes,10.56,yes,7.93,89.2,3.36,1.37,266.0,12.0,-61.8,-45.86970101,697.065263,0.266343826,9.6,1.3,8.9,,,,,183.5,12,6,F,no,Virgin-Gal -,M,JKAM54.2b,Gal-cre KI87; Rosa26 Tomato (Ai9),47.08339957,yes,tonic,tonic,silent,0.44,0.63,2242.0,yes,10.56,yes,7.93,89.2,3.36,1.37,266.0,12.0,-61.8,-45.86970101,697.065263,0.266343826,9.6,1.3,8.9,,,,
272,S1C3 22012023,145,61,13,1263.5,1265.40258789062,1080.0,2080.0,6,F,no,Virgin-Gal -,M,JKAM54.2b,Gal-cre KI87; Rosa26 Tomato (Ai9),Pre,47.08339957,yes,tonic,tonic,silent,0.44,0.63,2242.0,yes,10.56,yes,7.93,89.2,3.36,1.37,266.0,12.0,-61.8,-45.86970101,697.065263,0.266343826,9.6,1.3,8.9,,,,,183.5,12,145,F,no,Virgin-Gal -,M,JKAM54.2b,Gal-cre KI87; Rosa26 Tomato (Ai9),47.08339957,yes,tonic,tonic,silent,0.44,0.63,2242.0,yes,10.56,yes,7.93,89.2,3.36,1.37,266.0,12.0,-61.8,-45.86970101,697.065263,0.266343826,9.6,1.3,8.9,,,,
273,S1C3 23012023,25,0,1,1601.0,1603.0,1080.0,2080.0,242,F,Unknown,virgin,D,BRAC7344.5e,WT,Agg+,35.06807322,yes,silent,silent,silent,0.0,0.0,0.0,no,0.0,yes,5.55,0.0,0.0,0.0,0.0,27.0,0.0,-39.04526531,829.7533337,0.08,8.47,1.4,19.893,,,,,521.0,5,242,F,Unknown,virgin,D,BRAC7344.5e,WT,35.06807322,yes,silent,silent,silent,0.0,0.0,0.0,no,0.0,yes,5.55,0.0,0.0,0.0,0.0,27.0,0.0,-39.04526531,829.7533337,0.08,8.47,1.4,19.893,,,,
274,S1C3 23012023,35,5,2,1426.30004882812,1428.2001953125,1080.0,2080.0,242,F,Unknown,virgin,D,BRAC7344.5e,WT,Agg+,35.06807322,yes,silent,silent,silent,0.0,0.0,0.0,no,0.0,yes,5.55,0.0,0.0,0.0,0.0,27.0,0.0,-39.04526531,829.7533337,0.08,8.47,1.4,19.893,,,,,346.30004882812,7,242,F,Unknown,virgin,D,BRAC7344.5e,WT,35.06807322,yes,silent,silent,silent,0.0,0.0,0.0,no,0.0,yes,5.55,0.0,0.0,0.0,0.0,27.0,0.0,-39.04526531,829.7533337,0.08,8.47,1.4,19.893,,,,
275,S1C3 23012023,45,12,3,1389.0,1391.00109863281,1080.0,2080.0,242,F,Unknown,virgin,D,BRAC7344.5e,WT,Agg+,35.06807322,yes,silent,silent,silent,0.0,0.0,0.0,no,0.0,yes,5.55,0.0,0.0,0.0,0.0,27.0,0.0,-39.04526531,829.7533337,0.08,8.47,1.4,19.893,,,,,309.0,9,242,F,Unknown,virgin,D,BRAC7344.5e,WT,35.06807322,yes,silent,silent,silent,0.0,0.0,0.0,no,0.0,yes,5.55,0.0,0.0,0.0,0.0,27.0,0.0,-39.04526531,829.7533337,0.08,8.47,1.4,19.893,,,,
276,S1C3 23012023,55,21,4,1404.69921875,1406.69909667968,1080.0,2080.0,242,F,Unknown,virgin,D,BRAC7344.5e,WT,Agg+,35.06807322,yes,silent,silent,silent,0.0,0.0,0.0,no,0.0,yes,5.55,0.0,0.0,0.0,0.0,27.0,0.0,-39.04526531,829.7533337,0.08,8.47,1.4,19.893,,,,,324.69921875,9,242,F,Unknown,virgin,D,BRAC7344.5e,WT,35.06807322,yes,silent,silent,silent,0.0,0.0,0.0,no,0.0,yes,5.55,0.0,0.0,0.0,0.0,27.0,0.0,-39.04526531,829.7533337,0.08,8.47,1.4,19.893,,,,
277,S1C3 23012023,65,30,5,1313.19921875,1315.099609375,1080.0,2080.0,242,F,Unknown,virgin,D,BRAC7344.5e,WT,Agg+,35.06807322,yes,silent,silent,silent,0.0,0.0,0.0,no,0.0,yes,5.55,0.0,0.0,0.0,0.0,27.0,0.0,-39.04526531,829.7533337,0.08,8.47,1.4,19.893,,,,,233.19921875,11,242,F,Unknown,virgin,D,BRAC7344.5e,WT,35.06807322,yes,silent,silent,silent,0.0,0.0,0.0,no,0.0,yes,5.55,0.0,0.0,0.0,0.0,27.0,0.0,-39.04526531,829.7533337,0.08,8.47,1.4,19.893,,,,
278,S1C3 23012023,75,41,6,1300.19921875,1302.19909667968,1080.0,2080.0,242,F,Unknown,virgin,D,BRAC7344.5e,WT,Agg+,35.06807322,yes,silent,silent,silent,0.0,0.0,0.0,no,0.0,yes,5.55,0.0,0.0,0.0,0.0,27.0,0.0,-39.04526531,829.7533337,0.08,8.47,1.4,19.893,,,,,220.19921875,12,242,F,Unknown,virgin,D,BRAC7344.5e,WT,35.06807322,yes,silent,silent,silent,0.0,0.0,0.0,no,0.0,yes,5.55,0.0,0.0,0.0,0.0,27.0,0.0,-39.04526531,829.7533337,0.08,8.47,1.4,19.893,,,,
279,S1C3 23012023,85,53,7,1277.80102539062,1279.69909667968,1080.0,2080.0,242,F,Unknown,virgin,D,BRAC7344.5e,WT,Agg+,35.06807322,yes,silent,silent,silent,0.0,0.0,0.0,no,0.0,yes,5.55,0.0,0.0,0.0,0.0,27.0,0.0,-39.04526531,829.7533337,0.08,8.47,1.4,19.893,,,,,197.80102539062,25,242,F,Unknown,virgin,D,BRAC7344.5e,WT,35.06807322,yes,silent,silent,silent,0.0,0.0,0.0,no,0.0,yes,5.55,0.0,0.0,0.0,0.0,27.0,0.0,-39.04526531,829.7533337,0.08,8.47,1.4,19.893,,,,
280,S1C3 23012023,95,78,9,1245.19921875,1247.20300292968,1080.0,2080.0,242,F,Unknown,virgin,D,BRAC7344.5e,WT,Agg+,35.06807322,yes,silent,silent,silent,0.0,0.0,0.0,no,0.0,yes,5.55,0.0,0.0,0.0,0.0,27.0,0.0,-39.04526531,829.7533337,0.08,8.47,1.4,19.893,,,,,165.19921875,13,242,F,Unknown,virgin,D,BRAC7344.5e,WT,35.06807322,yes,silent,silent,silent,0.0,0.0,0.0,no,0.0,yes,5.55,0.0,0.0,0.0,0.0,27.0,0.0,-39.04526531,829.7533337,0.08,8.47,1.4,19.893,,,,
281,S1C3 23012023,105,91,10,1236.69921875,1238.6015625,1080.0,2080.0,242,F,Unknown,virgin,D,BRAC7344.5e,WT,Agg+,35.06807322,yes,silent,silent,silent,0.0,0.0,0.0,no,0.0,yes,5.55,0.0,0.0,0.0,0.0,27.0,0.0,-39.04526531,829.7533337,0.08,8.47,1.4,19.893,,,,,156.69921875,12,242,F,Unknown,virgin,D,BRAC7344.5e,WT,35.06807322,yes,silent,silent,silent,0.0,0.0,0.0,no,0.0,yes,5.55,0.0,0.0,0.0,0.0,27.0,0.0,-39.04526531,829.7533337,0.08,8.47,1.4,19.893,,,,
282,S1C3 23012023,115,103,11,1225.80102539062,1227.70300292968,1080.0,2080.0,242,F,Unknown,virgin,D,BRAC7344.5e,WT,Agg+,35.06807322,yes,silent,silent,silent,0.0,0.0,0.0,no,0.0,yes,5.55,0.0,0.0,0.0,0.0,27.0,0.0,-39.04526531,829.7533337,0.08,8.47,1.4,19.893,,,,,145.80102539062,11,242,F,Unknown,virgin,D,BRAC7344.5e,WT,35.06807322,yes,silent,silent,silent,0.0,0.0,0.0,no,0.0,yes,5.55,0.0,0.0,0.0,0.0,27.0,0.0,-39.04526531,829.7533337,0.08,8.47,1.4,19.893,,,,
283,S1C3 23012023,125,114,12,1230.39855957031,1232.296875,1080.0,2080.0,242,F,Unknown,virgin,D,BRAC7344.5e,WT,Agg+,35.06807322,yes,silent,silent,silent,0.0,0.0,0.0,no,0.0,yes,5.55,0.0,0.0,0.0,0.0,27.0,0.0,-39.04526531,829.7533337,0.08,8.47,1.4,19.893,,,,,150.39855957031,10,242,F,Unknown,virgin,D,BRAC7344.5e,WT,35.06807322,yes,silent,silent,silent,0.0,0.0,0.0,no,0.0,yes,5.55,0.0,0.0,0.0,0.0,27.0,0.0,-39.04526531,829.7533337,0.08,8.47,1.4,19.893,,,,
284,S1C3 23012023,135,124,13,1201.0,1202.796875,1080.0,2080.0,242,F,Unknown,virgin,D,BRAC7344.5e,WT,Agg+,35.06807322,yes,silent,silent,silent,0.0,0.0,0.0,no,0.0,yes,5.55,0.0,0.0,0.0,0.0,27.0,0.0,-39.04526531,829.7533337,0.08,8.47,1.4,19.893,,,,,121.0,10,242,F,Unknown,virgin,D,BRAC7344.5e,WT,35.06807322,yes,silent,silent,silent,0.0,0.0,0.0,no,0.0,yes,5.55,0.0,0.0,0.0,0.0,27.0,0.0,-39.04526531,829.7533337,0.08,8.47,1.4,19.893,,,,
285,S1C3 23012023,145,134,14,1210.29699707031,1212.1015625,1080.0,2080.0,242,F,Unknown,virgin,D,BRAC7344.5e,WT,Agg+,35.06807322,yes,silent,silent,silent,0.0,0.0,0.0,no,0.0,yes,5.55,0.0,0.0,0.0,0.0,27.0,0.0,-39.04526531,829.7533337,0.08,8.47,1.4,19.893,,,,,130.29699707031,11,242,F,Unknown,virgin,D,BRAC7344.5e,WT,35.06807322,yes,silent,silent,silent,0.0,0.0,0.0,no,0.0,yes,5.55,0.0,0.0,0.0,0.0,27.0,0.0,-39.04526531,829.7533337,0.08,8.47,1.4,19.893,,,,
286,S1C3 24012023,25,0,1,2080.0,0.0,1080.0,2080.0,248,F,Unknown,virgin,P to E,BRAC7344.5d,WT,Agg+,58.73685591,no,tonic,tonic,silent,0.56,1.0,1779.0,no,0.0,no,0.0,98.4,1.72,0.78,156.0,30.0,-56.35,-43.91255068,606.7517525,4.176470588,15.179,0.9,7.13,,,,,1000.0,1,248,F,Unknown,virgin,P to E,BRAC7344.5d,WT,58.73685591,no,tonic,tonic,silent,0.56,1.0,1779.0,no,0.0,no,0.0,98.4,1.72,0.78,156.0,30.0,-56.35,-43.91255068,606.7517525,4.176470588,15.179,0.9,7.13,,,,
287,S1C3 24012023,35,1,2,1951.80004882812,1953.2001953125,1080.0,2080.0,248,F,Unknown,virgin,P to E,BRAC7344.5d,WT,Agg+,58.73685591,no,tonic,tonic,silent,0.56,1.0,1779.0,no,0.0,no,0.0,98.4,1.72,0.78,156.0,30.0,-56.35,-43.91255068,606.7517525,4.176470588,15.179,0.9,7.13,,,,,871.80004882812,1,248,F,Unknown,virgin,P to E,BRAC7344.5d,WT,58.73685591,no,tonic,tonic,silent,0.56,1.0,1779.0,no,0.0,no,0.0,98.4,1.72,0.78,156.0,30.0,-56.35,-43.91255068,606.7517525,4.176470588,15.179,0.9,7.13,,,,
288,S1C3 24012023,45,2,3,1837.30004882812,1838.80078125,1080.0,2080.0,248,F,Unknown,virgin,P to E,BRAC7344.5d,WT,Agg+,58.73685591,no,tonic,tonic,silent,0.56,1.0,1779.0,no,0.0,no,0.0,98.4,1.72,0.78,156.0,30.0,-56.35,-43.91255068,606.7517525,4.176470588,15.179,0.9,7.13,,,,,757.30004882812,2,248,F,Unknown,virgin,P to E,BRAC7344.5d,WT,58.73685591,no,tonic,tonic,silent,0.56,1.0,1779.0,no,0.0,no,0.0,98.4,1.72,0.78,156.0,30.0,-56.35,-43.91255068,606.7517525,4.176470588,15.179,0.9,7.13,,,,
289,S1C3 24012023,55,4,4,1687.40051269531,1688.90258789062,1080.0,2080.0,248,F,Unknown,virgin,P to E,BRAC7344.5d,WT,Agg+,58.73685591,no,tonic,tonic,silent,0.56,1.0,1779.0,no,0.0,no,0.0,98.4,1.72,0.78,156.0,30.0,-56.35,-43.91255068,606.7517525,4.176470588,15.179,0.9,7.13,,,,,607.40051269531,4,248,F,Unknown,virgin,P to E,BRAC7344.5d,WT,58.73685591,no,tonic,tonic,silent,0.56,1.0,1779.0,no,0.0,no,0.0,98.4,1.72,0.78,156.0,30.0,-56.35,-43.91255068,606.7517525,4.176470588,15.179,0.9,7.13,,,,
290,S1C3 24012023,65,8,5,1666.59948730468,1668.099609375,1080.0,2080.0,248,F,Unknown,virgin,P to E,BRAC7344.5d,WT,Agg+,58.73685591,no,tonic,tonic,silent,0.56,1.0,1779.0,no,0.0,no,0.0,98.4,1.72,0.78,156.0,30.0,-56.35,-43.91255068,606.7517525,4.176470588,15.179,0.9,7.13,,,,,586.59948730468,5,248,F,Unknown,virgin,P to E,BRAC7344.5d,WT,58.73685591,no,tonic,tonic,silent,0.56,1.0,1779.0,no,0.0,no,0.0,98.4,1.72,0.78,156.0,30.0,-56.35,-43.91255068,606.7517525,4.176470588,15.179,0.9,7.13,,,,
291,S1C3 24012023,75,13,6,1665.40051269531,1666.90258789062,1080.0,2080.0,248,F,Unknown,virgin,P to E,BRAC7344.5d,WT,Agg+,58.73685591,no,tonic,tonic,silent,0.56,1.0,1779.0,no,0.0,no,0.0,98.4,1.72,0.78,156.0,30.0,-56.35,-43.91255068,606.7517525,4.176470588,15.179,0.9,7.13,,,,,585.40051269531,6,248,F,Unknown,virgin,P to E,BRAC7344.5d,WT,58.73685591,no,tonic,tonic,silent,0.56,1.0,1779.0,no,0.0,no,0.0,98.4,1.72,0.78,156.0,30.0,-56.35,-43.91255068,606.7517525,4.176470588,15.179,0.9,7.13,,,,
292,S1C3 24012023,85,19,7,1587.69921875,1589.19909667968,1080.0,2080.0,248,F,Unknown,virgin,P to E,BRAC7344.5d,WT,Agg+,58.73685591,no,tonic,tonic,silent,0.56,1.0,1779.0,no,0.0,no,0.0,98.4,1.72,0.78,156.0,30.0,-56.35,-43.91255068,606.7517525,4.176470588,15.179,0.9,7.13,,,,,507.69921875,9,248,F,Unknown,virgin,P to E,BRAC7344.5d,WT,58.73685591,no,tonic,tonic,silent,0.56,1.0,1779.0,no,0.0,no,0.0,98.4,1.72,0.78,156.0,30.0,-56.35,-43.91255068,606.7517525,4.176470588,15.179,0.9,7.13,,,,
293,S1C3 24012023,95,28,8,1500.60144042968,1502.1015625,1080.0,2080.0,248,F,Unknown,virgin,P to E,BRAC7344.5d,WT,Agg+,58.73685591,no,tonic,tonic,silent,0.56,1.0,1779.0,no,0.0,no,0.0,98.4,1.72,0.78,156.0,30.0,-56.35,-43.91255068,606.7517525,4.176470588,15.179,0.9,7.13,,,,,420.60144042968,12,248,F,Unknown,virgin,P to E,BRAC7344.5d,WT,58.73685591,no,tonic,tonic,silent,0.56,1.0,1779.0,no,0.0,no,0.0,98.4,1.72,0.78,156.0,30.0,-56.35,-43.91255068,606.7517525,4.176470588,15.179,0.9,7.13,,,,
294,S1C3 24012023,105,40,9,1454.69921875,1456.20300292968,1080.0,2080.0,248,F,Unknown,virgin,P to E,BRAC7344.5d,WT,Agg+,58.73685591,no,tonic,tonic,silent,0.56,1.0,1779.0,no,0.0,no,0.0,98.4,1.72,0.78,156.0,30.0,-56.35,-43.91255068,606.7517525,4.176470588,15.179,0.9,7.13,,,,,374.69921875,14,248,F,Unknown,virgin,P to E,BRAC7344.5d,WT,58.73685591,no,tonic,tonic,silent,0.56,1.0,1779.0,no,0.0,no,0.0,98.4,1.72,0.78,156.0,30.0,-56.35,-43.91255068,606.7517525,4.176470588,15.179,0.9,7.13,,,,
295,S1C3 24012023,115,54,10,1453.30102539062,1454.796875,1080.0,2080.0,248,F,Unknown,virgin,P to E,BRAC7344.5d,WT,Agg+,58.73685591,no,tonic,tonic,silent,0.56,1.0,1779.0,no,0.0,no,0.0,98.4,1.72,0.78,156.0,30.0,-56.35,-43.91255068,606.7517525,4.176470588,15.179,0.9,7.13,,,,,373.30102539062,13,248,F,Unknown,virgin,P to E,BRAC7344.5d,WT,58.73685591,no,tonic,tonic,silent,0.56,1.0,1779.0,no,0.0,no,0.0,98.4,1.72,0.78,156.0,30.0,-56.35,-43.91255068,606.7517525,4.176470588,15.179,0.9,7.13,,,,
296,S1C3 24012023,125,67,11,1408.89855957031,1410.40258789062,1080.0,2080.0,248,F,Unknown,virgin,P to E,BRAC7344.5d,WT,Agg+,58.73685591,no,tonic,tonic,silent,0.56,1.0,1779.0,no,0.0,no,0.0,98.4,1.72,0.78,156.0,30.0,-56.35,-43.91255068,606.7517525,4.176470588,15.179,0.9,7.13,,,,,328.89855957031,18,248,F,Unknown,virgin,P to E,BRAC7344.5d,WT,58.73685591,no,tonic,tonic,silent,0.56,1.0,1779.0,no,0.0,no,0.0,98.4,1.72,0.78,156.0,30.0,-56.35,-43.91255068,606.7517525,4.176470588,15.179,0.9,7.13,,,,
297,S1C3 24012023,135,85,12,1387.10144042968,1388.6015625,1080.0,2080.0,248,F,Unknown,virgin,P to E,BRAC7344.5d,WT,Agg+,58.73685591,no,tonic,tonic,silent,0.56,1.0,1779.0,no,0.0,no,0.0,98.4,1.72,0.78,156.0,30.0,-56.35,-43.91255068,606.7517525,4.176470588,15.179,0.9,7.13,,,,,307.10144042968,19,248,F,Unknown,virgin,P to E,BRAC7344.5d,WT,58.73685591,no,tonic,tonic,silent,0.56,1.0,1779.0,no,0.0,no,0.0,98.4,1.72,0.78,156.0,30.0,-56.35,-43.91255068,606.7517525,4.176470588,15.179,0.9,7.13,,,,
298,S1C3 24012023,145,104,13,1382.30102539062,1383.796875,1080.0,2080.0,248,F,Unknown,virgin,P to E,BRAC7344.5d,WT,Agg+,58.73685591,no,tonic,tonic,silent,0.56,1.0,1779.0,no,0.0,no,0.0,98.4,1.72,0.78,156.0,30.0,-56.35,-43.91255068,606.7517525,4.176470588,15.179,0.9,7.13,,,,,302.30102539062,19,248,F,Unknown,virgin,P to E,BRAC7344.5d,WT,58.73685591,no,tonic,tonic,silent,0.56,1.0,1779.0,no,0.0,no,0.0,98.4,1.72,0.78,156.0,30.0,-56.35,-43.91255068,606.7517525,4.176470588,15.179,0.9,7.13,,,,
299,S1C4 14022023,25,0,1,1993.09997558593,1996.5,1080.0,2080.0,267,F,no,virgin-Gal-,M,JKAM 55.2e,Gal-cre KI87; Rosa26 Tomato (Ai9),Agg+,51.875,yes,silent,silent,silent,0.0,0.0,0.0,yes,4.79,yes,4.21,0.0,0.0,0.0,0.0,18.0,0.0,-54.94343857,922.04,1.091803279,13.41,1.3,7.82,,,,,913.09997558593,1,267,F,no,virgin-Gal-,M,JKAM 55.2e,Gal-cre KI87; Rosa26 Tomato (Ai9),51.875,yes,silent,silent,silent,0.0,0.0,0.0,yes,4.79,yes,4.21,0.0,0.0,0.0,0.0,18.0,0.0,-54.94343857,922.04,1.091803279,13.41,1.3,7.82,,,,
300,S1C4 14022023,35,1,2,1780.2001953125,1783.7001953125,1080.0,2080.0,267,F,no,virgin-Gal-,M,JKAM 55.2e,Gal-cre KI87; Rosa26 Tomato (Ai9),Agg+,51.875,yes,silent,silent,silent,0.0,0.0,0.0,yes,4.79,yes,4.21,0.0,0.0,0.0,0.0,18.0,0.0,-54.94343857,922.04,1.091803279,13.41,1.3,7.82,,,,,700.2001953125,2,267,F,no,virgin-Gal-,M,JKAM 55.2e,Gal-cre KI87; Rosa26 Tomato (Ai9),51.875,yes,silent,silent,silent,0.0,0.0,0.0,yes,4.79,yes,4.21,0.0,0.0,0.0,0.0,18.0,0.0,-54.94343857,922.04,1.091803279,13.41,1.3,7.82,,,,
301,S1C4 14022023,45,3,3,1560.80004882812,1564.30078125,1080.0,2080.0,267,F,no,virgin-Gal-,M,JKAM 55.2e,Gal-cre KI87; Rosa26 Tomato (Ai9),Agg+,51.875,yes,silent,silent,silent,0.0,0.0,0.0,yes,4.79,yes,4.21,0.0,0.0,0.0,0.0,18.0,0.0,-54.94343857,922.04,1.091803279,13.41,1.3,7.82,,,,,480.80004882812,5,267,F,no,virgin-Gal-,M,JKAM 55.2e,Gal-cre KI87; Rosa26 Tomato (Ai9),51.875,yes,silent,silent,silent,0.0,0.0,0.0,yes,4.79,yes,4.21,0.0,0.0,0.0,0.0,18.0,0.0,-54.94343857,922.04,1.091803279,13.41,1.3,7.82,,,,
302,S1C4 14022023,55,8,4,1525.90051269531,1529.40258789062,1080.0,2080.0,267,F,no,virgin-Gal-,M,JKAM 55.2e,Gal-cre KI87; Rosa26 Tomato (Ai9),Agg+,51.875,yes,silent,silent,silent,0.0,0.0,0.0,yes,4.79,yes,4.21,0.0,0.0,0.0,0.0,18.0,0.0,-54.94343857,922.04,1.091803279,13.41,1.3,7.82,,,,,445.90051269531,6,267,F,no,virgin-Gal-,M,JKAM 55.2e,Gal-cre KI87; Rosa26 Tomato (Ai9),51.875,yes,silent,silent,silent,0.0,0.0,0.0,yes,4.79,yes,4.21,0.0,0.0,0.0,0.0,18.0,0.0,-54.94343857,922.04,1.091803279,13.41,1.3,7.82,,,,
303,S1C4 14022023,65,14,5,1541.59948730468,1545.298828125,1080.0,2080.0,267,F,no,virgin-Gal-,M,JKAM 55.2e,Gal-cre KI87; Rosa26 Tomato (Ai9),Agg+,51.875,yes,silent,silent,silent,0.0,0.0,0.0,yes,4.79,yes,4.21,0.0,0.0,0.0,0.0,18.0,0.0,-54.94343857,922.04,1.091803279,13.41,1.3,7.82,,,,,461.59948730468,7,267,F,no,virgin-Gal-,M,JKAM 55.2e,Gal-cre KI87; Rosa26 Tomato (Ai9),51.875,yes,silent,silent,silent,0.0,0.0,0.0,yes,4.79,yes,4.21,0.0,0.0,0.0,0.0,18.0,0.0,-54.94343857,922.04,1.091803279,13.41,1.3,7.82,,,,
304,S1C4 14022023,75,21,6,1410.19921875,1413.599609375,1080.0,2080.0,267,F,no,virgin-Gal-,M,JKAM 55.2e,Gal-cre KI87; Rosa26 Tomato (Ai9),Agg+,51.875,yes,silent,silent,silent,0.0,0.0,0.0,yes,4.79,yes,4.21,0.0,0.0,0.0,0.0,18.0,0.0,-54.94343857,922.04,1.091803279,13.41,1.3,7.82,,,,,330.19921875,10,267,F,no,virgin-Gal-,M,JKAM 55.2e,Gal-cre KI87; Rosa26 Tomato (Ai9),51.875,yes,silent,silent,silent,0.0,0.0,0.0,yes,4.79,yes,4.21,0.0,0.0,0.0,0.0,18.0,0.0,-54.94343857,922.04,1.091803279,13.41,1.3,7.82,,,,
305,S1C4 14022023,85,31,7,1331.40051269531,1334.599609375,1080.0,2080.0,267,F,no,virgin-Gal-,M,JKAM 55.2e,Gal-cre KI87; Rosa26 Tomato (Ai9),Agg+,51.875,yes,silent,silent,silent,0.0,0.0,0.0,yes,4.79,yes,4.21,0.0,0.0,0.0,0.0,18.0,0.0,-54.94343857,922.04,1.091803279,13.41,1.3,7.82,,,,,251.40051269531,11,267,F,no,virgin-Gal-,M,JKAM 55.2e,Gal-cre KI87; Rosa26 Tomato (Ai9),51.875,yes,silent,silent,silent,0.0,0.0,0.0,yes,4.79,yes,4.21,0.0,0.0,0.0,0.0,18.0,0.0,-54.94343857,922.04,1.091803279,13.41,1.3,7.82,,,,
306,S1C4 14022023,95,42,8,1315.19921875,1318.49621582031,1080.0,2080.0,267,F,no,virgin-Gal-,M,JKAM 55.2e,Gal-cre KI87; Rosa26 Tomato (Ai9),Agg+,51.875,yes,silent,silent,silent,0.0,0.0,0.0,yes,4.79,yes,4.21,0.0,0.0,0.0,0.0,18.0,0.0,-54.94343857,922.04,1.091803279,13.41,1.3,7.82,,,,,235.19921875,12,267,F,no,virgin-Gal-,M,JKAM 55.2e,Gal-cre KI87; Rosa26 Tomato (Ai9),51.875,yes,silent,silent,silent,0.0,0.0,0.0,yes,4.79,yes,4.21,0.0,0.0,0.0,0.0,18.0,0.0,-54.94343857,922.04,1.091803279,13.41,1.3,7.82,,,,
307,S1C4 14022023,105,54,9,1342.10144042968,1345.296875,1080.0,2080.0,267,F,no,virgin-Gal-,M,JKAM 55.2e,Gal-cre KI87; Rosa26 Tomato (Ai9),Agg+,51.875,yes,silent,silent,silent,0.0,0.0,0.0,yes,4.79,yes,4.21,0.0,0.0,0.0,0.0,18.0,0.0,-54.94343857,922.04,1.091803279,13.41,1.3,7.82,,,,,262.10144042968,11,267,F,no,virgin-Gal-,M,JKAM 55.2e,Gal-cre KI87; Rosa26 Tomato (Ai9),51.875,yes,silent,silent,silent,0.0,0.0,0.0,yes,4.79,yes,4.21,0.0,0.0,0.0,0.0,18.0,0.0,-54.94343857,922.04,1.091803279,13.41,1.3,7.82,,,,
308,S1C4 14022023,115,65,10,1290.5,1293.796875,1080.0,2080.0,267,F,no,virgin-Gal-,M,JKAM 55.2e,Gal-cre KI87; Rosa26 Tomato (Ai9),Agg+,51.875,yes,silent,silent,silent,0.0,0.0,0.0,yes,4.79,yes,4.21,0.0,0.0,0.0,0.0,18.0,0.0,-54.94343857,922.04,1.091803279,13.41,1.3,7.82,,,,,210.5,10,267,F,no,virgin-Gal-,M,JKAM 55.2e,Gal-cre KI87; Rosa26 Tomato (Ai9),51.875,yes,silent,silent,silent,0.0,0.0,0.0,yes,4.79,yes,4.21,0.0,0.0,0.0,0.0,18.0,0.0,-54.94343857,922.04,1.091803279,13.41,1.3,7.82,,,,
309,S1C4 14022023,125,75,11,1274.19921875,1277.40258789062,1080.0,2080.0,267,F,no,virgin-Gal-,M,JKAM 55.2e,Gal-cre KI87; Rosa26 Tomato (Ai9),Agg+,51.875,yes,silent,silent,silent,0.0,0.0,0.0,yes,4.79,yes,4.21,0.0,0.0,0.0,0.0,18.0,0.0,-54.94343857,922.04,1.091803279,13.41,1.3,7.82,,,,,194.19921875,9,267,F,no,virgin-Gal-,M,JKAM 55.2e,Gal-cre KI87; Rosa26 Tomato (Ai9),51.875,yes,silent,silent,silent,0.0,0.0,0.0,yes,4.79,yes,4.21,0.0,0.0,0.0,0.0,18.0,0.0,-54.94343857,922.04,1.091803279,13.41,1.3,7.82,,,,
310,S1C4 14022023,135,84,12,1263.30102539062,1266.49621582031,1080.0,2080.0,267,F,no,virgin-Gal-,M,JKAM 55.2e,Gal-cre KI87; Rosa26 Tomato (Ai9),Agg+,51.875,yes,silent,silent,silent,0.0,0.0,0.0,yes,4.79,yes,4.21,0.0,0.0,0.0,0.0,18.0,0.0,-54.94343857,922.04,1.091803279,13.41,1.3,7.82,,,,,183.30102539062,9,267,F,no,virgin-Gal-,M,JKAM 55.2e,Gal-cre KI87; Rosa26 Tomato (Ai9),51.875,yes,silent,silent,silent,0.0,0.0,0.0,yes,4.79,yes,4.21,0.0,0.0,0.0,0.0,18.0,0.0,-54.94343857,922.04,1.091803279,13.41,1.3,7.82,,,,
311,S1C4 14022023,145,93,13,1284.5,1287.70300292968,1080.0,2080.0,267,F,no,virgin-Gal-,M,JKAM 55.2e,Gal-cre KI87; Rosa26 Tomato (Ai9),Agg+,51.875,yes,silent,silent,silent,0.0,0.0,0.0,yes,4.79,yes,4.21,0.0,0.0,0.0,0.0,18.0,0.0,-54.94343857,922.04,1.091803279,13.41,1.3,7.82,,,,,204.5,9,267,F,no,virgin-Gal-,M,JKAM 55.2e,Gal-cre KI87; Rosa26 Tomato (Ai9),51.875,yes,silent,silent,silent,0.0,0.0,0.0,yes,4.79,yes,4.21,0.0,0.0,0.0,0.0,18.0,0.0,-54.94343857,922.04,1.091803279,13.41,1.3,7.82,,,,
312,S1C4 15022023,25,0,1,2080.0,0.0,1080.0,2080.0,255,F,Unknown,virgin,E,JKAM WT,WT,Agg+,,no,phasic,phasic,silent,1.31,2.24,758.0,no,0.0,yes,1.92,108.0,3.23,6.2,505.0,36.0,-52.2,-37.8437814,787.9,,,,,,,Only 1 event detected for synaptic ,,1000.0,1,255,F,Unknown,virgin,E,JKAM WT,WT,,no,phasic,phasic,silent,1.31,2.24,758.0,no,0.0,yes,1.92,108.0,3.23,6.2,505.0,36.0,-52.2,-37.8437814,787.9,,,,,,,Only 1 event detected for synaptic ,
313,S1C4 15022023,35,1,2,2080.0,0.0,1080.0,2080.0,255,F,Unknown,virgin,E,JKAM WT,WT,Agg+,,no,phasic,phasic,silent,1.31,2.24,758.0,no,0.0,yes,1.92,108.0,3.23,6.2,505.0,36.0,-52.2,-37.8437814,787.9,,,,,,,Only 1 event detected for synaptic ,,1000.0,1,255,F,Unknown,virgin,E,JKAM WT,WT,,no,phasic,phasic,silent,1.31,2.24,758.0,no,0.0,yes,1.92,108.0,3.23,6.2,505.0,36.0,-52.2,-37.8437814,787.9,,,,,,,Only 1 event detected for synaptic ,
314,S1C4 15022023,45,2,3,2080.0,0.0,1080.0,2080.0,255,F,Unknown,virgin,E,JKAM WT,WT,Agg+,,no,phasic,phasic,silent,1.31,2.24,758.0,no,0.0,yes,1.92,108.0,3.23,6.2,505.0,36.0,-52.2,-37.8437814,787.9,,,,,,,Only 1 event detected for synaptic ,,1000.0,1,255,F,Unknown,virgin,E,JKAM WT,WT,,no,phasic,phasic,silent,1.31,2.24,758.0,no,0.0,yes,1.92,108.0,3.23,6.2,505.0,36.0,-52.2,-37.8437814,787.9,,,,,,,Only 1 event detected for synaptic ,
315,S1C4 15022023,55,3,4,2035.30102539062,2039.00012207031,1080.0,2080.0,255,F,Unknown,virgin,E,JKAM WT,WT,Agg+,,no,phasic,phasic,silent,1.31,2.24,758.0,no,0.0,yes,1.92,108.0,3.23,6.2,505.0,36.0,-52.2,-37.8437814,787.9,,,,,,,Only 1 event detected for synaptic ,,955.30102539062,1,255,F,Unknown,virgin,E,JKAM WT,WT,,no,phasic,phasic,silent,1.31,2.24,758.0,no,0.0,yes,1.92,108.0,3.23,6.2,505.0,36.0,-52.2,-37.8437814,787.9,,,,,,,Only 1 event detected for synaptic ,
316,S1C4 15022023,65,4,5,2056.599609375,2060.5,1080.0,2080.0,255,F,Unknown,virgin,E,JKAM WT,WT,Agg+,,no,phasic,phasic,silent,1.31,2.24,758.0,no,0.0,yes,1.92,108.0,3.23,6.2,505.0,36.0,-52.2,-37.8437814,787.9,,,,,,,Only 1 event detected for synaptic ,,976.599609375,1,255,F,Unknown,virgin,E,JKAM WT,WT,,no,phasic,phasic,silent,1.31,2.24,758.0,no,0.0,yes,1.92,108.0,3.23,6.2,505.0,36.0,-52.2,-37.8437814,787.9,,,,,,,Only 1 event detected for synaptic ,
317,S1C4 15022023,75,5,6,1975.80102539062,1979.599609375,1080.0,2080.0,255,F,Unknown,virgin,E,JKAM WT,WT,Agg+,,no,phasic,phasic,silent,1.31,2.24,758.0,no,0.0,yes,1.92,108.0,3.23,6.2,505.0,36.0,-52.2,-37.8437814,787.9,,,,,,,Only 1 event detected for synaptic ,,895.80102539062,1,255,F,Unknown,virgin,E,JKAM WT,WT,,no,phasic,phasic,silent,1.31,2.24,758.0,no,0.0,yes,1.92,108.0,3.23,6.2,505.0,36.0,-52.2,-37.8437814,787.9,,,,,,,Only 1 event detected for synaptic ,
318,S1C4 15022023,85,6,7,1881.30102539062,1885.099609375,1080.0,2080.0,255,F,Unknown,virgin,E,JKAM WT,WT,Agg+,,no,phasic,phasic,silent,1.31,2.24,758.0,no,0.0,yes,1.92,108.0,3.23,6.2,505.0,36.0,-52.2,-37.8437814,787.9,,,,,,,Only 1 event detected for synaptic ,,801.30102539062,2,255,F,Unknown,virgin,E,JKAM WT,WT,,no,phasic,phasic,silent,1.31,2.24,758.0,no,0.0,yes,1.92,108.0,3.23,6.2,505.0,36.0,-52.2,-37.8437814,787.9,,,,,,,Only 1 event detected for synaptic ,
319,S1C4 15022023,95,8,8,1835.10144042968,1838.70300292968,1080.0,2080.0,255,F,Unknown,virgin,E,JKAM WT,WT,Agg+,,no,phasic,phasic,silent,1.31,2.24,758.0,no,0.0,yes,1.92,108.0,3.23,6.2,505.0,36.0,-52.2,-37.8437814,787.9,,,,,,,Only 1 event detected for synaptic ,,755.10144042968,2,255,F,Unknown,virgin,E,JKAM WT,WT,,no,phasic,phasic,silent,1.31,2.24,758.0,no,0.0,yes,1.92,108.0,3.23,6.2,505.0,36.0,-52.2,-37.8437814,787.9,,,,,,,Only 1 event detected for synaptic ,
320,S1C4 15022023,105,10,9,1822.30102539062,1826.1015625,1080.0,2080.0,255,F,Unknown,virgin,E,JKAM WT,WT,Agg+,,no,phasic,phasic,silent,1.31,2.24,758.0,no,0.0,yes,1.92,108.0,3.23,6.2,505.0,36.0,-52.2,-37.8437814,787.9,,,,,,,Only 1 event detected for synaptic ,,742.30102539062,1,255,F,Unknown,virgin,E,JKAM WT,WT,,no,phasic,phasic,silent,1.31,2.24,758.0,no,0.0,yes,1.92,108.0,3.23,6.2,505.0,36.0,-52.2,-37.8437814,787.9,,,,,,,Only 1 event detected for synaptic ,
321,S1C4 15022023,115,11,10,1828.19921875,1832.40258789062,1080.0,2080.0,255,F,Unknown,virgin,E,JKAM WT,WT,Agg+,,no,phasic,phasic,silent,1.31,2.24,758.0,no,0.0,yes,1.92,108.0,3.23,6.2,505.0,36.0,-52.2,-37.8437814,787.9,,,,,,,Only 1 event detected for synaptic ,,748.19921875,2,255,F,Unknown,virgin,E,JKAM WT,WT,,no,phasic,phasic,silent,1.31,2.24,758.0,no,0.0,yes,1.92,108.0,3.23,6.2,505.0,36.0,-52.2,-37.8437814,787.9,,,,,,,Only 1 event detected for synaptic ,
322,S1C4 15022023,125,13,11,1790.60144042968,1794.90258789062,1080.0,2080.0,255,F,Unknown,virgin,E,JKAM WT,WT,Agg+,,no,phasic,phasic,silent,1.31,2.24,758.0,no,0.0,yes,1.92,108.0,3.23,6.2,505.0,36.0,-52.2,-37.8437814,787.9,,,,,,,Only 1 event detected for synaptic ,,710.60144042968,3,255,F,Unknown,virgin,E,JKAM WT,WT,,no,phasic,phasic,silent,1.31,2.24,758.0,no,0.0,yes,1.92,108.0,3.23,6.2,505.0,36.0,-52.2,-37.8437814,787.9,,,,,,,Only 1 event detected for synaptic ,
323,S1C4 15022023,135,16,12,1803.80102539062,1807.99621582031,1080.0,2080.0,255,F,Unknown,virgin,E,JKAM WT,WT,Agg+,,no,phasic,phasic,silent,1.31,2.24,758.0,no,0.0,yes,1.92,108.0,3.23,6.2,505.0,36.0,-52.2,-37.8437814,787.9,,,,,,,Only 1 event detected for synaptic ,,723.80102539062,3,255,F,Unknown,virgin,E,JKAM WT,WT,,no,phasic,phasic,silent,1.31,2.24,758.0,no,0.0,yes,1.92,108.0,3.23,6.2,505.0,36.0,-52.2,-37.8437814,787.9,,,,,,,Only 1 event detected for synaptic ,
324,S1C4 15022023,145,19,13,1702.19921875,1706.1015625,1080.0,2080.0,255,F,Unknown,virgin,E,JKAM WT,WT,Agg+,,no,phasic,phasic,silent,1.31,2.24,758.0,no,0.0,yes,1.92,108.0,3.23,6.2,505.0,36.0,-52.2,-37.8437814,787.9,,,,,,,Only 1 event detected for synaptic ,,622.19921875,4,255,F,Unknown,virgin,E,JKAM WT,WT,,no,phasic,phasic,silent,1.31,2.24,758.0,no,0.0,yes,1.92,108.0,3.23,6.2,505.0,36.0,-52.2,-37.8437814,787.9,,,,,,,Only 1 event detected for synaptic ,
325,S1C4 23012023,25,0,1,2080.0,0.0,1080.0,2080.0,243,F,Unknown,virgin,D,BRAC7344.5e,WT,Agg+,75.04782868,yes,silent,silent,silent,0.0,0.0,0.0,no,0.0,no,0.0,0.0,0.0,0.0,0.0,27.0,0.0,-50.48657332,738.8341802,3.15,8.0,1.1,10.739,,,,,1000.0,1,243,F,Unknown,virgin,D,BRAC7344.5e,WT,75.04782868,yes,silent,silent,silent,0.0,0.0,0.0,no,0.0,no,0.0,0.0,0.0,0.0,0.0,27.0,0.0,-50.48657332,738.8341802,3.15,8.0,1.1,10.739,,,,
326,S1C4 23012023,35,1,2,2080.0,0.0,1080.0,2080.0,243,F,Unknown,virgin,D,BRAC7344.5e,WT,Agg+,75.04782868,yes,silent,silent,silent,0.0,0.0,0.0,no,0.0,no,0.0,0.0,0.0,0.0,0.0,27.0,0.0,-50.48657332,738.8341802,3.15,8.0,1.1,10.739,,,,,1000.0,1,243,F,Unknown,virgin,D,BRAC7344.5e,WT,75.04782868,yes,silent,silent,silent,0.0,0.0,0.0,no,0.0,no,0.0,0.0,0.0,0.0,0.0,27.0,0.0,-50.48657332,738.8341802,3.15,8.0,1.1,10.739,,,,
327,S1C4 23012023,45,2,3,1939.90051269531,1945.30078125,1080.0,2080.0,243,F,Unknown,virgin,D,BRAC7344.5e,WT,Agg+,75.04782868,yes,silent,silent,silent,0.0,0.0,0.0,no,0.0,no,0.0,0.0,0.0,0.0,0.0,27.0,0.0,-50.48657332,738.8341802,3.15,8.0,1.1,10.739,,,,,859.90051269531,3,243,F,Unknown,virgin,D,BRAC7344.5e,WT,75.04782868,yes,silent,silent,silent,0.0,0.0,0.0,no,0.0,no,0.0,0.0,0.0,0.0,0.0,27.0,0.0,-50.48657332,738.8341802,3.15,8.0,1.1,10.739,,,,
328,S1C4 23012023,55,5,5,1754.90051269531,1761.099609375,1080.0,2080.0,243,F,Unknown,virgin,D,BRAC7344.5e,WT,Agg+,75.04782868,yes,silent,silent,silent,0.0,0.0,0.0,no,0.0,no,0.0,0.0,0.0,0.0,0.0,27.0,0.0,-50.48657332,738.8341802,3.15,8.0,1.1,10.739,,,,,674.90051269531,4,243,F,Unknown,virgin,D,BRAC7344.5e,WT,75.04782868,yes,silent,silent,silent,0.0,0.0,0.0,no,0.0,no,0.0,0.0,0.0,0.0,0.0,27.0,0.0,-50.48657332,738.8341802,3.15,8.0,1.1,10.739,,,,
329,S1C4 23012023,65,9,6,1655.69921875,1661.50012207031,1080.0,2080.0,243,F,Unknown,virgin,D,BRAC7344.5e,WT,Agg+,75.04782868,yes,silent,silent,silent,0.0,0.0,0.0,no,0.0,no,0.0,0.0,0.0,0.0,0.0,27.0,0.0,-50.48657332,738.8341802,3.15,8.0,1.1,10.739,,,,,575.69921875,5,243,F,Unknown,virgin,D,BRAC7344.5e,WT,75.04782868,yes,silent,silent,silent,0.0,0.0,0.0,no,0.0,no,0.0,0.0,0.0,0.0,0.0,27.0,0.0,-50.48657332,738.8341802,3.15,8.0,1.1,10.739,,,,
330,S1C4 23012023,75,14,7,1621.5,1627.50012207031,1080.0,2080.0,243,F,Unknown,virgin,D,BRAC7344.5e,WT,Agg+,75.04782868,yes,silent,silent,silent,0.0,0.0,0.0,no,0.0,no,0.0,0.0,0.0,0.0,0.0,27.0,0.0,-50.48657332,738.8341802,3.15,8.0,1.1,10.739,,,,,541.5,5,243,F,Unknown,virgin,D,BRAC7344.5e,WT,75.04782868,yes,silent,silent,silent,0.0,0.0,0.0,no,0.0,no,0.0,0.0,0.0,0.0,0.0,27.0,0.0,-50.48657332,738.8341802,3.15,8.0,1.1,10.739,,,,
331,S1C4 23012023,85,19,8,1561.10144042968,1566.99621582031,1080.0,2080.0,243,F,Unknown,virgin,D,BRAC7344.5e,WT,Agg+,75.04782868,yes,silent,silent,silent,0.0,0.0,0.0,no,0.0,no,0.0,0.0,0.0,0.0,0.0,27.0,0.0,-50.48657332,738.8341802,3.15,8.0,1.1,10.739,,,,,481.10144042968,5,243,F,Unknown,virgin,D,BRAC7344.5e,WT,75.04782868,yes,silent,silent,silent,0.0,0.0,0.0,no,0.0,no,0.0,0.0,0.0,0.0,0.0,27.0,0.0,-50.48657332,738.8341802,3.15,8.0,1.1,10.739,,,,
332,S1C4 23012023,95,24,9,1532.10144042968,1538.20300292968,1080.0,2080.0,243,F,Unknown,virgin,D,BRAC7344.5e,WT,Agg+,75.04782868,yes,silent,silent,silent,0.0,0.0,0.0,no,0.0,no,0.0,0.0,0.0,0.0,0.0,27.0,0.0,-50.48657332,738.8341802,3.15,8.0,1.1,10.739,,,,,452.10144042968,4,243,F,Unknown,virgin,D,BRAC7344.5e,WT,75.04782868,yes,silent,silent,silent,0.0,0.0,0.0,no,0.0,no,0.0,0.0,0.0,0.0,0.0,27.0,0.0,-50.48657332,738.8341802,3.15,8.0,1.1,10.739,,,,
333,S1C4 23012023,105,28,10,1508.5,1514.40258789062,1080.0,2080.0,243,F,Unknown,virgin,D,BRAC7344.5e,WT,Agg+,75.04782868,yes,silent,silent,silent,0.0,0.0,0.0,no,0.0,no,0.0,0.0,0.0,0.0,0.0,27.0,0.0,-50.48657332,738.8341802,3.15,8.0,1.1,10.739,,,,,428.5,4,243,F,Unknown,virgin,D,BRAC7344.5e,WT,75.04782868,yes,silent,silent,silent,0.0,0.0,0.0,no,0.0,no,0.0,0.0,0.0,0.0,0.0,27.0,0.0,-50.48657332,738.8341802,3.15,8.0,1.1,10.739,,,,
334,S1C4 23012023,115,32,11,1488.39855957031,1494.40258789062,1080.0,2080.0,243,F,Unknown,virgin,D,BRAC7344.5e,WT,Agg+,75.04782868,yes,silent,silent,silent,0.0,0.0,0.0,no,0.0,no,0.0,0.0,0.0,0.0,0.0,27.0,0.0,-50.48657332,738.8341802,3.15,8.0,1.1,10.739,,,,,408.39855957031,4,243,F,Unknown,virgin,D,BRAC7344.5e,WT,75.04782868,yes,silent,silent,silent,0.0,0.0,0.0,no,0.0,no,0.0,0.0,0.0,0.0,0.0,27.0,0.0,-50.48657332,738.8341802,3.15,8.0,1.1,10.739,,,,
335,S1C4 23012023,125,36,12,1465.19921875,1470.90258789062,1080.0,2080.0,243,F,Unknown,virgin,D,BRAC7344.5e,WT,Agg+,75.04782868,yes,silent,silent,silent,0.0,0.0,0.0,no,0.0,no,0.0,0.0,0.0,0.0,0.0,27.0,0.0,-50.48657332,738.8341802,3.15,8.0,1.1,10.739,,,,,385.19921875,4,243,F,Unknown,virgin,D,BRAC7344.5e,WT,75.04782868,yes,silent,silent,silent,0.0,0.0,0.0,no,0.0,no,0.0,0.0,0.0,0.0,0.0,27.0,0.0,-50.48657332,738.8341802,3.15,8.0,1.1,10.739,,,,
336,S1C4 23012023,135,40,13,1436.89855957031,1442.49621582031,1080.0,2080.0,243,F,Unknown,virgin,D,BRAC7344.5e,WT,Agg+,75.04782868,yes,silent,silent,silent,0.0,0.0,0.0,no,0.0,no,0.0,0.0,0.0,0.0,0.0,27.0,0.0,-50.48657332,738.8341802,3.15,8.0,1.1,10.739,,,,,356.89855957031,4,243,F,Unknown,virgin,D,BRAC7344.5e,WT,75.04782868,yes,silent,silent,silent,0.0,0.0,0.0,no,0.0,no,0.0,0.0,0.0,0.0,0.0,27.0,0.0,-50.48657332,738.8341802,3.15,8.0,1.1,10.739,,,,
337,S1C4 23012023,145,44,14,1388.89855957031,1394.39074707031,1080.0,2080.0,243,F,Unknown,virgin,D,BRAC7344.5e,WT,Agg+,75.04782868,yes,silent,silent,silent,0.0,0.0,0.0,no,0.0,no,0.0,0.0,0.0,0.0,0.0,27.0,0.0,-50.48657332,738.8341802,3.15,8.0,1.1,10.739,,,,,308.89855957031,4,243,F,Unknown,virgin,D,BRAC7344.5e,WT,75.04782868,yes,silent,silent,silent,0.0,0.0,0.0,no,0.0,no,0.0,0.0,0.0,0.0,0.0,27.0,0.0,-50.48657332,738.8341802,3.15,8.0,1.1,10.739,,,,
338,S1C5 23012023,25,0,1,2080.0,0.0,1080.0,2080.0,244,F,Unknown,virgin,D,BRAC7344.5e,WT,Agg+,39.65843322,yes,tonic,tonic,silent,1.59,2.1,629.0,,,,,104.5,2.1,1.59,314.0,9.0,-58.2,-42.50521648,,3.076433121,14.078,1.0,9.256,,,,Forgot i/v curve,1000.0,1,244,F,Unknown,virgin,D,BRAC7344.5e,WT,39.65843322,yes,tonic,tonic,silent,1.59,2.1,629.0,,,,,104.5,2.1,1.59,314.0,9.0,-58.2,-42.50521648,,3.076433121,14.078,1.0,9.256,,,,Forgot i/v curve
339,S1C5 23012023,35,1,2,2080.0,0.0,1080.0,2080.0,244,F,Unknown,virgin,D,BRAC7344.5e,WT,Agg+,39.65843322,yes,tonic,tonic,silent,1.59,2.1,629.0,,,,,104.5,2.1,1.59,314.0,9.0,-58.2,-42.50521648,,3.076433121,14.078,1.0,9.256,,,,Forgot i/v curve,1000.0,1,244,F,Unknown,virgin,D,BRAC7344.5e,WT,39.65843322,yes,tonic,tonic,silent,1.59,2.1,629.0,,,,,104.5,2.1,1.59,314.0,9.0,-58.2,-42.50521648,,3.076433121,14.078,1.0,9.256,,,,Forgot i/v curve
340,S1C5 23012023,45,2,3,1939.90051269531,1945.30078125,1080.0,2080.0,244,F,Unknown,virgin,D,BRAC7344.5e,WT,Agg+,39.65843322,yes,tonic,tonic,silent,1.59,2.1,629.0,,,,,104.5,2.1,1.59,314.0,9.0,-58.2,-42.50521648,,3.076433121,14.078,1.0,9.256,,,,Forgot i/v curve,859.90051269531,1,244,F,Unknown,virgin,D,BRAC7344.5e,WT,39.65843322,yes,tonic,tonic,silent,1.59,2.1,629.0,,,,,104.5,2.1,1.59,314.0,9.0,-58.2,-42.50521648,,3.076433121,14.078,1.0,9.256,,,,Forgot i/v curve
341,S1C5 23012023,55,3,4,1790.5,1796.19909667968,1080.0,2080.0,244,F,Unknown,virgin,D,BRAC7344.5e,WT,Agg+,39.65843322,yes,tonic,tonic,silent,1.59,2.1,629.0,,,,,104.5,2.1,1.59,314.0,9.0,-58.2,-42.50521648,,3.076433121,14.078,1.0,9.256,,,,Forgot i/v curve,710.5,2,244,F,Unknown,virgin,D,BRAC7344.5e,WT,39.65843322,yes,tonic,tonic,silent,1.59,2.1,629.0,,,,,104.5,2.1,1.59,314.0,9.0,-58.2,-42.50521648,,3.076433121,14.078,1.0,9.256,,,,Forgot i/v curve
342,S1C5 23012023,65,5,5,1754.90051269531,1761.099609375,1080.0,2080.0,244,F,Unknown,virgin,D,BRAC7344.5e,WT,Agg+,39.65843322,yes,tonic,tonic,silent,1.59,2.1,629.0,,,,,104.5,2.1,1.59,314.0,9.0,-58.2,-42.50521648,,3.076433121,14.078,1.0,9.256,,,,Forgot i/v curve,674.90051269531,4,244,F,Unknown,virgin,D,BRAC7344.5e,WT,39.65843322,yes,tonic,tonic,silent,1.59,2.1,629.0,,,,,104.5,2.1,1.59,314.0,9.0,-58.2,-42.50521648,,3.076433121,14.078,1.0,9.256,,,,Forgot i/v curve
343,S1C5 23012023,75,9,6,1655.69921875,1661.50012207031,1080.0,2080.0,244,F,Unknown,virgin,D,BRAC7344.5e,WT,Agg+,39.65843322,yes,tonic,tonic,silent,1.59,2.1,629.0,,,,,104.5,2.1,1.59,314.0,9.0,-58.2,-42.50521648,,3.076433121,14.078,1.0,9.256,,,,Forgot i/v curve,575.69921875,5,244,F,Unknown,virgin,D,BRAC7344.5e,WT,39.65843322,yes,tonic,tonic,silent,1.59,2.1,629.0,,,,,104.5,2.1,1.59,314.0,9.0,-58.2,-42.50521648,,3.076433121,14.078,1.0,9.256,,,,Forgot i/v curve
344,S1C5 23012023,85,14,7,1621.5,1627.50012207031,1080.0,2080.0,244,F,Unknown,virgin,D,BRAC7344.5e,WT,Agg+,39.65843322,yes,tonic,tonic,silent,1.59,2.1,629.0,,,,,104.5,2.1,1.59,314.0,9.0,-58.2,-42.50521648,,3.076433121,14.078,1.0,9.256,,,,Forgot i/v curve,541.5,5,244,F,Unknown,virgin,D,BRAC7344.5e,WT,39.65843322,yes,tonic,tonic,silent,1.59,2.1,629.0,,,,,104.5,2.1,1.59,314.0,9.0,-58.2,-42.50521648,,3.076433121,14.078,1.0,9.256,,,,Forgot i/v curve
345,S1C5 23012023,95,19,8,1561.10144042968,1566.99621582031,1080.0,2080.0,244,F,Unknown,virgin,D,BRAC7344.5e,WT,Agg+,39.65843322,yes,tonic,tonic,silent,1.59,2.1,629.0,,,,,104.5,2.1,1.59,314.0,9.0,-58.2,-42.50521648,,3.076433121,14.078,1.0,9.256,,,,Forgot i/v curve,481.10144042968,5,244,F,Unknown,virgin,D,BRAC7344.5e,WT,39.65843322,yes,tonic,tonic,silent,1.59,2.1,629.0,,,,,104.5,2.1,1.59,314.0,9.0,-58.2,-42.50521648,,3.076433121,14.078,1.0,9.256,,,,Forgot i/v curve
346,S1C5 23012023,105,24,9,1532.10144042968,1538.20300292968,1080.0,2080.0,244,F,Unknown,virgin,D,BRAC7344.5e,WT,Agg+,39.65843322,yes,tonic,tonic,silent,1.59,2.1,629.0,,,,,104.5,2.1,1.59,314.0,9.0,-58.2,-42.50521648,,3.076433121,14.078,1.0,9.256,,,,Forgot i/v curve,452.10144042968,4,244,F,Unknown,virgin,D,BRAC7344.5e,WT,39.65843322,yes,tonic,tonic,silent,1.59,2.1,629.0,,,,,104.5,2.1,1.59,314.0,9.0,-58.2,-42.50521648,,3.076433121,14.078,1.0,9.256,,,,Forgot i/v curve
347,S1C5 23012023,115,28,10,1508.5,1514.40258789062,1080.0,2080.0,244,F,Unknown,virgin,D,BRAC7344.5e,WT,Agg+,39.65843322,yes,tonic,tonic,silent,1.59,2.1,629.0,,,,,104.5,2.1,1.59,314.0,9.0,-58.2,-42.50521648,,3.076433121,14.078,1.0,9.256,,,,Forgot i/v curve,428.5,4,244,F,Unknown,virgin,D,BRAC7344.5e,WT,39.65843322,yes,tonic,tonic,silent,1.59,2.1,629.0,,,,,104.5,2.1,1.59,314.0,9.0,-58.2,-42.50521648,,3.076433121,14.078,1.0,9.256,,,,Forgot i/v curve
348,S1C5 23012023,125,32,11,1488.39855957031,1494.40258789062,1080.0,2080.0,244,F,Unknown,virgin,D,BRAC7344.5e,WT,Agg+,39.65843322,yes,tonic,tonic,silent,1.59,2.1,629.0,,,,,104.5,2.1,1.59,314.0,9.0,-58.2,-42.50521648,,3.076433121,14.078,1.0,9.256,,,,Forgot i/v curve,408.39855957031,4,244,F,Unknown,virgin,D,BRAC7344.5e,WT,39.65843322,yes,tonic,tonic,silent,1.59,2.1,629.0,,,,,104.5,2.1,1.59,314.0,9.0,-58.2,-42.50521648,,3.076433121,14.078,1.0,9.256,,,,Forgot i/v curve
349,S1C5 23012023,135,36,12,1465.19921875,1470.90258789062,1080.0,2080.0,244,F,Unknown,virgin,D,BRAC7344.5e,WT,Agg+,39.65843322,yes,tonic,tonic,silent,1.59,2.1,629.0,,,,,104.5,2.1,1.59,314.0,9.0,-58.2,-42.50521648,,3.076433121,14.078,1.0,9.256,,,,Forgot i/v curve,385.19921875,4,244,F,Unknown,virgin,D,BRAC7344.5e,WT,39.65843322,yes,tonic,tonic,silent,1.59,2.1,629.0,,,,,104.5,2.1,1.59,314.0,9.0,-58.2,-42.50521648,,3.076433121,14.078,1.0,9.256,,,,Forgot i/v curve
350,S1C5 23012023,145,40,13,1436.89855957031,1442.49621582031,1080.0,2080.0,244,F,Unknown,virgin,D,BRAC7344.5e,WT,Agg+,39.65843322,yes,tonic,tonic,silent,1.59,2.1,629.0,,,,,104.5,2.1,1.59,314.0,9.0,-58.2,-42.50521648,,3.076433121,14.078,1.0,9.256,,,,Forgot i/v curve,356.89855957031,4,244,F,Unknown,virgin,D,BRAC7344.5e,WT,39.65843322,yes,tonic,tonic,silent,1.59,2.1,629.0,,,,,104.5,2.1,1.59,314.0,9.0,-58.2,-42.50521648,,3.076433121,14.078,1.0,9.256,,,,Forgot i/v curve
351,S1C6 23012023,25,0,1,2080.0,0.0,1080.0,2080.0,245,F,Unknown,virgin,D,BRAC7344.5e,WT,Agg+,23.91883554,yes,silent,silent,silent,0.0,0.0,0.0,no,0.0,no,0.0,0.0,0.0,0.0,0.0,30.0,0.0,-62.38564036,973.294741,2.173333333,8.7475,1.0,8.021,,,,,1000.0,1,245,F,Unknown,virgin,D,BRAC7344.5e,WT,23.91883554,yes,silent,silent,silent,0.0,0.0,0.0,no,0.0,no,0.0,0.0,0.0,0.0,0.0,30.0,0.0,-62.38564036,973.294741,2.173333333,8.7475,1.0,8.021,,,,
352,S1C6 23012023,35,1,2,1922.90002441406,1924.10009765625,1080.0,2080.0,245,F,Unknown,virgin,D,BRAC7344.5e,WT,Agg+,23.91883554,yes,silent,silent,silent,0.0,0.0,0.0,no,0.0,no,0.0,0.0,0.0,0.0,0.0,30.0,0.0,-62.38564036,973.294741,2.173333333,8.7475,1.0,8.021,,,,,842.90002441406,1,245,F,Unknown,virgin,D,BRAC7344.5e,WT,23.91883554,yes,silent,silent,silent,0.0,0.0,0.0,no,0.0,no,0.0,0.0,0.0,0.0,0.0,30.0,0.0,-62.38564036,973.294741,2.173333333,8.7475,1.0,8.021,,,,
353,S1C6 23012023,45,2,3,1818.7001953125,1819.89965820312,1080.0,2080.0,245,F,Unknown,virgin,D,BRAC7344.5e,WT,Agg+,23.91883554,yes,silent,silent,silent,0.0,0.0,0.0,no,0.0,no,0.0,0.0,0.0,0.0,0.0,30.0,0.0,-62.38564036,973.294741,2.173333333,8.7475,1.0,8.021,,,,,738.7001953125,3,245,F,Unknown,virgin,D,BRAC7344.5e,WT,23.91883554,yes,silent,silent,silent,0.0,0.0,0.0,no,0.0,no,0.0,0.0,0.0,0.0,0.0,30.0,0.0,-62.38564036,973.294741,2.173333333,8.7475,1.0,8.021,,,,
354,S1C6 23012023,55,5,4,1675.09948730468,1676.298828125,1080.0,2080.0,245,F,Unknown,virgin,D,BRAC7344.5e,WT,Agg+,23.91883554,yes,silent,silent,silent,0.0,0.0,0.0,no,0.0,no,0.0,0.0,0.0,0.0,0.0,30.0,0.0,-62.38564036,973.294741,2.173333333,8.7475,1.0,8.021,,,,,595.09948730468,5,245,F,Unknown,virgin,D,BRAC7344.5e,WT,23.91883554,yes,silent,silent,silent,0.0,0.0,0.0,no,0.0,no,0.0,0.0,0.0,0.0,0.0,30.0,0.0,-62.38564036,973.294741,2.173333333,8.7475,1.0,8.021,,,,
355,S1C6 23012023,65,10,5,1588.69921875,1589.90258789062,1080.0,2080.0,245,F,Unknown,virgin,D,BRAC7344.5e,WT,Agg+,23.91883554,yes,silent,silent,silent,0.0,0.0,0.0,no,0.0,no,0.0,0.0,0.0,0.0,0.0,30.0,0.0,-62.38564036,973.294741,2.173333333,8.7475,1.0,8.021,,,,,508.69921875,6,245,F,Unknown,virgin,D,BRAC7344.5e,WT,23.91883554,yes,silent,silent,silent,0.0,0.0,0.0,no,0.0,no,0.0,0.0,0.0,0.0,0.0,30.0,0.0,-62.38564036,973.294741,2.173333333,8.7475,1.0,8.021,,,,
356,S1C6 23012023,75,16,6,1534.40051269531,1535.599609375,1080.0,2080.0,245,F,Unknown,virgin,D,BRAC7344.5e,WT,Agg+,23.91883554,yes,silent,silent,silent,0.0,0.0,0.0,no,0.0,no,0.0,0.0,0.0,0.0,0.0,30.0,0.0,-62.38564036,973.294741,2.173333333,8.7475,1.0,8.021,,,,,454.40051269531,7,245,F,Unknown,virgin,D,BRAC7344.5e,WT,23.91883554,yes,silent,silent,silent,0.0,0.0,0.0,no,0.0,no,0.0,0.0,0.0,0.0,0.0,30.0,0.0,-62.38564036,973.294741,2.173333333,8.7475,1.0,8.021,,,,
357,S1C6 23012023,85,23,7,1492.69921875,1494.00012207031,1080.0,2080.0,245,F,Unknown,virgin,D,BRAC7344.5e,WT,Agg+,23.91883554,yes,silent,silent,silent,0.0,0.0,0.0,no,0.0,no,0.0,0.0,0.0,0.0,0.0,30.0,0.0,-62.38564036,973.294741,2.173333333,8.7475,1.0,8.021,,,,,412.69921875,8,245,F,Unknown,virgin,D,BRAC7344.5e,WT,23.91883554,yes,silent,silent,silent,0.0,0.0,0.0,no,0.0,no,0.0,0.0,0.0,0.0,0.0,30.0,0.0,-62.38564036,973.294741,2.173333333,8.7475,1.0,8.021,,,,
358,S1C6 23012023,95,31,8,1431.0,1432.20300292968,1080.0,2080.0,245,F,Unknown,virgin,D,BRAC7344.5e,WT,Agg+,23.91883554,yes,silent,silent,silent,0.0,0.0,0.0,no,0.0,no,0.0,0.0,0.0,0.0,0.0,30.0,0.0,-62.38564036,973.294741,2.173333333,8.7475,1.0,8.021,,,,,351.0,8,245,F,Unknown,virgin,D,BRAC7344.5e,WT,23.91883554,yes,silent,silent,silent,0.0,0.0,0.0,no,0.0,no,0.0,0.0,0.0,0.0,0.0,30.0,0.0,-62.38564036,973.294741,2.173333333,8.7475,1.0,8.021,,,,
359,S1C6 23012023,105,39,9,1447.0,1448.296875,1080.0,2080.0,245,F,Unknown,virgin,D,BRAC7344.5e,WT,Agg+,23.91883554,yes,silent,silent,silent,0.0,0.0,0.0,no,0.0,no,0.0,0.0,0.0,0.0,0.0,30.0,0.0,-62.38564036,973.294741,2.173333333,8.7475,1.0,8.021,,,,,367.0,7,245,F,Unknown,virgin,D,BRAC7344.5e,WT,23.91883554,yes,silent,silent,silent,0.0,0.0,0.0,no,0.0,no,0.0,0.0,0.0,0.0,0.0,30.0,0.0,-62.38564036,973.294741,2.173333333,8.7475,1.0,8.021,,,,
360,S1C6 23012023,115,46,10,1418.39855957031,1419.70300292968,1080.0,2080.0,245,F,Unknown,virgin,D,BRAC7344.5e,WT,Agg+,23.91883554,yes,silent,silent,silent,0.0,0.0,0.0,no,0.0,no,0.0,0.0,0.0,0.0,0.0,30.0,0.0,-62.38564036,973.294741,2.173333333,8.7475,1.0,8.021,,,,,338.39855957031,7,245,F,Unknown,virgin,D,BRAC7344.5e,WT,23.91883554,yes,silent,silent,silent,0.0,0.0,0.0,no,0.0,no,0.0,0.0,0.0,0.0,0.0,30.0,0.0,-62.38564036,973.294741,2.173333333,8.7475,1.0,8.021,,,,
361,S1C6 23012023,125,53,11,1373.80102539062,1374.99621582031,1080.0,2080.0,245,F,Unknown,virgin,D,BRAC7344.5e,WT,Agg+,23.91883554,yes,silent,silent,silent,0.0,0.0,0.0,no,0.0,no,0.0,0.0,0.0,0.0,0.0,30.0,0.0,-62.38564036,973.294741,2.173333333,8.7475,1.0,8.021,,,,,293.80102539062,8,245,F,Unknown,virgin,D,BRAC7344.5e,WT,23.91883554,yes,silent,silent,silent,0.0,0.0,0.0,no,0.0,no,0.0,0.0,0.0,0.0,0.0,30.0,0.0,-62.38564036,973.294741,2.173333333,8.7475,1.0,8.021,,,,
362,S1C6 23012023,135,61,12,1377.80102539062,1378.99621582031,1080.0,2080.0,245,F,Unknown,virgin,D,BRAC7344.5e,WT,Agg+,23.91883554,yes,silent,silent,silent,0.0,0.0,0.0,no,0.0,no,0.0,0.0,0.0,0.0,0.0,30.0,0.0,-62.38564036,973.294741,2.173333333,8.7475,1.0,8.021,,,,,297.80102539062,7,245,F,Unknown,virgin,D,BRAC7344.5e,WT,23.91883554,yes,silent,silent,silent,0.0,0.0,0.0,no,0.0,no,0.0,0.0,0.0,0.0,0.0,30.0,0.0,-62.38564036,973.294741,2.173333333,8.7475,1.0,8.021,,,,
363,S1C6 23012023,145,68,13,1319.30102539062,1320.49621582031,1080.0,2080.0,245,F,Unknown,virgin,D,BRAC7344.5e,WT,Agg+,23.91883554,yes,silent,silent,silent,0.0,0.0,0.0,no,0.0,no,0.0,0.0,0.0,0.0,0.0,30.0,0.0,-62.38564036,973.294741,2.173333333,8.7475,1.0,8.021,,,,,239.30102539062,8,245,F,Unknown,virgin,D,BRAC7344.5e,WT,23.91883554,yes,silent,silent,silent,0.0,0.0,0.0,no,0.0,no,0.0,0.0,0.0,0.0,0.0,30.0,0.0,-62.38564036,973.294741,2.173333333,8.7475,1.0,8.021,,,,
364,S2C2 22012023,25,0,1,1320.0,1322.19995117187,1080.0,2080.0,8,F,no,Virgin-Gal -,M,JKAM54.2b,Gal-cre KI87; Rosa26 Tomato (Ai9),Pre,30.31249845,yes,tonic,tonic,silent,0.41,0.82,2394.0,no,0.0,no,0.0,86.41,4.73,2.91,371.0,5.0,-65.4,-51.6958939,693.0029487,0.684224817,12.45,0.9,9.7,,,,,240.0,12,8,F,no,Virgin-Gal -,M,JKAM54.2b,Gal-cre KI87; Rosa26 Tomato (Ai9),30.31249845,yes,tonic,tonic,silent,0.41,0.82,2394.0,no,0.0,no,0.0,86.41,4.73,2.91,371.0,5.0,-65.4,-51.6958939,693.0029487,0.684224817,12.45,0.9,9.7,,,,
365,S2C2 22012023,25,0,1,1320.0,1322.19995117187,1080.0,2080.0,8,F,no,Virgin-Gal -,M,JKAM54.2b,Gal-cre KI87; Rosa26 Tomato (Ai9),Pre,30.31249845,yes,tonic,tonic,silent,0.41,0.82,2394.0,no,0.0,no,0.0,86.41,4.73,2.91,371.0,5.0,-65.4,-51.6958939,693.0029487,0.684224817,12.45,0.9,9.7,,,,,240.0,12,147,F,no,Virgin-Gal -,M,JKAM54.2b,Gal-cre KI87; Rosa26 Tomato (Ai9),30.31249845,yes,tonic,tonic,silent,0.41,0.82,2394.0,no,0.0,no,0.0,86.41,4.73,2.91,371.0,5.0,-65.4,-51.6958939,693.0029487,0.684224817,12.45,0.9,9.7,,,,
366,S2C2 22012023,35,6,2,1393.5,1395.89965820312,1080.0,2080.0,8,F,no,Virgin-Gal -,M,JKAM54.2b,Gal-cre KI87; Rosa26 Tomato (Ai9),Pre,30.31249845,yes,tonic,tonic,silent,0.41,0.82,2394.0,no,0.0,no,0.0,86.41,4.73,2.91,371.0,5.0,-65.4,-51.6958939,693.0029487,0.684224817,12.45,0.9,9.7,,,,,313.5,14,8,F,no,Virgin-Gal -,M,JKAM54.2b,Gal-cre KI87; Rosa26 Tomato (Ai9),30.31249845,yes,tonic,tonic,silent,0.41,0.82,2394.0,no,0.0,no,0.0,86.41,4.73,2.91,371.0,5.0,-65.4,-51.6958939,693.0029487,0.684224817,12.45,0.9,9.7,,,,
367,S2C2 22012023,35,6,2,1393.5,1395.89965820312,1080.0,2080.0,8,F,no,Virgin-Gal -,M,JKAM54.2b,Gal-cre KI87; Rosa26 Tomato (Ai9),Pre,30.31249845,yes,tonic,tonic,silent,0.41,0.82,2394.0,no,0.0,no,0.0,86.41,4.73,2.91,371.0,5.0,-65.4,-51.6958939,693.0029487,0.684224817,12.45,0.9,9.7,,,,,313.5,14,147,F,no,Virgin-Gal -,M,JKAM54.2b,Gal-cre KI87; Rosa26 Tomato (Ai9),30.31249845,yes,tonic,tonic,silent,0.41,0.82,2394.0,no,0.0,no,0.0,86.41,4.73,2.91,371.0,5.0,-65.4,-51.6958939,693.0029487,0.684224817,12.45,0.9,9.7,,,,
368,S2C2 22012023,45,13,3,1370.40051269531,1373.00109863281,1080.0,2080.0,8,F,no,Virgin-Gal -,M,JKAM54.2b,Gal-cre KI87; Rosa26 Tomato (Ai9),Pre,30.31249845,yes,tonic,tonic,silent,0.41,0.82,2394.0,no,0.0,no,0.0,86.41,4.73,2.91,371.0,5.0,-65.4,-51.6958939,693.0029487,0.684224817,12.45,0.9,9.7,,,,,290.40051269531,8,8,F,no,Virgin-Gal -,M,JKAM54.2b,Gal-cre KI87; Rosa26 Tomato (Ai9),30.31249845,yes,tonic,tonic,silent,0.41,0.82,2394.0,no,0.0,no,0.0,86.41,4.73,2.91,371.0,5.0,-65.4,-51.6958939,693.0029487,0.684224817,12.45,0.9,9.7,,,,
369,S2C2 22012023,45,13,3,1370.40051269531,1373.00109863281,1080.0,2080.0,8,F,no,Virgin-Gal -,M,JKAM54.2b,Gal-cre KI87; Rosa26 Tomato (Ai9),Pre,30.31249845,yes,tonic,tonic,silent,0.41,0.82,2394.0,no,0.0,no,0.0,86.41,4.73,2.91,371.0,5.0,-65.4,-51.6958939,693.0029487,0.684224817,12.45,0.9,9.7,,,,,290.40051269531,8,147,F,no,Virgin-Gal -,M,JKAM54.2b,Gal-cre KI87; Rosa26 Tomato (Ai9),30.31249845,yes,tonic,tonic,silent,0.41,0.82,2394.0,no,0.0,no,0.0,86.41,4.73,2.91,371.0,5.0,-65.4,-51.6958939,693.0029487,0.684224817,12.45,0.9,9.7,,,,
370,S2C2 22012023,55,17,4,1279.80004882812,1282.69909667968,1080.0,2080.0,8,F,no,Virgin-Gal -,M,JKAM54.2b,Gal-cre KI87; Rosa26 Tomato (Ai9),Pre,30.31249845,yes,tonic,tonic,silent,0.41,0.82,2394.0,no,0.0,no,0.0,86.41,4.73,2.91,371.0,5.0,-65.4,-51.6958939,693.0029487,0.684224817,12.45,0.9,9.7,,,,,199.80004882812,14,8,F,no,Virgin-Gal -,M,JKAM54.2b,Gal-cre KI87; Rosa26 Tomato (Ai9),30.31249845,yes,tonic,tonic,silent,0.41,0.82,2394.0,no,0.0,no,0.0,86.41,4.73,2.91,371.0,5.0,-65.4,-51.6958939,693.0029487,0.684224817,12.45,0.9,9.7,,,,
371,S2C2 22012023,55,17,4,1279.80004882812,1282.69909667968,1080.0,2080.0,8,F,no,Virgin-Gal -,M,JKAM54.2b,Gal-cre KI87; Rosa26 Tomato (Ai9),Pre,30.31249845,yes,tonic,tonic,silent,0.41,0.82,2394.0,no,0.0,no,0.0,86.41,4.73,2.91,371.0,5.0,-65.4,-51.6958939,693.0029487,0.684224817,12.45,0.9,9.7,,,,,199.80004882812,14,147,F,no,Virgin-Gal -,M,JKAM54.2b,Gal-cre KI87; Rosa26 Tomato (Ai9),30.31249845,yes,tonic,tonic,silent,0.41,0.82,2394.0,no,0.0,no,0.0,86.41,4.73,2.91,371.0,5.0,-65.4,-51.6958939,693.0029487,0.684224817,12.45,0.9,9.7,,,,
372,S2C2 22012023,65,25,5,1349.5,1352.798828125,1080.0,2080.0,8,F,no,Virgin-Gal -,M,JKAM54.2b,Gal-cre KI87; Rosa26 Tomato (Ai9),Pre,30.31249845,yes,tonic,tonic,silent,0.41,0.82,2394.0,no,0.0,no,0.0,86.41,4.73,2.91,371.0,5.0,-65.4,-51.6958939,693.0029487,0.684224817,12.45,0.9,9.7,,,,,269.5,8,8,F,no,Virgin-Gal -,M,JKAM54.2b,Gal-cre KI87; Rosa26 Tomato (Ai9),30.31249845,yes,tonic,tonic,silent,0.41,0.82,2394.0,no,0.0,no,0.0,86.41,4.73,2.91,371.0,5.0,-65.4,-51.6958939,693.0029487,0.684224817,12.45,0.9,9.7,,,,
373,S2C2 22012023,65,25,5,1349.5,1352.798828125,1080.0,2080.0,8,F,no,Virgin-Gal -,M,JKAM54.2b,Gal-cre KI87; Rosa26 Tomato (Ai9),Pre,30.31249845,yes,tonic,tonic,silent,0.41,0.82,2394.0,no,0.0,no,0.0,86.41,4.73,2.91,371.0,5.0,-65.4,-51.6958939,693.0029487,0.684224817,12.45,0.9,9.7,,,,,269.5,8,147,F,no,Virgin-Gal -,M,JKAM54.2b,Gal-cre KI87; Rosa26 Tomato (Ai9),30.31249845,yes,tonic,tonic,silent,0.41,0.82,2394.0,no,0.0,no,0.0,86.41,4.73,2.91,371.0,5.0,-65.4,-51.6958939,693.0029487,0.684224817,12.45,0.9,9.7,,,,
374,S2C2 22012023,75,29,6,1211.0,1214.099609375,1080.0,2080.0,8,F,no,Virgin-Gal -,M,JKAM54.2b,Gal-cre KI87; Rosa26 Tomato (Ai9),Pre,30.31249845,yes,tonic,tonic,silent,0.41,0.82,2394.0,no,0.0,no,0.0,86.41,4.73,2.91,371.0,5.0,-65.4,-51.6958939,693.0029487,0.684224817,12.45,0.9,9.7,,,,,131.0,14,8,F,no,Virgin-Gal -,M,JKAM54.2b,Gal-cre KI87; Rosa26 Tomato (Ai9),30.31249845,yes,tonic,tonic,silent,0.41,0.82,2394.0,no,0.0,no,0.0,86.41,4.73,2.91,371.0,5.0,-65.4,-51.6958939,693.0029487,0.684224817,12.45,0.9,9.7,,,,
375,S2C2 22012023,75,29,6,1211.0,1214.099609375,1080.0,2080.0,8,F,no,Virgin-Gal -,M,JKAM54.2b,Gal-cre KI87; Rosa26 Tomato (Ai9),Pre,30.31249845,yes,tonic,tonic,silent,0.41,0.82,2394.0,no,0.0,no,0.0,86.41,4.73,2.91,371.0,5.0,-65.4,-51.6958939,693.0029487,0.684224817,12.45,0.9,9.7,,,,,131.0,14,147,F,no,Virgin-Gal -,M,JKAM54.2b,Gal-cre KI87; Rosa26 Tomato (Ai9),30.31249845,yes,tonic,tonic,silent,0.41,0.82,2394.0,no,0.0,no,0.0,86.41,4.73,2.91,371.0,5.0,-65.4,-51.6958939,693.0029487,0.684224817,12.45,0.9,9.7,,,,
376,S2C2 22012023,85,24,5,1232.09948730468,1235.00012207031,1080.0,2080.0,8,F,no,Virgin-Gal -,M,JKAM54.2b,Gal-cre KI87; Rosa26 Tomato (Ai9),Pre,30.31249845,yes,tonic,tonic,silent,0.41,0.82,2394.0,no,0.0,no,0.0,86.41,4.73,2.91,371.0,5.0,-65.4,-51.6958939,693.0029487,0.684224817,12.45,0.9,9.7,,,,,152.09948730468,16,8,F,no,Virgin-Gal -,M,JKAM54.2b,Gal-cre KI87; Rosa26 Tomato (Ai9),30.31249845,yes,tonic,tonic,silent,0.41,0.82,2394.0,no,0.0,no,0.0,86.41,4.73,2.91,371.0,5.0,-65.4,-51.6958939,693.0029487,0.684224817,12.45,0.9,9.7,,,,
377,S2C2 22012023,85,24,5,1232.09948730468,1235.00012207031,1080.0,2080.0,8,F,no,Virgin-Gal -,M,JKAM54.2b,Gal-cre KI87; Rosa26 Tomato (Ai9),Pre,30.31249845,yes,tonic,tonic,silent,0.41,0.82,2394.0,no,0.0,no,0.0,86.41,4.73,2.91,371.0,5.0,-65.4,-51.6958939,693.0029487,0.684224817,12.45,0.9,9.7,,,,,152.09948730468,16,147,F,no,Virgin-Gal -,M,JKAM54.2b,Gal-cre KI87; Rosa26 Tomato (Ai9),30.31249845,yes,tonic,tonic,silent,0.41,0.82,2394.0,no,0.0,no,0.0,86.41,4.73,2.91,371.0,5.0,-65.4,-51.6958939,693.0029487,0.684224817,12.45,0.9,9.7,,,,
378,S2C2 22012023,95,43,8,1200.80102539062,1203.6015625,1080.0,2080.0,8,F,no,Virgin-Gal -,M,JKAM54.2b,Gal-cre KI87; Rosa26 Tomato (Ai9),Pre,30.31249845,yes,tonic,tonic,silent,0.41,0.82,2394.0,no,0.0,no,0.0,86.41,4.73,2.91,371.0,5.0,-65.4,-51.6958939,693.0029487,0.684224817,12.45,0.9,9.7,,,,,120.80102539062,10,8,F,no,Virgin-Gal -,M,JKAM54.2b,Gal-cre KI87; Rosa26 Tomato (Ai9),30.31249845,yes,tonic,tonic,silent,0.41,0.82,2394.0,no,0.0,no,0.0,86.41,4.73,2.91,371.0,5.0,-65.4,-51.6958939,693.0029487,0.684224817,12.45,0.9,9.7,,,,
379,S2C2 22012023,95,43,8,1200.80102539062,1203.6015625,1080.0,2080.0,8,F,no,Virgin-Gal -,M,JKAM54.2b,Gal-cre KI87; Rosa26 Tomato (Ai9),Pre,30.31249845,yes,tonic,tonic,silent,0.41,0.82,2394.0,no,0.0,no,0.0,86.41,4.73,2.91,371.0,5.0,-65.4,-51.6958939,693.0029487,0.684224817,12.45,0.9,9.7,,,,,120.80102539062,10,147,F,no,Virgin-Gal -,M,JKAM54.2b,Gal-cre KI87; Rosa26 Tomato (Ai9),30.31249845,yes,tonic,tonic,silent,0.41,0.82,2394.0,no,0.0,no,0.0,86.41,4.73,2.91,371.0,5.0,-65.4,-51.6958939,693.0029487,0.684224817,12.45,0.9,9.7,,,,
380,S2C2 22012023,105,48,9,1201.39855957031,1204.40258789062,1080.0,2080.0,8,F,no,Virgin-Gal -,M,JKAM54.2b,Gal-cre KI87; Rosa26 Tomato (Ai9),Pre,30.31249845,yes,tonic,tonic,silent,0.41,0.82,2394.0,no,0.0,no,0.0,86.41,4.73,2.91,371.0,5.0,-65.4,-51.6958939,693.0029487,0.684224817,12.45,0.9,9.7,,,,,121.39855957031,12,8,F,no,Virgin-Gal -,M,JKAM54.2b,Gal-cre KI87; Rosa26 Tomato (Ai9),30.31249845,yes,tonic,tonic,silent,0.41,0.82,2394.0,no,0.0,no,0.0,86.41,4.73,2.91,371.0,5.0,-65.4,-51.6958939,693.0029487,0.684224817,12.45,0.9,9.7,,,,
381,S2C2 22012023,105,48,9,1201.39855957031,1204.40258789062,1080.0,2080.0,8,F,no,Virgin-Gal -,M,JKAM54.2b,Gal-cre KI87; Rosa26 Tomato (Ai9),Pre,30.31249845,yes,tonic,tonic,silent,0.41,0.82,2394.0,no,0.0,no,0.0,86.41,4.73,2.91,371.0,5.0,-65.4,-51.6958939,693.0029487,0.684224817,12.45,0.9,9.7,,,,,121.39855957031,12,147,F,no,Virgin-Gal -,M,JKAM54.2b,Gal-cre KI87; Rosa26 Tomato (Ai9),30.31249845,yes,tonic,tonic,silent,0.41,0.82,2394.0,no,0.0,no,0.0,86.41,4.73,2.91,371.0,5.0,-65.4,-51.6958939,693.0029487,0.684224817,12.45,0.9,9.7,,,,
382,S2C2 22012023,115,54,10,1202.19921875,1205.20300292968,1080.0,2080.0,8,F,no,Virgin-Gal -,M,JKAM54.2b,Gal-cre KI87; Rosa26 Tomato (Ai9),Pre,30.31249845,yes,tonic,tonic,silent,0.41,0.82,2394.0,no,0.0,no,0.0,86.41,4.73,2.91,371.0,5.0,-65.4,-51.6958939,693.0029487,0.684224817,12.45,0.9,9.7,,,,,122.19921875,10,8,F,no,Virgin-Gal -,M,JKAM54.2b,Gal-cre KI87; Rosa26 Tomato (Ai9),30.31249845,yes,tonic,tonic,silent,0.41,0.82,2394.0,no,0.0,no,0.0,86.41,4.73,2.91,371.0,5.0,-65.4,-51.6958939,693.0029487,0.684224817,12.45,0.9,9.7,,,,
383,S2C2 22012023,115,54,10,1202.19921875,1205.20300292968,1080.0,2080.0,8,F,no,Virgin-Gal -,M,JKAM54.2b,Gal-cre KI87; Rosa26 Tomato (Ai9),Pre,30.31249845,yes,tonic,tonic,silent,0.41,0.82,2394.0,no,0.0,no,0.0,86.41,4.73,2.91,371.0,5.0,-65.4,-51.6958939,693.0029487,0.684224817,12.45,0.9,9.7,,,,,122.19921875,10,147,F,no,Virgin-Gal -,M,JKAM54.2b,Gal-cre KI87; Rosa26 Tomato (Ai9),30.31249845,yes,tonic,tonic,silent,0.41,0.82,2394.0,no,0.0,no,0.0,86.41,4.73,2.91,371.0,5.0,-65.4,-51.6958939,693.0029487,0.684224817,12.45,0.9,9.7,,,,
384,S2C2 22012023,125,59,11,1239.80102539062,1242.6015625,1080.0,2080.0,8,F,no,Virgin-Gal -,M,JKAM54.2b,Gal-cre KI87; Rosa26 Tomato (Ai9),Pre,30.31249845,yes,tonic,tonic,silent,0.41,0.82,2394.0,no,0.0,no,0.0,86.41,4.73,2.91,371.0,5.0,-65.4,-51.6958939,693.0029487,0.684224817,12.45,0.9,9.7,,,,,159.80102539062,12,8,F,no,Virgin-Gal -,M,JKAM54.2b,Gal-cre KI87; Rosa26 Tomato (Ai9),30.31249845,yes,tonic,tonic,silent,0.41,0.82,2394.0,no,0.0,no,0.0,86.41,4.73,2.91,371.0,5.0,-65.4,-51.6958939,693.0029487,0.684224817,12.45,0.9,9.7,,,,
385,S2C2 22012023,125,59,11,1239.80102539062,1242.6015625,1080.0,2080.0,8,F,no,Virgin-Gal -,M,JKAM54.2b,Gal-cre KI87; Rosa26 Tomato (Ai9),Pre,30.31249845,yes,tonic,tonic,silent,0.41,0.82,2394.0,no,0.0,no,0.0,86.41,4.73,2.91,371.0,5.0,-65.4,-51.6958939,693.0029487,0.684224817,12.45,0.9,9.7,,,,,159.80102539062,12,147,F,no,Virgin-Gal -,M,JKAM54.2b,Gal-cre KI87; Rosa26 Tomato (Ai9),30.31249845,yes,tonic,tonic,silent,0.41,0.82,2394.0,no,0.0,no,0.0,86.41,4.73,2.91,371.0,5.0,-65.4,-51.6958939,693.0029487,0.684224817,12.45,0.9,9.7,,,,
386,S2C2 22012023,135,65,12,1159.19921875,1161.49621582031,1080.0,2080.0,8,F,no,Virgin-Gal -,M,JKAM54.2b,Gal-cre KI87; Rosa26 Tomato (Ai9),Pre,30.31249845,yes,tonic,tonic,silent,0.41,0.82,2394.0,no,0.0,no,0.0,86.41,4.73,2.91,371.0,5.0,-65.4,-51.6958939,693.0029487,0.684224817,12.45,0.9,9.7,,,,,79.19921875,10,8,F,no,Virgin-Gal -,M,JKAM54.2b,Gal-cre KI87; Rosa26 Tomato (Ai9),30.31249845,yes,tonic,tonic,silent,0.41,0.82,2394.0,no,0.0,no,0.0,86.41,4.73,2.91,371.0,5.0,-65.4,-51.6958939,693.0029487,0.684224817,12.45,0.9,9.7,,,,
387,S2C2 22012023,135,65,12,1159.19921875,1161.49621582031,1080.0,2080.0,8,F,no,Virgin-Gal -,M,JKAM54.2b,Gal-cre KI87; Rosa26 Tomato (Ai9),Pre,30.31249845,yes,tonic,tonic,silent,0.41,0.82,2394.0,no,0.0,no,0.0,86.41,4.73,2.91,371.0,5.0,-65.4,-51.6958939,693.0029487,0.684224817,12.45,0.9,9.7,,,,,79.19921875,10,147,F,no,Virgin-Gal -,M,JKAM54.2b,Gal-cre KI87; Rosa26 Tomato (Ai9),30.31249845,yes,tonic,tonic,silent,0.41,0.82,2394.0,no,0.0,no,0.0,86.41,4.73,2.91,371.0,5.0,-65.4,-51.6958939,693.0029487,0.684224817,12.45,0.9,9.7,,,,
388,S2C2 22012023,145,70,13,1193.30102539062,1195.296875,1080.0,2080.0,8,F,no,Virgin-Gal -,M,JKAM54.2b,Gal-cre KI87; Rosa26 Tomato (Ai9),Pre,30.31249845,yes,tonic,tonic,silent,0.41,0.82,2394.0,no,0.0,no,0.0,86.41,4.73,2.91,371.0,5.0,-65.4,-51.6958939,693.0029487,0.684224817,12.45,0.9,9.7,,,,,113.30102539062,6,8,F,no,Virgin-Gal -,M,JKAM54.2b,Gal-cre KI87; Rosa26 Tomato (Ai9),30.31249845,yes,tonic,tonic,silent,0.41,0.82,2394.0,no,0.0,no,0.0,86.41,4.73,2.91,371.0,5.0,-65.4,-51.6958939,693.0029487,0.684224817,12.45,0.9,9.7,,,,
389,S2C2 22012023,145,70,13,1193.30102539062,1195.296875,1080.0,2080.0,8,F,no,Virgin-Gal -,M,JKAM54.2b,Gal-cre KI87; Rosa26 Tomato (Ai9),Pre,30.31249845,yes,tonic,tonic,silent,0.41,0.82,2394.0,no,0.0,no,0.0,86.41,4.73,2.91,371.0,5.0,-65.4,-51.6958939,693.0029487,0.684224817,12.45,0.9,9.7,,,,,113.30102539062,6,147,F,no,Virgin-Gal -,M,JKAM54.2b,Gal-cre KI87; Rosa26 Tomato (Ai9),30.31249845,yes,tonic,tonic,silent,0.41,0.82,2394.0,no,0.0,no,0.0,86.41,4.73,2.91,371.0,5.0,-65.4,-51.6958939,693.0029487,0.684224817,12.45,0.9,9.7,,,,
390,S2C4 20012023,25,0,1,1769.69995117187,1792.29992675781,1080.0,2080.0,3,F,no,Virgin-Gal -,P,JKAM54.2d,Gal-cre KI87; Rosa26 Tomato (Ai9),Pre,21.40758608,no,tonic,tonic,silent,2.52,2.81,395.0,no,0.0,no,0.0,121.53,2.38,1.68,297.0,9.0,-61.9,-42.98773623,744.8640939,,,,,,,,,689.69995117187,8,3,F,no,Virgin-Gal -,P,JKAM54.2d,Gal-cre KI87; Rosa26 Tomato (Ai9),21.40758608,no,tonic,tonic,silent,2.52,2.81,395.0,no,0.0,no,0.0,121.53,2.38,1.68,297.0,9.0,-61.9,-42.98773623,744.8640939,,,,,,,,
391,S2C4 20012023,25,0,1,1769.69995117187,1792.29992675781,1080.0,2080.0,3,F,no,Virgin-Gal -,P,JKAM54.2d,Gal-cre KI87; Rosa26 Tomato (Ai9),Pre,21.40758608,no,tonic,tonic,silent,2.52,2.81,395.0,no,0.0,no,0.0,121.53,2.38,1.68,297.0,9.0,-61.9,-42.98773623,744.8640939,,,,,,,,,689.69995117187,8,142,F,no,Virgin-Gal -,P,JKAM54.2d,Gal-cre KI87; Rosa26 Tomato (Ai9),21.40758608,no,tonic,tonic,silent,2.52,2.81,395.0,no,0.0,no,0.0,121.53,2.38,1.68,297.0,9.0,-61.9,-42.98773623,744.8640939,,,,,,,,
392,S2C4 20012023,35,4,2,1625.30004882812,1647.89965820312,1080.0,2080.0,3,F,no,Virgin-Gal -,P,JKAM54.2d,Gal-cre KI87; Rosa26 Tomato (Ai9),Pre,21.40758608,no,tonic,tonic,silent,2.52,2.81,395.0,no,0.0,no,0.0,121.53,2.38,1.68,297.0,9.0,-61.9,-42.98773623,744.8640939,,,,,,,,,545.30004882812,10,3,F,no,Virgin-Gal -,P,JKAM54.2d,Gal-cre KI87; Rosa26 Tomato (Ai9),21.40758608,no,tonic,tonic,silent,2.52,2.81,395.0,no,0.0,no,0.0,121.53,2.38,1.68,297.0,9.0,-61.9,-42.98773623,744.8640939,,,,,,,,
393,S2C4 20012023,35,4,2,1625.30004882812,1647.89965820312,1080.0,2080.0,3,F,no,Virgin-Gal -,P,JKAM54.2d,Gal-cre KI87; Rosa26 Tomato (Ai9),Pre,21.40758608,no,tonic,tonic,silent,2.52,2.81,395.0,no,0.0,no,0.0,121.53,2.38,1.68,297.0,9.0,-61.9,-42.98773623,744.8640939,,,,,,,,,545.30004882812,10,142,F,no,Virgin-Gal -,P,JKAM54.2d,Gal-cre KI87; Rosa26 Tomato (Ai9),21.40758608,no,tonic,tonic,silent,2.52,2.81,395.0,no,0.0,no,0.0,121.53,2.38,1.68,297.0,9.0,-61.9,-42.98773623,744.8640939,,,,,,,,
394,S2C4 20012023,45,9,3,1606.40051269531,1618.39965820312,1080.0,2080.0,3,F,no,Virgin-Gal -,P,JKAM54.2d,Gal-cre KI87; Rosa26 Tomato (Ai9),Pre,21.40758608,no,tonic,tonic,silent,2.52,2.81,395.0,no,0.0,no,0.0,121.53,2.38,1.68,297.0,9.0,-61.9,-42.98773623,744.8640939,,,,,,,,,526.40051269531,16,3,F,no,Virgin-Gal -,P,JKAM54.2d,Gal-cre KI87; Rosa26 Tomato (Ai9),21.40758608,no,tonic,tonic,silent,2.52,2.81,395.0,no,0.0,no,0.0,121.53,2.38,1.68,297.0,9.0,-61.9,-42.98773623,744.8640939,,,,,,,,
395,S2C4 20012023,45,9,3,1606.40051269531,1618.39965820312,1080.0,2080.0,3,F,no,Virgin-Gal -,P,JKAM54.2d,Gal-cre KI87; Rosa26 Tomato (Ai9),Pre,21.40758608,no,tonic,tonic,silent,2.52,2.81,395.0,no,0.0,no,0.0,121.53,2.38,1.68,297.0,9.0,-61.9,-42.98773623,744.8640939,,,,,,,,,526.40051269531,16,142,F,no,Virgin-Gal -,P,JKAM54.2d,Gal-cre KI87; Rosa26 Tomato (Ai9),21.40758608,no,tonic,tonic,silent,2.52,2.81,395.0,no,0.0,no,0.0,121.53,2.38,1.68,297.0,9.0,-61.9,-42.98773623,744.8640939,,,,,,,,
396,S2C4 20012023,55,17,4,1575.69921875,1595.798828125,1080.0,2080.0,3,F,no,Virgin-Gal -,P,JKAM54.2d,Gal-cre KI87; Rosa26 Tomato (Ai9),Pre,21.40758608,no,tonic,tonic,silent,2.52,2.81,395.0,no,0.0,no,0.0,121.53,2.38,1.68,297.0,9.0,-61.9,-42.98773623,744.8640939,,,,,,,,,495.69921875,16,3,F,no,Virgin-Gal -,P,JKAM54.2d,Gal-cre KI87; Rosa26 Tomato (Ai9),21.40758608,no,tonic,tonic,silent,2.52,2.81,395.0,no,0.0,no,0.0,121.53,2.38,1.68,297.0,9.0,-61.9,-42.98773623,744.8640939,,,,,,,,
397,S2C4 20012023,55,17,4,1575.69921875,1595.798828125,1080.0,2080.0,3,F,no,Virgin-Gal -,P,JKAM54.2d,Gal-cre KI87; Rosa26 Tomato (Ai9),Pre,21.40758608,no,tonic,tonic,silent,2.52,2.81,395.0,no,0.0,no,0.0,121.53,2.38,1.68,297.0,9.0,-61.9,-42.98773623,744.8640939,,,,,,,,,495.69921875,16,142,F,no,Virgin-Gal -,P,JKAM54.2d,Gal-cre KI87; Rosa26 Tomato (Ai9),21.40758608,no,tonic,tonic,silent,2.52,2.81,395.0,no,0.0,no,0.0,121.53,2.38,1.68,297.0,9.0,-61.9,-42.98773623,744.8640939,,,,,,,,
398,S2C4 20012023,65,25,5,1578.90051269531,1653.099609375,1080.0,2080.0,3,F,no,Virgin-Gal -,P,JKAM54.2d,Gal-cre KI87; Rosa26 Tomato (Ai9),Pre,21.40758608,no,tonic,tonic,silent,2.52,2.81,395.0,no,0.0,no,0.0,121.53,2.38,1.68,297.0,9.0,-61.9,-42.98773623,744.8640939,,,,,,,,,498.90051269531,16,3,F,no,Virgin-Gal -,P,JKAM54.2d,Gal-cre KI87; Rosa26 Tomato (Ai9),21.40758608,no,tonic,tonic,silent,2.52,2.81,395.0,no,0.0,no,0.0,121.53,2.38,1.68,297.0,9.0,-61.9,-42.98773623,744.8640939,,,,,,,,
399,S2C4 20012023,65,25,5,1578.90051269531,1653.099609375,1080.0,2080.0,3,F,no,Virgin-Gal -,P,JKAM54.2d,Gal-cre KI87; Rosa26 Tomato (Ai9),Pre,21.40758608,no,tonic,tonic,silent,2.52,2.81,395.0,no,0.0,no,0.0,121.53,2.38,1.68,297.0,9.0,-61.9,-42.98773623,744.8640939,,,,,,,,,498.90051269531,16,142,F,no,Virgin-Gal -,P,JKAM54.2d,Gal-cre KI87; Rosa26 Tomato (Ai9),21.40758608,no,tonic,tonic,silent,2.52,2.81,395.0,no,0.0,no,0.0,121.53,2.38,1.68,297.0,9.0,-61.9,-42.98773623,744.8640939,,,,,,,,
400,S2C4 20012023,75,33,6,1543.30102539062,1569.69909667968,1080.0,2080.0,3,F,no,Virgin-Gal -,P,JKAM54.2d,Gal-cre KI87; Rosa26 Tomato (Ai9),Pre,21.40758608,no,tonic,tonic,silent,2.52,2.81,395.0,no,0.0,no,0.0,121.53,2.38,1.68,297.0,9.0,-61.9,-42.98773623,744.8640939,,,,,,,,,463.30102539062,20,3,F,no,Virgin-Gal -,P,JKAM54.2d,Gal-cre KI87; Rosa26 Tomato (Ai9),21.40758608,no,tonic,tonic,silent,2.52,2.81,395.0,no,0.0,no,0.0,121.53,2.38,1.68,297.0,9.0,-61.9,-42.98773623,744.8640939,,,,,,,,
401,S2C4 20012023,75,33,6,1543.30102539062,1569.69909667968,1080.0,2080.0,3,F,no,Virgin-Gal -,P,JKAM54.2d,Gal-cre KI87; Rosa26 Tomato (Ai9),Pre,21.40758608,no,tonic,tonic,silent,2.52,2.81,395.0,no,0.0,no,0.0,121.53,2.38,1.68,297.0,9.0,-61.9,-42.98773623,744.8640939,,,,,,,,,463.30102539062,20,142,F,no,Virgin-Gal -,P,JKAM54.2d,Gal-cre KI87; Rosa26 Tomato (Ai9),21.40758608,no,tonic,tonic,silent,2.52,2.81,395.0,no,0.0,no,0.0,121.53,2.38,1.68,297.0,9.0,-61.9,-42.98773623,744.8640939,,,,,,,,
402,S2C4 20012023,85,43,7,1554.30102539062,1618.00012207031,1080.0,2080.0,3,F,no,Virgin-Gal -,P,JKAM54.2d,Gal-cre KI87; Rosa26 Tomato (Ai9),Pre,21.40758608,no,tonic,tonic,silent,2.52,2.81,395.0,no,0.0,no,0.0,121.53,2.38,1.68,297.0,9.0,-61.9,-42.98773623,744.8640939,,,,,,,,,474.30102539062,20,3,F,no,Virgin-Gal -,P,JKAM54.2d,Gal-cre KI87; Rosa26 Tomato (Ai9),21.40758608,no,tonic,tonic,silent,2.52,2.81,395.0,no,0.0,no,0.0,121.53,2.38,1.68,297.0,9.0,-61.9,-42.98773623,744.8640939,,,,,,,,
403,S2C4 20012023,85,43,7,1554.30102539062,1618.00012207031,1080.0,2080.0,3,F,no,Virgin-Gal -,P,JKAM54.2d,Gal-cre KI87; Rosa26 Tomato (Ai9),Pre,21.40758608,no,tonic,tonic,silent,2.52,2.81,395.0,no,0.0,no,0.0,121.53,2.38,1.68,297.0,9.0,-61.9,-42.98773623,744.8640939,,,,,,,,,474.30102539062,20,142,F,no,Virgin-Gal -,P,JKAM54.2d,Gal-cre KI87; Rosa26 Tomato (Ai9),21.40758608,no,tonic,tonic,silent,2.52,2.81,395.0,no,0.0,no,0.0,121.53,2.38,1.68,297.0,9.0,-61.9,-42.98773623,744.8640939,,,,,,,,
404,S2C4 20012023,95,53,8,1521.39855957031,1584.70300292968,1080.0,2080.0,3,F,no,Virgin-Gal -,P,JKAM54.2d,Gal-cre KI87; Rosa26 Tomato (Ai9),Pre,21.40758608,no,tonic,tonic,silent,2.52,2.81,395.0,no,0.0,no,0.0,121.53,2.38,1.68,297.0,9.0,-61.9,-42.98773623,744.8640939,,,,,,,,,441.39855957031,22,3,F,no,Virgin-Gal -,P,JKAM54.2d,Gal-cre KI87; Rosa26 Tomato (Ai9),21.40758608,no,tonic,tonic,silent,2.52,2.81,395.0,no,0.0,no,0.0,121.53,2.38,1.68,297.0,9.0,-61.9,-42.98773623,744.8640939,,,,,,,,
405,S2C4 20012023,95,53,8,1521.39855957031,1584.70300292968,1080.0,2080.0,3,F,no,Virgin-Gal -,P,JKAM54.2d,Gal-cre KI87; Rosa26 Tomato (Ai9),Pre,21.40758608,no,tonic,tonic,silent,2.52,2.81,395.0,no,0.0,no,0.0,121.53,2.38,1.68,297.0,9.0,-61.9,-42.98773623,744.8640939,,,,,,,,,441.39855957031,22,142,F,no,Virgin-Gal -,P,JKAM54.2d,Gal-cre KI87; Rosa26 Tomato (Ai9),21.40758608,no,tonic,tonic,silent,2.52,2.81,395.0,no,0.0,no,0.0,121.53,2.38,1.68,297.0,9.0,-61.9,-42.98773623,744.8640939,,,,,,,,
406,S2C4 20012023,105,64,9,1504.30102539062,1563.6015625,1080.0,2080.0,3,F,no,Virgin-Gal -,P,JKAM54.2d,Gal-cre KI87; Rosa26 Tomato (Ai9),Pre,21.40758608,no,tonic,tonic,silent,2.52,2.81,395.0,no,0.0,no,0.0,121.53,2.38,1.68,297.0,9.0,-61.9,-42.98773623,744.8640939,,,,,,,,,424.30102539062,20,3,F,no,Virgin-Gal -,P,JKAM54.2d,Gal-cre KI87; Rosa26 Tomato (Ai9),21.40758608,no,tonic,tonic,silent,2.52,2.81,395.0,no,0.0,no,0.0,121.53,2.38,1.68,297.0,9.0,-61.9,-42.98773623,744.8640939,,,,,,,,
407,S2C4 20012023,105,64,9,1504.30102539062,1563.6015625,1080.0,2080.0,3,F,no,Virgin-Gal -,P,JKAM54.2d,Gal-cre KI87; Rosa26 Tomato (Ai9),Pre,21.40758608,no,tonic,tonic,silent,2.52,2.81,395.0,no,0.0,no,0.0,121.53,2.38,1.68,297.0,9.0,-61.9,-42.98773623,744.8640939,,,,,,,,,424.30102539062,20,142,F,no,Virgin-Gal -,P,JKAM54.2d,Gal-cre KI87; Rosa26 Tomato (Ai9),21.40758608,no,tonic,tonic,silent,2.52,2.81,395.0,no,0.0,no,0.0,121.53,2.38,1.68,297.0,9.0,-61.9,-42.98773623,744.8640939,,,,,,,,
408,S2C4 20012023,115,74,10,1506.10144042968,1596.40258789062,1080.0,2080.0,3,F,no,Virgin-Gal -,P,JKAM54.2d,Gal-cre KI87; Rosa26 Tomato (Ai9),Pre,21.40758608,no,tonic,tonic,silent,2.52,2.81,395.0,no,0.0,no,0.0,121.53,2.38,1.68,297.0,9.0,-61.9,-42.98773623,744.8640939,,,,,,,,,426.10144042968,20,3,F,no,Virgin-Gal -,P,JKAM54.2d,Gal-cre KI87; Rosa26 Tomato (Ai9),21.40758608,no,tonic,tonic,silent,2.52,2.81,395.0,no,0.0,no,0.0,121.53,2.38,1.68,297.0,9.0,-61.9,-42.98773623,744.8640939,,,,,,,,
409,S2C4 20012023,115,74,10,1506.10144042968,1596.40258789062,1080.0,2080.0,3,F,no,Virgin-Gal -,P,JKAM54.2d,Gal-cre KI87; Rosa26 Tomato (Ai9),Pre,21.40758608,no,tonic,tonic,silent,2.52,2.81,395.0,no,0.0,no,0.0,121.53,2.38,1.68,297.0,9.0,-61.9,-42.98773623,744.8640939,,,,,,,,,426.10144042968,20,142,F,no,Virgin-Gal -,P,JKAM54.2d,Gal-cre KI87; Rosa26 Tomato (Ai9),21.40758608,no,tonic,tonic,silent,2.52,2.81,395.0,no,0.0,no,0.0,121.53,2.38,1.68,297.0,9.0,-61.9,-42.98773623,744.8640939,,,,,,,,
410,S2C4 20012023,125,84,11,1514.89855957031,1562.20300292968,1080.0,2080.0,3,F,no,Virgin-Gal -,P,JKAM54.2d,Gal-cre KI87; Rosa26 Tomato (Ai9),Pre,21.40758608,no,tonic,tonic,silent,2.52,2.81,395.0,no,0.0,no,0.0,121.53,2.38,1.68,297.0,9.0,-61.9,-42.98773623,744.8640939,,,,,,,,,434.89855957031,22,3,F,no,Virgin-Gal -,P,JKAM54.2d,Gal-cre KI87; Rosa26 Tomato (Ai9),21.40758608,no,tonic,tonic,silent,2.52,2.81,395.0,no,0.0,no,0.0,121.53,2.38,1.68,297.0,9.0,-61.9,-42.98773623,744.8640939,,,,,,,,
411,S2C4 20012023,125,84,11,1514.89855957031,1562.20300292968,1080.0,2080.0,3,F,no,Virgin-Gal -,P,JKAM54.2d,Gal-cre KI87; Rosa26 Tomato (Ai9),Pre,21.40758608,no,tonic,tonic,silent,2.52,2.81,395.0,no,0.0,no,0.0,121.53,2.38,1.68,297.0,9.0,-61.9,-42.98773623,744.8640939,,,,,,,,,434.89855957031,22,142,F,no,Virgin-Gal -,P,JKAM54.2d,Gal-cre KI87; Rosa26 Tomato (Ai9),21.40758608,no,tonic,tonic,silent,2.52,2.81,395.0,no,0.0,no,0.0,121.53,2.38,1.68,297.0,9.0,-61.9,-42.98773623,744.8640939,,,,,,,,
412,S2C4 20012023,135,95,12,1492.5,1548.90258789062,1080.0,2080.0,3,F,no,Virgin-Gal -,P,JKAM54.2d,Gal-cre KI87; Rosa26 Tomato (Ai9),Pre,21.40758608,no,tonic,tonic,silent,2.52,2.81,395.0,no,0.0,no,0.0,121.53,2.38,1.68,297.0,9.0,-61.9,-42.98773623,744.8640939,,,,,,,,,412.5,18,3,F,no,Virgin-Gal -,P,JKAM54.2d,Gal-cre KI87; Rosa26 Tomato (Ai9),21.40758608,no,tonic,tonic,silent,2.52,2.81,395.0,no,0.0,no,0.0,121.53,2.38,1.68,297.0,9.0,-61.9,-42.98773623,744.8640939,,,,,,,,
413,S2C4 20012023,135,95,12,1492.5,1548.90258789062,1080.0,2080.0,3,F,no,Virgin-Gal -,P,JKAM54.2d,Gal-cre KI87; Rosa26 Tomato (Ai9),Pre,21.40758608,no,tonic,tonic,silent,2.52,2.81,395.0,no,0.0,no,0.0,121.53,2.38,1.68,297.0,9.0,-61.9,-42.98773623,744.8640939,,,,,,,,,412.5,18,142,F,no,Virgin-Gal -,P,JKAM54.2d,Gal-cre KI87; Rosa26 Tomato (Ai9),21.40758608,no,tonic,tonic,silent,2.52,2.81,395.0,no,0.0,no,0.0,121.53,2.38,1.68,297.0,9.0,-61.9,-42.98773623,744.8640939,,,,,,,,
414,S2C4 20012023,145,104,13,1444.39855957031,1528.49621582031,1080.0,2080.0,3,F,no,Virgin-Gal -,P,JKAM54.2d,Gal-cre KI87; Rosa26 Tomato (Ai9),Pre,21.40758608,no,tonic,tonic,silent,2.52,2.81,395.0,no,0.0,no,0.0,121.53,2.38,1.68,297.0,9.0,-61.9,-42.98773623,744.8640939,,,,,,,,,364.39855957031,18,3,F,no,Virgin-Gal -,P,JKAM54.2d,Gal-cre KI87; Rosa26 Tomato (Ai9),21.40758608,no,tonic,tonic,silent,2.52,2.81,395.0,no,0.0,no,0.0,121.53,2.38,1.68,297.0,9.0,-61.9,-42.98773623,744.8640939,,,,,,,,
415,S2C4 20012023,145,104,13,1444.39855957031,1528.49621582031,1080.0,2080.0,3,F,no,Virgin-Gal -,P,JKAM54.2d,Gal-cre KI87; Rosa26 Tomato (Ai9),Pre,21.40758608,no,tonic,tonic,silent,2.52,2.81,395.0,no,0.0,no,0.0,121.53,2.38,1.68,297.0,9.0,-61.9,-42.98773623,744.8640939,,,,,,,,,364.39855957031,18,142,F,no,Virgin-Gal -,P,JKAM54.2d,Gal-cre KI87; Rosa26 Tomato (Ai9),21.40758608,no,tonic,tonic,silent,2.52,2.81,395.0,no,0.0,no,0.0,121.53,2.38,1.68,297.0,9.0,-61.9,-42.98773623,744.8640939,,,,,,,,
416,S2C5 20012023,25,0,1,1880.80004882812,1885.0,1080.0,2080.0,4,F,no,Virgin-Gal -,P,JKAM54.2d,Gal-cre KI87; Rosa26 Tomato (Ai9),Pre,40.24342861,yes,silent,silent,silent,0.0,0.0,0.0,yes,26.46,yes,17.15,0.0,0.0,0.0,0.0,18.0,0.0,-55.05560312,627.4161825,4.314285714,8.3206,1.0,9.4346,,,,,800.80004882812,6,4,F,no,Virgin-Gal -,P,JKAM54.2d,Gal-cre KI87; Rosa26 Tomato (Ai9),40.24342861,yes,silent,silent,silent,0.0,0.0,0.0,yes,26.46,yes,17.15,0.0,0.0,0.0,0.0,18.0,0.0,-55.05560312,627.4161825,4.314285714,8.3206,1.0,9.4346,,,,
417,S2C5 20012023,25,0,1,1880.80004882812,1885.0,1080.0,2080.0,4,F,no,Virgin-Gal -,P,JKAM54.2d,Gal-cre KI87; Rosa26 Tomato (Ai9),Pre,40.24342861,yes,silent,silent,silent,0.0,0.0,0.0,yes,26.46,yes,17.15,0.0,0.0,0.0,0.0,18.0,0.0,-55.05560312,627.4161825,4.314285714,8.3206,1.0,9.4346,,,,,800.80004882812,6,143,F,no,Virgin-Gal -,P,JKAM54.2d,Gal-cre KI87; Rosa26 Tomato (Ai9),40.24342861,yes,silent,silent,silent,0.0,0.0,0.0,yes,26.46,yes,17.15,0.0,0.0,0.0,0.0,18.0,0.0,-55.05560312,627.4161825,4.314285714,8.3206,1.0,9.4346,,,,
418,S2C5 20012023,35,3,2,1716.10009765625,1720.50012207031,1080.0,2080.0,4,F,no,Virgin-Gal -,P,JKAM54.2d,Gal-cre KI87; Rosa26 Tomato (Ai9),Pre,40.24342861,yes,silent,silent,silent,0.0,0.0,0.0,yes,26.46,yes,17.15,0.0,0.0,0.0,0.0,18.0,0.0,-55.05560312,627.4161825,4.314285714,8.3206,1.0,9.4346,,,,,636.10009765625,10,4,F,no,Virgin-Gal -,P,JKAM54.2d,Gal-cre KI87; Rosa26 Tomato (Ai9),40.24342861,yes,silent,silent,silent,0.0,0.0,0.0,yes,26.46,yes,17.15,0.0,0.0,0.0,0.0,18.0,0.0,-55.05560312,627.4161825,4.314285714,8.3206,1.0,9.4346,,,,
419,S2C5 20012023,35,3,2,1716.10009765625,1720.50012207031,1080.0,2080.0,4,F,no,Virgin-Gal -,P,JKAM54.2d,Gal-cre KI87; Rosa26 Tomato (Ai9),Pre,40.24342861,yes,silent,silent,silent,0.0,0.0,0.0,yes,26.46,yes,17.15,0.0,0.0,0.0,0.0,18.0,0.0,-55.05560312,627.4161825,4.314285714,8.3206,1.0,9.4346,,,,,636.10009765625,10,143,F,no,Virgin-Gal -,P,JKAM54.2d,Gal-cre KI87; Rosa26 Tomato (Ai9),40.24342861,yes,silent,silent,silent,0.0,0.0,0.0,yes,26.46,yes,17.15,0.0,0.0,0.0,0.0,18.0,0.0,-55.05560312,627.4161825,4.314285714,8.3206,1.0,9.4346,,,,
420,S2C5 20012023,45,8,3,1572.09948730468,1576.50109863281,1080.0,2080.0,4,F,no,Virgin-Gal -,P,JKAM54.2d,Gal-cre KI87; Rosa26 Tomato (Ai9),Pre,40.24342861,yes,silent,silent,silent,0.0,0.0,0.0,yes,26.46,yes,17.15,0.0,0.0,0.0,0.0,18.0,0.0,-55.05560312,627.4161825,4.314285714,8.3206,1.0,9.4346,,,,,492.09948730468,16,4,F,no,Virgin-Gal -,P,JKAM54.2d,Gal-cre KI87; Rosa26 Tomato (Ai9),40.24342861,yes,silent,silent,silent,0.0,0.0,0.0,yes,26.46,yes,17.15,0.0,0.0,0.0,0.0,18.0,0.0,-55.05560312,627.4161825,4.314285714,8.3206,1.0,9.4346,,,,
421,S2C5 20012023,45,8,3,1572.09948730468,1576.50109863281,1080.0,2080.0,4,F,no,Virgin-Gal -,P,JKAM54.2d,Gal-cre KI87; Rosa26 Tomato (Ai9),Pre,40.24342861,yes,silent,silent,silent,0.0,0.0,0.0,yes,26.46,yes,17.15,0.0,0.0,0.0,0.0,18.0,0.0,-55.05560312,627.4161825,4.314285714,8.3206,1.0,9.4346,,,,,492.09948730468,16,143,F,no,Virgin-Gal -,P,JKAM54.2d,Gal-cre KI87; Rosa26 Tomato (Ai9),40.24342861,yes,silent,silent,silent,0.0,0.0,0.0,yes,26.46,yes,17.15,0.0,0.0,0.0,0.0,18.0,0.0,-55.05560312,627.4161825,4.314285714,8.3206,1.0,9.4346,,,,
422,S2C5 20012023,55,16,4,1508.30102539062,1513.50012207031,1080.0,2080.0,4,F,no,Virgin-Gal -,P,JKAM54.2d,Gal-cre KI87; Rosa26 Tomato (Ai9),Pre,40.24342861,yes,silent,silent,silent,0.0,0.0,0.0,yes,26.46,yes,17.15,0.0,0.0,0.0,0.0,18.0,0.0,-55.05560312,627.4161825,4.314285714,8.3206,1.0,9.4346,,,,,428.30102539062,6,4,F,no,Virgin-Gal -,P,JKAM54.2d,Gal-cre KI87; Rosa26 Tomato (Ai9),40.24342861,yes,silent,silent,silent,0.0,0.0,0.0,yes,26.46,yes,17.15,0.0,0.0,0.0,0.0,18.0,0.0,-55.05560312,627.4161825,4.314285714,8.3206,1.0,9.4346,,,,
423,S2C5 20012023,55,16,4,1508.30102539062,1513.50012207031,1080.0,2080.0,4,F,no,Virgin-Gal -,P,JKAM54.2d,Gal-cre KI87; Rosa26 Tomato (Ai9),Pre,40.24342861,yes,silent,silent,silent,0.0,0.0,0.0,yes,26.46,yes,17.15,0.0,0.0,0.0,0.0,18.0,0.0,-55.05560312,627.4161825,4.314285714,8.3206,1.0,9.4346,,,,,428.30102539062,6,143,F,no,Virgin-Gal -,P,JKAM54.2d,Gal-cre KI87; Rosa26 Tomato (Ai9),40.24342861,yes,silent,silent,silent,0.0,0.0,0.0,yes,26.46,yes,17.15,0.0,0.0,0.0,0.0,18.0,0.0,-55.05560312,627.4161825,4.314285714,8.3206,1.0,9.4346,,,,
424,S2C5 20012023,65,19,5,1392.40051269531,1396.298828125,1080.0,2080.0,4,F,no,Virgin-Gal -,P,JKAM54.2d,Gal-cre KI87; Rosa26 Tomato (Ai9),Pre,40.24342861,yes,silent,silent,silent,0.0,0.0,0.0,yes,26.46,yes,17.15,0.0,0.0,0.0,0.0,18.0,0.0,-55.05560312,627.4161825,4.314285714,8.3206,1.0,9.4346,,,,,312.40051269531,8,4,F,no,Virgin-Gal -,P,JKAM54.2d,Gal-cre KI87; Rosa26 Tomato (Ai9),40.24342861,yes,silent,silent,silent,0.0,0.0,0.0,yes,26.46,yes,17.15,0.0,0.0,0.0,0.0,18.0,0.0,-55.05560312,627.4161825,4.314285714,8.3206,1.0,9.4346,,,,
425,S2C5 20012023,65,19,5,1392.40051269531,1396.298828125,1080.0,2080.0,4,F,no,Virgin-Gal -,P,JKAM54.2d,Gal-cre KI87; Rosa26 Tomato (Ai9),Pre,40.24342861,yes,silent,silent,silent,0.0,0.0,0.0,yes,26.46,yes,17.15,0.0,0.0,0.0,0.0,18.0,0.0,-55.05560312,627.4161825,4.314285714,8.3206,1.0,9.4346,,,,,312.40051269531,8,143,F,no,Virgin-Gal -,P,JKAM54.2d,Gal-cre KI87; Rosa26 Tomato (Ai9),40.24342861,yes,silent,silent,silent,0.0,0.0,0.0,yes,26.46,yes,17.15,0.0,0.0,0.0,0.0,18.0,0.0,-55.05560312,627.4161825,4.314285714,8.3206,1.0,9.4346,,,,
426,S2C5 20012023,75,23,6,1382.59948730468,1386.69909667968,1080.0,2080.0,4,F,no,Virgin-Gal -,P,JKAM54.2d,Gal-cre KI87; Rosa26 Tomato (Ai9),Pre,40.24342861,yes,silent,silent,silent,0.0,0.0,0.0,yes,26.46,yes,17.15,0.0,0.0,0.0,0.0,18.0,0.0,-55.05560312,627.4161825,4.314285714,8.3206,1.0,9.4346,,,,,302.59948730468,8,4,F,no,Virgin-Gal -,P,JKAM54.2d,Gal-cre KI87; Rosa26 Tomato (Ai9),40.24342861,yes,silent,silent,silent,0.0,0.0,0.0,yes,26.46,yes,17.15,0.0,0.0,0.0,0.0,18.0,0.0,-55.05560312,627.4161825,4.314285714,8.3206,1.0,9.4346,,,,
427,S2C5 20012023,75,23,6,1382.59948730468,1386.69909667968,1080.0,2080.0,4,F,no,Virgin-Gal -,P,JKAM54.2d,Gal-cre KI87; Rosa26 Tomato (Ai9),Pre,40.24342861,yes,silent,silent,silent,0.0,0.0,0.0,yes,26.46,yes,17.15,0.0,0.0,0.0,0.0,18.0,0.0,-55.05560312,627.4161825,4.314285714,8.3206,1.0,9.4346,,,,,302.59948730468,8,143,F,no,Virgin-Gal -,P,JKAM54.2d,Gal-cre KI87; Rosa26 Tomato (Ai9),40.24342861,yes,silent,silent,silent,0.0,0.0,0.0,yes,26.46,yes,17.15,0.0,0.0,0.0,0.0,18.0,0.0,-55.05560312,627.4161825,4.314285714,8.3206,1.0,9.4346,,,,
428,S2C5 20012023,85,27,7,1370.69921875,1374.69909667968,1080.0,2080.0,4,F,no,Virgin-Gal -,P,JKAM54.2d,Gal-cre KI87; Rosa26 Tomato (Ai9),Pre,40.24342861,yes,silent,silent,silent,0.0,0.0,0.0,yes,26.46,yes,17.15,0.0,0.0,0.0,0.0,18.0,0.0,-55.05560312,627.4161825,4.314285714,8.3206,1.0,9.4346,,,,,290.69921875,6,4,F,no,Virgin-Gal -,P,JKAM54.2d,Gal-cre KI87; Rosa26 Tomato (Ai9),40.24342861,yes,silent,silent,silent,0.0,0.0,0.0,yes,26.46,yes,17.15,0.0,0.0,0.0,0.0,18.0,0.0,-55.05560312,627.4161825,4.314285714,8.3206,1.0,9.4346,,,,
429,S2C5 20012023,85,27,7,1370.69921875,1374.69909667968,1080.0,2080.0,4,F,no,Virgin-Gal -,P,JKAM54.2d,Gal-cre KI87; Rosa26 Tomato (Ai9),Pre,40.24342861,yes,silent,silent,silent,0.0,0.0,0.0,yes,26.46,yes,17.15,0.0,0.0,0.0,0.0,18.0,0.0,-55.05560312,627.4161825,4.314285714,8.3206,1.0,9.4346,,,,,290.69921875,6,143,F,no,Virgin-Gal -,P,JKAM54.2d,Gal-cre KI87; Rosa26 Tomato (Ai9),40.24342861,yes,silent,silent,silent,0.0,0.0,0.0,yes,26.46,yes,17.15,0.0,0.0,0.0,0.0,18.0,0.0,-55.05560312,627.4161825,4.314285714,8.3206,1.0,9.4346,,,,
430,S2C5 20012023,95,30,8,1347.5,1351.49621582031,1080.0,2080.0,4,F,no,Virgin-Gal -,P,JKAM54.2d,Gal-cre KI87; Rosa26 Tomato (Ai9),Pre,40.24342861,yes,silent,silent,silent,0.0,0.0,0.0,yes,26.46,yes,17.15,0.0,0.0,0.0,0.0,18.0,0.0,-55.05560312,627.4161825,4.314285714,8.3206,1.0,9.4346,,,,,267.5,4,4,F,no,Virgin-Gal -,P,JKAM54.2d,Gal-cre KI87; Rosa26 Tomato (Ai9),40.24342861,yes,silent,silent,silent,0.0,0.0,0.0,yes,26.46,yes,17.15,0.0,0.0,0.0,0.0,18.0,0.0,-55.05560312,627.4161825,4.314285714,8.3206,1.0,9.4346,,,,
431,S2C5 20012023,95,30,8,1347.5,1351.49621582031,1080.0,2080.0,4,F,no,Virgin-Gal -,P,JKAM54.2d,Gal-cre KI87; Rosa26 Tomato (Ai9),Pre,40.24342861,yes,silent,silent,silent,0.0,0.0,0.0,yes,26.46,yes,17.15,0.0,0.0,0.0,0.0,18.0,0.0,-55.05560312,627.4161825,4.314285714,8.3206,1.0,9.4346,,,,,267.5,4,143,F,no,Virgin-Gal -,P,JKAM54.2d,Gal-cre KI87; Rosa26 Tomato (Ai9),40.24342861,yes,silent,silent,silent,0.0,0.0,0.0,yes,26.46,yes,17.15,0.0,0.0,0.0,0.0,18.0,0.0,-55.05560312,627.4161825,4.314285714,8.3206,1.0,9.4346,,,,
432,S2C5 20012023,105,32,9,1320.69921875,1324.796875,1080.0,2080.0,4,F,no,Virgin-Gal -,P,JKAM54.2d,Gal-cre KI87; Rosa26 Tomato (Ai9),Pre,40.24342861,yes,silent,silent,silent,0.0,0.0,0.0,yes,26.46,yes,17.15,0.0,0.0,0.0,0.0,18.0,0.0,-55.05560312,627.4161825,4.314285714,8.3206,1.0,9.4346,,,,,240.69921875,4,4,F,no,Virgin-Gal -,P,JKAM54.2d,Gal-cre KI87; Rosa26 Tomato (Ai9),40.24342861,yes,silent,silent,silent,0.0,0.0,0.0,yes,26.46,yes,17.15,0.0,0.0,0.0,0.0,18.0,0.0,-55.05560312,627.4161825,4.314285714,8.3206,1.0,9.4346,,,,
433,S2C5 20012023,105,32,9,1320.69921875,1324.796875,1080.0,2080.0,4,F,no,Virgin-Gal -,P,JKAM54.2d,Gal-cre KI87; Rosa26 Tomato (Ai9),Pre,40.24342861,yes,silent,silent,silent,0.0,0.0,0.0,yes,26.46,yes,17.15,0.0,0.0,0.0,0.0,18.0,0.0,-55.05560312,627.4161825,4.314285714,8.3206,1.0,9.4346,,,,,240.69921875,4,143,F,no,Virgin-Gal -,P,JKAM54.2d,Gal-cre KI87; Rosa26 Tomato (Ai9),40.24342861,yes,silent,silent,silent,0.0,0.0,0.0,yes,26.46,yes,17.15,0.0,0.0,0.0,0.0,18.0,0.0,-55.05560312,627.4161825,4.314285714,8.3206,1.0,9.4346,,,,
434,S2C5 20012023,115,34,10,1322.39855957031,1326.6015625,1080.0,2080.0,4,F,no,Virgin-Gal -,P,JKAM54.2d,Gal-cre KI87; Rosa26 Tomato (Ai9),Pre,40.24342861,yes,silent,silent,silent,0.0,0.0,0.0,yes,26.46,yes,17.15,0.0,0.0,0.0,0.0,18.0,0.0,-55.05560312,627.4161825,4.314285714,8.3206,1.0,9.4346,,,,,242.39855957031,4,4,F,no,Virgin-Gal -,P,JKAM54.2d,Gal-cre KI87; Rosa26 Tomato (Ai9),40.24342861,yes,silent,silent,silent,0.0,0.0,0.0,yes,26.46,yes,17.15,0.0,0.0,0.0,0.0,18.0,0.0,-55.05560312,627.4161825,4.314285714,8.3206,1.0,9.4346,,,,
435,S2C5 20012023,115,34,10,1322.39855957031,1326.6015625,1080.0,2080.0,4,F,no,Virgin-Gal -,P,JKAM54.2d,Gal-cre KI87; Rosa26 Tomato (Ai9),Pre,40.24342861,yes,silent,silent,silent,0.0,0.0,0.0,yes,26.46,yes,17.15,0.0,0.0,0.0,0.0,18.0,0.0,-55.05560312,627.4161825,4.314285714,8.3206,1.0,9.4346,,,,,242.39855957031,4,143,F,no,Virgin-Gal -,P,JKAM54.2d,Gal-cre KI87; Rosa26 Tomato (Ai9),40.24342861,yes,silent,silent,silent,0.0,0.0,0.0,yes,26.46,yes,17.15,0.0,0.0,0.0,0.0,18.0,0.0,-55.05560312,627.4161825,4.314285714,8.3206,1.0,9.4346,,,,
436,S2C5 20012023,125,36,11,1290.80102539062,1294.90258789062,1080.0,2080.0,4,F,no,Virgin-Gal -,P,JKAM54.2d,Gal-cre KI87; Rosa26 Tomato (Ai9),Pre,40.24342861,yes,silent,silent,silent,0.0,0.0,0.0,yes,26.46,yes,17.15,0.0,0.0,0.0,0.0,18.0,0.0,-55.05560312,627.4161825,4.314285714,8.3206,1.0,9.4346,,,,,210.80102539062,4,4,F,no,Virgin-Gal -,P,JKAM54.2d,Gal-cre KI87; Rosa26 Tomato (Ai9),40.24342861,yes,silent,silent,silent,0.0,0.0,0.0,yes,26.46,yes,17.15,0.0,0.0,0.0,0.0,18.0,0.0,-55.05560312,627.4161825,4.314285714,8.3206,1.0,9.4346,,,,
437,S2C5 20012023,125,36,11,1290.80102539062,1294.90258789062,1080.0,2080.0,4,F,no,Virgin-Gal -,P,JKAM54.2d,Gal-cre KI87; Rosa26 Tomato (Ai9),Pre,40.24342861,yes,silent,silent,silent,0.0,0.0,0.0,yes,26.46,yes,17.15,0.0,0.0,0.0,0.0,18.0,0.0,-55.05560312,627.4161825,4.314285714,8.3206,1.0,9.4346,,,,,210.80102539062,4,143,F,no,Virgin-Gal -,P,JKAM54.2d,Gal-cre KI87; Rosa26 Tomato (Ai9),40.24342861,yes,silent,silent,silent,0.0,0.0,0.0,yes,26.46,yes,17.15,0.0,0.0,0.0,0.0,18.0,0.0,-55.05560312,627.4161825,4.314285714,8.3206,1.0,9.4346,,,,
438,S2C5 20012023,135,38,12,1294.80102539062,1298.99621582031,1080.0,2080.0,4,F,no,Virgin-Gal -,P,JKAM54.2d,Gal-cre KI87; Rosa26 Tomato (Ai9),Pre,40.24342861,yes,silent,silent,silent,0.0,0.0,0.0,yes,26.46,yes,17.15,0.0,0.0,0.0,0.0,18.0,0.0,-55.05560312,627.4161825,4.314285714,8.3206,1.0,9.4346,,,,,214.80102539062,4,4,F,no,Virgin-Gal -,P,JKAM54.2d,Gal-cre KI87; Rosa26 Tomato (Ai9),40.24342861,yes,silent,silent,silent,0.0,0.0,0.0,yes,26.46,yes,17.15,0.0,0.0,0.0,0.0,18.0,0.0,-55.05560312,627.4161825,4.314285714,8.3206,1.0,9.4346,,,,
439,S2C5 20012023,135,38,12,1294.80102539062,1298.99621582031,1080.0,2080.0,4,F,no,Virgin-Gal -,P,JKAM54.2d,Gal-cre KI87; Rosa26 Tomato (Ai9),Pre,40.24342861,yes,silent,silent,silent,0.0,0.0,0.0,yes,26.46,yes,17.15,0.0,0.0,0.0,0.0,18.0,0.0,-55.05560312,627.4161825,4.314285714,8.3206,1.0,9.4346,,,,,214.80102539062,4,143,F,no,Virgin-Gal -,P,JKAM54.2d,Gal-cre KI87; Rosa26 Tomato (Ai9),40.24342861,yes,silent,silent,silent,0.0,0.0,0.0,yes,26.46,yes,17.15,0.0,0.0,0.0,0.0,18.0,0.0,-55.05560312,627.4161825,4.314285714,8.3206,1.0,9.4346,,,,
440,S2C5 20012023,145,40,13,1278.19921875,1282.296875,1080.0,2080.0,4,F,no,Virgin-Gal -,P,JKAM54.2d,Gal-cre KI87; Rosa26 Tomato (Ai9),Pre,40.24342861,yes,silent,silent,silent,0.0,0.0,0.0,yes,26.46,yes,17.15,0.0,0.0,0.0,0.0,18.0,0.0,-55.05560312,627.4161825,4.314285714,8.3206,1.0,9.4346,,,,,198.19921875,4,4,F,no,Virgin-Gal -,P,JKAM54.2d,Gal-cre KI87; Rosa26 Tomato (Ai9),40.24342861,yes,silent,silent,silent,0.0,0.0,0.0,yes,26.46,yes,17.15,0.0,0.0,0.0,0.0,18.0,0.0,-55.05560312,627.4161825,4.314285714,8.3206,1.0,9.4346,,,,
441,S2C5 20012023,145,40,13,1278.19921875,1282.296875,1080.0,2080.0,4,F,no,Virgin-Gal -,P,JKAM54.2d,Gal-cre KI87; Rosa26 Tomato (Ai9),Pre,40.24342861,yes,silent,silent,silent,0.0,0.0,0.0,yes,26.46,yes,17.15,0.0,0.0,0.0,0.0,18.0,0.0,-55.05560312,627.4161825,4.314285714,8.3206,1.0,9.4346,,,,,198.19921875,4,143,F,no,Virgin-Gal -,P,JKAM54.2d,Gal-cre KI87; Rosa26 Tomato (Ai9),40.24342861,yes,silent,silent,silent,0.0,0.0,0.0,yes,26.46,yes,17.15,0.0,0.0,0.0,0.0,18.0,0.0,-55.05560312,627.4161825,4.314285714,8.3206,1.0,9.4346,,,,
